-- Converted from: cool-plane.jpg
-- Image size: 200x150 pixels, row-major order
-- Color depth: 4-bit palette index (16 colors)

DEPTH = 30000;
WIDTH = 4;

ADDRESS_RADIX = HEX;
DATA_RADIX = HEX;

CONTENT BEGIN
    0 : 0;
    1 : 0;
    2 : 0;
    3 : 0;
    4 : 0;
    5 : 0;
    6 : 0;
    7 : 0;
    8 : 0;
    9 : 0;
    A : 0;
    B : 0;
    C : 0;
    D : 0;
    E : 0;
    F : 0;
    10 : 0;
    11 : 0;
    12 : 0;
    13 : 0;
    14 : 0;
    15 : 0;
    16 : 0;
    17 : 0;
    18 : 0;
    19 : 0;
    1A : 0;
    1B : 0;
    1C : 0;
    1D : 0;
    1E : 0;
    1F : 0;
    20 : 0;
    21 : 0;
    22 : 0;
    23 : 0;
    24 : 0;
    25 : 0;
    26 : 0;
    27 : 0;
    28 : 1;
    29 : 1;
    2A : 1;
    2B : 1;
    2C : 1;
    2D : 1;
    2E : 1;
    2F : 1;
    30 : 1;
    31 : 1;
    32 : 1;
    33 : 1;
    34 : 1;
    35 : 1;
    36 : 1;
    37 : 1;
    38 : 1;
    39 : 1;
    3A : 1;
    3B : 1;
    3C : 1;
    3D : 1;
    3E : C;
    3F : C;
    40 : C;
    41 : C;
    42 : C;
    43 : C;
    44 : C;
    45 : C;
    46 : C;
    47 : C;
    48 : C;
    49 : 6;
    4A : 6;
    4B : 6;
    4C : 6;
    4D : 6;
    4E : 6;
    4F : 6;
    50 : 6;
    51 : 6;
    52 : 6;
    53 : 6;
    54 : 7;
    55 : 6;
    56 : 6;
    57 : 6;
    58 : 6;
    59 : 6;
    5A : 6;
    5B : 6;
    5C : 7;
    5D : 7;
    5E : 7;
    5F : 7;
    60 : 6;
    61 : 6;
    62 : 6;
    63 : 6;
    64 : 6;
    65 : 6;
    66 : 6;
    67 : 6;
    68 : 6;
    69 : 6;
    6A : 6;
    6B : 6;
    6C : 6;
    6D : 6;
    6E : 6;
    6F : 6;
    70 : 6;
    71 : 6;
    72 : 6;
    73 : 6;
    74 : 6;
    75 : 6;
    76 : 6;
    77 : 6;
    78 : 6;
    79 : 6;
    7A : 6;
    7B : 6;
    7C : 6;
    7D : 6;
    7E : 6;
    7F : 6;
    80 : 6;
    81 : 6;
    82 : 6;
    83 : 6;
    84 : 6;
    85 : 6;
    86 : 6;
    87 : 6;
    88 : 6;
    89 : 6;
    8A : 6;
    8B : 6;
    8C : 6;
    8D : 6;
    8E : 6;
    8F : 6;
    90 : 6;
    91 : 6;
    92 : 6;
    93 : 6;
    94 : 6;
    95 : 6;
    96 : 6;
    97 : 6;
    98 : 6;
    99 : 6;
    9A : 6;
    9B : 6;
    9C : 6;
    9D : 6;
    9E : 6;
    9F : 6;
    A0 : 6;
    A1 : 6;
    A2 : 6;
    A3 : 6;
    A4 : 6;
    A5 : 6;
    A6 : 6;
    A7 : 6;
    A8 : 6;
    A9 : 6;
    AA : 6;
    AB : 6;
    AC : 6;
    AD : 6;
    AE : 6;
    AF : 6;
    B0 : 6;
    B1 : 6;
    B2 : 6;
    B3 : 6;
    B4 : 6;
    B5 : 6;
    B6 : 6;
    B7 : 6;
    B8 : 6;
    B9 : 6;
    BA : 6;
    BB : 6;
    BC : 6;
    BD : 6;
    BE : 6;
    BF : 6;
    C0 : 6;
    C1 : 6;
    C2 : 6;
    C3 : 6;
    C4 : 6;
    C5 : 6;
    C6 : 6;
    C7 : 6;
    C8 : 0;
    C9 : 0;
    CA : 0;
    CB : 0;
    CC : 0;
    CD : 0;
    CE : 0;
    CF : 0;
    D0 : 0;
    D1 : 0;
    D2 : 0;
    D3 : 0;
    D4 : 0;
    D5 : 0;
    D6 : 0;
    D7 : 0;
    D8 : 0;
    D9 : 0;
    DA : 0;
    DB : 0;
    DC : 0;
    DD : 0;
    DE : 0;
    DF : 0;
    E0 : 0;
    E1 : 0;
    E2 : 0;
    E3 : 0;
    E4 : 0;
    E5 : 0;
    E6 : 0;
    E7 : 0;
    E8 : 0;
    E9 : 0;
    EA : 0;
    EB : 0;
    EC : 0;
    ED : 1;
    EE : 1;
    EF : 1;
    F0 : 1;
    F1 : 1;
    F2 : 1;
    F3 : 1;
    F4 : 1;
    F5 : 1;
    F6 : 1;
    F7 : 1;
    F8 : 1;
    F9 : 1;
    FA : 1;
    FB : 1;
    FC : 1;
    FD : 1;
    FE : 1;
    FF : 1;
    100 : 1;
    101 : 1;
    102 : 1;
    103 : C;
    104 : C;
    105 : C;
    106 : C;
    107 : C;
    108 : C;
    109 : C;
    10A : C;
    10B : C;
    10C : C;
    10D : C;
    10E : 6;
    10F : 6;
    110 : 6;
    111 : 6;
    112 : 6;
    113 : 6;
    114 : 6;
    115 : 6;
    116 : 6;
    117 : 6;
    118 : 6;
    119 : 6;
    11A : 6;
    11B : 6;
    11C : 6;
    11D : 6;
    11E : 6;
    11F : 6;
    120 : 6;
    121 : 7;
    122 : 7;
    123 : 7;
    124 : 7;
    125 : 7;
    126 : 7;
    127 : 7;
    128 : 6;
    129 : 6;
    12A : 6;
    12B : 6;
    12C : 6;
    12D : 6;
    12E : 6;
    12F : 6;
    130 : 6;
    131 : 6;
    132 : 6;
    133 : 6;
    134 : 6;
    135 : 6;
    136 : 6;
    137 : 6;
    138 : 6;
    139 : 6;
    13A : 6;
    13B : 6;
    13C : 6;
    13D : 6;
    13E : 6;
    13F : 6;
    140 : 6;
    141 : 6;
    142 : 6;
    143 : 6;
    144 : 6;
    145 : 6;
    146 : 6;
    147 : 6;
    148 : 6;
    149 : 6;
    14A : 6;
    14B : 6;
    14C : 6;
    14D : 6;
    14E : 6;
    14F : 6;
    150 : 6;
    151 : 6;
    152 : 6;
    153 : 6;
    154 : 6;
    155 : 6;
    156 : 6;
    157 : 6;
    158 : 6;
    159 : 6;
    15A : 6;
    15B : 6;
    15C : 6;
    15D : 6;
    15E : 6;
    15F : 6;
    160 : 6;
    161 : 6;
    162 : 6;
    163 : 6;
    164 : 6;
    165 : 6;
    166 : 6;
    167 : 6;
    168 : 6;
    169 : 6;
    16A : 6;
    16B : 6;
    16C : 6;
    16D : 6;
    16E : 6;
    16F : 6;
    170 : 6;
    171 : 6;
    172 : 6;
    173 : 6;
    174 : 6;
    175 : 6;
    176 : 6;
    177 : 6;
    178 : 6;
    179 : 6;
    17A : 6;
    17B : 6;
    17C : 6;
    17D : 6;
    17E : 6;
    17F : 6;
    180 : 6;
    181 : 6;
    182 : 6;
    183 : 6;
    184 : 6;
    185 : 6;
    186 : 6;
    187 : 6;
    188 : 6;
    189 : 6;
    18A : 6;
    18B : 6;
    18C : 6;
    18D : D;
    18E : D;
    18F : D;
    190 : 0;
    191 : 0;
    192 : 0;
    193 : 0;
    194 : 0;
    195 : 0;
    196 : 0;
    197 : 0;
    198 : 0;
    199 : 0;
    19A : 0;
    19B : 0;
    19C : 0;
    19D : 0;
    19E : 0;
    19F : 0;
    1A0 : 0;
    1A1 : 0;
    1A2 : 0;
    1A3 : 0;
    1A4 : 0;
    1A5 : 0;
    1A6 : 0;
    1A7 : 0;
    1A8 : 0;
    1A9 : 0;
    1AA : 0;
    1AB : 0;
    1AC : 0;
    1AD : 0;
    1AE : 0;
    1AF : 0;
    1B0 : 0;
    1B1 : 0;
    1B2 : 0;
    1B3 : 1;
    1B4 : 1;
    1B5 : 1;
    1B6 : 1;
    1B7 : 1;
    1B8 : 1;
    1B9 : 1;
    1BA : 1;
    1BB : 1;
    1BC : 1;
    1BD : 1;
    1BE : 1;
    1BF : 1;
    1C0 : 1;
    1C1 : 1;
    1C2 : 1;
    1C3 : 1;
    1C4 : 1;
    1C5 : 1;
    1C6 : 1;
    1C7 : 1;
    1C8 : C;
    1C9 : C;
    1CA : C;
    1CB : C;
    1CC : C;
    1CD : C;
    1CE : C;
    1CF : C;
    1D0 : C;
    1D1 : C;
    1D2 : C;
    1D3 : 6;
    1D4 : 6;
    1D5 : 6;
    1D6 : 6;
    1D7 : 6;
    1D8 : 6;
    1D9 : 6;
    1DA : 6;
    1DB : 6;
    1DC : 6;
    1DD : 6;
    1DE : 6;
    1DF : 7;
    1E0 : 7;
    1E1 : 6;
    1E2 : 6;
    1E3 : 6;
    1E4 : 6;
    1E5 : 6;
    1E6 : 6;
    1E7 : 7;
    1E8 : 7;
    1E9 : 7;
    1EA : 7;
    1EB : 7;
    1EC : 6;
    1ED : 6;
    1EE : 6;
    1EF : 7;
    1F0 : 7;
    1F1 : 6;
    1F2 : 6;
    1F3 : 6;
    1F4 : 6;
    1F5 : 6;
    1F6 : 6;
    1F7 : 6;
    1F8 : 6;
    1F9 : 6;
    1FA : 6;
    1FB : 6;
    1FC : 6;
    1FD : 6;
    1FE : 6;
    1FF : 6;
    200 : 6;
    201 : 6;
    202 : 6;
    203 : 6;
    204 : 6;
    205 : 6;
    206 : 6;
    207 : 6;
    208 : 6;
    209 : 6;
    20A : 6;
    20B : 6;
    20C : 6;
    20D : 6;
    20E : 6;
    20F : 6;
    210 : 6;
    211 : 6;
    212 : 6;
    213 : 6;
    214 : 6;
    215 : 6;
    216 : 6;
    217 : 6;
    218 : 6;
    219 : 6;
    21A : 6;
    21B : 6;
    21C : 6;
    21D : 6;
    21E : 6;
    21F : 6;
    220 : 6;
    221 : 6;
    222 : 6;
    223 : 6;
    224 : 6;
    225 : 6;
    226 : 6;
    227 : 6;
    228 : 6;
    229 : 6;
    22A : 6;
    22B : 6;
    22C : 6;
    22D : 6;
    22E : 6;
    22F : 6;
    230 : 6;
    231 : 6;
    232 : 6;
    233 : 6;
    234 : 6;
    235 : 6;
    236 : 6;
    237 : 6;
    238 : 6;
    239 : 6;
    23A : 6;
    23B : 6;
    23C : 6;
    23D : 6;
    23E : 6;
    23F : 6;
    240 : 6;
    241 : 6;
    242 : 6;
    243 : 6;
    244 : 6;
    245 : 6;
    246 : 6;
    247 : 6;
    248 : 6;
    249 : 6;
    24A : 6;
    24B : 6;
    24C : 6;
    24D : 6;
    24E : 6;
    24F : 6;
    250 : D;
    251 : D;
    252 : D;
    253 : D;
    254 : D;
    255 : D;
    256 : D;
    257 : D;
    258 : 0;
    259 : 0;
    25A : 0;
    25B : 0;
    25C : 0;
    25D : 0;
    25E : 0;
    25F : 0;
    260 : 0;
    261 : 0;
    262 : 0;
    263 : 0;
    264 : 0;
    265 : 0;
    266 : 0;
    267 : 0;
    268 : 0;
    269 : 0;
    26A : 0;
    26B : 0;
    26C : 0;
    26D : 0;
    26E : 0;
    26F : 0;
    270 : 0;
    271 : 0;
    272 : 0;
    273 : 0;
    274 : 0;
    275 : 0;
    276 : 0;
    277 : 0;
    278 : 1;
    279 : 1;
    27A : 1;
    27B : 1;
    27C : 1;
    27D : 1;
    27E : 1;
    27F : 1;
    280 : 1;
    281 : 1;
    282 : 1;
    283 : 1;
    284 : 1;
    285 : 1;
    286 : 1;
    287 : 1;
    288 : 1;
    289 : 1;
    28A : 1;
    28B : 1;
    28C : 1;
    28D : 1;
    28E : C;
    28F : C;
    290 : C;
    291 : C;
    292 : C;
    293 : C;
    294 : C;
    295 : C;
    296 : C;
    297 : C;
    298 : 6;
    299 : 6;
    29A : 6;
    29B : 6;
    29C : 6;
    29D : 6;
    29E : 6;
    29F : 6;
    2A0 : 6;
    2A1 : 6;
    2A2 : 6;
    2A3 : 6;
    2A4 : 7;
    2A5 : 7;
    2A6 : 7;
    2A7 : 7;
    2A8 : 7;
    2A9 : 7;
    2AA : 7;
    2AB : 7;
    2AC : 7;
    2AD : 7;
    2AE : 7;
    2AF : 7;
    2B0 : 7;
    2B1 : 7;
    2B2 : 7;
    2B3 : 7;
    2B4 : 7;
    2B5 : 7;
    2B6 : 7;
    2B7 : 6;
    2B8 : 6;
    2B9 : 6;
    2BA : 6;
    2BB : 6;
    2BC : 6;
    2BD : 6;
    2BE : 6;
    2BF : 6;
    2C0 : 6;
    2C1 : 6;
    2C2 : 6;
    2C3 : 6;
    2C4 : 6;
    2C5 : 6;
    2C6 : 6;
    2C7 : 6;
    2C8 : 6;
    2C9 : 6;
    2CA : 6;
    2CB : 6;
    2CC : 6;
    2CD : 6;
    2CE : 6;
    2CF : 6;
    2D0 : 6;
    2D1 : 6;
    2D2 : 6;
    2D3 : 6;
    2D4 : 6;
    2D5 : 6;
    2D6 : 6;
    2D7 : 6;
    2D8 : 6;
    2D9 : 6;
    2DA : 6;
    2DB : 6;
    2DC : 6;
    2DD : 6;
    2DE : 6;
    2DF : 6;
    2E0 : 6;
    2E1 : 6;
    2E2 : 6;
    2E3 : 6;
    2E4 : 6;
    2E5 : 6;
    2E6 : 6;
    2E7 : 6;
    2E8 : 6;
    2E9 : 6;
    2EA : 6;
    2EB : 6;
    2EC : 6;
    2ED : 6;
    2EE : 6;
    2EF : 6;
    2F0 : 6;
    2F1 : 6;
    2F2 : 6;
    2F3 : 6;
    2F4 : 6;
    2F5 : 6;
    2F6 : 6;
    2F7 : 6;
    2F8 : 6;
    2F9 : 6;
    2FA : 6;
    2FB : 6;
    2FC : 6;
    2FD : 6;
    2FE : 6;
    2FF : 6;
    300 : 6;
    301 : 6;
    302 : 6;
    303 : 6;
    304 : 6;
    305 : 6;
    306 : 6;
    307 : 6;
    308 : 6;
    309 : D;
    30A : D;
    30B : D;
    30C : D;
    30D : D;
    30E : D;
    30F : D;
    310 : 6;
    311 : 6;
    312 : 6;
    313 : 6;
    314 : 6;
    315 : D;
    316 : D;
    317 : D;
    318 : D;
    319 : D;
    31A : D;
    31B : D;
    31C : D;
    31D : D;
    31E : D;
    31F : D;
    320 : 0;
    321 : 0;
    322 : 0;
    323 : 0;
    324 : 0;
    325 : 0;
    326 : 0;
    327 : 0;
    328 : 0;
    329 : 0;
    32A : 0;
    32B : 0;
    32C : 0;
    32D : 0;
    32E : 0;
    32F : 0;
    330 : 0;
    331 : 0;
    332 : 0;
    333 : 0;
    334 : 0;
    335 : 0;
    336 : 0;
    337 : 0;
    338 : 0;
    339 : 0;
    33A : 0;
    33B : 0;
    33C : 0;
    33D : 0;
    33E : 1;
    33F : 1;
    340 : 1;
    341 : 1;
    342 : 1;
    343 : 1;
    344 : 1;
    345 : 1;
    346 : 1;
    347 : 1;
    348 : 1;
    349 : 1;
    34A : 1;
    34B : 1;
    34C : 1;
    34D : 1;
    34E : 1;
    34F : 1;
    350 : 1;
    351 : 1;
    352 : 1;
    353 : C;
    354 : C;
    355 : C;
    356 : C;
    357 : C;
    358 : C;
    359 : C;
    35A : C;
    35B : C;
    35C : C;
    35D : 6;
    35E : 6;
    35F : 6;
    360 : 6;
    361 : 6;
    362 : 6;
    363 : 6;
    364 : 6;
    365 : 6;
    366 : 6;
    367 : 6;
    368 : 6;
    369 : 7;
    36A : 7;
    36B : 7;
    36C : 7;
    36D : 7;
    36E : 7;
    36F : 7;
    370 : 7;
    371 : 7;
    372 : 7;
    373 : 7;
    374 : 7;
    375 : 7;
    376 : 7;
    377 : 7;
    378 : 7;
    379 : 7;
    37A : 7;
    37B : 7;
    37C : 7;
    37D : 7;
    37E : 6;
    37F : 6;
    380 : 6;
    381 : 6;
    382 : 6;
    383 : 6;
    384 : 6;
    385 : 6;
    386 : 6;
    387 : 6;
    388 : 6;
    389 : 6;
    38A : 6;
    38B : 6;
    38C : 6;
    38D : 6;
    38E : 6;
    38F : 6;
    390 : 6;
    391 : 6;
    392 : 6;
    393 : 6;
    394 : 6;
    395 : 6;
    396 : 6;
    397 : 6;
    398 : 6;
    399 : 6;
    39A : 6;
    39B : 6;
    39C : 6;
    39D : 6;
    39E : 6;
    39F : 6;
    3A0 : 6;
    3A1 : 6;
    3A2 : 6;
    3A3 : 6;
    3A4 : 6;
    3A5 : 6;
    3A6 : 6;
    3A7 : 6;
    3A8 : 6;
    3A9 : 6;
    3AA : 6;
    3AB : 6;
    3AC : 6;
    3AD : 6;
    3AE : 6;
    3AF : 6;
    3B0 : 6;
    3B1 : 6;
    3B2 : 6;
    3B3 : 6;
    3B4 : 6;
    3B5 : 6;
    3B6 : 6;
    3B7 : 6;
    3B8 : 6;
    3B9 : 6;
    3BA : 6;
    3BB : 6;
    3BC : 6;
    3BD : 6;
    3BE : 6;
    3BF : 6;
    3C0 : 6;
    3C1 : 6;
    3C2 : 6;
    3C3 : 6;
    3C4 : 6;
    3C5 : 6;
    3C6 : 6;
    3C7 : 6;
    3C8 : 6;
    3C9 : 6;
    3CA : 6;
    3CB : 6;
    3CC : 6;
    3CD : 6;
    3CE : 6;
    3CF : 6;
    3D0 : 6;
    3D1 : 6;
    3D2 : 6;
    3D3 : D;
    3D4 : 6;
    3D5 : D;
    3D6 : 6;
    3D7 : 6;
    3D8 : 6;
    3D9 : 6;
    3DA : D;
    3DB : D;
    3DC : D;
    3DD : D;
    3DE : D;
    3DF : D;
    3E0 : D;
    3E1 : D;
    3E2 : D;
    3E3 : D;
    3E4 : D;
    3E5 : D;
    3E6 : D;
    3E7 : D;
    3E8 : 0;
    3E9 : 0;
    3EA : 0;
    3EB : 0;
    3EC : 0;
    3ED : 0;
    3EE : 0;
    3EF : 0;
    3F0 : 0;
    3F1 : 0;
    3F2 : 0;
    3F3 : 0;
    3F4 : 0;
    3F5 : 0;
    3F6 : 0;
    3F7 : 0;
    3F8 : 0;
    3F9 : 0;
    3FA : 0;
    3FB : 0;
    3FC : 0;
    3FD : 0;
    3FE : 0;
    3FF : 0;
    400 : 0;
    401 : 0;
    402 : 0;
    403 : 0;
    404 : 1;
    405 : 1;
    406 : 1;
    407 : 1;
    408 : 1;
    409 : 1;
    40A : 1;
    40B : 1;
    40C : 1;
    40D : 1;
    40E : 1;
    40F : 1;
    410 : 1;
    411 : 1;
    412 : 1;
    413 : 1;
    414 : 1;
    415 : 1;
    416 : 1;
    417 : 1;
    418 : C;
    419 : C;
    41A : C;
    41B : C;
    41C : C;
    41D : C;
    41E : C;
    41F : C;
    420 : C;
    421 : C;
    422 : C;
    423 : 6;
    424 : 6;
    425 : 6;
    426 : 6;
    427 : 6;
    428 : 6;
    429 : 6;
    42A : 6;
    42B : 6;
    42C : 6;
    42D : 6;
    42E : 6;
    42F : 7;
    430 : 7;
    431 : 7;
    432 : 7;
    433 : 7;
    434 : 7;
    435 : 7;
    436 : 7;
    437 : 7;
    438 : 7;
    439 : 7;
    43A : 7;
    43B : 7;
    43C : 7;
    43D : 7;
    43E : 7;
    43F : 7;
    440 : 7;
    441 : 7;
    442 : 7;
    443 : 7;
    444 : 7;
    445 : 6;
    446 : 6;
    447 : 6;
    448 : 6;
    449 : 6;
    44A : 6;
    44B : 6;
    44C : 6;
    44D : 6;
    44E : 6;
    44F : 6;
    450 : 6;
    451 : 6;
    452 : 6;
    453 : 6;
    454 : 6;
    455 : 6;
    456 : 6;
    457 : 6;
    458 : 6;
    459 : 6;
    45A : 6;
    45B : 6;
    45C : 6;
    45D : 6;
    45E : 6;
    45F : 6;
    460 : 6;
    461 : 6;
    462 : 6;
    463 : 6;
    464 : 6;
    465 : 6;
    466 : 6;
    467 : 6;
    468 : 6;
    469 : 6;
    46A : 6;
    46B : 6;
    46C : 6;
    46D : 6;
    46E : 6;
    46F : 6;
    470 : 6;
    471 : 6;
    472 : 6;
    473 : 6;
    474 : 6;
    475 : 6;
    476 : 6;
    477 : 6;
    478 : 6;
    479 : 6;
    47A : 6;
    47B : 6;
    47C : 6;
    47D : 6;
    47E : 6;
    47F : 6;
    480 : 6;
    481 : 6;
    482 : 6;
    483 : 6;
    484 : 6;
    485 : 6;
    486 : 6;
    487 : 6;
    488 : 6;
    489 : 6;
    48A : 6;
    48B : 6;
    48C : 6;
    48D : 6;
    48E : 6;
    48F : 6;
    490 : 6;
    491 : 6;
    492 : 6;
    493 : 6;
    494 : 6;
    495 : 6;
    496 : 6;
    497 : 6;
    498 : 6;
    499 : 6;
    49A : 6;
    49B : 6;
    49C : 6;
    49D : 6;
    49E : 6;
    49F : 6;
    4A0 : 6;
    4A1 : D;
    4A2 : D;
    4A3 : D;
    4A4 : D;
    4A5 : D;
    4A6 : D;
    4A7 : D;
    4A8 : D;
    4A9 : D;
    4AA : D;
    4AB : D;
    4AC : D;
    4AD : D;
    4AE : D;
    4AF : D;
    4B0 : 0;
    4B1 : 0;
    4B2 : 0;
    4B3 : 0;
    4B4 : 0;
    4B5 : 0;
    4B6 : 0;
    4B7 : 0;
    4B8 : 0;
    4B9 : 0;
    4BA : 0;
    4BB : 0;
    4BC : 0;
    4BD : 0;
    4BE : 0;
    4BF : 0;
    4C0 : 0;
    4C1 : 0;
    4C2 : 0;
    4C3 : 0;
    4C4 : 0;
    4C5 : 0;
    4C6 : 0;
    4C7 : 0;
    4C8 : 0;
    4C9 : 0;
    4CA : 1;
    4CB : 1;
    4CC : 1;
    4CD : 1;
    4CE : 1;
    4CF : 1;
    4D0 : 1;
    4D1 : 1;
    4D2 : 1;
    4D3 : 1;
    4D4 : 1;
    4D5 : 1;
    4D6 : 1;
    4D7 : 1;
    4D8 : 1;
    4D9 : 1;
    4DA : 1;
    4DB : 1;
    4DC : 1;
    4DD : 1;
    4DE : C;
    4DF : C;
    4E0 : C;
    4E1 : C;
    4E2 : C;
    4E3 : C;
    4E4 : C;
    4E5 : C;
    4E6 : C;
    4E7 : C;
    4E8 : 6;
    4E9 : 6;
    4EA : 6;
    4EB : 6;
    4EC : 6;
    4ED : 6;
    4EE : 6;
    4EF : 6;
    4F0 : 6;
    4F1 : 6;
    4F2 : 6;
    4F3 : 6;
    4F4 : 6;
    4F5 : 7;
    4F6 : 7;
    4F7 : 7;
    4F8 : 7;
    4F9 : 7;
    4FA : 7;
    4FB : 7;
    4FC : 6;
    4FD : 7;
    4FE : 7;
    4FF : 7;
    500 : 7;
    501 : 7;
    502 : 7;
    503 : 7;
    504 : 7;
    505 : 7;
    506 : 7;
    507 : 7;
    508 : 7;
    509 : 7;
    50A : 7;
    50B : 7;
    50C : 7;
    50D : 6;
    50E : 6;
    50F : 6;
    510 : 6;
    511 : 6;
    512 : 6;
    513 : 6;
    514 : 6;
    515 : 6;
    516 : 6;
    517 : 6;
    518 : 6;
    519 : 6;
    51A : 6;
    51B : 6;
    51C : 6;
    51D : 6;
    51E : 6;
    51F : 6;
    520 : 6;
    521 : 6;
    522 : 6;
    523 : 6;
    524 : 6;
    525 : 6;
    526 : 6;
    527 : 6;
    528 : 6;
    529 : 6;
    52A : 6;
    52B : 6;
    52C : 6;
    52D : 6;
    52E : 6;
    52F : 6;
    530 : 6;
    531 : 6;
    532 : 6;
    533 : 6;
    534 : 6;
    535 : 6;
    536 : 6;
    537 : 6;
    538 : 6;
    539 : 6;
    53A : 6;
    53B : 6;
    53C : 6;
    53D : 6;
    53E : 6;
    53F : 6;
    540 : 6;
    541 : 6;
    542 : 6;
    543 : 6;
    544 : 6;
    545 : 6;
    546 : 6;
    547 : 6;
    548 : 6;
    549 : 6;
    54A : 6;
    54B : 6;
    54C : 6;
    54D : 6;
    54E : 6;
    54F : 6;
    550 : 6;
    551 : 6;
    552 : 6;
    553 : 6;
    554 : 6;
    555 : 6;
    556 : 6;
    557 : 6;
    558 : 6;
    559 : 6;
    55A : 6;
    55B : D;
    55C : 6;
    55D : 6;
    55E : 6;
    55F : 6;
    560 : 6;
    561 : 6;
    562 : 6;
    563 : 6;
    564 : 6;
    565 : D;
    566 : D;
    567 : D;
    568 : D;
    569 : D;
    56A : D;
    56B : D;
    56C : D;
    56D : D;
    56E : D;
    56F : D;
    570 : D;
    571 : D;
    572 : D;
    573 : D;
    574 : D;
    575 : D;
    576 : D;
    577 : D;
    578 : 0;
    579 : 0;
    57A : 0;
    57B : 0;
    57C : 0;
    57D : 0;
    57E : 0;
    57F : 0;
    580 : 0;
    581 : 0;
    582 : 0;
    583 : 0;
    584 : 0;
    585 : 0;
    586 : 0;
    587 : 0;
    588 : 0;
    589 : 0;
    58A : 0;
    58B : 0;
    58C : 0;
    58D : 0;
    58E : 0;
    58F : 1;
    590 : 1;
    591 : 1;
    592 : 1;
    593 : 1;
    594 : 1;
    595 : 1;
    596 : 1;
    597 : 1;
    598 : 1;
    599 : 1;
    59A : 1;
    59B : 1;
    59C : 1;
    59D : 1;
    59E : 1;
    59F : 1;
    5A0 : 1;
    5A1 : 1;
    5A2 : 1;
    5A3 : C;
    5A4 : C;
    5A5 : C;
    5A6 : C;
    5A7 : C;
    5A8 : C;
    5A9 : C;
    5AA : C;
    5AB : C;
    5AC : C;
    5AD : C;
    5AE : 6;
    5AF : 6;
    5B0 : 6;
    5B1 : 6;
    5B2 : 6;
    5B3 : 6;
    5B4 : 6;
    5B5 : 6;
    5B6 : 6;
    5B7 : 6;
    5B8 : 6;
    5B9 : 6;
    5BA : 6;
    5BB : 6;
    5BC : 6;
    5BD : 6;
    5BE : 7;
    5BF : 7;
    5C0 : 7;
    5C1 : 7;
    5C2 : 7;
    5C3 : 7;
    5C4 : 7;
    5C5 : 7;
    5C6 : 7;
    5C7 : 7;
    5C8 : 7;
    5C9 : 7;
    5CA : 7;
    5CB : 7;
    5CC : 7;
    5CD : 7;
    5CE : 7;
    5CF : 7;
    5D0 : 7;
    5D1 : 7;
    5D2 : 7;
    5D3 : 7;
    5D4 : 7;
    5D5 : 7;
    5D6 : 6;
    5D7 : 6;
    5D8 : 6;
    5D9 : 6;
    5DA : 6;
    5DB : 6;
    5DC : 6;
    5DD : 6;
    5DE : 6;
    5DF : 6;
    5E0 : 6;
    5E1 : 6;
    5E2 : 6;
    5E3 : 6;
    5E4 : 6;
    5E5 : 6;
    5E6 : 6;
    5E7 : 6;
    5E8 : 6;
    5E9 : 6;
    5EA : 6;
    5EB : 6;
    5EC : 6;
    5ED : 6;
    5EE : 6;
    5EF : 6;
    5F0 : 6;
    5F1 : 6;
    5F2 : 6;
    5F3 : 6;
    5F4 : 6;
    5F5 : 6;
    5F6 : 6;
    5F7 : 6;
    5F8 : 6;
    5F9 : 6;
    5FA : 6;
    5FB : 6;
    5FC : 6;
    5FD : 6;
    5FE : 6;
    5FF : 6;
    600 : 6;
    601 : 6;
    602 : 6;
    603 : 6;
    604 : 6;
    605 : 6;
    606 : 6;
    607 : 6;
    608 : 6;
    609 : 6;
    60A : 6;
    60B : 6;
    60C : 6;
    60D : 6;
    60E : 6;
    60F : 6;
    610 : 6;
    611 : 6;
    612 : 6;
    613 : 6;
    614 : 6;
    615 : 6;
    616 : 6;
    617 : 6;
    618 : 6;
    619 : 6;
    61A : 6;
    61B : 6;
    61C : 6;
    61D : 6;
    61E : 6;
    61F : 6;
    620 : 6;
    621 : 6;
    622 : 6;
    623 : 6;
    624 : 6;
    625 : 6;
    626 : 6;
    627 : 6;
    628 : 6;
    629 : 6;
    62A : 6;
    62B : D;
    62C : D;
    62D : D;
    62E : D;
    62F : D;
    630 : D;
    631 : D;
    632 : D;
    633 : D;
    634 : D;
    635 : D;
    636 : D;
    637 : D;
    638 : D;
    639 : D;
    63A : D;
    63B : D;
    63C : D;
    63D : D;
    63E : D;
    63F : D;
    640 : 0;
    641 : 0;
    642 : 0;
    643 : 0;
    644 : 0;
    645 : 0;
    646 : 0;
    647 : 0;
    648 : 0;
    649 : 0;
    64A : 0;
    64B : 0;
    64C : 0;
    64D : 0;
    64E : 0;
    64F : 0;
    650 : 0;
    651 : 0;
    652 : 0;
    653 : 0;
    654 : 0;
    655 : 1;
    656 : 1;
    657 : 1;
    658 : 1;
    659 : 1;
    65A : 1;
    65B : 1;
    65C : 1;
    65D : 1;
    65E : 1;
    65F : 1;
    660 : 1;
    661 : 1;
    662 : 1;
    663 : 1;
    664 : 1;
    665 : 1;
    666 : 1;
    667 : 1;
    668 : 1;
    669 : C;
    66A : C;
    66B : C;
    66C : C;
    66D : C;
    66E : C;
    66F : C;
    670 : C;
    671 : C;
    672 : C;
    673 : 6;
    674 : 6;
    675 : 6;
    676 : 6;
    677 : 6;
    678 : 6;
    679 : 6;
    67A : 6;
    67B : 6;
    67C : 6;
    67D : 6;
    67E : 6;
    67F : 6;
    680 : 6;
    681 : 6;
    682 : 7;
    683 : 7;
    684 : 7;
    685 : 7;
    686 : 7;
    687 : 7;
    688 : 7;
    689 : 7;
    68A : 7;
    68B : 7;
    68C : 7;
    68D : 7;
    68E : 7;
    68F : 7;
    690 : 7;
    691 : 7;
    692 : 7;
    693 : 7;
    694 : 7;
    695 : 7;
    696 : 7;
    697 : 7;
    698 : 7;
    699 : 7;
    69A : 7;
    69B : 7;
    69C : 6;
    69D : 6;
    69E : 6;
    69F : 6;
    6A0 : 6;
    6A1 : 6;
    6A2 : 6;
    6A3 : 6;
    6A4 : 6;
    6A5 : 6;
    6A6 : 6;
    6A7 : 6;
    6A8 : 6;
    6A9 : 6;
    6AA : 6;
    6AB : 6;
    6AC : 6;
    6AD : 6;
    6AE : 6;
    6AF : 6;
    6B0 : 6;
    6B1 : 6;
    6B2 : 6;
    6B3 : 6;
    6B4 : 6;
    6B5 : 6;
    6B6 : 6;
    6B7 : 6;
    6B8 : 6;
    6B9 : 6;
    6BA : 6;
    6BB : 6;
    6BC : 6;
    6BD : 6;
    6BE : 6;
    6BF : 6;
    6C0 : 6;
    6C1 : 6;
    6C2 : 6;
    6C3 : 6;
    6C4 : 6;
    6C5 : 6;
    6C6 : 6;
    6C7 : 6;
    6C8 : 6;
    6C9 : 6;
    6CA : 6;
    6CB : 6;
    6CC : 6;
    6CD : 6;
    6CE : 6;
    6CF : 6;
    6D0 : 6;
    6D1 : 6;
    6D2 : 6;
    6D3 : 6;
    6D4 : 6;
    6D5 : 6;
    6D6 : 6;
    6D7 : 6;
    6D8 : 6;
    6D9 : 6;
    6DA : 6;
    6DB : 6;
    6DC : 6;
    6DD : 6;
    6DE : 6;
    6DF : 6;
    6E0 : 6;
    6E1 : 6;
    6E2 : 6;
    6E3 : 6;
    6E4 : 6;
    6E5 : 6;
    6E6 : 6;
    6E7 : 6;
    6E8 : 6;
    6E9 : 6;
    6EA : 6;
    6EB : 6;
    6EC : 6;
    6ED : 6;
    6EE : 6;
    6EF : 6;
    6F0 : 6;
    6F1 : 6;
    6F2 : 6;
    6F3 : D;
    6F4 : D;
    6F5 : D;
    6F6 : D;
    6F7 : D;
    6F8 : D;
    6F9 : D;
    6FA : D;
    6FB : D;
    6FC : D;
    6FD : D;
    6FE : D;
    6FF : D;
    700 : D;
    701 : D;
    702 : D;
    703 : D;
    704 : D;
    705 : D;
    706 : D;
    707 : D;
    708 : 0;
    709 : 0;
    70A : 0;
    70B : 0;
    70C : 0;
    70D : 0;
    70E : 0;
    70F : 0;
    710 : 0;
    711 : 0;
    712 : 0;
    713 : 0;
    714 : 0;
    715 : 0;
    716 : 0;
    717 : 0;
    718 : 0;
    719 : 0;
    71A : 0;
    71B : 1;
    71C : 1;
    71D : 1;
    71E : 1;
    71F : 1;
    720 : 1;
    721 : 1;
    722 : 1;
    723 : 1;
    724 : 1;
    725 : 1;
    726 : 1;
    727 : 1;
    728 : 1;
    729 : 1;
    72A : 1;
    72B : 1;
    72C : 1;
    72D : 1;
    72E : 1;
    72F : C;
    730 : C;
    731 : C;
    732 : C;
    733 : C;
    734 : C;
    735 : C;
    736 : C;
    737 : C;
    738 : 6;
    739 : 6;
    73A : 6;
    73B : 6;
    73C : 6;
    73D : 6;
    73E : 6;
    73F : 6;
    740 : 6;
    741 : 6;
    742 : 6;
    743 : 6;
    744 : 6;
    745 : 6;
    746 : 6;
    747 : 6;
    748 : 7;
    749 : 7;
    74A : 7;
    74B : 7;
    74C : 7;
    74D : 7;
    74E : 7;
    74F : 7;
    750 : 7;
    751 : 7;
    752 : 7;
    753 : 7;
    754 : 7;
    755 : 7;
    756 : 7;
    757 : 7;
    758 : 7;
    759 : 6;
    75A : 6;
    75B : 7;
    75C : 7;
    75D : 6;
    75E : 7;
    75F : 7;
    760 : 6;
    761 : 6;
    762 : 6;
    763 : 6;
    764 : 6;
    765 : 6;
    766 : 6;
    767 : 6;
    768 : 6;
    769 : 6;
    76A : 6;
    76B : 6;
    76C : 6;
    76D : 6;
    76E : 6;
    76F : 6;
    770 : 6;
    771 : 6;
    772 : 6;
    773 : 6;
    774 : 6;
    775 : 6;
    776 : 6;
    777 : 6;
    778 : 6;
    779 : 6;
    77A : 6;
    77B : 6;
    77C : 6;
    77D : 6;
    77E : 6;
    77F : 6;
    780 : 6;
    781 : 6;
    782 : 6;
    783 : 6;
    784 : 6;
    785 : 6;
    786 : 6;
    787 : 6;
    788 : 6;
    789 : 6;
    78A : 6;
    78B : 6;
    78C : 6;
    78D : 6;
    78E : 6;
    78F : 6;
    790 : 6;
    791 : 6;
    792 : 6;
    793 : 6;
    794 : 6;
    795 : 6;
    796 : 6;
    797 : 6;
    798 : 6;
    799 : 6;
    79A : 6;
    79B : 6;
    79C : 6;
    79D : 6;
    79E : 6;
    79F : 6;
    7A0 : 6;
    7A1 : 6;
    7A2 : 6;
    7A3 : 6;
    7A4 : 6;
    7A5 : 6;
    7A6 : 6;
    7A7 : 6;
    7A8 : 6;
    7A9 : 6;
    7AA : 6;
    7AB : 6;
    7AC : 6;
    7AD : 6;
    7AE : 6;
    7AF : 6;
    7B0 : 6;
    7B1 : 6;
    7B2 : 6;
    7B3 : 6;
    7B4 : 6;
    7B5 : 6;
    7B6 : 6;
    7B7 : 6;
    7B8 : D;
    7B9 : D;
    7BA : D;
    7BB : D;
    7BC : D;
    7BD : D;
    7BE : D;
    7BF : D;
    7C0 : D;
    7C1 : D;
    7C2 : D;
    7C3 : D;
    7C4 : D;
    7C5 : D;
    7C6 : D;
    7C7 : D;
    7C8 : D;
    7C9 : D;
    7CA : D;
    7CB : D;
    7CC : D;
    7CD : D;
    7CE : D;
    7CF : D;
    7D0 : 0;
    7D1 : 0;
    7D2 : 0;
    7D3 : 0;
    7D4 : 0;
    7D5 : 0;
    7D6 : 0;
    7D7 : 0;
    7D8 : 0;
    7D9 : 0;
    7DA : 0;
    7DB : 0;
    7DC : 0;
    7DD : 0;
    7DE : 0;
    7DF : 0;
    7E0 : 0;
    7E1 : 1;
    7E2 : 1;
    7E3 : 1;
    7E4 : 1;
    7E5 : 1;
    7E6 : 1;
    7E7 : 1;
    7E8 : 1;
    7E9 : 1;
    7EA : 1;
    7EB : 1;
    7EC : 1;
    7ED : 1;
    7EE : 1;
    7EF : 1;
    7F0 : 1;
    7F1 : 1;
    7F2 : 1;
    7F3 : 1;
    7F4 : C;
    7F5 : C;
    7F6 : C;
    7F7 : C;
    7F8 : C;
    7F9 : C;
    7FA : C;
    7FB : C;
    7FC : C;
    7FD : C;
    7FE : 6;
    7FF : 6;
    800 : 6;
    801 : 6;
    802 : 6;
    803 : 6;
    804 : 6;
    805 : 6;
    806 : 6;
    807 : 6;
    808 : 6;
    809 : 6;
    80A : 6;
    80B : 6;
    80C : 6;
    80D : 7;
    80E : 7;
    80F : 7;
    810 : 7;
    811 : 7;
    812 : 7;
    813 : 7;
    814 : 7;
    815 : 7;
    816 : 7;
    817 : 7;
    818 : 7;
    819 : 7;
    81A : 7;
    81B : 7;
    81C : 7;
    81D : 7;
    81E : 7;
    81F : 7;
    820 : 6;
    821 : 7;
    822 : 7;
    823 : 6;
    824 : 6;
    825 : 7;
    826 : 7;
    827 : 6;
    828 : 6;
    829 : 6;
    82A : 6;
    82B : 6;
    82C : 6;
    82D : 6;
    82E : 6;
    82F : 6;
    830 : 6;
    831 : 6;
    832 : 6;
    833 : 6;
    834 : 6;
    835 : 6;
    836 : 6;
    837 : 6;
    838 : 6;
    839 : 6;
    83A : 6;
    83B : 6;
    83C : 6;
    83D : 6;
    83E : 6;
    83F : 6;
    840 : 6;
    841 : 6;
    842 : 6;
    843 : 6;
    844 : 6;
    845 : 6;
    846 : 6;
    847 : 6;
    848 : 6;
    849 : 6;
    84A : 6;
    84B : 6;
    84C : 6;
    84D : 6;
    84E : 6;
    84F : 6;
    850 : 6;
    851 : 6;
    852 : 6;
    853 : 6;
    854 : 6;
    855 : 6;
    856 : 6;
    857 : 6;
    858 : 6;
    859 : 6;
    85A : 6;
    85B : 6;
    85C : 6;
    85D : 6;
    85E : 6;
    85F : 6;
    860 : 6;
    861 : 6;
    862 : 6;
    863 : 6;
    864 : 6;
    865 : 6;
    866 : 6;
    867 : 6;
    868 : 6;
    869 : 6;
    86A : 6;
    86B : 6;
    86C : 6;
    86D : 6;
    86E : 6;
    86F : 6;
    870 : 6;
    871 : 6;
    872 : 6;
    873 : 6;
    874 : 6;
    875 : 6;
    876 : 6;
    877 : 6;
    878 : 6;
    879 : 6;
    87A : 6;
    87B : 6;
    87C : 6;
    87D : 6;
    87E : 6;
    87F : 6;
    880 : 6;
    881 : 6;
    882 : 6;
    883 : D;
    884 : D;
    885 : D;
    886 : D;
    887 : D;
    888 : D;
    889 : D;
    88A : D;
    88B : D;
    88C : D;
    88D : D;
    88E : D;
    88F : D;
    890 : D;
    891 : D;
    892 : D;
    893 : D;
    894 : D;
    895 : D;
    896 : D;
    897 : D;
    898 : 0;
    899 : 0;
    89A : 0;
    89B : 0;
    89C : 0;
    89D : 0;
    89E : 0;
    89F : 0;
    8A0 : 0;
    8A1 : 0;
    8A2 : 0;
    8A3 : 0;
    8A4 : 0;
    8A5 : 0;
    8A6 : 0;
    8A7 : 1;
    8A8 : 1;
    8A9 : 1;
    8AA : 1;
    8AB : 1;
    8AC : 1;
    8AD : 1;
    8AE : 1;
    8AF : 1;
    8B0 : 1;
    8B1 : 1;
    8B2 : 1;
    8B3 : 1;
    8B4 : 1;
    8B5 : 1;
    8B6 : 1;
    8B7 : 1;
    8B8 : 1;
    8B9 : 1;
    8BA : C;
    8BB : C;
    8BC : C;
    8BD : C;
    8BE : C;
    8BF : C;
    8C0 : C;
    8C1 : C;
    8C2 : C;
    8C3 : C;
    8C4 : 6;
    8C5 : 6;
    8C6 : 6;
    8C7 : 6;
    8C8 : 6;
    8C9 : 6;
    8CA : 6;
    8CB : 6;
    8CC : 6;
    8CD : 6;
    8CE : 6;
    8CF : 6;
    8D0 : 6;
    8D1 : 6;
    8D2 : 6;
    8D3 : 6;
    8D4 : 7;
    8D5 : 7;
    8D6 : 7;
    8D7 : 7;
    8D8 : 7;
    8D9 : 7;
    8DA : 7;
    8DB : 7;
    8DC : 7;
    8DD : 7;
    8DE : 7;
    8DF : 7;
    8E0 : 7;
    8E1 : 7;
    8E2 : 7;
    8E3 : 7;
    8E4 : 7;
    8E5 : 7;
    8E6 : 7;
    8E7 : 7;
    8E8 : 7;
    8E9 : 7;
    8EA : 7;
    8EB : 7;
    8EC : 7;
    8ED : 6;
    8EE : 6;
    8EF : 6;
    8F0 : 6;
    8F1 : 6;
    8F2 : 6;
    8F3 : 6;
    8F4 : 6;
    8F5 : 6;
    8F6 : 6;
    8F7 : 6;
    8F8 : 6;
    8F9 : 6;
    8FA : 6;
    8FB : 6;
    8FC : 6;
    8FD : 6;
    8FE : 6;
    8FF : 6;
    900 : 6;
    901 : 6;
    902 : 6;
    903 : 6;
    904 : 6;
    905 : 6;
    906 : 6;
    907 : 6;
    908 : 6;
    909 : 6;
    90A : 6;
    90B : 6;
    90C : 6;
    90D : 6;
    90E : 6;
    90F : 6;
    910 : 6;
    911 : 6;
    912 : 6;
    913 : 6;
    914 : 6;
    915 : 6;
    916 : 6;
    917 : 6;
    918 : 6;
    919 : 6;
    91A : 6;
    91B : 6;
    91C : 6;
    91D : 6;
    91E : 6;
    91F : 6;
    920 : 6;
    921 : 6;
    922 : 6;
    923 : 6;
    924 : 6;
    925 : 6;
    926 : 6;
    927 : 6;
    928 : 6;
    929 : 6;
    92A : 6;
    92B : 6;
    92C : 6;
    92D : 6;
    92E : 6;
    92F : 6;
    930 : 6;
    931 : 6;
    932 : 6;
    933 : 6;
    934 : 6;
    935 : 6;
    936 : 6;
    937 : 6;
    938 : 6;
    939 : 6;
    93A : 6;
    93B : 6;
    93C : 6;
    93D : 6;
    93E : 6;
    93F : 6;
    940 : 6;
    941 : 6;
    942 : 6;
    943 : 6;
    944 : 6;
    945 : 6;
    946 : 6;
    947 : 6;
    948 : 6;
    949 : D;
    94A : D;
    94B : D;
    94C : D;
    94D : D;
    94E : D;
    94F : D;
    950 : D;
    951 : D;
    952 : D;
    953 : D;
    954 : D;
    955 : D;
    956 : D;
    957 : D;
    958 : D;
    959 : 6;
    95A : 6;
    95B : 6;
    95C : D;
    95D : D;
    95E : D;
    95F : D;
    960 : 0;
    961 : 0;
    962 : 0;
    963 : 0;
    964 : 0;
    965 : 0;
    966 : 0;
    967 : 0;
    968 : 0;
    969 : 0;
    96A : 0;
    96B : 0;
    96C : 0;
    96D : 1;
    96E : 1;
    96F : 1;
    970 : 1;
    971 : 1;
    972 : 1;
    973 : 1;
    974 : 1;
    975 : 1;
    976 : 1;
    977 : 1;
    978 : 1;
    979 : 1;
    97A : 1;
    97B : 1;
    97C : 1;
    97D : 1;
    97E : 1;
    97F : 1;
    980 : C;
    981 : C;
    982 : C;
    983 : C;
    984 : C;
    985 : C;
    986 : C;
    987 : C;
    988 : C;
    989 : 6;
    98A : 6;
    98B : 6;
    98C : 6;
    98D : 6;
    98E : 6;
    98F : 6;
    990 : 6;
    991 : 6;
    992 : 6;
    993 : 6;
    994 : 6;
    995 : 6;
    996 : 6;
    997 : 6;
    998 : 6;
    999 : 6;
    99A : 7;
    99B : 7;
    99C : 7;
    99D : 7;
    99E : 7;
    99F : 7;
    9A0 : 7;
    9A1 : 7;
    9A2 : 7;
    9A3 : 7;
    9A4 : 7;
    9A5 : 7;
    9A6 : 7;
    9A7 : 7;
    9A8 : 7;
    9A9 : 7;
    9AA : 7;
    9AB : 7;
    9AC : 7;
    9AD : 6;
    9AE : 6;
    9AF : 6;
    9B0 : 6;
    9B1 : 6;
    9B2 : 7;
    9B3 : 7;
    9B4 : 6;
    9B5 : 6;
    9B6 : 6;
    9B7 : 6;
    9B8 : 6;
    9B9 : 6;
    9BA : 6;
    9BB : 6;
    9BC : 6;
    9BD : 6;
    9BE : 6;
    9BF : 6;
    9C0 : 6;
    9C1 : 6;
    9C2 : 6;
    9C3 : 6;
    9C4 : 6;
    9C5 : 6;
    9C6 : 6;
    9C7 : 6;
    9C8 : 6;
    9C9 : 6;
    9CA : 6;
    9CB : 6;
    9CC : 6;
    9CD : 6;
    9CE : 6;
    9CF : 6;
    9D0 : 6;
    9D1 : 6;
    9D2 : 6;
    9D3 : 6;
    9D4 : 6;
    9D5 : 6;
    9D6 : 6;
    9D7 : 6;
    9D8 : 6;
    9D9 : 6;
    9DA : 6;
    9DB : 6;
    9DC : 6;
    9DD : 6;
    9DE : 6;
    9DF : 6;
    9E0 : 6;
    9E1 : 6;
    9E2 : 6;
    9E3 : 6;
    9E4 : 6;
    9E5 : 6;
    9E6 : 6;
    9E7 : 6;
    9E8 : 6;
    9E9 : 6;
    9EA : 6;
    9EB : 6;
    9EC : 6;
    9ED : 6;
    9EE : 6;
    9EF : 6;
    9F0 : 6;
    9F1 : 6;
    9F2 : 6;
    9F3 : 6;
    9F4 : 6;
    9F5 : 6;
    9F6 : 6;
    9F7 : 6;
    9F8 : 6;
    9F9 : 6;
    9FA : 6;
    9FB : 6;
    9FC : 6;
    9FD : 6;
    9FE : 6;
    9FF : 6;
    A00 : 6;
    A01 : 6;
    A02 : 6;
    A03 : 6;
    A04 : 6;
    A05 : 6;
    A06 : 6;
    A07 : 6;
    A08 : 6;
    A09 : 6;
    A0A : 6;
    A0B : 6;
    A0C : 6;
    A0D : 6;
    A0E : 6;
    A0F : D;
    A10 : D;
    A11 : D;
    A12 : D;
    A13 : D;
    A14 : D;
    A15 : D;
    A16 : D;
    A17 : D;
    A18 : D;
    A19 : D;
    A1A : D;
    A1B : D;
    A1C : D;
    A1D : 6;
    A1E : 6;
    A1F : 6;
    A20 : 6;
    A21 : 6;
    A22 : D;
    A23 : 6;
    A24 : D;
    A25 : D;
    A26 : D;
    A27 : 6;
    A28 : 0;
    A29 : 0;
    A2A : 0;
    A2B : 0;
    A2C : 0;
    A2D : 0;
    A2E : 0;
    A2F : 0;
    A30 : 0;
    A31 : 0;
    A32 : 1;
    A33 : 1;
    A34 : 1;
    A35 : 1;
    A36 : 1;
    A37 : 1;
    A38 : 1;
    A39 : 1;
    A3A : 1;
    A3B : 1;
    A3C : 1;
    A3D : 1;
    A3E : 1;
    A3F : 1;
    A40 : 1;
    A41 : 1;
    A42 : 1;
    A43 : 1;
    A44 : 1;
    A45 : C;
    A46 : C;
    A47 : C;
    A48 : C;
    A49 : C;
    A4A : C;
    A4B : C;
    A4C : C;
    A4D : C;
    A4E : C;
    A4F : 6;
    A50 : 6;
    A51 : 6;
    A52 : 6;
    A53 : 6;
    A54 : 6;
    A55 : 6;
    A56 : 6;
    A57 : 6;
    A58 : 6;
    A59 : 6;
    A5A : 6;
    A5B : 6;
    A5C : 6;
    A5D : 6;
    A5E : 6;
    A5F : 7;
    A60 : 7;
    A61 : 7;
    A62 : 7;
    A63 : 7;
    A64 : 7;
    A65 : 7;
    A66 : 7;
    A67 : 7;
    A68 : 7;
    A69 : 7;
    A6A : 7;
    A6B : 7;
    A6C : 7;
    A6D : 7;
    A6E : 7;
    A6F : 7;
    A70 : 7;
    A71 : 7;
    A72 : 7;
    A73 : 7;
    A74 : 7;
    A75 : 6;
    A76 : 6;
    A77 : 6;
    A78 : 6;
    A79 : 6;
    A7A : 6;
    A7B : 6;
    A7C : 6;
    A7D : 6;
    A7E : 6;
    A7F : 6;
    A80 : 6;
    A81 : 6;
    A82 : 6;
    A83 : 6;
    A84 : 6;
    A85 : 6;
    A86 : 6;
    A87 : 6;
    A88 : 6;
    A89 : 6;
    A8A : 6;
    A8B : 6;
    A8C : 6;
    A8D : 6;
    A8E : 6;
    A8F : 6;
    A90 : 6;
    A91 : 6;
    A92 : 6;
    A93 : 6;
    A94 : 6;
    A95 : 6;
    A96 : 6;
    A97 : 6;
    A98 : 6;
    A99 : 6;
    A9A : 6;
    A9B : 6;
    A9C : 6;
    A9D : 6;
    A9E : 6;
    A9F : 6;
    AA0 : 6;
    AA1 : 6;
    AA2 : 6;
    AA3 : 6;
    AA4 : 6;
    AA5 : 6;
    AA6 : 6;
    AA7 : 6;
    AA8 : 6;
    AA9 : 6;
    AAA : 6;
    AAB : 6;
    AAC : 6;
    AAD : 6;
    AAE : 6;
    AAF : 6;
    AB0 : 6;
    AB1 : 6;
    AB2 : 6;
    AB3 : 6;
    AB4 : 6;
    AB5 : 6;
    AB6 : 6;
    AB7 : 6;
    AB8 : 6;
    AB9 : 6;
    ABA : 6;
    ABB : 6;
    ABC : 6;
    ABD : 6;
    ABE : 6;
    ABF : 6;
    AC0 : 6;
    AC1 : 6;
    AC2 : 6;
    AC3 : 6;
    AC4 : 6;
    AC5 : 6;
    AC6 : 6;
    AC7 : 6;
    AC8 : 6;
    AC9 : 6;
    ACA : 6;
    ACB : 6;
    ACC : 6;
    ACD : 6;
    ACE : 6;
    ACF : 6;
    AD0 : 6;
    AD1 : 6;
    AD2 : 6;
    AD3 : 6;
    AD4 : 6;
    AD5 : 6;
    AD6 : D;
    AD7 : D;
    AD8 : D;
    AD9 : 6;
    ADA : D;
    ADB : D;
    ADC : D;
    ADD : D;
    ADE : D;
    ADF : D;
    AE0 : D;
    AE1 : D;
    AE2 : 6;
    AE3 : 6;
    AE4 : 6;
    AE5 : 6;
    AE6 : 6;
    AE7 : 6;
    AE8 : 6;
    AE9 : 6;
    AEA : 6;
    AEB : 6;
    AEC : D;
    AED : D;
    AEE : D;
    AEF : 6;
    AF0 : 0;
    AF1 : 0;
    AF2 : 0;
    AF3 : 0;
    AF4 : 0;
    AF5 : 0;
    AF6 : 0;
    AF7 : 0;
    AF8 : 1;
    AF9 : 1;
    AFA : 1;
    AFB : 1;
    AFC : 1;
    AFD : 1;
    AFE : 1;
    AFF : 1;
    B00 : 1;
    B01 : 1;
    B02 : 1;
    B03 : 1;
    B04 : 1;
    B05 : 1;
    B06 : 1;
    B07 : 1;
    B08 : 1;
    B09 : 1;
    B0A : 1;
    B0B : C;
    B0C : C;
    B0D : C;
    B0E : C;
    B0F : C;
    B10 : C;
    B11 : C;
    B12 : C;
    B13 : C;
    B14 : C;
    B15 : 6;
    B16 : 6;
    B17 : 6;
    B18 : 6;
    B19 : 6;
    B1A : 6;
    B1B : 6;
    B1C : 6;
    B1D : 6;
    B1E : 6;
    B1F : 6;
    B20 : 6;
    B21 : 6;
    B22 : 6;
    B23 : 6;
    B24 : 7;
    B25 : 7;
    B26 : 7;
    B27 : 7;
    B28 : 7;
    B29 : 7;
    B2A : 7;
    B2B : 7;
    B2C : 7;
    B2D : 7;
    B2E : 7;
    B2F : 7;
    B30 : 7;
    B31 : 7;
    B32 : 7;
    B33 : 7;
    B34 : 7;
    B35 : 7;
    B36 : 7;
    B37 : 7;
    B38 : 7;
    B39 : 7;
    B3A : 7;
    B3B : 7;
    B3C : 7;
    B3D : 6;
    B3E : 6;
    B3F : 6;
    B40 : 6;
    B41 : 6;
    B42 : 6;
    B43 : 6;
    B44 : 6;
    B45 : 6;
    B46 : 6;
    B47 : 6;
    B48 : 6;
    B49 : 6;
    B4A : 6;
    B4B : 6;
    B4C : 6;
    B4D : 6;
    B4E : 6;
    B4F : 6;
    B50 : 6;
    B51 : 6;
    B52 : 6;
    B53 : 6;
    B54 : 6;
    B55 : 6;
    B56 : 6;
    B57 : 6;
    B58 : 6;
    B59 : 6;
    B5A : 6;
    B5B : 6;
    B5C : 6;
    B5D : 6;
    B5E : 6;
    B5F : 6;
    B60 : 6;
    B61 : 6;
    B62 : 6;
    B63 : 6;
    B64 : 6;
    B65 : 6;
    B66 : 6;
    B67 : 6;
    B68 : 6;
    B69 : 6;
    B6A : 6;
    B6B : 6;
    B6C : 6;
    B6D : 6;
    B6E : 6;
    B6F : 6;
    B70 : 6;
    B71 : 6;
    B72 : 6;
    B73 : 6;
    B74 : 6;
    B75 : 6;
    B76 : 6;
    B77 : 6;
    B78 : 6;
    B79 : 6;
    B7A : 6;
    B7B : 6;
    B7C : 6;
    B7D : 6;
    B7E : 6;
    B7F : 6;
    B80 : 6;
    B81 : 6;
    B82 : 6;
    B83 : 6;
    B84 : 6;
    B85 : 6;
    B86 : 6;
    B87 : 6;
    B88 : 6;
    B89 : 6;
    B8A : 6;
    B8B : 6;
    B8C : 6;
    B8D : 6;
    B8E : 6;
    B8F : 6;
    B90 : 6;
    B91 : 6;
    B92 : 6;
    B93 : 6;
    B94 : 6;
    B95 : 6;
    B96 : 6;
    B97 : 6;
    B98 : 6;
    B99 : 6;
    B9A : D;
    B9B : D;
    B9C : D;
    B9D : 6;
    B9E : 6;
    B9F : 6;
    BA0 : 6;
    BA1 : 6;
    BA2 : 6;
    BA3 : 6;
    BA4 : 6;
    BA5 : 6;
    BA6 : 6;
    BA7 : 6;
    BA8 : D;
    BA9 : D;
    BAA : 6;
    BAB : 6;
    BAC : 6;
    BAD : 6;
    BAE : 6;
    BAF : 6;
    BB0 : 6;
    BB1 : 6;
    BB2 : 6;
    BB3 : 6;
    BB4 : D;
    BB5 : D;
    BB6 : 6;
    BB7 : 6;
    BB8 : 0;
    BB9 : 0;
    BBA : 0;
    BBB : 0;
    BBC : 0;
    BBD : 0;
    BBE : 1;
    BBF : 1;
    BC0 : 1;
    BC1 : 1;
    BC2 : 1;
    BC3 : 1;
    BC4 : 1;
    BC5 : 1;
    BC6 : 1;
    BC7 : 1;
    BC8 : 1;
    BC9 : 1;
    BCA : 1;
    BCB : 1;
    BCC : 1;
    BCD : 1;
    BCE : 1;
    BCF : 1;
    BD0 : 1;
    BD1 : C;
    BD2 : C;
    BD3 : C;
    BD4 : C;
    BD5 : C;
    BD6 : C;
    BD7 : C;
    BD8 : C;
    BD9 : C;
    BDA : 6;
    BDB : 6;
    BDC : 6;
    BDD : 6;
    BDE : 6;
    BDF : 6;
    BE0 : 6;
    BE1 : 6;
    BE2 : 6;
    BE3 : 6;
    BE4 : 6;
    BE5 : 6;
    BE6 : 6;
    BE7 : 6;
    BE8 : 6;
    BE9 : 7;
    BEA : 7;
    BEB : 7;
    BEC : 7;
    BED : 7;
    BEE : 7;
    BEF : 7;
    BF0 : 7;
    BF1 : 7;
    BF2 : 7;
    BF3 : 7;
    BF4 : 7;
    BF5 : 7;
    BF6 : 7;
    BF7 : 7;
    BF8 : 7;
    BF9 : 7;
    BFA : 7;
    BFB : 7;
    BFC : 7;
    BFD : 7;
    BFE : 7;
    BFF : 7;
    C00 : 7;
    C01 : 7;
    C02 : 7;
    C03 : 6;
    C04 : 6;
    C05 : 6;
    C06 : 6;
    C07 : 6;
    C08 : 6;
    C09 : 6;
    C0A : 6;
    C0B : 6;
    C0C : 6;
    C0D : 6;
    C0E : 6;
    C0F : 6;
    C10 : 6;
    C11 : 6;
    C12 : 6;
    C13 : 6;
    C14 : 6;
    C15 : 6;
    C16 : 6;
    C17 : 6;
    C18 : 6;
    C19 : 6;
    C1A : 6;
    C1B : 6;
    C1C : 6;
    C1D : 6;
    C1E : 6;
    C1F : 6;
    C20 : 6;
    C21 : 6;
    C22 : 6;
    C23 : 6;
    C24 : 6;
    C25 : 6;
    C26 : 6;
    C27 : 6;
    C28 : 6;
    C29 : 6;
    C2A : 6;
    C2B : 6;
    C2C : 6;
    C2D : 6;
    C2E : 6;
    C2F : 6;
    C30 : 6;
    C31 : 6;
    C32 : 6;
    C33 : 6;
    C34 : 6;
    C35 : 6;
    C36 : 6;
    C37 : 6;
    C38 : 6;
    C39 : 6;
    C3A : 6;
    C3B : 6;
    C3C : 6;
    C3D : 6;
    C3E : 6;
    C3F : 6;
    C40 : 6;
    C41 : 6;
    C42 : 6;
    C43 : 6;
    C44 : 6;
    C45 : 6;
    C46 : 6;
    C47 : 6;
    C48 : 6;
    C49 : 6;
    C4A : 6;
    C4B : 6;
    C4C : 6;
    C4D : 6;
    C4E : 6;
    C4F : 6;
    C50 : 6;
    C51 : 6;
    C52 : 6;
    C53 : 6;
    C54 : 6;
    C55 : 6;
    C56 : 6;
    C57 : 6;
    C58 : 6;
    C59 : 6;
    C5A : 6;
    C5B : 6;
    C5C : 6;
    C5D : 6;
    C5E : 6;
    C5F : D;
    C60 : D;
    C61 : D;
    C62 : 6;
    C63 : 6;
    C64 : 6;
    C65 : 6;
    C66 : 6;
    C67 : 6;
    C68 : 6;
    C69 : 6;
    C6A : 6;
    C6B : 6;
    C6C : 6;
    C6D : 6;
    C6E : 6;
    C6F : 6;
    C70 : 6;
    C71 : 6;
    C72 : 6;
    C73 : 6;
    C74 : 6;
    C75 : 6;
    C76 : 6;
    C77 : 6;
    C78 : 6;
    C79 : 6;
    C7A : 6;
    C7B : D;
    C7C : 6;
    C7D : D;
    C7E : D;
    C7F : D;
    C80 : 0;
    C81 : 0;
    C82 : 0;
    C83 : 0;
    C84 : 1;
    C85 : 1;
    C86 : 1;
    C87 : 1;
    C88 : 1;
    C89 : 1;
    C8A : 1;
    C8B : 1;
    C8C : 1;
    C8D : 1;
    C8E : 1;
    C8F : 1;
    C90 : 1;
    C91 : 1;
    C92 : 1;
    C93 : 1;
    C94 : 1;
    C95 : 1;
    C96 : 1;
    C97 : C;
    C98 : C;
    C99 : C;
    C9A : C;
    C9B : C;
    C9C : C;
    C9D : C;
    C9E : C;
    C9F : C;
    CA0 : 6;
    CA1 : 6;
    CA2 : 6;
    CA3 : 6;
    CA4 : 6;
    CA5 : 6;
    CA6 : 6;
    CA7 : 6;
    CA8 : 6;
    CA9 : 6;
    CAA : 6;
    CAB : 6;
    CAC : 6;
    CAD : 6;
    CAE : 6;
    CAF : 7;
    CB0 : 7;
    CB1 : 7;
    CB2 : 7;
    CB3 : 7;
    CB4 : 7;
    CB5 : 7;
    CB6 : 7;
    CB7 : 7;
    CB8 : 7;
    CB9 : 7;
    CBA : 7;
    CBB : 7;
    CBC : 7;
    CBD : 7;
    CBE : 7;
    CBF : 7;
    CC0 : 7;
    CC1 : 7;
    CC2 : 7;
    CC3 : 7;
    CC4 : 7;
    CC5 : 7;
    CC6 : 7;
    CC7 : 7;
    CC8 : 7;
    CC9 : 7;
    CCA : 7;
    CCB : 6;
    CCC : 6;
    CCD : 6;
    CCE : 6;
    CCF : 6;
    CD0 : 6;
    CD1 : 6;
    CD2 : 6;
    CD3 : 6;
    CD4 : 6;
    CD5 : 6;
    CD6 : 6;
    CD7 : 6;
    CD8 : 6;
    CD9 : 6;
    CDA : 6;
    CDB : 6;
    CDC : 6;
    CDD : 6;
    CDE : 6;
    CDF : 6;
    CE0 : 6;
    CE1 : 6;
    CE2 : 6;
    CE3 : 6;
    CE4 : 6;
    CE5 : 6;
    CE6 : 6;
    CE7 : 6;
    CE8 : 6;
    CE9 : 6;
    CEA : 6;
    CEB : 6;
    CEC : 6;
    CED : 6;
    CEE : 6;
    CEF : 6;
    CF0 : 6;
    CF1 : 6;
    CF2 : 6;
    CF3 : 6;
    CF4 : 6;
    CF5 : 6;
    CF6 : 6;
    CF7 : 6;
    CF8 : 6;
    CF9 : 6;
    CFA : 6;
    CFB : 6;
    CFC : 6;
    CFD : 6;
    CFE : 6;
    CFF : 6;
    D00 : 6;
    D01 : 6;
    D02 : 6;
    D03 : 6;
    D04 : 6;
    D05 : 6;
    D06 : 6;
    D07 : 6;
    D08 : 6;
    D09 : 6;
    D0A : 6;
    D0B : 6;
    D0C : 6;
    D0D : 6;
    D0E : 6;
    D0F : 6;
    D10 : 6;
    D11 : 6;
    D12 : 6;
    D13 : 6;
    D14 : 6;
    D15 : 6;
    D16 : 6;
    D17 : 6;
    D18 : 6;
    D19 : 6;
    D1A : 6;
    D1B : 6;
    D1C : 6;
    D1D : 6;
    D1E : 6;
    D1F : 6;
    D20 : 6;
    D21 : 6;
    D22 : 6;
    D23 : 6;
    D24 : 6;
    D25 : 6;
    D26 : 6;
    D27 : D;
    D28 : 6;
    D29 : 6;
    D2A : 6;
    D2B : 6;
    D2C : 6;
    D2D : 6;
    D2E : 6;
    D2F : 6;
    D30 : 6;
    D31 : 6;
    D32 : 6;
    D33 : 6;
    D34 : 6;
    D35 : 6;
    D36 : 6;
    D37 : 6;
    D38 : 6;
    D39 : 6;
    D3A : 6;
    D3B : 6;
    D3C : 6;
    D3D : D;
    D3E : 6;
    D3F : 6;
    D40 : 6;
    D41 : 6;
    D42 : 6;
    D43 : D;
    D44 : D;
    D45 : D;
    D46 : D;
    D47 : D;
    D48 : 0;
    D49 : 0;
    D4A : 1;
    D4B : 1;
    D4C : 1;
    D4D : 1;
    D4E : 1;
    D4F : 1;
    D50 : 1;
    D51 : 1;
    D52 : 1;
    D53 : 1;
    D54 : 1;
    D55 : 1;
    D56 : 1;
    D57 : 1;
    D58 : 1;
    D59 : 1;
    D5A : 1;
    D5B : 1;
    D5C : 1;
    D5D : C;
    D5E : C;
    D5F : C;
    D60 : C;
    D61 : C;
    D62 : C;
    D63 : C;
    D64 : C;
    D65 : C;
    D66 : 6;
    D67 : 6;
    D68 : 6;
    D69 : 6;
    D6A : 6;
    D6B : 6;
    D6C : 6;
    D6D : 6;
    D6E : 6;
    D6F : 6;
    D70 : 6;
    D71 : 6;
    D72 : 6;
    D73 : 6;
    D74 : 6;
    D75 : 6;
    D76 : 7;
    D77 : 7;
    D78 : 7;
    D79 : 7;
    D7A : 7;
    D7B : 7;
    D7C : 7;
    D7D : 7;
    D7E : 7;
    D7F : 7;
    D80 : 7;
    D81 : 7;
    D82 : 7;
    D83 : 7;
    D84 : 7;
    D85 : 7;
    D86 : 7;
    D87 : 7;
    D88 : 7;
    D89 : 7;
    D8A : 7;
    D8B : 7;
    D8C : 7;
    D8D : 7;
    D8E : 7;
    D8F : 7;
    D90 : 7;
    D91 : 7;
    D92 : 6;
    D93 : 6;
    D94 : 6;
    D95 : 6;
    D96 : 6;
    D97 : 6;
    D98 : 6;
    D99 : 6;
    D9A : 6;
    D9B : 6;
    D9C : 6;
    D9D : 6;
    D9E : 6;
    D9F : 6;
    DA0 : 6;
    DA1 : 6;
    DA2 : 6;
    DA3 : 6;
    DA4 : 6;
    DA5 : 6;
    DA6 : 6;
    DA7 : 6;
    DA8 : 6;
    DA9 : 6;
    DAA : 6;
    DAB : 6;
    DAC : 6;
    DAD : 6;
    DAE : 6;
    DAF : 6;
    DB0 : 6;
    DB1 : 6;
    DB2 : 6;
    DB3 : 6;
    DB4 : 6;
    DB5 : 6;
    DB6 : 6;
    DB7 : 6;
    DB8 : 6;
    DB9 : 6;
    DBA : 6;
    DBB : 6;
    DBC : 6;
    DBD : 6;
    DBE : 6;
    DBF : 6;
    DC0 : 6;
    DC1 : 6;
    DC2 : 6;
    DC3 : 6;
    DC4 : 6;
    DC5 : 6;
    DC6 : 6;
    DC7 : 6;
    DC8 : 6;
    DC9 : 6;
    DCA : 6;
    DCB : 6;
    DCC : 6;
    DCD : 6;
    DCE : 6;
    DCF : 6;
    DD0 : 6;
    DD1 : 6;
    DD2 : 6;
    DD3 : 6;
    DD4 : 6;
    DD5 : 6;
    DD6 : 6;
    DD7 : 6;
    DD8 : 6;
    DD9 : 6;
    DDA : 6;
    DDB : 6;
    DDC : 6;
    DDD : 6;
    DDE : 6;
    DDF : 6;
    DE0 : 6;
    DE1 : 6;
    DE2 : 6;
    DE3 : 6;
    DE4 : 6;
    DE5 : 6;
    DE6 : 6;
    DE7 : 6;
    DE8 : 6;
    DE9 : 6;
    DEA : 6;
    DEB : 6;
    DEC : 6;
    DED : 6;
    DEE : 6;
    DEF : 6;
    DF0 : 6;
    DF1 : 6;
    DF2 : 6;
    DF3 : 6;
    DF4 : 6;
    DF5 : 6;
    DF6 : 6;
    DF7 : 6;
    DF8 : 6;
    DF9 : 6;
    DFA : 6;
    DFB : 6;
    DFC : 6;
    DFD : 6;
    DFE : 6;
    DFF : 6;
    E00 : 6;
    E01 : 6;
    E02 : 6;
    E03 : D;
    E04 : D;
    E05 : 6;
    E06 : 6;
    E07 : 6;
    E08 : 6;
    E09 : 6;
    E0A : D;
    E0B : D;
    E0C : D;
    E0D : D;
    E0E : D;
    E0F : D;
    E10 : 1;
    E11 : 1;
    E12 : 1;
    E13 : 1;
    E14 : 1;
    E15 : 1;
    E16 : 1;
    E17 : 1;
    E18 : 1;
    E19 : 1;
    E1A : 1;
    E1B : 1;
    E1C : 1;
    E1D : 1;
    E1E : 1;
    E1F : 1;
    E20 : 1;
    E21 : 1;
    E22 : C;
    E23 : C;
    E24 : C;
    E25 : C;
    E26 : C;
    E27 : C;
    E28 : C;
    E29 : C;
    E2A : C;
    E2B : C;
    E2C : 6;
    E2D : 6;
    E2E : 6;
    E2F : 6;
    E30 : 6;
    E31 : 6;
    E32 : 6;
    E33 : 6;
    E34 : 6;
    E35 : 6;
    E36 : 6;
    E37 : 6;
    E38 : 6;
    E39 : 6;
    E3A : 6;
    E3B : 6;
    E3C : 7;
    E3D : 7;
    E3E : 7;
    E3F : 7;
    E40 : 7;
    E41 : 7;
    E42 : 7;
    E43 : 7;
    E44 : 7;
    E45 : 7;
    E46 : 7;
    E47 : 7;
    E48 : 7;
    E49 : 7;
    E4A : 7;
    E4B : 7;
    E4C : 6;
    E4D : 6;
    E4E : 7;
    E4F : 7;
    E50 : 7;
    E51 : 7;
    E52 : 6;
    E53 : 6;
    E54 : 7;
    E55 : 7;
    E56 : 7;
    E57 : 6;
    E58 : 6;
    E59 : 6;
    E5A : 6;
    E5B : 6;
    E5C : 6;
    E5D : 6;
    E5E : 6;
    E5F : 6;
    E60 : 6;
    E61 : 6;
    E62 : 6;
    E63 : 6;
    E64 : 6;
    E65 : 6;
    E66 : 6;
    E67 : 6;
    E68 : 6;
    E69 : 6;
    E6A : 6;
    E6B : 6;
    E6C : 6;
    E6D : 6;
    E6E : 6;
    E6F : 6;
    E70 : 6;
    E71 : 6;
    E72 : 6;
    E73 : 6;
    E74 : 6;
    E75 : 6;
    E76 : 6;
    E77 : 6;
    E78 : 6;
    E79 : 6;
    E7A : 6;
    E7B : 6;
    E7C : 6;
    E7D : 6;
    E7E : 6;
    E7F : 6;
    E80 : 6;
    E81 : 6;
    E82 : 6;
    E83 : 6;
    E84 : 6;
    E85 : 6;
    E86 : 6;
    E87 : 6;
    E88 : 6;
    E89 : 6;
    E8A : 6;
    E8B : 6;
    E8C : 6;
    E8D : 6;
    E8E : 6;
    E8F : 6;
    E90 : D;
    E91 : D;
    E92 : D;
    E93 : 6;
    E94 : 6;
    E95 : 6;
    E96 : 6;
    E97 : 6;
    E98 : 6;
    E99 : 6;
    E9A : 6;
    E9B : 6;
    E9C : 6;
    E9D : 6;
    E9E : 6;
    E9F : 6;
    EA0 : 6;
    EA1 : 6;
    EA2 : 6;
    EA3 : 6;
    EA4 : 6;
    EA5 : 6;
    EA6 : 6;
    EA7 : 6;
    EA8 : 6;
    EA9 : 6;
    EAA : 6;
    EAB : 6;
    EAC : 6;
    EAD : 6;
    EAE : 6;
    EAF : 6;
    EB0 : 6;
    EB1 : 6;
    EB2 : 6;
    EB3 : 6;
    EB4 : 6;
    EB5 : 6;
    EB6 : 6;
    EB7 : 6;
    EB8 : 6;
    EB9 : 6;
    EBA : 6;
    EBB : 6;
    EBC : 6;
    EBD : 6;
    EBE : 6;
    EBF : 6;
    EC0 : 6;
    EC1 : 6;
    EC2 : D;
    EC3 : 6;
    EC4 : 6;
    EC5 : 6;
    EC6 : 6;
    EC7 : 6;
    EC8 : 6;
    EC9 : D;
    ECA : D;
    ECB : 6;
    ECC : 6;
    ECD : 6;
    ECE : 6;
    ECF : 6;
    ED0 : D;
    ED1 : D;
    ED2 : D;
    ED3 : D;
    ED4 : D;
    ED5 : D;
    ED6 : D;
    ED7 : D;
    ED8 : 1;
    ED9 : 1;
    EDA : 1;
    EDB : 1;
    EDC : 1;
    EDD : 1;
    EDE : 1;
    EDF : 1;
    EE0 : 1;
    EE1 : 1;
    EE2 : 1;
    EE3 : 1;
    EE4 : 1;
    EE5 : 1;
    EE6 : 1;
    EE7 : 1;
    EE8 : C;
    EE9 : C;
    EEA : C;
    EEB : C;
    EEC : C;
    EED : C;
    EEE : C;
    EEF : C;
    EF0 : C;
    EF1 : C;
    EF2 : 6;
    EF3 : 6;
    EF4 : 6;
    EF5 : 6;
    EF6 : 6;
    EF7 : 6;
    EF8 : 6;
    EF9 : 6;
    EFA : 6;
    EFB : 6;
    EFC : 6;
    EFD : 6;
    EFE : 6;
    EFF : 6;
    F00 : 6;
    F01 : 7;
    F02 : 7;
    F03 : 7;
    F04 : 7;
    F05 : 7;
    F06 : 7;
    F07 : 7;
    F08 : 7;
    F09 : 7;
    F0A : 7;
    F0B : 7;
    F0C : 7;
    F0D : 7;
    F0E : 7;
    F0F : 7;
    F10 : 7;
    F11 : 7;
    F12 : 7;
    F13 : 7;
    F14 : 7;
    F15 : 7;
    F16 : 7;
    F17 : 7;
    F18 : 7;
    F19 : 7;
    F1A : 6;
    F1B : 7;
    F1C : 7;
    F1D : 6;
    F1E : 6;
    F1F : 6;
    F20 : 6;
    F21 : 6;
    F22 : 6;
    F23 : 6;
    F24 : 6;
    F25 : 6;
    F26 : 6;
    F27 : 6;
    F28 : 6;
    F29 : 6;
    F2A : 6;
    F2B : 6;
    F2C : 6;
    F2D : 6;
    F2E : 6;
    F2F : 6;
    F30 : 6;
    F31 : 6;
    F32 : 6;
    F33 : 6;
    F34 : 6;
    F35 : 6;
    F36 : 6;
    F37 : 6;
    F38 : 6;
    F39 : 6;
    F3A : 6;
    F3B : 6;
    F3C : 6;
    F3D : 6;
    F3E : 6;
    F3F : 6;
    F40 : 6;
    F41 : 6;
    F42 : 6;
    F43 : 6;
    F44 : 6;
    F45 : 6;
    F46 : 6;
    F47 : 6;
    F48 : 6;
    F49 : 6;
    F4A : 6;
    F4B : 6;
    F4C : 6;
    F4D : 6;
    F4E : 6;
    F4F : 6;
    F50 : 6;
    F51 : 6;
    F52 : 6;
    F53 : 6;
    F54 : 6;
    F55 : D;
    F56 : D;
    F57 : D;
    F58 : D;
    F59 : D;
    F5A : 6;
    F5B : 6;
    F5C : 6;
    F5D : 6;
    F5E : 6;
    F5F : 6;
    F60 : 6;
    F61 : 6;
    F62 : 6;
    F63 : 6;
    F64 : 6;
    F65 : 6;
    F66 : 6;
    F67 : 6;
    F68 : 6;
    F69 : 6;
    F6A : 6;
    F6B : 6;
    F6C : 6;
    F6D : 6;
    F6E : 6;
    F6F : 6;
    F70 : 6;
    F71 : 6;
    F72 : 6;
    F73 : 6;
    F74 : 6;
    F75 : 6;
    F76 : 6;
    F77 : 6;
    F78 : 6;
    F79 : 6;
    F7A : 6;
    F7B : 6;
    F7C : 6;
    F7D : 6;
    F7E : 6;
    F7F : 6;
    F80 : 6;
    F81 : 6;
    F82 : 6;
    F83 : 6;
    F84 : 6;
    F85 : 6;
    F86 : 6;
    F87 : 6;
    F88 : 6;
    F89 : D;
    F8A : 6;
    F8B : 6;
    F8C : 6;
    F8D : 6;
    F8E : 6;
    F8F : 6;
    F90 : D;
    F91 : D;
    F92 : 6;
    F93 : 6;
    F94 : 6;
    F95 : 6;
    F96 : 6;
    F97 : 6;
    F98 : 6;
    F99 : D;
    F9A : D;
    F9B : D;
    F9C : D;
    F9D : D;
    F9E : D;
    F9F : D;
    FA0 : 1;
    FA1 : 1;
    FA2 : 1;
    FA3 : 1;
    FA4 : 1;
    FA5 : 1;
    FA6 : 1;
    FA7 : 1;
    FA8 : 1;
    FA9 : 1;
    FAA : 1;
    FAB : 1;
    FAC : 1;
    FAD : 1;
    FAE : C;
    FAF : C;
    FB0 : C;
    FB1 : C;
    FB2 : C;
    FB3 : C;
    FB4 : C;
    FB5 : C;
    FB6 : C;
    FB7 : C;
    FB8 : 6;
    FB9 : 6;
    FBA : 6;
    FBB : 6;
    FBC : 6;
    FBD : 6;
    FBE : 6;
    FBF : 6;
    FC0 : 6;
    FC1 : 6;
    FC2 : 6;
    FC3 : 6;
    FC4 : 6;
    FC5 : 7;
    FC6 : 6;
    FC7 : 6;
    FC8 : 7;
    FC9 : 7;
    FCA : 7;
    FCB : 7;
    FCC : 7;
    FCD : 7;
    FCE : 7;
    FCF : 7;
    FD0 : 7;
    FD1 : 7;
    FD2 : 7;
    FD3 : 7;
    FD4 : 7;
    FD5 : 7;
    FD6 : 7;
    FD7 : 7;
    FD8 : 7;
    FD9 : 7;
    FDA : 7;
    FDB : 7;
    FDC : 7;
    FDD : 7;
    FDE : 7;
    FDF : 7;
    FE0 : 7;
    FE1 : 7;
    FE2 : 6;
    FE3 : 6;
    FE4 : 6;
    FE5 : 6;
    FE6 : 6;
    FE7 : 6;
    FE8 : 6;
    FE9 : 6;
    FEA : 6;
    FEB : 6;
    FEC : 6;
    FED : 6;
    FEE : 6;
    FEF : 6;
    FF0 : 6;
    FF1 : 6;
    FF2 : 6;
    FF3 : 6;
    FF4 : 6;
    FF5 : 6;
    FF6 : 6;
    FF7 : 6;
    FF8 : 6;
    FF9 : 6;
    FFA : 6;
    FFB : 6;
    FFC : 6;
    FFD : 6;
    FFE : 6;
    FFF : 6;
    1000 : 6;
    1001 : 6;
    1002 : 6;
    1003 : 6;
    1004 : 6;
    1005 : 6;
    1006 : 6;
    1007 : 6;
    1008 : 6;
    1009 : 6;
    100A : 6;
    100B : 6;
    100C : 6;
    100D : 6;
    100E : 6;
    100F : 6;
    1010 : 6;
    1011 : 6;
    1012 : 6;
    1013 : 6;
    1014 : 6;
    1015 : 6;
    1016 : 6;
    1017 : 6;
    1018 : D;
    1019 : D;
    101A : 5;
    101B : 5;
    101C : 5;
    101D : 1;
    101E : D;
    101F : D;
    1020 : D;
    1021 : D;
    1022 : D;
    1023 : 6;
    1024 : 6;
    1025 : 6;
    1026 : 6;
    1027 : 6;
    1028 : 6;
    1029 : 6;
    102A : 6;
    102B : 6;
    102C : 6;
    102D : 6;
    102E : 6;
    102F : 6;
    1030 : 6;
    1031 : 6;
    1032 : 6;
    1033 : 6;
    1034 : 6;
    1035 : 6;
    1036 : 6;
    1037 : 6;
    1038 : 6;
    1039 : 6;
    103A : 6;
    103B : 6;
    103C : 6;
    103D : 6;
    103E : 6;
    103F : 6;
    1040 : 6;
    1041 : 6;
    1042 : 6;
    1043 : 6;
    1044 : 6;
    1045 : 6;
    1046 : 6;
    1047 : 6;
    1048 : 6;
    1049 : 6;
    104A : 6;
    104B : 6;
    104C : 6;
    104D : 6;
    104E : 6;
    104F : 6;
    1050 : 6;
    1051 : 6;
    1052 : 6;
    1053 : 6;
    1054 : 6;
    1055 : 6;
    1056 : 6;
    1057 : 6;
    1058 : 6;
    1059 : 6;
    105A : 6;
    105B : 6;
    105C : 6;
    105D : 6;
    105E : 6;
    105F : 6;
    1060 : 6;
    1061 : 6;
    1062 : D;
    1063 : D;
    1064 : D;
    1065 : 6;
    1066 : D;
    1067 : D;
    1068 : 1;
    1069 : 1;
    106A : 1;
    106B : 1;
    106C : 1;
    106D : 1;
    106E : 1;
    106F : 1;
    1070 : 1;
    1071 : 1;
    1072 : 1;
    1073 : 1;
    1074 : C;
    1075 : C;
    1076 : C;
    1077 : C;
    1078 : C;
    1079 : C;
    107A : C;
    107B : C;
    107C : C;
    107D : C;
    107E : 6;
    107F : 6;
    1080 : 6;
    1081 : 6;
    1082 : 6;
    1083 : 6;
    1084 : 6;
    1085 : 6;
    1086 : 6;
    1087 : 6;
    1088 : 6;
    1089 : 6;
    108A : 6;
    108B : 6;
    108C : 6;
    108D : 7;
    108E : 7;
    108F : 7;
    1090 : 7;
    1091 : 7;
    1092 : 7;
    1093 : 7;
    1094 : 7;
    1095 : 7;
    1096 : 7;
    1097 : 7;
    1098 : 6;
    1099 : 7;
    109A : 7;
    109B : 7;
    109C : 7;
    109D : 7;
    109E : 7;
    109F : 7;
    10A0 : 7;
    10A1 : 7;
    10A2 : 7;
    10A3 : 7;
    10A4 : 7;
    10A5 : 7;
    10A6 : 7;
    10A7 : 7;
    10A8 : 7;
    10A9 : 6;
    10AA : 6;
    10AB : 6;
    10AC : 6;
    10AD : 6;
    10AE : 6;
    10AF : 6;
    10B0 : 6;
    10B1 : 6;
    10B2 : 6;
    10B3 : 6;
    10B4 : 6;
    10B5 : 6;
    10B6 : 6;
    10B7 : 6;
    10B8 : 6;
    10B9 : 6;
    10BA : 6;
    10BB : 6;
    10BC : 6;
    10BD : 6;
    10BE : 6;
    10BF : 6;
    10C0 : 6;
    10C1 : 6;
    10C2 : 6;
    10C3 : 6;
    10C4 : 6;
    10C5 : 6;
    10C6 : 6;
    10C7 : 6;
    10C8 : 6;
    10C9 : 6;
    10CA : 6;
    10CB : 6;
    10CC : 6;
    10CD : 6;
    10CE : 6;
    10CF : 6;
    10D0 : 6;
    10D1 : 6;
    10D2 : 6;
    10D3 : 6;
    10D4 : 6;
    10D5 : 6;
    10D6 : 6;
    10D7 : 6;
    10D8 : 6;
    10D9 : 6;
    10DA : 6;
    10DB : 6;
    10DC : 6;
    10DD : D;
    10DE : 5;
    10DF : 5;
    10E0 : 1;
    10E1 : 1;
    10E2 : 0;
    10E3 : 0;
    10E4 : 1;
    10E5 : 5;
    10E6 : D;
    10E7 : D;
    10E8 : D;
    10E9 : D;
    10EA : D;
    10EB : 6;
    10EC : 6;
    10ED : 6;
    10EE : 6;
    10EF : 6;
    10F0 : 6;
    10F1 : 6;
    10F2 : 6;
    10F3 : 6;
    10F4 : 6;
    10F5 : 6;
    10F6 : 6;
    10F7 : 6;
    10F8 : 6;
    10F9 : 6;
    10FA : 6;
    10FB : 6;
    10FC : 6;
    10FD : 6;
    10FE : 6;
    10FF : 6;
    1100 : 6;
    1101 : 6;
    1102 : 6;
    1103 : 6;
    1104 : 6;
    1105 : 6;
    1106 : 6;
    1107 : 6;
    1108 : 6;
    1109 : 6;
    110A : 6;
    110B : 6;
    110C : 6;
    110D : 6;
    110E : 6;
    110F : 6;
    1110 : 6;
    1111 : 6;
    1112 : 6;
    1113 : 6;
    1114 : 6;
    1115 : 6;
    1116 : 6;
    1117 : 6;
    1118 : 6;
    1119 : 6;
    111A : 6;
    111B : 6;
    111C : 6;
    111D : 6;
    111E : 6;
    111F : 6;
    1120 : D;
    1121 : 6;
    1122 : 6;
    1123 : D;
    1124 : 6;
    1125 : 6;
    1126 : 6;
    1127 : D;
    1128 : D;
    1129 : D;
    112A : D;
    112B : D;
    112C : D;
    112D : 6;
    112E : D;
    112F : D;
    1130 : 1;
    1131 : 1;
    1132 : 1;
    1133 : 1;
    1134 : 1;
    1135 : 1;
    1136 : 1;
    1137 : 1;
    1138 : 1;
    1139 : 1;
    113A : C;
    113B : C;
    113C : C;
    113D : C;
    113E : C;
    113F : C;
    1140 : C;
    1141 : C;
    1142 : C;
    1143 : C;
    1144 : C;
    1145 : 6;
    1146 : 6;
    1147 : 6;
    1148 : 6;
    1149 : 6;
    114A : 6;
    114B : 6;
    114C : 6;
    114D : 6;
    114E : 6;
    114F : 6;
    1150 : 6;
    1151 : 6;
    1152 : 6;
    1153 : 7;
    1154 : 7;
    1155 : 7;
    1156 : 7;
    1157 : 7;
    1158 : 7;
    1159 : 7;
    115A : 7;
    115B : 7;
    115C : 7;
    115D : 7;
    115E : 6;
    115F : 6;
    1160 : 7;
    1161 : 7;
    1162 : 7;
    1163 : 7;
    1164 : 7;
    1165 : 7;
    1166 : 7;
    1167 : 7;
    1168 : 7;
    1169 : 7;
    116A : 7;
    116B : 7;
    116C : 7;
    116D : 7;
    116E : 6;
    116F : 7;
    1170 : 6;
    1171 : 6;
    1172 : 6;
    1173 : 6;
    1174 : 6;
    1175 : 6;
    1176 : 6;
    1177 : 6;
    1178 : 6;
    1179 : 6;
    117A : 6;
    117B : 6;
    117C : 6;
    117D : 6;
    117E : 6;
    117F : 6;
    1180 : 6;
    1181 : 6;
    1182 : 6;
    1183 : 6;
    1184 : 6;
    1185 : 6;
    1186 : 6;
    1187 : 6;
    1188 : 6;
    1189 : 6;
    118A : 6;
    118B : 6;
    118C : 6;
    118D : 6;
    118E : 6;
    118F : 6;
    1190 : 6;
    1191 : 6;
    1192 : 6;
    1193 : 6;
    1194 : 6;
    1195 : 6;
    1196 : 6;
    1197 : 6;
    1198 : 6;
    1199 : 6;
    119A : 6;
    119B : 6;
    119C : 6;
    119D : 6;
    119E : 6;
    119F : 6;
    11A0 : 6;
    11A1 : 6;
    11A2 : 6;
    11A3 : D;
    11A4 : 5;
    11A5 : 5;
    11A6 : 1;
    11A7 : 1;
    11A8 : 1;
    11A9 : 5;
    11AA : 1;
    11AB : 1;
    11AC : 5;
    11AD : D;
    11AE : D;
    11AF : D;
    11B0 : D;
    11B1 : D;
    11B2 : D;
    11B3 : 6;
    11B4 : 6;
    11B5 : 6;
    11B6 : 6;
    11B7 : 6;
    11B8 : 6;
    11B9 : 6;
    11BA : 6;
    11BB : 6;
    11BC : 6;
    11BD : 6;
    11BE : 6;
    11BF : 6;
    11C0 : 6;
    11C1 : 6;
    11C2 : 6;
    11C3 : 6;
    11C4 : 6;
    11C5 : 6;
    11C6 : 6;
    11C7 : 6;
    11C8 : 6;
    11C9 : 6;
    11CA : 6;
    11CB : 6;
    11CC : 6;
    11CD : 6;
    11CE : 6;
    11CF : 6;
    11D0 : 6;
    11D1 : 6;
    11D2 : 6;
    11D3 : 6;
    11D4 : 6;
    11D5 : 6;
    11D6 : 6;
    11D7 : 6;
    11D8 : 6;
    11D9 : 6;
    11DA : 6;
    11DB : 6;
    11DC : 6;
    11DD : 6;
    11DE : 6;
    11DF : 6;
    11E0 : 6;
    11E1 : 6;
    11E2 : 6;
    11E3 : 6;
    11E4 : 6;
    11E5 : 6;
    11E6 : 6;
    11E7 : D;
    11E8 : 6;
    11E9 : 6;
    11EA : D;
    11EB : D;
    11EC : D;
    11ED : D;
    11EE : D;
    11EF : D;
    11F0 : D;
    11F1 : D;
    11F2 : D;
    11F3 : D;
    11F4 : D;
    11F5 : D;
    11F6 : D;
    11F7 : D;
    11F8 : 1;
    11F9 : 1;
    11FA : 1;
    11FB : 1;
    11FC : 1;
    11FD : 1;
    11FE : 1;
    11FF : 1;
    1200 : C;
    1201 : C;
    1202 : C;
    1203 : C;
    1204 : C;
    1205 : C;
    1206 : C;
    1207 : C;
    1208 : C;
    1209 : C;
    120A : 6;
    120B : 6;
    120C : 6;
    120D : 6;
    120E : 6;
    120F : 6;
    1210 : 6;
    1211 : 6;
    1212 : 6;
    1213 : 6;
    1214 : 6;
    1215 : 6;
    1216 : 6;
    1217 : 6;
    1218 : 6;
    1219 : 7;
    121A : 7;
    121B : 7;
    121C : 7;
    121D : 7;
    121E : 7;
    121F : 7;
    1220 : 7;
    1221 : 7;
    1222 : 7;
    1223 : 7;
    1224 : 7;
    1225 : 7;
    1226 : 7;
    1227 : 7;
    1228 : 7;
    1229 : 7;
    122A : 7;
    122B : 7;
    122C : 7;
    122D : 7;
    122E : 7;
    122F : 7;
    1230 : 7;
    1231 : 7;
    1232 : 7;
    1233 : 7;
    1234 : 7;
    1235 : 6;
    1236 : 6;
    1237 : 6;
    1238 : 6;
    1239 : 6;
    123A : 6;
    123B : 6;
    123C : 6;
    123D : 6;
    123E : 6;
    123F : 6;
    1240 : 6;
    1241 : 6;
    1242 : 6;
    1243 : 6;
    1244 : 6;
    1245 : 6;
    1246 : 6;
    1247 : 6;
    1248 : 6;
    1249 : 6;
    124A : 6;
    124B : 6;
    124C : 6;
    124D : 6;
    124E : 6;
    124F : 6;
    1250 : 6;
    1251 : 6;
    1252 : 6;
    1253 : 6;
    1254 : 6;
    1255 : 6;
    1256 : 6;
    1257 : 6;
    1258 : 6;
    1259 : 6;
    125A : 6;
    125B : 6;
    125C : 6;
    125D : 6;
    125E : 6;
    125F : 6;
    1260 : 6;
    1261 : 6;
    1262 : 6;
    1263 : 6;
    1264 : 6;
    1265 : 6;
    1266 : 6;
    1267 : 6;
    1268 : 6;
    1269 : 6;
    126A : D;
    126B : 5;
    126C : 1;
    126D : 5;
    126E : 5;
    126F : D;
    1270 : 6;
    1271 : 5;
    1272 : 0;
    1273 : 1;
    1274 : 1;
    1275 : D;
    1276 : D;
    1277 : D;
    1278 : D;
    1279 : D;
    127A : D;
    127B : D;
    127C : 6;
    127D : 6;
    127E : 6;
    127F : 6;
    1280 : 6;
    1281 : 6;
    1282 : 6;
    1283 : 6;
    1284 : 6;
    1285 : 6;
    1286 : 6;
    1287 : 6;
    1288 : 6;
    1289 : 6;
    128A : 6;
    128B : 6;
    128C : 6;
    128D : 6;
    128E : 6;
    128F : 6;
    1290 : 6;
    1291 : 6;
    1292 : 6;
    1293 : 6;
    1294 : 6;
    1295 : D;
    1296 : D;
    1297 : D;
    1298 : D;
    1299 : D;
    129A : 5;
    129B : 5;
    129C : 5;
    129D : 5;
    129E : 5;
    129F : 5;
    12A0 : 5;
    12A1 : 5;
    12A2 : D;
    12A3 : D;
    12A4 : 6;
    12A5 : 6;
    12A6 : 6;
    12A7 : 6;
    12A8 : 6;
    12A9 : 6;
    12AA : 6;
    12AB : 6;
    12AC : 6;
    12AD : 6;
    12AE : 6;
    12AF : 6;
    12B0 : D;
    12B1 : D;
    12B2 : D;
    12B3 : D;
    12B4 : 6;
    12B5 : D;
    12B6 : D;
    12B7 : D;
    12B8 : D;
    12B9 : D;
    12BA : D;
    12BB : D;
    12BC : D;
    12BD : D;
    12BE : D;
    12BF : D;
    12C0 : 1;
    12C1 : 1;
    12C2 : 1;
    12C3 : 1;
    12C4 : 1;
    12C5 : 1;
    12C6 : C;
    12C7 : C;
    12C8 : C;
    12C9 : C;
    12CA : C;
    12CB : C;
    12CC : C;
    12CD : C;
    12CE : C;
    12CF : C;
    12D0 : 6;
    12D1 : 6;
    12D2 : 6;
    12D3 : 6;
    12D4 : 6;
    12D5 : 6;
    12D6 : 6;
    12D7 : 6;
    12D8 : 6;
    12D9 : 6;
    12DA : 6;
    12DB : 6;
    12DC : 6;
    12DD : 6;
    12DE : 6;
    12DF : 6;
    12E0 : 7;
    12E1 : 7;
    12E2 : 7;
    12E3 : 7;
    12E4 : 7;
    12E5 : 7;
    12E6 : 7;
    12E7 : 7;
    12E8 : 7;
    12E9 : 7;
    12EA : 7;
    12EB : 7;
    12EC : 7;
    12ED : 7;
    12EE : 7;
    12EF : 7;
    12F0 : 7;
    12F1 : 7;
    12F2 : 7;
    12F3 : 7;
    12F4 : 7;
    12F5 : 7;
    12F6 : 7;
    12F7 : 7;
    12F8 : 7;
    12F9 : 7;
    12FA : 7;
    12FB : 6;
    12FC : 6;
    12FD : 6;
    12FE : 6;
    12FF : 6;
    1300 : 6;
    1301 : 6;
    1302 : 6;
    1303 : 6;
    1304 : 6;
    1305 : 6;
    1306 : 6;
    1307 : 6;
    1308 : 6;
    1309 : 6;
    130A : 6;
    130B : 6;
    130C : 6;
    130D : 6;
    130E : 6;
    130F : 6;
    1310 : 6;
    1311 : 6;
    1312 : 6;
    1313 : 6;
    1314 : 6;
    1315 : 6;
    1316 : 6;
    1317 : 6;
    1318 : 6;
    1319 : 6;
    131A : 6;
    131B : 6;
    131C : 6;
    131D : 6;
    131E : 6;
    131F : 6;
    1320 : 6;
    1321 : 6;
    1322 : 6;
    1323 : 6;
    1324 : 6;
    1325 : 6;
    1326 : 6;
    1327 : 6;
    1328 : 6;
    1329 : 6;
    132A : 6;
    132B : 6;
    132C : 6;
    132D : 6;
    132E : 6;
    132F : D;
    1330 : 6;
    1331 : D;
    1332 : D;
    1333 : D;
    1334 : D;
    1335 : D;
    1336 : 6;
    1337 : 6;
    1338 : D;
    1339 : 1;
    133A : 0;
    133B : 1;
    133C : 5;
    133D : D;
    133E : D;
    133F : D;
    1340 : D;
    1341 : D;
    1342 : D;
    1343 : D;
    1344 : 6;
    1345 : 6;
    1346 : 6;
    1347 : 6;
    1348 : 6;
    1349 : 6;
    134A : 6;
    134B : D;
    134C : 6;
    134D : 6;
    134E : 6;
    134F : 6;
    1350 : 6;
    1351 : 6;
    1352 : 6;
    1353 : 6;
    1354 : 6;
    1355 : 6;
    1356 : D;
    1357 : D;
    1358 : D;
    1359 : D;
    135A : D;
    135B : D;
    135C : 6;
    135D : 6;
    135E : D;
    135F : 6;
    1360 : 6;
    1361 : 6;
    1362 : 6;
    1363 : 6;
    1364 : D;
    1365 : D;
    1366 : 5;
    1367 : 5;
    1368 : 3;
    1369 : 3;
    136A : 3;
    136B : 5;
    136C : D;
    136D : D;
    136E : D;
    136F : D;
    1370 : 6;
    1371 : 6;
    1372 : 6;
    1373 : 6;
    1374 : 6;
    1375 : 6;
    1376 : 6;
    1377 : 6;
    1378 : D;
    1379 : D;
    137A : D;
    137B : D;
    137C : D;
    137D : D;
    137E : D;
    137F : D;
    1380 : D;
    1381 : D;
    1382 : 6;
    1383 : 6;
    1384 : D;
    1385 : D;
    1386 : D;
    1387 : D;
    1388 : 1;
    1389 : 1;
    138A : 1;
    138B : 1;
    138C : C;
    138D : C;
    138E : C;
    138F : C;
    1390 : C;
    1391 : C;
    1392 : C;
    1393 : C;
    1394 : C;
    1395 : C;
    1396 : 6;
    1397 : 6;
    1398 : 6;
    1399 : 6;
    139A : 6;
    139B : 6;
    139C : 6;
    139D : 6;
    139E : 6;
    139F : 6;
    13A0 : 6;
    13A1 : 6;
    13A2 : 6;
    13A3 : 6;
    13A4 : 6;
    13A5 : 6;
    13A6 : 7;
    13A7 : 7;
    13A8 : 7;
    13A9 : 7;
    13AA : 7;
    13AB : 7;
    13AC : 7;
    13AD : 7;
    13AE : 7;
    13AF : 7;
    13B0 : 7;
    13B1 : 7;
    13B2 : 7;
    13B3 : 7;
    13B4 : 7;
    13B5 : 7;
    13B6 : 7;
    13B7 : 7;
    13B8 : 7;
    13B9 : 7;
    13BA : 7;
    13BB : 7;
    13BC : 7;
    13BD : 7;
    13BE : 7;
    13BF : 7;
    13C0 : 7;
    13C1 : 7;
    13C2 : 7;
    13C3 : 6;
    13C4 : 6;
    13C5 : 6;
    13C6 : 6;
    13C7 : 6;
    13C8 : 6;
    13C9 : 6;
    13CA : 6;
    13CB : 6;
    13CC : 6;
    13CD : 6;
    13CE : 6;
    13CF : 6;
    13D0 : 6;
    13D1 : 6;
    13D2 : 6;
    13D3 : 6;
    13D4 : 6;
    13D5 : 6;
    13D6 : 6;
    13D7 : 6;
    13D8 : 6;
    13D9 : 6;
    13DA : 6;
    13DB : 6;
    13DC : 6;
    13DD : 6;
    13DE : 6;
    13DF : 6;
    13E0 : 6;
    13E1 : 6;
    13E2 : 6;
    13E3 : 6;
    13E4 : 6;
    13E5 : 6;
    13E6 : 6;
    13E7 : 6;
    13E8 : 6;
    13E9 : 6;
    13EA : 6;
    13EB : 6;
    13EC : 6;
    13ED : 6;
    13EE : 6;
    13EF : 6;
    13F0 : 6;
    13F1 : 6;
    13F2 : 6;
    13F3 : 6;
    13F4 : 6;
    13F5 : 6;
    13F6 : D;
    13F7 : D;
    13F8 : 6;
    13F9 : 6;
    13FA : 6;
    13FB : 6;
    13FC : 6;
    13FD : 6;
    13FE : 6;
    13FF : 6;
    1400 : D;
    1401 : 1;
    1402 : 1;
    1403 : 5;
    1404 : 5;
    1405 : D;
    1406 : D;
    1407 : D;
    1408 : D;
    1409 : D;
    140A : D;
    140B : D;
    140C : 6;
    140D : 6;
    140E : 6;
    140F : 6;
    1410 : 6;
    1411 : 6;
    1412 : 6;
    1413 : 6;
    1414 : 6;
    1415 : 6;
    1416 : D;
    1417 : D;
    1418 : 6;
    1419 : 6;
    141A : 6;
    141B : D;
    141C : D;
    141D : D;
    141E : 6;
    141F : 6;
    1420 : 6;
    1421 : 6;
    1422 : 6;
    1423 : 6;
    1424 : 6;
    1425 : 6;
    1426 : 6;
    1427 : 6;
    1428 : D;
    1429 : D;
    142A : 6;
    142B : D;
    142C : 6;
    142D : 6;
    142E : 6;
    142F : D;
    1430 : 5;
    1431 : 5;
    1432 : 3;
    1433 : 3;
    1434 : 5;
    1435 : D;
    1436 : D;
    1437 : D;
    1438 : D;
    1439 : D;
    143A : D;
    143B : 6;
    143C : 6;
    143D : 6;
    143E : D;
    143F : D;
    1440 : 6;
    1441 : D;
    1442 : D;
    1443 : D;
    1444 : D;
    1445 : D;
    1446 : D;
    1447 : D;
    1448 : 6;
    1449 : D;
    144A : D;
    144B : D;
    144C : D;
    144D : D;
    144E : D;
    144F : D;
    1450 : 1;
    1451 : 1;
    1452 : C;
    1453 : C;
    1454 : C;
    1455 : C;
    1456 : C;
    1457 : C;
    1458 : C;
    1459 : C;
    145A : C;
    145B : C;
    145C : 6;
    145D : 6;
    145E : 6;
    145F : 6;
    1460 : 6;
    1461 : 6;
    1462 : 6;
    1463 : 6;
    1464 : 6;
    1465 : 6;
    1466 : 6;
    1467 : 6;
    1468 : 6;
    1469 : 6;
    146A : 6;
    146B : 7;
    146C : 7;
    146D : 7;
    146E : 7;
    146F : 7;
    1470 : 7;
    1471 : 7;
    1472 : 7;
    1473 : 7;
    1474 : 7;
    1475 : 7;
    1476 : 7;
    1477 : 7;
    1478 : 7;
    1479 : 7;
    147A : 7;
    147B : 7;
    147C : 7;
    147D : 7;
    147E : 7;
    147F : 7;
    1480 : 7;
    1481 : 7;
    1482 : 7;
    1483 : 7;
    1484 : 6;
    1485 : 6;
    1486 : 7;
    1487 : 7;
    1488 : 6;
    1489 : 6;
    148A : 6;
    148B : 6;
    148C : 6;
    148D : 6;
    148E : 6;
    148F : 6;
    1490 : 6;
    1491 : 6;
    1492 : 6;
    1493 : 6;
    1494 : 6;
    1495 : 6;
    1496 : 6;
    1497 : 6;
    1498 : 6;
    1499 : 6;
    149A : 6;
    149B : 6;
    149C : 6;
    149D : 6;
    149E : 6;
    149F : 6;
    14A0 : 6;
    14A1 : 6;
    14A2 : 6;
    14A3 : 6;
    14A4 : 7;
    14A5 : 6;
    14A6 : 6;
    14A7 : 6;
    14A8 : 6;
    14A9 : 6;
    14AA : 6;
    14AB : 6;
    14AC : 6;
    14AD : 6;
    14AE : 6;
    14AF : D;
    14B0 : 6;
    14B1 : 6;
    14B2 : 6;
    14B3 : 6;
    14B4 : 6;
    14B5 : 6;
    14B6 : 6;
    14B7 : 6;
    14B8 : 6;
    14B9 : 6;
    14BA : 6;
    14BB : 6;
    14BC : 6;
    14BD : 6;
    14BE : 6;
    14BF : 6;
    14C0 : 6;
    14C1 : 6;
    14C2 : 6;
    14C3 : 6;
    14C4 : 6;
    14C5 : 6;
    14C6 : 6;
    14C7 : 6;
    14C8 : 5;
    14C9 : 3;
    14CA : 3;
    14CB : 5;
    14CC : 5;
    14CD : D;
    14CE : D;
    14CF : D;
    14D0 : D;
    14D1 : D;
    14D2 : D;
    14D3 : D;
    14D4 : D;
    14D5 : 6;
    14D6 : 6;
    14D7 : 6;
    14D8 : 6;
    14D9 : 6;
    14DA : 6;
    14DB : D;
    14DC : D;
    14DD : D;
    14DE : D;
    14DF : 6;
    14E0 : D;
    14E1 : 6;
    14E2 : 6;
    14E3 : 6;
    14E4 : 6;
    14E5 : 6;
    14E6 : 6;
    14E7 : 6;
    14E8 : 6;
    14E9 : 6;
    14EA : 6;
    14EB : 6;
    14EC : 6;
    14ED : 6;
    14EE : 6;
    14EF : 6;
    14F0 : 6;
    14F1 : 6;
    14F2 : 6;
    14F3 : D;
    14F4 : D;
    14F5 : 6;
    14F6 : D;
    14F7 : 1;
    14F8 : 5;
    14F9 : 5;
    14FA : 5;
    14FB : 3;
    14FC : 5;
    14FD : 5;
    14FE : D;
    14FF : D;
    1500 : D;
    1501 : D;
    1502 : D;
    1503 : 6;
    1504 : 6;
    1505 : 6;
    1506 : D;
    1507 : D;
    1508 : D;
    1509 : D;
    150A : D;
    150B : D;
    150C : D;
    150D : 6;
    150E : D;
    150F : D;
    1510 : D;
    1511 : D;
    1512 : D;
    1513 : D;
    1514 : D;
    1515 : D;
    1516 : D;
    1517 : D;
    1518 : C;
    1519 : C;
    151A : C;
    151B : C;
    151C : C;
    151D : C;
    151E : C;
    151F : C;
    1520 : C;
    1521 : C;
    1522 : 6;
    1523 : 6;
    1524 : 6;
    1525 : 6;
    1526 : 6;
    1527 : 6;
    1528 : 6;
    1529 : 6;
    152A : 7;
    152B : 6;
    152C : 6;
    152D : 6;
    152E : 6;
    152F : 6;
    1530 : 6;
    1531 : 6;
    1532 : 6;
    1533 : 7;
    1534 : 7;
    1535 : 7;
    1536 : 7;
    1537 : 7;
    1538 : 7;
    1539 : 7;
    153A : 7;
    153B : 7;
    153C : 7;
    153D : 7;
    153E : 7;
    153F : 7;
    1540 : 7;
    1541 : 7;
    1542 : 7;
    1543 : 7;
    1544 : 7;
    1545 : 7;
    1546 : 7;
    1547 : 7;
    1548 : 7;
    1549 : 7;
    154A : 7;
    154B : 7;
    154C : 6;
    154D : 6;
    154E : 6;
    154F : 6;
    1550 : 6;
    1551 : 6;
    1552 : 6;
    1553 : 6;
    1554 : 6;
    1555 : 6;
    1556 : 6;
    1557 : 6;
    1558 : 6;
    1559 : 6;
    155A : 6;
    155B : 6;
    155C : 6;
    155D : 6;
    155E : 6;
    155F : 6;
    1560 : 6;
    1561 : 6;
    1562 : 6;
    1563 : 6;
    1564 : 6;
    1565 : 6;
    1566 : 6;
    1567 : 6;
    1568 : 6;
    1569 : 6;
    156A : 6;
    156B : 6;
    156C : 6;
    156D : 6;
    156E : 6;
    156F : 6;
    1570 : 6;
    1571 : 6;
    1572 : 6;
    1573 : 6;
    1574 : 6;
    1575 : 6;
    1576 : 6;
    1577 : D;
    1578 : D;
    1579 : D;
    157A : 6;
    157B : 6;
    157C : 6;
    157D : 6;
    157E : 6;
    157F : 6;
    1580 : 6;
    1581 : 6;
    1582 : 6;
    1583 : 6;
    1584 : 6;
    1585 : 6;
    1586 : 6;
    1587 : 6;
    1588 : 6;
    1589 : 6;
    158A : 6;
    158B : 6;
    158C : 6;
    158D : 6;
    158E : 6;
    158F : D;
    1590 : 5;
    1591 : 3;
    1592 : 3;
    1593 : 5;
    1594 : D;
    1595 : D;
    1596 : D;
    1597 : D;
    1598 : D;
    1599 : D;
    159A : D;
    159B : D;
    159C : D;
    159D : 6;
    159E : 6;
    159F : 6;
    15A0 : 6;
    15A1 : D;
    15A2 : D;
    15A3 : D;
    15A4 : D;
    15A5 : D;
    15A6 : 5;
    15A7 : 5;
    15A8 : D;
    15A9 : 6;
    15AA : 6;
    15AB : 6;
    15AC : 6;
    15AD : 6;
    15AE : 6;
    15AF : 6;
    15B0 : 6;
    15B1 : 6;
    15B2 : 6;
    15B3 : 6;
    15B4 : 6;
    15B5 : 6;
    15B6 : 6;
    15B7 : 6;
    15B8 : 6;
    15B9 : 6;
    15BA : 6;
    15BB : 6;
    15BC : 6;
    15BD : D;
    15BE : 5;
    15BF : 1;
    15C0 : 5;
    15C1 : 5;
    15C2 : 5;
    15C3 : 5;
    15C4 : 1;
    15C5 : 5;
    15C6 : D;
    15C7 : D;
    15C8 : D;
    15C9 : 6;
    15CA : 6;
    15CB : 6;
    15CC : D;
    15CD : D;
    15CE : D;
    15CF : D;
    15D0 : 6;
    15D1 : 6;
    15D2 : D;
    15D3 : D;
    15D4 : D;
    15D5 : D;
    15D6 : D;
    15D7 : 6;
    15D8 : D;
    15D9 : D;
    15DA : D;
    15DB : D;
    15DC : D;
    15DD : D;
    15DE : D;
    15DF : D;
    15E0 : C;
    15E1 : C;
    15E2 : C;
    15E3 : C;
    15E4 : C;
    15E5 : C;
    15E6 : C;
    15E7 : C;
    15E8 : 6;
    15E9 : 6;
    15EA : 6;
    15EB : 6;
    15EC : 6;
    15ED : 6;
    15EE : 6;
    15EF : 6;
    15F0 : 7;
    15F1 : 7;
    15F2 : 6;
    15F3 : 6;
    15F4 : 6;
    15F5 : 6;
    15F6 : 6;
    15F7 : 6;
    15F8 : 6;
    15F9 : 6;
    15FA : 6;
    15FB : 7;
    15FC : 7;
    15FD : 7;
    15FE : 7;
    15FF : 7;
    1600 : 7;
    1601 : 7;
    1602 : 7;
    1603 : 7;
    1604 : 7;
    1605 : 7;
    1606 : 7;
    1607 : 7;
    1608 : 7;
    1609 : 7;
    160A : 7;
    160B : 7;
    160C : 7;
    160D : 7;
    160E : 6;
    160F : 6;
    1610 : 7;
    1611 : 7;
    1612 : 7;
    1613 : 7;
    1614 : 6;
    1615 : 6;
    1616 : 6;
    1617 : 6;
    1618 : 6;
    1619 : 6;
    161A : 6;
    161B : 6;
    161C : 6;
    161D : 6;
    161E : 6;
    161F : 6;
    1620 : 6;
    1621 : 6;
    1622 : 6;
    1623 : 6;
    1624 : 6;
    1625 : 6;
    1626 : 6;
    1627 : 6;
    1628 : 6;
    1629 : 6;
    162A : 6;
    162B : 6;
    162C : 6;
    162D : 6;
    162E : 6;
    162F : 6;
    1630 : 6;
    1631 : 6;
    1632 : 6;
    1633 : 6;
    1634 : 6;
    1635 : 6;
    1636 : 6;
    1637 : 6;
    1638 : 6;
    1639 : 6;
    163A : 6;
    163B : 6;
    163C : 6;
    163D : 6;
    163E : 6;
    163F : 6;
    1640 : 6;
    1641 : 6;
    1642 : 6;
    1643 : 6;
    1644 : 6;
    1645 : 6;
    1646 : 6;
    1647 : 6;
    1648 : 6;
    1649 : 6;
    164A : 6;
    164B : 6;
    164C : 6;
    164D : 6;
    164E : 6;
    164F : 6;
    1650 : 6;
    1651 : 6;
    1652 : 6;
    1653 : 6;
    1654 : 6;
    1655 : 6;
    1656 : 6;
    1657 : D;
    1658 : 3;
    1659 : 3;
    165A : 3;
    165B : 5;
    165C : D;
    165D : D;
    165E : D;
    165F : D;
    1660 : D;
    1661 : D;
    1662 : D;
    1663 : 6;
    1664 : 6;
    1665 : 6;
    1666 : D;
    1667 : D;
    1668 : 5;
    1669 : 5;
    166A : 5;
    166B : 5;
    166C : 5;
    166D : 5;
    166E : 5;
    166F : D;
    1670 : 6;
    1671 : 6;
    1672 : 6;
    1673 : 6;
    1674 : 6;
    1675 : 6;
    1676 : 6;
    1677 : 6;
    1678 : 6;
    1679 : 6;
    167A : 6;
    167B : 6;
    167C : 6;
    167D : 6;
    167E : 6;
    167F : 6;
    1680 : D;
    1681 : 6;
    1682 : 6;
    1683 : 6;
    1684 : D;
    1685 : 5;
    1686 : 5;
    1687 : 5;
    1688 : 5;
    1689 : 5;
    168A : 5;
    168B : 5;
    168C : 1;
    168D : 5;
    168E : 5;
    168F : D;
    1690 : D;
    1691 : D;
    1692 : 6;
    1693 : D;
    1694 : D;
    1695 : D;
    1696 : D;
    1697 : 6;
    1698 : D;
    1699 : D;
    169A : D;
    169B : D;
    169C : D;
    169D : D;
    169E : D;
    169F : D;
    16A0 : D;
    16A1 : D;
    16A2 : D;
    16A3 : D;
    16A4 : D;
    16A5 : D;
    16A6 : D;
    16A7 : D;
    16A8 : C;
    16A9 : C;
    16AA : C;
    16AB : C;
    16AC : C;
    16AD : C;
    16AE : C;
    16AF : 6;
    16B0 : 6;
    16B1 : 6;
    16B2 : 6;
    16B3 : 6;
    16B4 : 6;
    16B5 : 6;
    16B6 : 7;
    16B7 : 7;
    16B8 : 6;
    16B9 : 6;
    16BA : 6;
    16BB : 6;
    16BC : 6;
    16BD : 6;
    16BE : 6;
    16BF : 6;
    16C0 : 6;
    16C1 : 6;
    16C2 : 6;
    16C3 : 7;
    16C4 : 7;
    16C5 : 7;
    16C6 : 7;
    16C7 : 7;
    16C8 : 6;
    16C9 : 7;
    16CA : 7;
    16CB : 7;
    16CC : 7;
    16CD : 7;
    16CE : 6;
    16CF : 7;
    16D0 : 7;
    16D1 : 7;
    16D2 : 7;
    16D3 : 7;
    16D4 : 7;
    16D5 : 7;
    16D6 : 7;
    16D7 : 7;
    16D8 : 7;
    16D9 : 7;
    16DA : 7;
    16DB : 7;
    16DC : 7;
    16DD : 7;
    16DE : 6;
    16DF : 6;
    16E0 : 6;
    16E1 : 6;
    16E2 : 6;
    16E3 : 6;
    16E4 : 6;
    16E5 : 6;
    16E6 : 6;
    16E7 : 6;
    16E8 : 6;
    16E9 : 6;
    16EA : 6;
    16EB : 6;
    16EC : 6;
    16ED : 6;
    16EE : 6;
    16EF : 6;
    16F0 : 6;
    16F1 : 6;
    16F2 : 6;
    16F3 : 7;
    16F4 : 6;
    16F5 : 6;
    16F6 : 6;
    16F7 : 6;
    16F8 : 6;
    16F9 : 6;
    16FA : 7;
    16FB : 7;
    16FC : 6;
    16FD : 6;
    16FE : 6;
    16FF : 6;
    1700 : 6;
    1701 : 6;
    1702 : 6;
    1703 : 6;
    1704 : 6;
    1705 : 6;
    1706 : 6;
    1707 : 6;
    1708 : 6;
    1709 : 6;
    170A : 6;
    170B : 6;
    170C : 6;
    170D : 6;
    170E : 6;
    170F : 6;
    1710 : 6;
    1711 : 6;
    1712 : 6;
    1713 : 6;
    1714 : 6;
    1715 : 6;
    1716 : 6;
    1717 : 6;
    1718 : 6;
    1719 : 6;
    171A : 6;
    171B : 6;
    171C : 6;
    171D : 6;
    171E : 6;
    171F : 5;
    1720 : 3;
    1721 : 3;
    1722 : 3;
    1723 : 5;
    1724 : D;
    1725 : D;
    1726 : D;
    1727 : D;
    1728 : D;
    1729 : D;
    172A : 6;
    172B : 6;
    172C : D;
    172D : D;
    172E : D;
    172F : 5;
    1730 : 5;
    1731 : 5;
    1732 : 5;
    1733 : 5;
    1734 : D;
    1735 : D;
    1736 : 6;
    1737 : 6;
    1738 : 6;
    1739 : D;
    173A : 6;
    173B : 6;
    173C : 6;
    173D : 6;
    173E : D;
    173F : D;
    1740 : D;
    1741 : 6;
    1742 : D;
    1743 : D;
    1744 : 6;
    1745 : D;
    1746 : D;
    1747 : D;
    1748 : D;
    1749 : D;
    174A : D;
    174B : D;
    174C : 5;
    174D : 5;
    174E : 5;
    174F : 5;
    1750 : D;
    1751 : D;
    1752 : 5;
    1753 : 5;
    1754 : 5;
    1755 : 1;
    1756 : 5;
    1757 : D;
    1758 : D;
    1759 : D;
    175A : D;
    175B : D;
    175C : D;
    175D : D;
    175E : D;
    175F : D;
    1760 : D;
    1761 : 6;
    1762 : D;
    1763 : D;
    1764 : D;
    1765 : D;
    1766 : D;
    1767 : D;
    1768 : D;
    1769 : D;
    176A : D;
    176B : D;
    176C : D;
    176D : D;
    176E : D;
    176F : D;
    1770 : C;
    1771 : C;
    1772 : C;
    1773 : C;
    1774 : 6;
    1775 : 6;
    1776 : 6;
    1777 : 6;
    1778 : 6;
    1779 : 6;
    177A : 6;
    177B : 6;
    177C : 7;
    177D : 7;
    177E : 6;
    177F : 6;
    1780 : 6;
    1781 : 6;
    1782 : 6;
    1783 : 6;
    1784 : 6;
    1785 : 6;
    1786 : 6;
    1787 : 6;
    1788 : 6;
    1789 : 6;
    178A : 6;
    178B : 6;
    178C : 7;
    178D : 7;
    178E : 7;
    178F : 7;
    1790 : 7;
    1791 : 7;
    1792 : 7;
    1793 : 7;
    1794 : 7;
    1795 : 7;
    1796 : 7;
    1797 : 7;
    1798 : 7;
    1799 : 7;
    179A : 7;
    179B : 7;
    179C : 6;
    179D : 6;
    179E : 7;
    179F : 7;
    17A0 : 7;
    17A1 : 7;
    17A2 : 7;
    17A3 : 7;
    17A4 : 7;
    17A5 : 7;
    17A6 : 7;
    17A7 : 6;
    17A8 : 6;
    17A9 : 6;
    17AA : 6;
    17AB : 6;
    17AC : 6;
    17AD : 6;
    17AE : 6;
    17AF : 6;
    17B0 : 6;
    17B1 : 6;
    17B2 : 6;
    17B3 : 6;
    17B4 : 6;
    17B5 : 6;
    17B6 : 6;
    17B7 : 6;
    17B8 : 6;
    17B9 : 6;
    17BA : 6;
    17BB : 6;
    17BC : 6;
    17BD : 6;
    17BE : 6;
    17BF : 6;
    17C0 : 6;
    17C1 : 6;
    17C2 : 6;
    17C3 : 6;
    17C4 : 6;
    17C5 : 6;
    17C6 : 6;
    17C7 : 6;
    17C8 : 6;
    17C9 : 6;
    17CA : 6;
    17CB : 6;
    17CC : 6;
    17CD : 6;
    17CE : 6;
    17CF : 6;
    17D0 : 6;
    17D1 : 6;
    17D2 : 6;
    17D3 : 6;
    17D4 : 6;
    17D5 : 6;
    17D6 : 6;
    17D7 : 6;
    17D8 : 6;
    17D9 : 6;
    17DA : 6;
    17DB : 6;
    17DC : 6;
    17DD : 6;
    17DE : 6;
    17DF : 6;
    17E0 : 6;
    17E1 : 6;
    17E2 : 6;
    17E3 : 6;
    17E4 : 6;
    17E5 : 6;
    17E6 : D;
    17E7 : 5;
    17E8 : 3;
    17E9 : 3;
    17EA : 3;
    17EB : 5;
    17EC : D;
    17ED : D;
    17EE : D;
    17EF : D;
    17F0 : 1;
    17F1 : 1;
    17F2 : 5;
    17F3 : D;
    17F4 : D;
    17F5 : D;
    17F6 : 5;
    17F7 : 5;
    17F8 : 5;
    17F9 : 5;
    17FA : D;
    17FB : D;
    17FC : 6;
    17FD : 6;
    17FE : 6;
    17FF : 6;
    1800 : 6;
    1801 : D;
    1802 : D;
    1803 : 6;
    1804 : 6;
    1805 : D;
    1806 : D;
    1807 : D;
    1808 : D;
    1809 : D;
    180A : 6;
    180B : 6;
    180C : D;
    180D : D;
    180E : D;
    180F : D;
    1810 : D;
    1811 : D;
    1812 : D;
    1813 : 5;
    1814 : 5;
    1815 : 5;
    1816 : 5;
    1817 : D;
    1818 : 6;
    1819 : D;
    181A : 5;
    181B : 5;
    181C : 5;
    181D : 1;
    181E : 5;
    181F : D;
    1820 : D;
    1821 : D;
    1822 : D;
    1823 : D;
    1824 : D;
    1825 : D;
    1826 : D;
    1827 : D;
    1828 : D;
    1829 : D;
    182A : D;
    182B : D;
    182C : D;
    182D : D;
    182E : D;
    182F : D;
    1830 : D;
    1831 : D;
    1832 : D;
    1833 : D;
    1834 : D;
    1835 : D;
    1836 : D;
    1837 : D;
    1838 : C;
    1839 : C;
    183A : 6;
    183B : 6;
    183C : 6;
    183D : 6;
    183E : 6;
    183F : 6;
    1840 : 6;
    1841 : 6;
    1842 : 6;
    1843 : 6;
    1844 : 7;
    1845 : 6;
    1846 : 6;
    1847 : 6;
    1848 : 6;
    1849 : 6;
    184A : 6;
    184B : 6;
    184C : 6;
    184D : 6;
    184E : 6;
    184F : 6;
    1850 : 6;
    1851 : 6;
    1852 : 6;
    1853 : 6;
    1854 : 6;
    1855 : 7;
    1856 : 7;
    1857 : 7;
    1858 : 7;
    1859 : 7;
    185A : 7;
    185B : 7;
    185C : 7;
    185D : 7;
    185E : 7;
    185F : 7;
    1860 : 6;
    1861 : 7;
    1862 : 7;
    1863 : 6;
    1864 : 6;
    1865 : 6;
    1866 : 6;
    1867 : 6;
    1868 : 7;
    1869 : 6;
    186A : 6;
    186B : 6;
    186C : 6;
    186D : 6;
    186E : 6;
    186F : 6;
    1870 : 6;
    1871 : 6;
    1872 : 6;
    1873 : 6;
    1874 : 6;
    1875 : 6;
    1876 : 6;
    1877 : 6;
    1878 : 6;
    1879 : 6;
    187A : 6;
    187B : 6;
    187C : 6;
    187D : 6;
    187E : 6;
    187F : 6;
    1880 : 6;
    1881 : 6;
    1882 : 6;
    1883 : 6;
    1884 : 6;
    1885 : 6;
    1886 : 6;
    1887 : 6;
    1888 : 6;
    1889 : 6;
    188A : 6;
    188B : 6;
    188C : D;
    188D : 6;
    188E : 6;
    188F : D;
    1890 : 6;
    1891 : 6;
    1892 : 6;
    1893 : 6;
    1894 : 6;
    1895 : 6;
    1896 : 6;
    1897 : 6;
    1898 : 6;
    1899 : 6;
    189A : 6;
    189B : 6;
    189C : 6;
    189D : 6;
    189E : 6;
    189F : 6;
    18A0 : 6;
    18A1 : 6;
    18A2 : 6;
    18A3 : 6;
    18A4 : 6;
    18A5 : 6;
    18A6 : 6;
    18A7 : 6;
    18A8 : 6;
    18A9 : 6;
    18AA : 6;
    18AB : 6;
    18AC : 6;
    18AD : 6;
    18AE : 5;
    18AF : 3;
    18B0 : 3;
    18B1 : 3;
    18B2 : 5;
    18B3 : 5;
    18B4 : D;
    18B5 : D;
    18B6 : D;
    18B7 : D;
    18B8 : D;
    18B9 : 6;
    18BA : 6;
    18BB : D;
    18BC : D;
    18BD : 5;
    18BE : 5;
    18BF : 5;
    18C0 : 5;
    18C1 : D;
    18C2 : 6;
    18C3 : 6;
    18C4 : 6;
    18C5 : 6;
    18C6 : D;
    18C7 : 6;
    18C8 : 6;
    18C9 : D;
    18CA : 6;
    18CB : 6;
    18CC : 6;
    18CD : 6;
    18CE : 6;
    18CF : 6;
    18D0 : 6;
    18D1 : 6;
    18D2 : 6;
    18D3 : D;
    18D4 : 6;
    18D5 : D;
    18D6 : D;
    18D7 : D;
    18D8 : D;
    18D9 : D;
    18DA : D;
    18DB : 5;
    18DC : 5;
    18DD : 5;
    18DE : D;
    18DF : D;
    18E0 : D;
    18E1 : D;
    18E2 : 5;
    18E3 : 5;
    18E4 : 5;
    18E5 : 5;
    18E6 : 5;
    18E7 : D;
    18E8 : D;
    18E9 : D;
    18EA : D;
    18EB : D;
    18EC : D;
    18ED : D;
    18EE : D;
    18EF : D;
    18F0 : D;
    18F1 : D;
    18F2 : D;
    18F3 : D;
    18F4 : D;
    18F5 : D;
    18F6 : D;
    18F7 : D;
    18F8 : D;
    18F9 : D;
    18FA : D;
    18FB : D;
    18FC : D;
    18FD : D;
    18FE : D;
    18FF : D;
    1900 : C;
    1901 : 6;
    1902 : 6;
    1903 : 6;
    1904 : 6;
    1905 : 6;
    1906 : 6;
    1907 : 6;
    1908 : 6;
    1909 : 6;
    190A : 6;
    190B : 6;
    190C : 6;
    190D : 6;
    190E : 6;
    190F : 6;
    1910 : 6;
    1911 : 6;
    1912 : 6;
    1913 : 6;
    1914 : 6;
    1915 : 6;
    1916 : 6;
    1917 : 6;
    1918 : 6;
    1919 : 6;
    191A : 6;
    191B : 6;
    191C : 6;
    191D : 6;
    191E : 7;
    191F : 7;
    1920 : 7;
    1921 : 6;
    1922 : 6;
    1923 : 7;
    1924 : 7;
    1925 : 7;
    1926 : 7;
    1927 : 7;
    1928 : 7;
    1929 : 7;
    192A : 7;
    192B : 7;
    192C : 7;
    192D : 7;
    192E : 7;
    192F : 6;
    1930 : 6;
    1931 : 6;
    1932 : 6;
    1933 : 6;
    1934 : 6;
    1935 : 6;
    1936 : 6;
    1937 : 6;
    1938 : 6;
    1939 : 6;
    193A : 6;
    193B : 6;
    193C : 6;
    193D : 6;
    193E : 6;
    193F : 6;
    1940 : 6;
    1941 : 6;
    1942 : 6;
    1943 : 6;
    1944 : 6;
    1945 : 6;
    1946 : 6;
    1947 : 6;
    1948 : 6;
    1949 : 6;
    194A : 6;
    194B : 6;
    194C : 6;
    194D : 6;
    194E : 6;
    194F : 6;
    1950 : 6;
    1951 : 6;
    1952 : 6;
    1953 : 6;
    1954 : 6;
    1955 : 6;
    1956 : 6;
    1957 : 6;
    1958 : 6;
    1959 : 6;
    195A : 6;
    195B : 6;
    195C : 6;
    195D : 6;
    195E : 6;
    195F : 6;
    1960 : 6;
    1961 : 6;
    1962 : 6;
    1963 : 6;
    1964 : 6;
    1965 : 6;
    1966 : 6;
    1967 : 6;
    1968 : 6;
    1969 : 6;
    196A : 6;
    196B : 6;
    196C : 6;
    196D : 6;
    196E : 6;
    196F : 6;
    1970 : 6;
    1971 : 6;
    1972 : 6;
    1973 : 6;
    1974 : 6;
    1975 : D;
    1976 : 5;
    1977 : 3;
    1978 : 3;
    1979 : 3;
    197A : 5;
    197B : 5;
    197C : D;
    197D : D;
    197E : D;
    197F : D;
    1980 : D;
    1981 : D;
    1982 : D;
    1983 : 5;
    1984 : 5;
    1985 : 1;
    1986 : 5;
    1987 : D;
    1988 : 6;
    1989 : 6;
    198A : 6;
    198B : 6;
    198C : 6;
    198D : 6;
    198E : 6;
    198F : 6;
    1990 : 6;
    1991 : 6;
    1992 : 6;
    1993 : 6;
    1994 : 6;
    1995 : 6;
    1996 : 6;
    1997 : 6;
    1998 : 6;
    1999 : 6;
    199A : D;
    199B : D;
    199C : D;
    199D : D;
    199E : D;
    199F : D;
    19A0 : D;
    19A1 : D;
    19A2 : 5;
    19A3 : 5;
    19A4 : 5;
    19A5 : D;
    19A6 : D;
    19A7 : 6;
    19A8 : D;
    19A9 : D;
    19AA : 5;
    19AB : 5;
    19AC : 5;
    19AD : 5;
    19AE : 5;
    19AF : D;
    19B0 : D;
    19B1 : D;
    19B2 : D;
    19B3 : D;
    19B4 : D;
    19B5 : D;
    19B6 : D;
    19B7 : D;
    19B8 : D;
    19B9 : D;
    19BA : D;
    19BB : D;
    19BC : D;
    19BD : D;
    19BE : D;
    19BF : D;
    19C0 : D;
    19C1 : D;
    19C2 : D;
    19C3 : D;
    19C4 : D;
    19C5 : D;
    19C6 : D;
    19C7 : D;
    19C8 : 6;
    19C9 : 6;
    19CA : 6;
    19CB : 6;
    19CC : 6;
    19CD : 6;
    19CE : 6;
    19CF : 6;
    19D0 : 6;
    19D1 : 6;
    19D2 : 6;
    19D3 : 6;
    19D4 : 6;
    19D5 : 6;
    19D6 : 6;
    19D7 : 6;
    19D8 : 6;
    19D9 : 6;
    19DA : 6;
    19DB : 6;
    19DC : 6;
    19DD : 6;
    19DE : 6;
    19DF : 6;
    19E0 : 6;
    19E1 : 6;
    19E2 : 6;
    19E3 : 6;
    19E4 : 6;
    19E5 : 6;
    19E6 : 6;
    19E7 : 6;
    19E8 : 6;
    19E9 : 6;
    19EA : 6;
    19EB : 7;
    19EC : 6;
    19ED : 6;
    19EE : 6;
    19EF : 7;
    19F0 : 7;
    19F1 : 7;
    19F2 : 6;
    19F3 : 7;
    19F4 : 7;
    19F5 : 6;
    19F6 : 6;
    19F7 : 6;
    19F8 : 7;
    19F9 : 7;
    19FA : 6;
    19FB : 6;
    19FC : 6;
    19FD : 6;
    19FE : 6;
    19FF : 6;
    1A00 : 6;
    1A01 : 6;
    1A02 : 6;
    1A03 : 6;
    1A04 : 6;
    1A05 : 6;
    1A06 : 6;
    1A07 : 6;
    1A08 : 6;
    1A09 : 6;
    1A0A : 6;
    1A0B : 6;
    1A0C : 6;
    1A0D : 6;
    1A0E : 6;
    1A0F : 6;
    1A10 : 6;
    1A11 : 6;
    1A12 : 6;
    1A13 : 6;
    1A14 : D;
    1A15 : 6;
    1A16 : 6;
    1A17 : 6;
    1A18 : 6;
    1A19 : 6;
    1A1A : 6;
    1A1B : 6;
    1A1C : 6;
    1A1D : 6;
    1A1E : 6;
    1A1F : 6;
    1A20 : 6;
    1A21 : 6;
    1A22 : 6;
    1A23 : 6;
    1A24 : 6;
    1A25 : 6;
    1A26 : 6;
    1A27 : 6;
    1A28 : 6;
    1A29 : 6;
    1A2A : 6;
    1A2B : 6;
    1A2C : 6;
    1A2D : 6;
    1A2E : 6;
    1A2F : 6;
    1A30 : 6;
    1A31 : 6;
    1A32 : 6;
    1A33 : 6;
    1A34 : 6;
    1A35 : 6;
    1A36 : 6;
    1A37 : 6;
    1A38 : 6;
    1A39 : 6;
    1A3A : 6;
    1A3B : 6;
    1A3C : 6;
    1A3D : D;
    1A3E : 5;
    1A3F : 3;
    1A40 : 3;
    1A41 : 3;
    1A42 : 5;
    1A43 : 5;
    1A44 : D;
    1A45 : D;
    1A46 : D;
    1A47 : 5;
    1A48 : 5;
    1A49 : 5;
    1A4A : 1;
    1A4B : 1;
    1A4C : 1;
    1A4D : 1;
    1A4E : 1;
    1A4F : D;
    1A50 : 6;
    1A51 : 6;
    1A52 : 6;
    1A53 : D;
    1A54 : 6;
    1A55 : D;
    1A56 : D;
    1A57 : 6;
    1A58 : 6;
    1A59 : 6;
    1A5A : 6;
    1A5B : 6;
    1A5C : 6;
    1A5D : 6;
    1A5E : 6;
    1A5F : 6;
    1A60 : D;
    1A61 : D;
    1A62 : D;
    1A63 : D;
    1A64 : D;
    1A65 : D;
    1A66 : D;
    1A67 : D;
    1A68 : D;
    1A69 : D;
    1A6A : 5;
    1A6B : 5;
    1A6C : D;
    1A6D : D;
    1A6E : D;
    1A6F : D;
    1A70 : D;
    1A71 : D;
    1A72 : 5;
    1A73 : 5;
    1A74 : 5;
    1A75 : 1;
    1A76 : 5;
    1A77 : D;
    1A78 : D;
    1A79 : D;
    1A7A : D;
    1A7B : D;
    1A7C : D;
    1A7D : D;
    1A7E : 6;
    1A7F : D;
    1A80 : D;
    1A81 : D;
    1A82 : D;
    1A83 : D;
    1A84 : D;
    1A85 : D;
    1A86 : D;
    1A87 : D;
    1A88 : D;
    1A89 : D;
    1A8A : D;
    1A8B : D;
    1A8C : D;
    1A8D : D;
    1A8E : D;
    1A8F : D;
    1A90 : 6;
    1A91 : 6;
    1A92 : 6;
    1A93 : 6;
    1A94 : 6;
    1A95 : 6;
    1A96 : 6;
    1A97 : 6;
    1A98 : 6;
    1A99 : 6;
    1A9A : 6;
    1A9B : 6;
    1A9C : 6;
    1A9D : 6;
    1A9E : 6;
    1A9F : 6;
    1AA0 : 6;
    1AA1 : 6;
    1AA2 : 6;
    1AA3 : 6;
    1AA4 : 6;
    1AA5 : 6;
    1AA6 : 6;
    1AA7 : 6;
    1AA8 : 6;
    1AA9 : 6;
    1AAA : 6;
    1AAB : 6;
    1AAC : 6;
    1AAD : 6;
    1AAE : 6;
    1AAF : 6;
    1AB0 : 6;
    1AB1 : 6;
    1AB2 : 7;
    1AB3 : 7;
    1AB4 : 6;
    1AB5 : 6;
    1AB6 : 7;
    1AB7 : 7;
    1AB8 : 7;
    1AB9 : 7;
    1ABA : 6;
    1ABB : 7;
    1ABC : 7;
    1ABD : 7;
    1ABE : 7;
    1ABF : 7;
    1AC0 : 7;
    1AC1 : 7;
    1AC2 : 6;
    1AC3 : 6;
    1AC4 : 6;
    1AC5 : 6;
    1AC6 : 6;
    1AC7 : 6;
    1AC8 : 6;
    1AC9 : 6;
    1ACA : 6;
    1ACB : 6;
    1ACC : 6;
    1ACD : 6;
    1ACE : 6;
    1ACF : 6;
    1AD0 : 6;
    1AD1 : 6;
    1AD2 : 6;
    1AD3 : 6;
    1AD4 : 6;
    1AD5 : D;
    1AD6 : D;
    1AD7 : 6;
    1AD8 : 6;
    1AD9 : 6;
    1ADA : 6;
    1ADB : 6;
    1ADC : 6;
    1ADD : 6;
    1ADE : 6;
    1ADF : 6;
    1AE0 : 6;
    1AE1 : 6;
    1AE2 : 6;
    1AE3 : 6;
    1AE4 : 6;
    1AE5 : 6;
    1AE6 : 6;
    1AE7 : 6;
    1AE8 : 6;
    1AE9 : 6;
    1AEA : 6;
    1AEB : 6;
    1AEC : 6;
    1AED : 6;
    1AEE : 6;
    1AEF : 6;
    1AF0 : 6;
    1AF1 : 6;
    1AF2 : 6;
    1AF3 : 6;
    1AF4 : 6;
    1AF5 : 6;
    1AF6 : 6;
    1AF7 : 6;
    1AF8 : 6;
    1AF9 : 6;
    1AFA : 6;
    1AFB : 6;
    1AFC : 6;
    1AFD : 6;
    1AFE : 6;
    1AFF : 6;
    1B00 : 6;
    1B01 : 6;
    1B02 : 6;
    1B03 : 6;
    1B04 : 6;
    1B05 : 5;
    1B06 : 5;
    1B07 : 3;
    1B08 : 3;
    1B09 : 3;
    1B0A : 5;
    1B0B : 5;
    1B0C : D;
    1B0D : D;
    1B0E : D;
    1B0F : D;
    1B10 : D;
    1B11 : D;
    1B12 : 5;
    1B13 : 5;
    1B14 : 5;
    1B15 : 5;
    1B16 : 1;
    1B17 : 5;
    1B18 : 6;
    1B19 : 6;
    1B1A : 6;
    1B1B : 6;
    1B1C : D;
    1B1D : D;
    1B1E : 5;
    1B1F : D;
    1B20 : 6;
    1B21 : 6;
    1B22 : 6;
    1B23 : 6;
    1B24 : 6;
    1B25 : 6;
    1B26 : 6;
    1B27 : 6;
    1B28 : 6;
    1B29 : D;
    1B2A : D;
    1B2B : D;
    1B2C : 6;
    1B2D : D;
    1B2E : D;
    1B2F : D;
    1B30 : D;
    1B31 : 5;
    1B32 : 5;
    1B33 : D;
    1B34 : 6;
    1B35 : 6;
    1B36 : D;
    1B37 : D;
    1B38 : D;
    1B39 : D;
    1B3A : 5;
    1B3B : 5;
    1B3C : 5;
    1B3D : 1;
    1B3E : 5;
    1B3F : D;
    1B40 : D;
    1B41 : D;
    1B42 : D;
    1B43 : D;
    1B44 : D;
    1B45 : D;
    1B46 : D;
    1B47 : D;
    1B48 : D;
    1B49 : D;
    1B4A : D;
    1B4B : D;
    1B4C : D;
    1B4D : D;
    1B4E : D;
    1B4F : D;
    1B50 : D;
    1B51 : D;
    1B52 : D;
    1B53 : D;
    1B54 : D;
    1B55 : D;
    1B56 : D;
    1B57 : D;
    1B58 : 6;
    1B59 : 6;
    1B5A : 6;
    1B5B : 6;
    1B5C : 6;
    1B5D : 6;
    1B5E : 6;
    1B5F : 6;
    1B60 : 6;
    1B61 : 6;
    1B62 : 6;
    1B63 : 6;
    1B64 : 6;
    1B65 : 6;
    1B66 : 6;
    1B67 : 6;
    1B68 : 6;
    1B69 : 6;
    1B6A : 6;
    1B6B : 6;
    1B6C : 6;
    1B6D : 6;
    1B6E : 6;
    1B6F : 6;
    1B70 : 6;
    1B71 : 6;
    1B72 : 6;
    1B73 : 6;
    1B74 : 6;
    1B75 : 6;
    1B76 : 6;
    1B77 : 6;
    1B78 : 6;
    1B79 : 6;
    1B7A : 6;
    1B7B : 6;
    1B7C : 7;
    1B7D : 7;
    1B7E : 7;
    1B7F : 7;
    1B80 : 7;
    1B81 : 7;
    1B82 : 7;
    1B83 : 7;
    1B84 : 7;
    1B85 : 7;
    1B86 : 7;
    1B87 : 7;
    1B88 : 6;
    1B89 : 6;
    1B8A : 6;
    1B8B : 6;
    1B8C : 6;
    1B8D : 6;
    1B8E : 6;
    1B8F : 6;
    1B90 : 6;
    1B91 : 6;
    1B92 : 6;
    1B93 : 6;
    1B94 : 6;
    1B95 : 6;
    1B96 : 6;
    1B97 : 6;
    1B98 : D;
    1B99 : D;
    1B9A : D;
    1B9B : D;
    1B9C : D;
    1B9D : D;
    1B9E : 6;
    1B9F : 6;
    1BA0 : 6;
    1BA1 : 6;
    1BA2 : 6;
    1BA3 : 6;
    1BA4 : 6;
    1BA5 : 6;
    1BA6 : 6;
    1BA7 : 6;
    1BA8 : 6;
    1BA9 : 6;
    1BAA : 6;
    1BAB : 6;
    1BAC : 6;
    1BAD : 6;
    1BAE : 6;
    1BAF : D;
    1BB0 : 6;
    1BB1 : 6;
    1BB2 : 6;
    1BB3 : 6;
    1BB4 : 6;
    1BB5 : 6;
    1BB6 : 6;
    1BB7 : 6;
    1BB8 : 6;
    1BB9 : 6;
    1BBA : 6;
    1BBB : 6;
    1BBC : 6;
    1BBD : 6;
    1BBE : 6;
    1BBF : 6;
    1BC0 : 6;
    1BC1 : 6;
    1BC2 : 6;
    1BC3 : 6;
    1BC4 : 6;
    1BC5 : 6;
    1BC6 : 6;
    1BC7 : 6;
    1BC8 : 6;
    1BC9 : 6;
    1BCA : 6;
    1BCB : 6;
    1BCC : D;
    1BCD : 5;
    1BCE : 5;
    1BCF : 5;
    1BD0 : 3;
    1BD1 : 3;
    1BD2 : 5;
    1BD3 : 5;
    1BD4 : D;
    1BD5 : D;
    1BD6 : D;
    1BD7 : D;
    1BD8 : D;
    1BD9 : D;
    1BDA : D;
    1BDB : D;
    1BDC : 5;
    1BDD : 5;
    1BDE : 1;
    1BDF : 5;
    1BE0 : 6;
    1BE1 : 6;
    1BE2 : D;
    1BE3 : D;
    1BE4 : D;
    1BE5 : D;
    1BE6 : D;
    1BE7 : D;
    1BE8 : 6;
    1BE9 : 6;
    1BEA : 6;
    1BEB : 6;
    1BEC : 6;
    1BED : 6;
    1BEE : D;
    1BEF : D;
    1BF0 : D;
    1BF1 : D;
    1BF2 : 6;
    1BF3 : 6;
    1BF4 : D;
    1BF5 : D;
    1BF6 : D;
    1BF7 : D;
    1BF8 : 5;
    1BF9 : 5;
    1BFA : D;
    1BFB : 6;
    1BFC : 6;
    1BFD : 6;
    1BFE : 6;
    1BFF : D;
    1C00 : D;
    1C01 : D;
    1C02 : 5;
    1C03 : 5;
    1C04 : 5;
    1C05 : 1;
    1C06 : 5;
    1C07 : D;
    1C08 : D;
    1C09 : D;
    1C0A : D;
    1C0B : D;
    1C0C : D;
    1C0D : D;
    1C0E : D;
    1C0F : D;
    1C10 : D;
    1C11 : D;
    1C12 : D;
    1C13 : D;
    1C14 : D;
    1C15 : D;
    1C16 : D;
    1C17 : D;
    1C18 : D;
    1C19 : D;
    1C1A : D;
    1C1B : D;
    1C1C : D;
    1C1D : D;
    1C1E : D;
    1C1F : D;
    1C20 : 7;
    1C21 : 7;
    1C22 : 6;
    1C23 : 6;
    1C24 : 6;
    1C25 : 6;
    1C26 : 6;
    1C27 : 6;
    1C28 : 6;
    1C29 : 6;
    1C2A : 6;
    1C2B : 6;
    1C2C : 6;
    1C2D : 6;
    1C2E : 6;
    1C2F : 6;
    1C30 : 6;
    1C31 : 6;
    1C32 : 6;
    1C33 : 6;
    1C34 : 6;
    1C35 : 6;
    1C36 : 6;
    1C37 : 6;
    1C38 : 6;
    1C39 : 6;
    1C3A : 6;
    1C3B : 6;
    1C3C : 6;
    1C3D : 6;
    1C3E : 6;
    1C3F : 6;
    1C40 : 6;
    1C41 : 6;
    1C42 : 6;
    1C43 : 6;
    1C44 : 6;
    1C45 : 6;
    1C46 : 6;
    1C47 : 7;
    1C48 : 7;
    1C49 : 7;
    1C4A : 7;
    1C4B : 7;
    1C4C : 7;
    1C4D : 7;
    1C4E : 7;
    1C4F : 6;
    1C50 : 6;
    1C51 : 6;
    1C52 : 6;
    1C53 : 6;
    1C54 : 6;
    1C55 : 6;
    1C56 : 6;
    1C57 : 6;
    1C58 : 6;
    1C59 : 6;
    1C5A : 6;
    1C5B : 6;
    1C5C : 6;
    1C5D : 6;
    1C5E : 6;
    1C5F : D;
    1C60 : D;
    1C61 : D;
    1C62 : 6;
    1C63 : 6;
    1C64 : 6;
    1C65 : 6;
    1C66 : 6;
    1C67 : 6;
    1C68 : 6;
    1C69 : 6;
    1C6A : 6;
    1C6B : 6;
    1C6C : 6;
    1C6D : 6;
    1C6E : 6;
    1C6F : 6;
    1C70 : 6;
    1C71 : 6;
    1C72 : 6;
    1C73 : D;
    1C74 : D;
    1C75 : D;
    1C76 : 6;
    1C77 : 6;
    1C78 : 6;
    1C79 : 6;
    1C7A : 6;
    1C7B : 6;
    1C7C : 6;
    1C7D : 6;
    1C7E : 6;
    1C7F : 6;
    1C80 : 6;
    1C81 : 6;
    1C82 : 6;
    1C83 : 6;
    1C84 : 6;
    1C85 : 6;
    1C86 : 6;
    1C87 : 6;
    1C88 : 6;
    1C89 : 6;
    1C8A : 6;
    1C8B : 6;
    1C8C : 6;
    1C8D : 6;
    1C8E : 6;
    1C8F : 6;
    1C90 : 6;
    1C91 : 6;
    1C92 : 6;
    1C93 : 6;
    1C94 : D;
    1C95 : 5;
    1C96 : 5;
    1C97 : 5;
    1C98 : 3;
    1C99 : 5;
    1C9A : D;
    1C9B : 5;
    1C9C : D;
    1C9D : D;
    1C9E : D;
    1C9F : D;
    1CA0 : D;
    1CA1 : D;
    1CA2 : D;
    1CA3 : D;
    1CA4 : D;
    1CA5 : D;
    1CA6 : D;
    1CA7 : 6;
    1CA8 : D;
    1CA9 : D;
    1CAA : D;
    1CAB : D;
    1CAC : D;
    1CAD : D;
    1CAE : D;
    1CAF : 5;
    1CB0 : D;
    1CB1 : 6;
    1CB2 : 6;
    1CB3 : 6;
    1CB4 : 6;
    1CB5 : D;
    1CB6 : D;
    1CB7 : D;
    1CB8 : D;
    1CB9 : 6;
    1CBA : 6;
    1CBB : D;
    1CBC : D;
    1CBD : D;
    1CBE : D;
    1CBF : 5;
    1CC0 : 5;
    1CC1 : D;
    1CC2 : 6;
    1CC3 : 6;
    1CC4 : 6;
    1CC5 : 6;
    1CC6 : 6;
    1CC7 : D;
    1CC8 : D;
    1CC9 : D;
    1CCA : 5;
    1CCB : 5;
    1CCC : 5;
    1CCD : 1;
    1CCE : 5;
    1CCF : D;
    1CD0 : D;
    1CD1 : D;
    1CD2 : D;
    1CD3 : D;
    1CD4 : D;
    1CD5 : D;
    1CD6 : D;
    1CD7 : D;
    1CD8 : D;
    1CD9 : D;
    1CDA : D;
    1CDB : D;
    1CDC : D;
    1CDD : D;
    1CDE : D;
    1CDF : D;
    1CE0 : D;
    1CE1 : D;
    1CE2 : D;
    1CE3 : D;
    1CE4 : D;
    1CE5 : D;
    1CE6 : D;
    1CE7 : D;
    1CE8 : 7;
    1CE9 : 6;
    1CEA : 6;
    1CEB : 6;
    1CEC : 6;
    1CED : 6;
    1CEE : 6;
    1CEF : 6;
    1CF0 : 6;
    1CF1 : 6;
    1CF2 : 6;
    1CF3 : 6;
    1CF4 : 6;
    1CF5 : 6;
    1CF6 : 6;
    1CF7 : 6;
    1CF8 : 6;
    1CF9 : 6;
    1CFA : 6;
    1CFB : 6;
    1CFC : 6;
    1CFD : 6;
    1CFE : 6;
    1CFF : 6;
    1D00 : 6;
    1D01 : 6;
    1D02 : 6;
    1D03 : 6;
    1D04 : 6;
    1D05 : 6;
    1D06 : 6;
    1D07 : 6;
    1D08 : 6;
    1D09 : 6;
    1D0A : 6;
    1D0B : 6;
    1D0C : 6;
    1D0D : 6;
    1D0E : 6;
    1D0F : 7;
    1D10 : 7;
    1D11 : 7;
    1D12 : 7;
    1D13 : 7;
    1D14 : 7;
    1D15 : 7;
    1D16 : 7;
    1D17 : 7;
    1D18 : 7;
    1D19 : 6;
    1D1A : 6;
    1D1B : 6;
    1D1C : 6;
    1D1D : 6;
    1D1E : 6;
    1D1F : 6;
    1D20 : 6;
    1D21 : 6;
    1D22 : D;
    1D23 : 6;
    1D24 : 6;
    1D25 : D;
    1D26 : D;
    1D27 : D;
    1D28 : 6;
    1D29 : 6;
    1D2A : 6;
    1D2B : 6;
    1D2C : 6;
    1D2D : 6;
    1D2E : 6;
    1D2F : 6;
    1D30 : 6;
    1D31 : 6;
    1D32 : 6;
    1D33 : 6;
    1D34 : 6;
    1D35 : 6;
    1D36 : 6;
    1D37 : 6;
    1D38 : D;
    1D39 : D;
    1D3A : D;
    1D3B : D;
    1D3C : 6;
    1D3D : 6;
    1D3E : 6;
    1D3F : 6;
    1D40 : 6;
    1D41 : 6;
    1D42 : 6;
    1D43 : 6;
    1D44 : 6;
    1D45 : 6;
    1D46 : 6;
    1D47 : 6;
    1D48 : 6;
    1D49 : 6;
    1D4A : 6;
    1D4B : 6;
    1D4C : 6;
    1D4D : 6;
    1D4E : 6;
    1D4F : 6;
    1D50 : 6;
    1D51 : 6;
    1D52 : 6;
    1D53 : 6;
    1D54 : 6;
    1D55 : 6;
    1D56 : 6;
    1D57 : 6;
    1D58 : 6;
    1D59 : 6;
    1D5A : 6;
    1D5B : 6;
    1D5C : 5;
    1D5D : 5;
    1D5E : 5;
    1D5F : 3;
    1D60 : 3;
    1D61 : 5;
    1D62 : D;
    1D63 : D;
    1D64 : 6;
    1D65 : D;
    1D66 : D;
    1D67 : D;
    1D68 : D;
    1D69 : D;
    1D6A : D;
    1D6B : 6;
    1D6C : 6;
    1D6D : 6;
    1D6E : D;
    1D6F : D;
    1D70 : D;
    1D71 : D;
    1D72 : D;
    1D73 : D;
    1D74 : D;
    1D75 : D;
    1D76 : D;
    1D77 : D;
    1D78 : D;
    1D79 : D;
    1D7A : 6;
    1D7B : D;
    1D7C : D;
    1D7D : D;
    1D7E : D;
    1D7F : 6;
    1D80 : 6;
    1D81 : D;
    1D82 : D;
    1D83 : D;
    1D84 : D;
    1D85 : D;
    1D86 : 5;
    1D87 : 5;
    1D88 : D;
    1D89 : 6;
    1D8A : 6;
    1D8B : 6;
    1D8C : 6;
    1D8D : 6;
    1D8E : D;
    1D8F : D;
    1D90 : D;
    1D91 : D;
    1D92 : 5;
    1D93 : 5;
    1D94 : 5;
    1D95 : 1;
    1D96 : 5;
    1D97 : D;
    1D98 : D;
    1D99 : D;
    1D9A : D;
    1D9B : D;
    1D9C : D;
    1D9D : D;
    1D9E : D;
    1D9F : D;
    1DA0 : D;
    1DA1 : D;
    1DA2 : D;
    1DA3 : D;
    1DA4 : D;
    1DA5 : D;
    1DA6 : D;
    1DA7 : D;
    1DA8 : D;
    1DA9 : D;
    1DAA : D;
    1DAB : D;
    1DAC : D;
    1DAD : D;
    1DAE : D;
    1DAF : D;
    1DB0 : 6;
    1DB1 : 6;
    1DB2 : 6;
    1DB3 : 6;
    1DB4 : 6;
    1DB5 : 6;
    1DB6 : 6;
    1DB7 : 6;
    1DB8 : 6;
    1DB9 : 6;
    1DBA : 6;
    1DBB : 6;
    1DBC : 6;
    1DBD : 6;
    1DBE : 6;
    1DBF : 6;
    1DC0 : 6;
    1DC1 : 6;
    1DC2 : 6;
    1DC3 : 6;
    1DC4 : 6;
    1DC5 : 6;
    1DC6 : 6;
    1DC7 : 6;
    1DC8 : 6;
    1DC9 : 6;
    1DCA : 6;
    1DCB : 6;
    1DCC : 6;
    1DCD : 6;
    1DCE : 6;
    1DCF : 6;
    1DD0 : 6;
    1DD1 : 6;
    1DD2 : 6;
    1DD3 : 6;
    1DD4 : 6;
    1DD5 : 7;
    1DD6 : 7;
    1DD7 : 7;
    1DD8 : 7;
    1DD9 : 7;
    1DDA : 7;
    1DDB : 7;
    1DDC : 7;
    1DDD : 7;
    1DDE : 6;
    1DDF : 6;
    1DE0 : 6;
    1DE1 : 6;
    1DE2 : 6;
    1DE3 : 6;
    1DE4 : 6;
    1DE5 : 6;
    1DE6 : 6;
    1DE7 : 6;
    1DE8 : D;
    1DE9 : D;
    1DEA : D;
    1DEB : 6;
    1DEC : 6;
    1DED : D;
    1DEE : 6;
    1DEF : 6;
    1DF0 : 6;
    1DF1 : 6;
    1DF2 : 6;
    1DF3 : 6;
    1DF4 : 6;
    1DF5 : 6;
    1DF6 : 6;
    1DF7 : 6;
    1DF8 : 6;
    1DF9 : 6;
    1DFA : 6;
    1DFB : 6;
    1DFC : 6;
    1DFD : 6;
    1DFE : D;
    1DFF : D;
    1E00 : D;
    1E01 : D;
    1E02 : 6;
    1E03 : 6;
    1E04 : 6;
    1E05 : 6;
    1E06 : 6;
    1E07 : 6;
    1E08 : 6;
    1E09 : 6;
    1E0A : 6;
    1E0B : 6;
    1E0C : 6;
    1E0D : 6;
    1E0E : 6;
    1E0F : 6;
    1E10 : 6;
    1E11 : 6;
    1E12 : 6;
    1E13 : 6;
    1E14 : 6;
    1E15 : 6;
    1E16 : 6;
    1E17 : 6;
    1E18 : 6;
    1E19 : 6;
    1E1A : 6;
    1E1B : 6;
    1E1C : 6;
    1E1D : 6;
    1E1E : 6;
    1E1F : 6;
    1E20 : 6;
    1E21 : 6;
    1E22 : 6;
    1E23 : D;
    1E24 : 5;
    1E25 : 5;
    1E26 : 5;
    1E27 : 3;
    1E28 : 3;
    1E29 : 5;
    1E2A : 5;
    1E2B : D;
    1E2C : D;
    1E2D : D;
    1E2E : D;
    1E2F : D;
    1E30 : 6;
    1E31 : 6;
    1E32 : 6;
    1E33 : D;
    1E34 : D;
    1E35 : D;
    1E36 : D;
    1E37 : D;
    1E38 : D;
    1E39 : D;
    1E3A : 5;
    1E3B : 5;
    1E3C : D;
    1E3D : D;
    1E3E : 6;
    1E3F : 6;
    1E40 : 6;
    1E41 : 6;
    1E42 : 6;
    1E43 : 6;
    1E44 : D;
    1E45 : D;
    1E46 : 6;
    1E47 : 6;
    1E48 : D;
    1E49 : D;
    1E4A : D;
    1E4B : D;
    1E4C : D;
    1E4D : D;
    1E4E : D;
    1E4F : D;
    1E50 : 6;
    1E51 : 6;
    1E52 : 6;
    1E53 : D;
    1E54 : D;
    1E55 : D;
    1E56 : D;
    1E57 : D;
    1E58 : D;
    1E59 : D;
    1E5A : 5;
    1E5B : 5;
    1E5C : 1;
    1E5D : 1;
    1E5E : 5;
    1E5F : D;
    1E60 : D;
    1E61 : D;
    1E62 : D;
    1E63 : D;
    1E64 : D;
    1E65 : D;
    1E66 : D;
    1E67 : D;
    1E68 : D;
    1E69 : D;
    1E6A : D;
    1E6B : D;
    1E6C : D;
    1E6D : D;
    1E6E : D;
    1E6F : D;
    1E70 : D;
    1E71 : D;
    1E72 : D;
    1E73 : D;
    1E74 : D;
    1E75 : D;
    1E76 : D;
    1E77 : D;
    1E78 : 6;
    1E79 : 6;
    1E7A : 6;
    1E7B : 6;
    1E7C : 6;
    1E7D : 6;
    1E7E : 6;
    1E7F : 6;
    1E80 : 6;
    1E81 : 6;
    1E82 : 6;
    1E83 : 6;
    1E84 : 6;
    1E85 : 6;
    1E86 : 6;
    1E87 : 6;
    1E88 : 6;
    1E89 : 6;
    1E8A : 6;
    1E8B : 6;
    1E8C : 6;
    1E8D : 6;
    1E8E : 6;
    1E8F : 6;
    1E90 : 6;
    1E91 : 6;
    1E92 : 6;
    1E93 : 6;
    1E94 : 6;
    1E95 : 6;
    1E96 : 6;
    1E97 : 6;
    1E98 : 6;
    1E99 : 6;
    1E9A : 6;
    1E9B : 7;
    1E9C : 7;
    1E9D : 7;
    1E9E : 7;
    1E9F : 7;
    1EA0 : 7;
    1EA1 : 7;
    1EA2 : 7;
    1EA3 : 7;
    1EA4 : 6;
    1EA5 : 6;
    1EA6 : 6;
    1EA7 : 6;
    1EA8 : 6;
    1EA9 : 6;
    1EAA : 6;
    1EAB : 6;
    1EAC : D;
    1EAD : D;
    1EAE : D;
    1EAF : D;
    1EB0 : D;
    1EB1 : D;
    1EB2 : 6;
    1EB3 : 6;
    1EB4 : 6;
    1EB5 : 6;
    1EB6 : 6;
    1EB7 : 6;
    1EB8 : 6;
    1EB9 : 6;
    1EBA : D;
    1EBB : 6;
    1EBC : 6;
    1EBD : 6;
    1EBE : 6;
    1EBF : 6;
    1EC0 : 6;
    1EC1 : 6;
    1EC2 : 6;
    1EC3 : 6;
    1EC4 : D;
    1EC5 : D;
    1EC6 : D;
    1EC7 : D;
    1EC8 : 6;
    1EC9 : 6;
    1ECA : 6;
    1ECB : 6;
    1ECC : 6;
    1ECD : 6;
    1ECE : 6;
    1ECF : 6;
    1ED0 : 6;
    1ED1 : 6;
    1ED2 : 6;
    1ED3 : 6;
    1ED4 : 6;
    1ED5 : 6;
    1ED6 : 6;
    1ED7 : 6;
    1ED8 : 6;
    1ED9 : 6;
    1EDA : 6;
    1EDB : 6;
    1EDC : 6;
    1EDD : 6;
    1EDE : 6;
    1EDF : 6;
    1EE0 : 6;
    1EE1 : 6;
    1EE2 : 6;
    1EE3 : 6;
    1EE4 : 6;
    1EE5 : 6;
    1EE6 : 6;
    1EE7 : 6;
    1EE8 : 6;
    1EE9 : 6;
    1EEA : 6;
    1EEB : 5;
    1EEC : 5;
    1EED : 5;
    1EEE : 5;
    1EEF : 3;
    1EF0 : 3;
    1EF1 : 5;
    1EF2 : 5;
    1EF3 : D;
    1EF4 : D;
    1EF5 : D;
    1EF6 : D;
    1EF7 : 1;
    1EF8 : 5;
    1EF9 : D;
    1EFA : D;
    1EFB : D;
    1EFC : D;
    1EFD : D;
    1EFE : D;
    1EFF : D;
    1F00 : 5;
    1F01 : 5;
    1F02 : D;
    1F03 : D;
    1F04 : 6;
    1F05 : 6;
    1F06 : D;
    1F07 : D;
    1F08 : D;
    1F09 : D;
    1F0A : D;
    1F0B : D;
    1F0C : 6;
    1F0D : 6;
    1F0E : D;
    1F0F : D;
    1F10 : D;
    1F11 : D;
    1F12 : D;
    1F13 : D;
    1F14 : D;
    1F15 : D;
    1F16 : D;
    1F17 : 6;
    1F18 : D;
    1F19 : D;
    1F1A : D;
    1F1B : D;
    1F1C : D;
    1F1D : D;
    1F1E : 6;
    1F1F : 6;
    1F20 : 6;
    1F21 : D;
    1F22 : 5;
    1F23 : 5;
    1F24 : 5;
    1F25 : 1;
    1F26 : 5;
    1F27 : D;
    1F28 : D;
    1F29 : D;
    1F2A : D;
    1F2B : D;
    1F2C : D;
    1F2D : D;
    1F2E : D;
    1F2F : D;
    1F30 : D;
    1F31 : D;
    1F32 : D;
    1F33 : D;
    1F34 : 6;
    1F35 : D;
    1F36 : 6;
    1F37 : D;
    1F38 : D;
    1F39 : D;
    1F3A : D;
    1F3B : D;
    1F3C : D;
    1F3D : D;
    1F3E : D;
    1F3F : D;
    1F40 : 6;
    1F41 : 6;
    1F42 : 6;
    1F43 : 6;
    1F44 : 6;
    1F45 : 6;
    1F46 : 6;
    1F47 : 6;
    1F48 : 6;
    1F49 : 6;
    1F4A : 6;
    1F4B : 6;
    1F4C : 6;
    1F4D : 6;
    1F4E : 6;
    1F4F : 6;
    1F50 : 6;
    1F51 : 6;
    1F52 : 6;
    1F53 : 6;
    1F54 : 6;
    1F55 : 6;
    1F56 : 6;
    1F57 : 6;
    1F58 : 6;
    1F59 : 6;
    1F5A : 6;
    1F5B : 6;
    1F5C : 6;
    1F5D : 6;
    1F5E : 6;
    1F5F : 6;
    1F60 : 6;
    1F61 : 6;
    1F62 : 6;
    1F63 : 6;
    1F64 : 6;
    1F65 : 6;
    1F66 : 6;
    1F67 : 7;
    1F68 : 7;
    1F69 : 7;
    1F6A : 6;
    1F6B : 6;
    1F6C : 6;
    1F6D : 6;
    1F6E : 6;
    1F6F : 6;
    1F70 : D;
    1F71 : 6;
    1F72 : 6;
    1F73 : 6;
    1F74 : 6;
    1F75 : 6;
    1F76 : 6;
    1F77 : 6;
    1F78 : 6;
    1F79 : 6;
    1F7A : 6;
    1F7B : D;
    1F7C : D;
    1F7D : 6;
    1F7E : 6;
    1F7F : 6;
    1F80 : 6;
    1F81 : 6;
    1F82 : 6;
    1F83 : 6;
    1F84 : 6;
    1F85 : 6;
    1F86 : 6;
    1F87 : 6;
    1F88 : 6;
    1F89 : 6;
    1F8A : 6;
    1F8B : D;
    1F8C : D;
    1F8D : 6;
    1F8E : 6;
    1F8F : 6;
    1F90 : 6;
    1F91 : 6;
    1F92 : 6;
    1F93 : 6;
    1F94 : 6;
    1F95 : 6;
    1F96 : 6;
    1F97 : 6;
    1F98 : 6;
    1F99 : 6;
    1F9A : 6;
    1F9B : 6;
    1F9C : 6;
    1F9D : 6;
    1F9E : 6;
    1F9F : 6;
    1FA0 : 6;
    1FA1 : 6;
    1FA2 : 6;
    1FA3 : 6;
    1FA4 : 6;
    1FA5 : 6;
    1FA6 : 6;
    1FA7 : 6;
    1FA8 : 6;
    1FA9 : 6;
    1FAA : 6;
    1FAB : 6;
    1FAC : 6;
    1FAD : 6;
    1FAE : 6;
    1FAF : 6;
    1FB0 : 6;
    1FB1 : 6;
    1FB2 : D;
    1FB3 : 5;
    1FB4 : 5;
    1FB5 : 5;
    1FB6 : 5;
    1FB7 : 5;
    1FB8 : 3;
    1FB9 : 5;
    1FBA : 5;
    1FBB : D;
    1FBC : D;
    1FBD : D;
    1FBE : D;
    1FBF : 1;
    1FC0 : D;
    1FC1 : D;
    1FC2 : D;
    1FC3 : D;
    1FC4 : D;
    1FC5 : 5;
    1FC6 : 5;
    1FC7 : 1;
    1FC8 : 1;
    1FC9 : 5;
    1FCA : 6;
    1FCB : D;
    1FCC : D;
    1FCD : D;
    1FCE : D;
    1FCF : D;
    1FD0 : D;
    1FD1 : D;
    1FD2 : D;
    1FD3 : 6;
    1FD4 : 6;
    1FD5 : D;
    1FD6 : D;
    1FD7 : D;
    1FD8 : D;
    1FD9 : D;
    1FDA : D;
    1FDB : D;
    1FDC : D;
    1FDD : D;
    1FDE : D;
    1FDF : D;
    1FE0 : D;
    1FE1 : D;
    1FE2 : D;
    1FE3 : D;
    1FE4 : 6;
    1FE5 : 6;
    1FE6 : 6;
    1FE7 : D;
    1FE8 : D;
    1FE9 : D;
    1FEA : 5;
    1FEB : 5;
    1FEC : 5;
    1FED : 1;
    1FEE : 5;
    1FEF : D;
    1FF0 : D;
    1FF1 : D;
    1FF2 : D;
    1FF3 : D;
    1FF4 : D;
    1FF5 : D;
    1FF6 : D;
    1FF7 : D;
    1FF8 : D;
    1FF9 : D;
    1FFA : D;
    1FFB : 6;
    1FFC : D;
    1FFD : D;
    1FFE : D;
    1FFF : D;
    2000 : D;
    2001 : D;
    2002 : D;
    2003 : D;
    2004 : D;
    2005 : D;
    2006 : D;
    2007 : D;
    2008 : 6;
    2009 : 6;
    200A : 6;
    200B : 6;
    200C : 6;
    200D : 6;
    200E : 6;
    200F : 6;
    2010 : 6;
    2011 : 6;
    2012 : 6;
    2013 : 6;
    2014 : 6;
    2015 : 6;
    2016 : 6;
    2017 : 6;
    2018 : 6;
    2019 : 6;
    201A : 6;
    201B : 6;
    201C : 6;
    201D : 6;
    201E : 6;
    201F : 6;
    2020 : 6;
    2021 : 6;
    2022 : 6;
    2023 : 6;
    2024 : 6;
    2025 : 6;
    2026 : 6;
    2027 : 6;
    2028 : 6;
    2029 : 6;
    202A : 6;
    202B : 6;
    202C : 6;
    202D : 6;
    202E : 6;
    202F : 6;
    2030 : 6;
    2031 : 6;
    2032 : 6;
    2033 : 6;
    2034 : 6;
    2035 : 6;
    2036 : D;
    2037 : D;
    2038 : D;
    2039 : 6;
    203A : 6;
    203B : 6;
    203C : 6;
    203D : 6;
    203E : 6;
    203F : 6;
    2040 : D;
    2041 : D;
    2042 : D;
    2043 : D;
    2044 : D;
    2045 : 6;
    2046 : 6;
    2047 : 6;
    2048 : 6;
    2049 : 6;
    204A : 6;
    204B : 6;
    204C : 6;
    204D : 6;
    204E : 6;
    204F : 6;
    2050 : 6;
    2051 : 6;
    2052 : 6;
    2053 : 6;
    2054 : 6;
    2055 : D;
    2056 : D;
    2057 : 6;
    2058 : 6;
    2059 : 6;
    205A : 6;
    205B : 6;
    205C : 6;
    205D : 6;
    205E : 6;
    205F : 6;
    2060 : 6;
    2061 : 6;
    2062 : 6;
    2063 : 6;
    2064 : 6;
    2065 : 6;
    2066 : 6;
    2067 : 6;
    2068 : 6;
    2069 : 6;
    206A : 6;
    206B : 6;
    206C : 6;
    206D : 6;
    206E : 6;
    206F : 6;
    2070 : 6;
    2071 : 6;
    2072 : 6;
    2073 : 6;
    2074 : 6;
    2075 : 6;
    2076 : 6;
    2077 : 6;
    2078 : 6;
    2079 : 6;
    207A : D;
    207B : 5;
    207C : 5;
    207D : 5;
    207E : 5;
    207F : 5;
    2080 : 3;
    2081 : 5;
    2082 : 5;
    2083 : D;
    2084 : D;
    2085 : D;
    2086 : D;
    2087 : 6;
    2088 : 6;
    2089 : D;
    208A : D;
    208B : 5;
    208C : 5;
    208D : 1;
    208E : 1;
    208F : 5;
    2090 : 5;
    2091 : 5;
    2092 : D;
    2093 : D;
    2094 : D;
    2095 : D;
    2096 : D;
    2097 : D;
    2098 : D;
    2099 : 6;
    209A : 6;
    209B : D;
    209C : D;
    209D : D;
    209E : D;
    209F : D;
    20A0 : D;
    20A1 : D;
    20A2 : D;
    20A3 : D;
    20A4 : D;
    20A5 : D;
    20A6 : D;
    20A7 : D;
    20A8 : D;
    20A9 : D;
    20AA : D;
    20AB : D;
    20AC : D;
    20AD : D;
    20AE : D;
    20AF : D;
    20B0 : 6;
    20B1 : D;
    20B2 : 5;
    20B3 : 5;
    20B4 : 5;
    20B5 : 1;
    20B6 : 5;
    20B7 : D;
    20B8 : D;
    20B9 : D;
    20BA : D;
    20BB : D;
    20BC : 6;
    20BD : D;
    20BE : D;
    20BF : D;
    20C0 : D;
    20C1 : D;
    20C2 : D;
    20C3 : D;
    20C4 : D;
    20C5 : D;
    20C6 : D;
    20C7 : D;
    20C8 : D;
    20C9 : D;
    20CA : D;
    20CB : D;
    20CC : D;
    20CD : D;
    20CE : D;
    20CF : D;
    20D0 : 6;
    20D1 : 6;
    20D2 : 6;
    20D3 : 6;
    20D4 : 6;
    20D5 : 6;
    20D6 : 6;
    20D7 : 6;
    20D8 : 6;
    20D9 : 6;
    20DA : 6;
    20DB : 6;
    20DC : 6;
    20DD : 6;
    20DE : 6;
    20DF : 6;
    20E0 : 6;
    20E1 : 6;
    20E2 : 6;
    20E3 : 6;
    20E4 : 6;
    20E5 : 6;
    20E6 : 6;
    20E7 : 6;
    20E8 : 6;
    20E9 : 6;
    20EA : 6;
    20EB : 6;
    20EC : 6;
    20ED : 6;
    20EE : 6;
    20EF : 6;
    20F0 : 6;
    20F1 : 6;
    20F2 : 6;
    20F3 : 6;
    20F4 : 6;
    20F5 : 6;
    20F6 : 6;
    20F7 : 6;
    20F8 : 6;
    20F9 : 6;
    20FA : 6;
    20FB : 6;
    20FC : D;
    20FD : D;
    20FE : D;
    20FF : D;
    2100 : 6;
    2101 : 6;
    2102 : 6;
    2103 : 6;
    2104 : 6;
    2105 : D;
    2106 : D;
    2107 : D;
    2108 : D;
    2109 : D;
    210A : D;
    210B : D;
    210C : 6;
    210D : 6;
    210E : 6;
    210F : 6;
    2110 : 6;
    2111 : 6;
    2112 : 6;
    2113 : 6;
    2114 : 6;
    2115 : 6;
    2116 : 6;
    2117 : 6;
    2118 : D;
    2119 : 6;
    211A : D;
    211B : D;
    211C : D;
    211D : D;
    211E : D;
    211F : 6;
    2120 : 6;
    2121 : D;
    2122 : D;
    2123 : 6;
    2124 : D;
    2125 : 6;
    2126 : 6;
    2127 : 6;
    2128 : 6;
    2129 : 6;
    212A : 6;
    212B : 6;
    212C : 6;
    212D : 6;
    212E : 6;
    212F : 6;
    2130 : 6;
    2131 : 6;
    2132 : 6;
    2133 : 6;
    2134 : 6;
    2135 : 6;
    2136 : 6;
    2137 : 6;
    2138 : 6;
    2139 : 6;
    213A : 6;
    213B : 6;
    213C : 6;
    213D : 6;
    213E : 6;
    213F : 6;
    2140 : 6;
    2141 : D;
    2142 : 5;
    2143 : 5;
    2144 : 5;
    2145 : 5;
    2146 : 5;
    2147 : 5;
    2148 : 3;
    2149 : 5;
    214A : 5;
    214B : D;
    214C : D;
    214D : D;
    214E : 5;
    214F : 5;
    2150 : 1;
    2151 : 0;
    2152 : 1;
    2153 : 1;
    2154 : 1;
    2155 : 5;
    2156 : 5;
    2157 : 5;
    2158 : 5;
    2159 : 5;
    215A : D;
    215B : D;
    215C : D;
    215D : D;
    215E : D;
    215F : 6;
    2160 : 6;
    2161 : 6;
    2162 : D;
    2163 : D;
    2164 : D;
    2165 : D;
    2166 : D;
    2167 : D;
    2168 : D;
    2169 : D;
    216A : D;
    216B : D;
    216C : D;
    216D : 6;
    216E : 6;
    216F : 6;
    2170 : 6;
    2171 : 6;
    2172 : D;
    2173 : D;
    2174 : D;
    2175 : D;
    2176 : D;
    2177 : D;
    2178 : 6;
    2179 : 5;
    217A : 5;
    217B : 5;
    217C : 5;
    217D : 1;
    217E : 5;
    217F : D;
    2180 : D;
    2181 : D;
    2182 : D;
    2183 : D;
    2184 : 6;
    2185 : D;
    2186 : D;
    2187 : 6;
    2188 : 6;
    2189 : 6;
    218A : D;
    218B : D;
    218C : D;
    218D : D;
    218E : D;
    218F : D;
    2190 : D;
    2191 : D;
    2192 : D;
    2193 : D;
    2194 : D;
    2195 : D;
    2196 : D;
    2197 : D;
    2198 : 6;
    2199 : 6;
    219A : 6;
    219B : 6;
    219C : 6;
    219D : 6;
    219E : 6;
    219F : 6;
    21A0 : 6;
    21A1 : 6;
    21A2 : 6;
    21A3 : 6;
    21A4 : 6;
    21A5 : 6;
    21A6 : 6;
    21A7 : 6;
    21A8 : 6;
    21A9 : 6;
    21AA : 6;
    21AB : 6;
    21AC : 6;
    21AD : 6;
    21AE : 6;
    21AF : 6;
    21B0 : 6;
    21B1 : 6;
    21B2 : 6;
    21B3 : 6;
    21B4 : 6;
    21B5 : 6;
    21B6 : 6;
    21B7 : 6;
    21B8 : 6;
    21B9 : 6;
    21BA : 6;
    21BB : 6;
    21BC : 6;
    21BD : 6;
    21BE : 6;
    21BF : 6;
    21C0 : 6;
    21C1 : D;
    21C2 : D;
    21C3 : D;
    21C4 : D;
    21C5 : D;
    21C6 : D;
    21C7 : D;
    21C8 : 6;
    21C9 : 6;
    21CA : D;
    21CB : D;
    21CC : D;
    21CD : D;
    21CE : D;
    21CF : D;
    21D0 : D;
    21D1 : D;
    21D2 : D;
    21D3 : 6;
    21D4 : 6;
    21D5 : 6;
    21D6 : 6;
    21D7 : 6;
    21D8 : 6;
    21D9 : 6;
    21DA : 6;
    21DB : 6;
    21DC : 6;
    21DD : 6;
    21DE : 6;
    21DF : 6;
    21E0 : 6;
    21E1 : D;
    21E2 : D;
    21E3 : D;
    21E4 : D;
    21E5 : D;
    21E6 : D;
    21E7 : D;
    21E8 : 6;
    21E9 : D;
    21EA : 6;
    21EB : 6;
    21EC : 6;
    21ED : 6;
    21EE : 6;
    21EF : 6;
    21F0 : 6;
    21F1 : 6;
    21F2 : 6;
    21F3 : 6;
    21F4 : 6;
    21F5 : 6;
    21F6 : 6;
    21F7 : 6;
    21F8 : 6;
    21F9 : 6;
    21FA : 6;
    21FB : 6;
    21FC : 6;
    21FD : 6;
    21FE : 6;
    21FF : 6;
    2200 : 6;
    2201 : 6;
    2202 : 6;
    2203 : 6;
    2204 : 6;
    2205 : 6;
    2206 : 6;
    2207 : 6;
    2208 : 6;
    2209 : D;
    220A : 5;
    220B : 5;
    220C : 5;
    220D : 5;
    220E : 5;
    220F : 5;
    2210 : 3;
    2211 : 5;
    2212 : 1;
    2213 : D;
    2214 : D;
    2215 : D;
    2216 : D;
    2217 : 5;
    2218 : 5;
    2219 : 5;
    221A : 1;
    221B : 5;
    221C : 5;
    221D : 5;
    221E : 5;
    221F : 5;
    2220 : 5;
    2221 : 5;
    2222 : 5;
    2223 : D;
    2224 : D;
    2225 : 6;
    2226 : 6;
    2227 : 6;
    2228 : D;
    2229 : D;
    222A : D;
    222B : D;
    222C : D;
    222D : D;
    222E : D;
    222F : D;
    2230 : D;
    2231 : D;
    2232 : D;
    2233 : D;
    2234 : D;
    2235 : D;
    2236 : D;
    2237 : 6;
    2238 : 6;
    2239 : D;
    223A : D;
    223B : D;
    223C : D;
    223D : D;
    223E : D;
    223F : D;
    2240 : D;
    2241 : 5;
    2242 : 5;
    2243 : 5;
    2244 : 5;
    2245 : 1;
    2246 : 5;
    2247 : D;
    2248 : D;
    2249 : D;
    224A : D;
    224B : D;
    224C : D;
    224D : D;
    224E : D;
    224F : D;
    2250 : D;
    2251 : D;
    2252 : D;
    2253 : D;
    2254 : D;
    2255 : D;
    2256 : D;
    2257 : D;
    2258 : D;
    2259 : D;
    225A : D;
    225B : D;
    225C : D;
    225D : D;
    225E : D;
    225F : D;
    2260 : 6;
    2261 : 6;
    2262 : 6;
    2263 : 6;
    2264 : 6;
    2265 : 6;
    2266 : 6;
    2267 : 6;
    2268 : 6;
    2269 : 6;
    226A : 6;
    226B : 6;
    226C : 6;
    226D : 6;
    226E : 6;
    226F : 6;
    2270 : 6;
    2271 : 6;
    2272 : 6;
    2273 : 6;
    2274 : 6;
    2275 : 6;
    2276 : 6;
    2277 : 6;
    2278 : 6;
    2279 : 6;
    227A : 6;
    227B : 6;
    227C : 6;
    227D : 6;
    227E : 6;
    227F : 6;
    2280 : 6;
    2281 : 6;
    2282 : 6;
    2283 : 6;
    2284 : 6;
    2285 : 6;
    2286 : 6;
    2287 : 6;
    2288 : D;
    2289 : D;
    228A : 6;
    228B : 6;
    228C : 6;
    228D : 6;
    228E : D;
    228F : 6;
    2290 : D;
    2291 : D;
    2292 : D;
    2293 : D;
    2294 : D;
    2295 : D;
    2296 : D;
    2297 : D;
    2298 : D;
    2299 : 6;
    229A : 6;
    229B : 7;
    229C : 7;
    229D : 7;
    229E : 6;
    229F : 6;
    22A0 : 6;
    22A1 : 6;
    22A2 : 6;
    22A3 : 6;
    22A4 : 6;
    22A5 : 6;
    22A6 : 6;
    22A7 : 6;
    22A8 : D;
    22A9 : D;
    22AA : 6;
    22AB : D;
    22AC : D;
    22AD : D;
    22AE : 6;
    22AF : 6;
    22B0 : 6;
    22B1 : 6;
    22B2 : 6;
    22B3 : 6;
    22B4 : 6;
    22B5 : 6;
    22B6 : 6;
    22B7 : 6;
    22B8 : 6;
    22B9 : 6;
    22BA : 6;
    22BB : 6;
    22BC : 6;
    22BD : 6;
    22BE : 6;
    22BF : 6;
    22C0 : 6;
    22C1 : 6;
    22C2 : 6;
    22C3 : 6;
    22C4 : 6;
    22C5 : 6;
    22C6 : 6;
    22C7 : D;
    22C8 : 6;
    22C9 : 6;
    22CA : 6;
    22CB : 6;
    22CC : 6;
    22CD : 6;
    22CE : 6;
    22CF : 6;
    22D0 : D;
    22D1 : 5;
    22D2 : 5;
    22D3 : 5;
    22D4 : 5;
    22D5 : 5;
    22D6 : 5;
    22D7 : 5;
    22D8 : 3;
    22D9 : 5;
    22DA : 1;
    22DB : D;
    22DC : D;
    22DD : D;
    22DE : D;
    22DF : D;
    22E0 : D;
    22E1 : D;
    22E2 : D;
    22E3 : 5;
    22E4 : 5;
    22E5 : 5;
    22E6 : 5;
    22E7 : 5;
    22E8 : 5;
    22E9 : 5;
    22EA : 5;
    22EB : D;
    22EC : 6;
    22ED : 6;
    22EE : D;
    22EF : D;
    22F0 : D;
    22F1 : D;
    22F2 : D;
    22F3 : D;
    22F4 : D;
    22F5 : D;
    22F6 : 5;
    22F7 : D;
    22F8 : D;
    22F9 : D;
    22FA : D;
    22FB : D;
    22FC : 6;
    22FD : 6;
    22FE : 6;
    22FF : 6;
    2300 : D;
    2301 : D;
    2302 : D;
    2303 : D;
    2304 : D;
    2305 : D;
    2306 : D;
    2307 : D;
    2308 : D;
    2309 : 5;
    230A : 5;
    230B : 5;
    230C : 1;
    230D : 1;
    230E : 5;
    230F : D;
    2310 : D;
    2311 : D;
    2312 : D;
    2313 : D;
    2314 : D;
    2315 : D;
    2316 : D;
    2317 : D;
    2318 : D;
    2319 : D;
    231A : D;
    231B : D;
    231C : D;
    231D : D;
    231E : D;
    231F : D;
    2320 : D;
    2321 : D;
    2322 : D;
    2323 : D;
    2324 : D;
    2325 : D;
    2326 : D;
    2327 : 5;
    2328 : 6;
    2329 : 6;
    232A : 6;
    232B : 6;
    232C : 6;
    232D : 6;
    232E : 6;
    232F : 6;
    2330 : 6;
    2331 : 6;
    2332 : 6;
    2333 : 6;
    2334 : 6;
    2335 : 6;
    2336 : 6;
    2337 : 6;
    2338 : 6;
    2339 : 6;
    233A : 6;
    233B : 6;
    233C : 6;
    233D : 6;
    233E : 6;
    233F : 6;
    2340 : 6;
    2341 : 6;
    2342 : 6;
    2343 : 6;
    2344 : 6;
    2345 : 6;
    2346 : 6;
    2347 : 6;
    2348 : 6;
    2349 : 6;
    234A : 6;
    234B : 6;
    234C : 6;
    234D : 6;
    234E : 6;
    234F : 6;
    2350 : 6;
    2351 : 6;
    2352 : 6;
    2353 : 6;
    2354 : 6;
    2355 : D;
    2356 : 6;
    2357 : 6;
    2358 : D;
    2359 : 6;
    235A : 6;
    235B : D;
    235C : D;
    235D : D;
    235E : D;
    235F : 6;
    2360 : 6;
    2361 : 7;
    2362 : 7;
    2363 : 7;
    2364 : 7;
    2365 : 7;
    2366 : 6;
    2367 : 6;
    2368 : 6;
    2369 : 6;
    236A : 6;
    236B : 6;
    236C : 6;
    236D : 6;
    236E : 6;
    236F : 6;
    2370 : D;
    2371 : D;
    2372 : D;
    2373 : D;
    2374 : 6;
    2375 : 6;
    2376 : 6;
    2377 : 6;
    2378 : 6;
    2379 : 6;
    237A : 6;
    237B : 6;
    237C : 6;
    237D : 6;
    237E : 6;
    237F : 6;
    2380 : 6;
    2381 : 6;
    2382 : D;
    2383 : 6;
    2384 : 6;
    2385 : 6;
    2386 : 6;
    2387 : 6;
    2388 : 6;
    2389 : 6;
    238A : 6;
    238B : 6;
    238C : D;
    238D : D;
    238E : 6;
    238F : 6;
    2390 : 6;
    2391 : 6;
    2392 : 6;
    2393 : 6;
    2394 : 6;
    2395 : D;
    2396 : 6;
    2397 : 6;
    2398 : D;
    2399 : 5;
    239A : 5;
    239B : 5;
    239C : 5;
    239D : 5;
    239E : 5;
    239F : 3;
    23A0 : 3;
    23A1 : 5;
    23A2 : 1;
    23A3 : D;
    23A4 : D;
    23A5 : D;
    23A6 : D;
    23A7 : D;
    23A8 : D;
    23A9 : D;
    23AA : D;
    23AB : D;
    23AC : D;
    23AD : 5;
    23AE : 5;
    23AF : 5;
    23B0 : 5;
    23B1 : D;
    23B2 : 6;
    23B3 : 6;
    23B4 : 6;
    23B5 : D;
    23B6 : D;
    23B7 : D;
    23B8 : D;
    23B9 : D;
    23BA : D;
    23BB : D;
    23BC : 5;
    23BD : 5;
    23BE : D;
    23BF : D;
    23C0 : D;
    23C1 : D;
    23C2 : D;
    23C3 : D;
    23C4 : 6;
    23C5 : D;
    23C6 : D;
    23C7 : D;
    23C8 : D;
    23C9 : D;
    23CA : D;
    23CB : D;
    23CC : 6;
    23CD : D;
    23CE : D;
    23CF : D;
    23D0 : D;
    23D1 : 5;
    23D2 : 5;
    23D3 : 5;
    23D4 : 1;
    23D5 : 1;
    23D6 : 5;
    23D7 : D;
    23D8 : D;
    23D9 : D;
    23DA : D;
    23DB : D;
    23DC : D;
    23DD : D;
    23DE : D;
    23DF : D;
    23E0 : D;
    23E1 : D;
    23E2 : D;
    23E3 : D;
    23E4 : D;
    23E5 : D;
    23E6 : D;
    23E7 : D;
    23E8 : D;
    23E9 : D;
    23EA : D;
    23EB : D;
    23EC : D;
    23ED : D;
    23EE : D;
    23EF : D;
    23F0 : 6;
    23F1 : 6;
    23F2 : 6;
    23F3 : 6;
    23F4 : 6;
    23F5 : 6;
    23F6 : 6;
    23F7 : 6;
    23F8 : 6;
    23F9 : 6;
    23FA : 6;
    23FB : 6;
    23FC : 6;
    23FD : 6;
    23FE : 6;
    23FF : 6;
    2400 : 6;
    2401 : 6;
    2402 : 6;
    2403 : 6;
    2404 : 6;
    2405 : 6;
    2406 : 6;
    2407 : 6;
    2408 : 6;
    2409 : 6;
    240A : 6;
    240B : 6;
    240C : 6;
    240D : 6;
    240E : 6;
    240F : 6;
    2410 : 6;
    2411 : 6;
    2412 : 6;
    2413 : 6;
    2414 : 6;
    2415 : 6;
    2416 : 6;
    2417 : 6;
    2418 : 6;
    2419 : 6;
    241A : 6;
    241B : 6;
    241C : 6;
    241D : 6;
    241E : 6;
    241F : 6;
    2420 : 6;
    2421 : 6;
    2422 : D;
    2423 : D;
    2424 : D;
    2425 : 6;
    2426 : 6;
    2427 : 7;
    2428 : 7;
    2429 : 7;
    242A : 7;
    242B : 7;
    242C : 7;
    242D : 7;
    242E : 7;
    242F : 6;
    2430 : 6;
    2431 : 6;
    2432 : 6;
    2433 : 6;
    2434 : 6;
    2435 : 6;
    2436 : D;
    2437 : D;
    2438 : 6;
    2439 : D;
    243A : 6;
    243B : 6;
    243C : 6;
    243D : 6;
    243E : 6;
    243F : 6;
    2440 : 6;
    2441 : 6;
    2442 : 6;
    2443 : 6;
    2444 : 6;
    2445 : 6;
    2446 : 6;
    2447 : 6;
    2448 : 6;
    2449 : D;
    244A : 6;
    244B : 6;
    244C : 6;
    244D : 6;
    244E : D;
    244F : D;
    2450 : D;
    2451 : 6;
    2452 : 6;
    2453 : 6;
    2454 : 6;
    2455 : 6;
    2456 : 6;
    2457 : 6;
    2458 : 6;
    2459 : 6;
    245A : 6;
    245B : D;
    245C : 6;
    245D : 6;
    245E : 6;
    245F : 6;
    2460 : 5;
    2461 : 5;
    2462 : 5;
    2463 : 5;
    2464 : 5;
    2465 : 5;
    2466 : 5;
    2467 : 5;
    2468 : 3;
    2469 : D;
    246A : 1;
    246B : D;
    246C : D;
    246D : D;
    246E : D;
    246F : D;
    2470 : D;
    2471 : D;
    2472 : D;
    2473 : D;
    2474 : D;
    2475 : D;
    2476 : 5;
    2477 : D;
    2478 : 6;
    2479 : 6;
    247A : 6;
    247B : D;
    247C : D;
    247D : D;
    247E : D;
    247F : D;
    2480 : D;
    2481 : D;
    2482 : D;
    2483 : 5;
    2484 : 5;
    2485 : D;
    2486 : D;
    2487 : D;
    2488 : D;
    2489 : D;
    248A : D;
    248B : D;
    248C : D;
    248D : D;
    248E : D;
    248F : D;
    2490 : D;
    2491 : D;
    2492 : 6;
    2493 : D;
    2494 : D;
    2495 : D;
    2496 : D;
    2497 : D;
    2498 : D;
    2499 : 5;
    249A : 5;
    249B : 5;
    249C : 1;
    249D : 1;
    249E : 5;
    249F : 5;
    24A0 : D;
    24A1 : D;
    24A2 : D;
    24A3 : D;
    24A4 : D;
    24A5 : D;
    24A6 : D;
    24A7 : D;
    24A8 : D;
    24A9 : D;
    24AA : D;
    24AB : D;
    24AC : D;
    24AD : D;
    24AE : D;
    24AF : D;
    24B0 : D;
    24B1 : D;
    24B2 : D;
    24B3 : D;
    24B4 : D;
    24B5 : D;
    24B6 : D;
    24B7 : D;
    24B8 : 6;
    24B9 : 6;
    24BA : 6;
    24BB : 6;
    24BC : 6;
    24BD : 6;
    24BE : 6;
    24BF : 6;
    24C0 : 6;
    24C1 : 6;
    24C2 : 6;
    24C3 : 6;
    24C4 : 6;
    24C5 : 6;
    24C6 : 6;
    24C7 : 6;
    24C8 : 6;
    24C9 : 6;
    24CA : 6;
    24CB : 6;
    24CC : 6;
    24CD : 6;
    24CE : 6;
    24CF : 6;
    24D0 : 6;
    24D1 : 6;
    24D2 : 6;
    24D3 : 6;
    24D4 : 6;
    24D5 : 6;
    24D6 : 6;
    24D7 : 6;
    24D8 : 6;
    24D9 : 6;
    24DA : 6;
    24DB : 6;
    24DC : 6;
    24DD : 6;
    24DE : 6;
    24DF : 6;
    24E0 : 6;
    24E1 : 6;
    24E2 : 6;
    24E3 : 6;
    24E4 : 6;
    24E5 : 6;
    24E6 : 6;
    24E7 : 6;
    24E8 : D;
    24E9 : D;
    24EA : 6;
    24EB : 6;
    24EC : 6;
    24ED : 7;
    24EE : 7;
    24EF : 7;
    24F0 : 7;
    24F1 : 7;
    24F2 : 7;
    24F3 : 7;
    24F4 : 7;
    24F5 : 7;
    24F6 : 7;
    24F7 : 6;
    24F8 : 6;
    24F9 : 6;
    24FA : 6;
    24FB : 6;
    24FC : 6;
    24FD : 6;
    24FE : D;
    24FF : D;
    2500 : 6;
    2501 : 6;
    2502 : 6;
    2503 : 6;
    2504 : D;
    2505 : 6;
    2506 : 6;
    2507 : 6;
    2508 : 6;
    2509 : 6;
    250A : 6;
    250B : 6;
    250C : 6;
    250D : 6;
    250E : 6;
    250F : 6;
    2510 : 6;
    2511 : 6;
    2512 : 6;
    2513 : 6;
    2514 : 6;
    2515 : 6;
    2516 : D;
    2517 : 6;
    2518 : 6;
    2519 : 6;
    251A : 6;
    251B : 6;
    251C : 6;
    251D : 6;
    251E : 6;
    251F : 6;
    2520 : 6;
    2521 : D;
    2522 : 6;
    2523 : 6;
    2524 : 6;
    2525 : 6;
    2526 : 6;
    2527 : D;
    2528 : 5;
    2529 : 5;
    252A : 5;
    252B : 5;
    252C : 5;
    252D : 5;
    252E : 5;
    252F : 5;
    2530 : 3;
    2531 : D;
    2532 : 1;
    2533 : D;
    2534 : D;
    2535 : D;
    2536 : D;
    2537 : D;
    2538 : D;
    2539 : D;
    253A : D;
    253B : D;
    253C : D;
    253D : 6;
    253E : 6;
    253F : 7;
    2540 : 6;
    2541 : D;
    2542 : D;
    2543 : D;
    2544 : D;
    2545 : D;
    2546 : D;
    2547 : D;
    2548 : D;
    2549 : 5;
    254A : 5;
    254B : 5;
    254C : D;
    254D : D;
    254E : 6;
    254F : 6;
    2550 : D;
    2551 : D;
    2552 : D;
    2553 : D;
    2554 : D;
    2555 : D;
    2556 : D;
    2557 : 6;
    2558 : 6;
    2559 : D;
    255A : D;
    255B : 5;
    255C : 5;
    255D : D;
    255E : D;
    255F : D;
    2560 : D;
    2561 : 5;
    2562 : 5;
    2563 : 5;
    2564 : 1;
    2565 : 5;
    2566 : D;
    2567 : D;
    2568 : D;
    2569 : D;
    256A : D;
    256B : D;
    256C : 6;
    256D : D;
    256E : D;
    256F : D;
    2570 : D;
    2571 : D;
    2572 : D;
    2573 : D;
    2574 : D;
    2575 : D;
    2576 : D;
    2577 : D;
    2578 : D;
    2579 : D;
    257A : D;
    257B : D;
    257C : D;
    257D : D;
    257E : D;
    257F : D;
    2580 : 6;
    2581 : 6;
    2582 : 6;
    2583 : 6;
    2584 : 6;
    2585 : 6;
    2586 : 6;
    2587 : 6;
    2588 : 6;
    2589 : 6;
    258A : 6;
    258B : 6;
    258C : 6;
    258D : 6;
    258E : 6;
    258F : 6;
    2590 : 6;
    2591 : 6;
    2592 : 6;
    2593 : 6;
    2594 : 6;
    2595 : 6;
    2596 : 6;
    2597 : 6;
    2598 : 6;
    2599 : 6;
    259A : 6;
    259B : 6;
    259C : 6;
    259D : 6;
    259E : 6;
    259F : 6;
    25A0 : 6;
    25A1 : 6;
    25A2 : 6;
    25A3 : 6;
    25A4 : 6;
    25A5 : 6;
    25A6 : 6;
    25A7 : 6;
    25A8 : 6;
    25A9 : 6;
    25AA : 6;
    25AB : 6;
    25AC : 6;
    25AD : 6;
    25AE : 6;
    25AF : 6;
    25B0 : 6;
    25B1 : 6;
    25B2 : 6;
    25B3 : 7;
    25B4 : 7;
    25B5 : 7;
    25B6 : 7;
    25B7 : 7;
    25B8 : 7;
    25B9 : 7;
    25BA : 7;
    25BB : 7;
    25BC : 7;
    25BD : 7;
    25BE : 7;
    25BF : 7;
    25C0 : 6;
    25C1 : 6;
    25C2 : 6;
    25C3 : 6;
    25C4 : 6;
    25C5 : 6;
    25C6 : 6;
    25C7 : D;
    25C8 : 6;
    25C9 : 6;
    25CA : D;
    25CB : 6;
    25CC : 6;
    25CD : 6;
    25CE : 6;
    25CF : 6;
    25D0 : 6;
    25D1 : 6;
    25D2 : D;
    25D3 : 6;
    25D4 : 6;
    25D5 : 6;
    25D6 : 6;
    25D7 : 6;
    25D8 : 6;
    25D9 : 6;
    25DA : 6;
    25DB : 6;
    25DC : D;
    25DD : 6;
    25DE : 6;
    25DF : 6;
    25E0 : 6;
    25E1 : D;
    25E2 : 6;
    25E3 : 6;
    25E4 : 6;
    25E5 : 6;
    25E6 : 6;
    25E7 : 6;
    25E8 : 6;
    25E9 : 6;
    25EA : 6;
    25EB : 6;
    25EC : 6;
    25ED : 6;
    25EE : 6;
    25EF : D;
    25F0 : 5;
    25F1 : 5;
    25F2 : 5;
    25F3 : 5;
    25F4 : 5;
    25F5 : 5;
    25F6 : 5;
    25F7 : 5;
    25F8 : 5;
    25F9 : D;
    25FA : 1;
    25FB : D;
    25FC : D;
    25FD : D;
    25FE : D;
    25FF : D;
    2600 : D;
    2601 : D;
    2602 : D;
    2603 : 6;
    2604 : 6;
    2605 : 6;
    2606 : 6;
    2607 : D;
    2608 : D;
    2609 : D;
    260A : D;
    260B : D;
    260C : D;
    260D : D;
    260E : D;
    260F : 5;
    2610 : 5;
    2611 : 5;
    2612 : 5;
    2613 : 6;
    2614 : 6;
    2615 : 6;
    2616 : 6;
    2617 : 6;
    2618 : 6;
    2619 : 6;
    261A : D;
    261B : D;
    261C : 6;
    261D : 6;
    261E : 6;
    261F : 6;
    2620 : D;
    2621 : D;
    2622 : 5;
    2623 : 5;
    2624 : 5;
    2625 : D;
    2626 : D;
    2627 : D;
    2628 : 5;
    2629 : 5;
    262A : 5;
    262B : 5;
    262C : D;
    262D : D;
    262E : D;
    262F : 5;
    2630 : D;
    2631 : D;
    2632 : D;
    2633 : D;
    2634 : D;
    2635 : D;
    2636 : D;
    2637 : D;
    2638 : D;
    2639 : D;
    263A : D;
    263B : D;
    263C : D;
    263D : D;
    263E : D;
    263F : D;
    2640 : D;
    2641 : D;
    2642 : D;
    2643 : D;
    2644 : D;
    2645 : D;
    2646 : D;
    2647 : D;
    2648 : 6;
    2649 : 6;
    264A : 6;
    264B : 6;
    264C : 6;
    264D : 6;
    264E : 6;
    264F : 6;
    2650 : 6;
    2651 : 6;
    2652 : 6;
    2653 : 6;
    2654 : 6;
    2655 : 6;
    2656 : 6;
    2657 : 6;
    2658 : 6;
    2659 : 6;
    265A : 6;
    265B : 6;
    265C : 6;
    265D : 6;
    265E : 6;
    265F : 6;
    2660 : 6;
    2661 : 6;
    2662 : 6;
    2663 : 6;
    2664 : 6;
    2665 : 6;
    2666 : 6;
    2667 : 6;
    2668 : 6;
    2669 : 6;
    266A : 6;
    266B : 6;
    266C : 6;
    266D : 6;
    266E : 6;
    266F : 6;
    2670 : 6;
    2671 : 6;
    2672 : 6;
    2673 : 6;
    2674 : 6;
    2675 : 6;
    2676 : 6;
    2677 : 7;
    2678 : 7;
    2679 : 7;
    267A : 7;
    267B : 7;
    267C : 7;
    267D : 7;
    267E : 7;
    267F : 7;
    2680 : 7;
    2681 : 7;
    2682 : 7;
    2683 : 7;
    2684 : 7;
    2685 : 7;
    2686 : 7;
    2687 : 6;
    2688 : 6;
    2689 : 6;
    268A : 6;
    268B : 6;
    268C : 6;
    268D : D;
    268E : D;
    268F : D;
    2690 : D;
    2691 : D;
    2692 : 6;
    2693 : 6;
    2694 : 6;
    2695 : 6;
    2696 : 6;
    2697 : 6;
    2698 : 6;
    2699 : 6;
    269A : 6;
    269B : 6;
    269C : D;
    269D : 6;
    269E : 6;
    269F : 6;
    26A0 : 6;
    26A1 : 6;
    26A2 : 6;
    26A3 : 6;
    26A4 : 6;
    26A5 : 6;
    26A6 : D;
    26A7 : 6;
    26A8 : 6;
    26A9 : D;
    26AA : D;
    26AB : 6;
    26AC : 6;
    26AD : 6;
    26AE : 6;
    26AF : 6;
    26B0 : 6;
    26B1 : 6;
    26B2 : 6;
    26B3 : 6;
    26B4 : 6;
    26B5 : 6;
    26B6 : D;
    26B7 : 5;
    26B8 : 5;
    26B9 : 5;
    26BA : 5;
    26BB : 5;
    26BC : 5;
    26BD : 5;
    26BE : 5;
    26BF : 5;
    26C0 : 5;
    26C1 : D;
    26C2 : 1;
    26C3 : D;
    26C4 : D;
    26C5 : D;
    26C6 : D;
    26C7 : D;
    26C8 : D;
    26C9 : 6;
    26CA : 6;
    26CB : 6;
    26CC : 6;
    26CD : D;
    26CE : D;
    26CF : D;
    26D0 : D;
    26D1 : D;
    26D2 : D;
    26D3 : D;
    26D4 : D;
    26D5 : 5;
    26D6 : 5;
    26D7 : 5;
    26D8 : 5;
    26D9 : D;
    26DA : 6;
    26DB : 6;
    26DC : 6;
    26DD : 6;
    26DE : 6;
    26DF : 6;
    26E0 : 6;
    26E1 : 6;
    26E2 : 6;
    26E3 : 6;
    26E4 : 6;
    26E5 : D;
    26E6 : D;
    26E7 : D;
    26E8 : D;
    26E9 : D;
    26EA : 5;
    26EB : 5;
    26EC : 5;
    26ED : D;
    26EE : D;
    26EF : D;
    26F0 : D;
    26F1 : D;
    26F2 : D;
    26F3 : D;
    26F4 : D;
    26F5 : D;
    26F6 : D;
    26F7 : D;
    26F8 : D;
    26F9 : D;
    26FA : D;
    26FB : D;
    26FC : D;
    26FD : D;
    26FE : D;
    26FF : D;
    2700 : D;
    2701 : D;
    2702 : D;
    2703 : D;
    2704 : D;
    2705 : D;
    2706 : D;
    2707 : D;
    2708 : D;
    2709 : D;
    270A : D;
    270B : D;
    270C : D;
    270D : D;
    270E : D;
    270F : D;
    2710 : 6;
    2711 : 6;
    2712 : 6;
    2713 : 6;
    2714 : 6;
    2715 : 6;
    2716 : 6;
    2717 : 6;
    2718 : 6;
    2719 : 6;
    271A : 6;
    271B : 6;
    271C : 6;
    271D : 6;
    271E : 6;
    271F : 6;
    2720 : 6;
    2721 : 6;
    2722 : 6;
    2723 : 6;
    2724 : 6;
    2725 : 6;
    2726 : 6;
    2727 : 6;
    2728 : 6;
    2729 : 6;
    272A : 6;
    272B : 6;
    272C : 6;
    272D : 6;
    272E : 6;
    272F : 6;
    2730 : 6;
    2731 : 6;
    2732 : 6;
    2733 : 6;
    2734 : 6;
    2735 : 6;
    2736 : 6;
    2737 : 6;
    2738 : 6;
    2739 : 6;
    273A : 6;
    273B : 6;
    273C : 6;
    273D : 6;
    273E : 7;
    273F : 7;
    2740 : 7;
    2741 : 7;
    2742 : 7;
    2743 : 7;
    2744 : 7;
    2745 : 7;
    2746 : 7;
    2747 : 7;
    2748 : 7;
    2749 : 7;
    274A : 7;
    274B : 7;
    274C : 7;
    274D : 7;
    274E : 7;
    274F : 6;
    2750 : 6;
    2751 : 6;
    2752 : 6;
    2753 : D;
    2754 : D;
    2755 : D;
    2756 : D;
    2757 : D;
    2758 : D;
    2759 : 6;
    275A : 6;
    275B : D;
    275C : 6;
    275D : D;
    275E : 6;
    275F : 6;
    2760 : 6;
    2761 : D;
    2762 : 6;
    2763 : 6;
    2764 : D;
    2765 : 6;
    2766 : 6;
    2767 : 6;
    2768 : 6;
    2769 : 6;
    276A : 6;
    276B : 6;
    276C : 6;
    276D : D;
    276E : D;
    276F : 6;
    2770 : 6;
    2771 : D;
    2772 : D;
    2773 : 6;
    2774 : D;
    2775 : D;
    2776 : D;
    2777 : 6;
    2778 : 6;
    2779 : 6;
    277A : 6;
    277B : 6;
    277C : 6;
    277D : D;
    277E : D;
    277F : 5;
    2780 : 5;
    2781 : 5;
    2782 : 5;
    2783 : 5;
    2784 : 5;
    2785 : 5;
    2786 : 5;
    2787 : 5;
    2788 : 3;
    2789 : D;
    278A : 1;
    278B : D;
    278C : D;
    278D : D;
    278E : 6;
    278F : 6;
    2790 : 7;
    2791 : 6;
    2792 : 6;
    2793 : D;
    2794 : D;
    2795 : D;
    2796 : D;
    2797 : D;
    2798 : D;
    2799 : D;
    279A : D;
    279B : D;
    279C : 5;
    279D : 5;
    279E : 1;
    279F : 1;
    27A0 : 5;
    27A1 : D;
    27A2 : 6;
    27A3 : 6;
    27A4 : 6;
    27A5 : 6;
    27A6 : 6;
    27A7 : 6;
    27A8 : 6;
    27A9 : 6;
    27AA : 6;
    27AB : D;
    27AC : D;
    27AD : D;
    27AE : D;
    27AF : D;
    27B0 : 5;
    27B1 : 5;
    27B2 : 5;
    27B3 : D;
    27B4 : D;
    27B5 : D;
    27B6 : 6;
    27B7 : 6;
    27B8 : D;
    27B9 : D;
    27BA : D;
    27BB : D;
    27BC : D;
    27BD : D;
    27BE : D;
    27BF : D;
    27C0 : D;
    27C1 : D;
    27C2 : D;
    27C3 : D;
    27C4 : D;
    27C5 : D;
    27C6 : D;
    27C7 : D;
    27C8 : 6;
    27C9 : D;
    27CA : D;
    27CB : D;
    27CC : D;
    27CD : D;
    27CE : D;
    27CF : D;
    27D0 : D;
    27D1 : D;
    27D2 : D;
    27D3 : D;
    27D4 : D;
    27D5 : D;
    27D6 : D;
    27D7 : D;
    27D8 : 6;
    27D9 : 6;
    27DA : 6;
    27DB : 6;
    27DC : 6;
    27DD : 6;
    27DE : 6;
    27DF : 6;
    27E0 : 6;
    27E1 : 6;
    27E2 : 6;
    27E3 : 6;
    27E4 : 6;
    27E5 : 6;
    27E6 : 6;
    27E7 : 6;
    27E8 : 6;
    27E9 : 6;
    27EA : 6;
    27EB : 6;
    27EC : 6;
    27ED : 6;
    27EE : 6;
    27EF : 6;
    27F0 : 6;
    27F1 : 6;
    27F2 : 6;
    27F3 : 6;
    27F4 : 6;
    27F5 : 6;
    27F6 : 6;
    27F7 : 6;
    27F8 : 6;
    27F9 : 6;
    27FA : 6;
    27FB : 6;
    27FC : 6;
    27FD : 6;
    27FE : 6;
    27FF : 6;
    2800 : 6;
    2801 : 6;
    2802 : 6;
    2803 : 6;
    2804 : 6;
    2805 : 6;
    2806 : 6;
    2807 : 7;
    2808 : 7;
    2809 : 7;
    280A : 7;
    280B : 7;
    280C : 7;
    280D : 7;
    280E : 7;
    280F : 7;
    2810 : 7;
    2811 : 7;
    2812 : 7;
    2813 : 7;
    2814 : F;
    2815 : 7;
    2816 : 6;
    2817 : D;
    2818 : D;
    2819 : D;
    281A : D;
    281B : D;
    281C : D;
    281D : D;
    281E : D;
    281F : D;
    2820 : D;
    2821 : 6;
    2822 : D;
    2823 : 6;
    2824 : 6;
    2825 : 6;
    2826 : D;
    2827 : 6;
    2828 : 6;
    2829 : 6;
    282A : 6;
    282B : D;
    282C : 6;
    282D : 6;
    282E : 6;
    282F : 6;
    2830 : 6;
    2831 : D;
    2832 : 6;
    2833 : 6;
    2834 : D;
    2835 : D;
    2836 : 6;
    2837 : D;
    2838 : 6;
    2839 : 6;
    283A : 6;
    283B : 6;
    283C : 6;
    283D : 6;
    283E : 6;
    283F : 6;
    2840 : D;
    2841 : D;
    2842 : D;
    2843 : D;
    2844 : D;
    2845 : D;
    2846 : 5;
    2847 : 5;
    2848 : 5;
    2849 : 5;
    284A : 5;
    284B : 5;
    284C : 5;
    284D : 5;
    284E : 5;
    284F : 5;
    2850 : 3;
    2851 : 5;
    2852 : 1;
    2853 : D;
    2854 : 6;
    2855 : 6;
    2856 : 7;
    2857 : 6;
    2858 : 6;
    2859 : D;
    285A : D;
    285B : D;
    285C : D;
    285D : D;
    285E : D;
    285F : D;
    2860 : D;
    2861 : D;
    2862 : 5;
    2863 : 5;
    2864 : 5;
    2865 : 1;
    2866 : 1;
    2867 : 1;
    2868 : 1;
    2869 : 1;
    286A : 5;
    286B : 5;
    286C : 5;
    286D : D;
    286E : 6;
    286F : 6;
    2870 : 6;
    2871 : D;
    2872 : D;
    2873 : D;
    2874 : D;
    2875 : D;
    2876 : 5;
    2877 : 5;
    2878 : 5;
    2879 : 5;
    287A : D;
    287B : D;
    287C : D;
    287D : 6;
    287E : 6;
    287F : D;
    2880 : 5;
    2881 : D;
    2882 : D;
    2883 : D;
    2884 : D;
    2885 : D;
    2886 : D;
    2887 : D;
    2888 : D;
    2889 : D;
    288A : D;
    288B : D;
    288C : D;
    288D : D;
    288E : D;
    288F : D;
    2890 : D;
    2891 : D;
    2892 : D;
    2893 : D;
    2894 : D;
    2895 : D;
    2896 : D;
    2897 : D;
    2898 : D;
    2899 : D;
    289A : D;
    289B : D;
    289C : D;
    289D : D;
    289E : D;
    289F : D;
    28A0 : 6;
    28A1 : 6;
    28A2 : 6;
    28A3 : 6;
    28A4 : 6;
    28A5 : 6;
    28A6 : 6;
    28A7 : 6;
    28A8 : 6;
    28A9 : 6;
    28AA : 6;
    28AB : 6;
    28AC : 6;
    28AD : 6;
    28AE : 6;
    28AF : 6;
    28B0 : 6;
    28B1 : 6;
    28B2 : 6;
    28B3 : 6;
    28B4 : 6;
    28B5 : 6;
    28B6 : 6;
    28B7 : 6;
    28B8 : 6;
    28B9 : 6;
    28BA : 6;
    28BB : 6;
    28BC : 6;
    28BD : 6;
    28BE : 6;
    28BF : 6;
    28C0 : 6;
    28C1 : 6;
    28C2 : 6;
    28C3 : 6;
    28C4 : 6;
    28C5 : 6;
    28C6 : 6;
    28C7 : 6;
    28C8 : 6;
    28C9 : 6;
    28CA : 6;
    28CB : 6;
    28CC : 6;
    28CD : 6;
    28CE : 7;
    28CF : 7;
    28D0 : 7;
    28D1 : 7;
    28D2 : 7;
    28D3 : 7;
    28D4 : 7;
    28D5 : 7;
    28D6 : 7;
    28D7 : 7;
    28D8 : 7;
    28D9 : 7;
    28DA : 7;
    28DB : 7;
    28DC : F;
    28DD : 7;
    28DE : 6;
    28DF : D;
    28E0 : D;
    28E1 : D;
    28E2 : D;
    28E3 : D;
    28E4 : D;
    28E5 : D;
    28E6 : D;
    28E7 : D;
    28E8 : 6;
    28E9 : D;
    28EA : 6;
    28EB : D;
    28EC : D;
    28ED : 6;
    28EE : 6;
    28EF : D;
    28F0 : 6;
    28F1 : 6;
    28F2 : D;
    28F3 : 6;
    28F4 : 6;
    28F5 : D;
    28F6 : 6;
    28F7 : 6;
    28F8 : D;
    28F9 : 6;
    28FA : 6;
    28FB : 6;
    28FC : 6;
    28FD : 6;
    28FE : 6;
    28FF : 6;
    2900 : 6;
    2901 : D;
    2902 : 6;
    2903 : 6;
    2904 : 6;
    2905 : 6;
    2906 : 6;
    2907 : D;
    2908 : D;
    2909 : D;
    290A : D;
    290B : D;
    290C : D;
    290D : D;
    290E : D;
    290F : 5;
    2910 : 5;
    2911 : 5;
    2912 : 5;
    2913 : 5;
    2914 : 5;
    2915 : 5;
    2916 : 5;
    2917 : 3;
    2918 : 5;
    2919 : D;
    291A : 6;
    291B : 6;
    291C : 6;
    291D : 6;
    291E : 6;
    291F : D;
    2920 : D;
    2921 : D;
    2922 : D;
    2923 : D;
    2924 : D;
    2925 : D;
    2926 : D;
    2927 : D;
    2928 : 5;
    2929 : 5;
    292A : 5;
    292B : 1;
    292C : 1;
    292D : 1;
    292E : 1;
    292F : 1;
    2930 : 5;
    2931 : 5;
    2932 : 5;
    2933 : 5;
    2934 : 1;
    2935 : D;
    2936 : 6;
    2937 : D;
    2938 : D;
    2939 : D;
    293A : D;
    293B : D;
    293C : 5;
    293D : 5;
    293E : 1;
    293F : 1;
    2940 : 5;
    2941 : D;
    2942 : D;
    2943 : D;
    2944 : D;
    2945 : D;
    2946 : D;
    2947 : D;
    2948 : D;
    2949 : D;
    294A : D;
    294B : D;
    294C : 5;
    294D : 5;
    294E : D;
    294F : D;
    2950 : D;
    2951 : 6;
    2952 : D;
    2953 : 6;
    2954 : 6;
    2955 : 6;
    2956 : D;
    2957 : D;
    2958 : D;
    2959 : D;
    295A : D;
    295B : D;
    295C : D;
    295D : D;
    295E : D;
    295F : D;
    2960 : D;
    2961 : D;
    2962 : D;
    2963 : D;
    2964 : D;
    2965 : D;
    2966 : D;
    2967 : D;
    2968 : 6;
    2969 : 6;
    296A : 6;
    296B : 6;
    296C : 6;
    296D : 6;
    296E : 6;
    296F : 6;
    2970 : 6;
    2971 : 6;
    2972 : 6;
    2973 : 6;
    2974 : 6;
    2975 : 6;
    2976 : 6;
    2977 : 6;
    2978 : 6;
    2979 : 6;
    297A : 6;
    297B : 6;
    297C : 6;
    297D : 6;
    297E : 6;
    297F : 6;
    2980 : 6;
    2981 : 6;
    2982 : 6;
    2983 : 6;
    2984 : 6;
    2985 : 6;
    2986 : 6;
    2987 : 6;
    2988 : 6;
    2989 : 6;
    298A : 6;
    298B : 6;
    298C : 6;
    298D : 6;
    298E : 6;
    298F : 6;
    2990 : 6;
    2991 : 6;
    2992 : 6;
    2993 : 6;
    2994 : 6;
    2995 : 7;
    2996 : 7;
    2997 : 7;
    2998 : 7;
    2999 : 7;
    299A : 7;
    299B : 7;
    299C : 7;
    299D : 7;
    299E : 7;
    299F : 7;
    29A0 : 7;
    29A1 : 7;
    29A2 : 7;
    29A3 : 7;
    29A4 : 7;
    29A5 : 6;
    29A6 : D;
    29A7 : D;
    29A8 : D;
    29A9 : D;
    29AA : D;
    29AB : D;
    29AC : D;
    29AD : D;
    29AE : D;
    29AF : D;
    29B0 : D;
    29B1 : D;
    29B2 : 6;
    29B3 : 6;
    29B4 : 6;
    29B5 : 6;
    29B6 : 6;
    29B7 : 6;
    29B8 : 6;
    29B9 : 6;
    29BA : 6;
    29BB : 6;
    29BC : D;
    29BD : 6;
    29BE : 6;
    29BF : D;
    29C0 : 6;
    29C1 : 6;
    29C2 : 6;
    29C3 : 6;
    29C4 : D;
    29C5 : 6;
    29C6 : D;
    29C7 : D;
    29C8 : D;
    29C9 : D;
    29CA : D;
    29CB : D;
    29CC : D;
    29CD : D;
    29CE : D;
    29CF : D;
    29D0 : D;
    29D1 : D;
    29D2 : D;
    29D3 : D;
    29D4 : D;
    29D5 : D;
    29D6 : 5;
    29D7 : 5;
    29D8 : 5;
    29D9 : 5;
    29DA : 5;
    29DB : 5;
    29DC : 5;
    29DD : 5;
    29DE : 5;
    29DF : D;
    29E0 : 6;
    29E1 : 7;
    29E2 : 6;
    29E3 : 6;
    29E4 : 6;
    29E5 : D;
    29E6 : D;
    29E7 : D;
    29E8 : D;
    29E9 : D;
    29EA : D;
    29EB : D;
    29EC : D;
    29ED : D;
    29EE : D;
    29EF : 5;
    29F0 : 5;
    29F1 : 1;
    29F2 : 1;
    29F3 : 1;
    29F4 : 1;
    29F5 : 1;
    29F6 : 5;
    29F7 : 5;
    29F8 : 5;
    29F9 : 5;
    29FA : 5;
    29FB : 5;
    29FC : 1;
    29FD : D;
    29FE : D;
    29FF : D;
    2A00 : D;
    2A01 : D;
    2A02 : 5;
    2A03 : 5;
    2A04 : 1;
    2A05 : 1;
    2A06 : 1;
    2A07 : 1;
    2A08 : 1;
    2A09 : 1;
    2A0A : 5;
    2A0B : 5;
    2A0C : 1;
    2A0D : 1;
    2A0E : 5;
    2A0F : D;
    2A10 : D;
    2A11 : D;
    2A12 : 5;
    2A13 : 5;
    2A14 : 5;
    2A15 : D;
    2A16 : 6;
    2A17 : D;
    2A18 : D;
    2A19 : D;
    2A1A : 6;
    2A1B : 6;
    2A1C : D;
    2A1D : D;
    2A1E : D;
    2A1F : D;
    2A20 : D;
    2A21 : D;
    2A22 : D;
    2A23 : D;
    2A24 : D;
    2A25 : D;
    2A26 : D;
    2A27 : D;
    2A28 : D;
    2A29 : D;
    2A2A : D;
    2A2B : D;
    2A2C : D;
    2A2D : D;
    2A2E : D;
    2A2F : D;
    2A30 : 6;
    2A31 : 6;
    2A32 : 6;
    2A33 : 6;
    2A34 : 6;
    2A35 : 6;
    2A36 : 6;
    2A37 : 6;
    2A38 : 6;
    2A39 : 6;
    2A3A : 6;
    2A3B : 6;
    2A3C : 6;
    2A3D : 6;
    2A3E : 6;
    2A3F : 6;
    2A40 : 6;
    2A41 : 6;
    2A42 : 6;
    2A43 : 6;
    2A44 : 6;
    2A45 : 6;
    2A46 : 6;
    2A47 : 6;
    2A48 : 6;
    2A49 : 6;
    2A4A : 6;
    2A4B : 6;
    2A4C : 6;
    2A4D : 6;
    2A4E : 6;
    2A4F : 6;
    2A50 : 6;
    2A51 : 6;
    2A52 : 6;
    2A53 : 6;
    2A54 : 6;
    2A55 : 6;
    2A56 : 6;
    2A57 : 6;
    2A58 : 6;
    2A59 : 6;
    2A5A : 6;
    2A5B : 6;
    2A5C : 6;
    2A5D : 7;
    2A5E : 7;
    2A5F : 7;
    2A60 : 7;
    2A61 : 7;
    2A62 : 7;
    2A63 : 7;
    2A64 : 7;
    2A65 : 7;
    2A66 : 7;
    2A67 : 7;
    2A68 : 7;
    2A69 : 7;
    2A6A : 7;
    2A6B : 7;
    2A6C : 7;
    2A6D : 6;
    2A6E : D;
    2A6F : D;
    2A70 : D;
    2A71 : D;
    2A72 : D;
    2A73 : D;
    2A74 : D;
    2A75 : D;
    2A76 : D;
    2A77 : 6;
    2A78 : 6;
    2A79 : 6;
    2A7A : 6;
    2A7B : 6;
    2A7C : 6;
    2A7D : 6;
    2A7E : 6;
    2A7F : 6;
    2A80 : D;
    2A81 : 6;
    2A82 : D;
    2A83 : 6;
    2A84 : D;
    2A85 : D;
    2A86 : 6;
    2A87 : D;
    2A88 : 6;
    2A89 : 6;
    2A8A : 6;
    2A8B : D;
    2A8C : D;
    2A8D : D;
    2A8E : D;
    2A8F : D;
    2A90 : D;
    2A91 : D;
    2A92 : D;
    2A93 : D;
    2A94 : D;
    2A95 : D;
    2A96 : D;
    2A97 : D;
    2A98 : D;
    2A99 : D;
    2A9A : D;
    2A9B : D;
    2A9C : D;
    2A9D : D;
    2A9E : 5;
    2A9F : 5;
    2AA0 : 5;
    2AA1 : 5;
    2AA2 : 5;
    2AA3 : 5;
    2AA4 : D;
    2AA5 : 6;
    2AA6 : 6;
    2AA7 : 7;
    2AA8 : 6;
    2AA9 : 6;
    2AAA : 6;
    2AAB : D;
    2AAC : D;
    2AAD : D;
    2AAE : D;
    2AAF : D;
    2AB0 : D;
    2AB1 : D;
    2AB2 : D;
    2AB3 : D;
    2AB4 : D;
    2AB5 : 5;
    2AB6 : 5;
    2AB7 : 5;
    2AB8 : 1;
    2AB9 : 1;
    2ABA : 1;
    2ABB : 5;
    2ABC : 5;
    2ABD : 5;
    2ABE : 5;
    2ABF : 5;
    2AC0 : 5;
    2AC1 : 5;
    2AC2 : 5;
    2AC3 : 5;
    2AC4 : D;
    2AC5 : 6;
    2AC6 : 6;
    2AC7 : D;
    2AC8 : 5;
    2AC9 : 5;
    2ACA : 1;
    2ACB : 1;
    2ACC : 1;
    2ACD : 1;
    2ACE : 5;
    2ACF : 5;
    2AD0 : 5;
    2AD1 : 5;
    2AD2 : 5;
    2AD3 : 5;
    2AD4 : D;
    2AD5 : D;
    2AD6 : 6;
    2AD7 : D;
    2AD8 : 5;
    2AD9 : 5;
    2ADA : 1;
    2ADB : 1;
    2ADC : 5;
    2ADD : 5;
    2ADE : D;
    2ADF : D;
    2AE0 : D;
    2AE1 : D;
    2AE2 : D;
    2AE3 : D;
    2AE4 : D;
    2AE5 : D;
    2AE6 : D;
    2AE7 : D;
    2AE8 : D;
    2AE9 : D;
    2AEA : D;
    2AEB : D;
    2AEC : D;
    2AED : D;
    2AEE : D;
    2AEF : D;
    2AF0 : D;
    2AF1 : D;
    2AF2 : D;
    2AF3 : D;
    2AF4 : D;
    2AF5 : D;
    2AF6 : D;
    2AF7 : D;
    2AF8 : 6;
    2AF9 : 6;
    2AFA : 6;
    2AFB : 6;
    2AFC : 6;
    2AFD : 6;
    2AFE : 6;
    2AFF : 6;
    2B00 : 6;
    2B01 : 6;
    2B02 : 6;
    2B03 : 6;
    2B04 : 6;
    2B05 : 6;
    2B06 : 6;
    2B07 : 6;
    2B08 : 6;
    2B09 : 6;
    2B0A : 6;
    2B0B : 6;
    2B0C : 6;
    2B0D : 6;
    2B0E : 6;
    2B0F : 6;
    2B10 : 6;
    2B11 : 6;
    2B12 : 6;
    2B13 : 6;
    2B14 : 6;
    2B15 : 6;
    2B16 : 6;
    2B17 : 6;
    2B18 : 6;
    2B19 : 6;
    2B1A : 6;
    2B1B : 6;
    2B1C : 6;
    2B1D : 6;
    2B1E : 6;
    2B1F : 6;
    2B20 : 6;
    2B21 : 6;
    2B22 : 6;
    2B23 : 6;
    2B24 : 6;
    2B25 : 6;
    2B26 : 6;
    2B27 : 6;
    2B28 : 6;
    2B29 : F;
    2B2A : 7;
    2B2B : 7;
    2B2C : 7;
    2B2D : 7;
    2B2E : 7;
    2B2F : 7;
    2B30 : 7;
    2B31 : 7;
    2B32 : 7;
    2B33 : 7;
    2B34 : 6;
    2B35 : D;
    2B36 : D;
    2B37 : D;
    2B38 : D;
    2B39 : D;
    2B3A : D;
    2B3B : D;
    2B3C : D;
    2B3D : D;
    2B3E : D;
    2B3F : 6;
    2B40 : 6;
    2B41 : 6;
    2B42 : 6;
    2B43 : 6;
    2B44 : 6;
    2B45 : D;
    2B46 : 6;
    2B47 : D;
    2B48 : 6;
    2B49 : 6;
    2B4A : D;
    2B4B : 6;
    2B4C : D;
    2B4D : D;
    2B4E : D;
    2B4F : D;
    2B50 : 6;
    2B51 : D;
    2B52 : D;
    2B53 : D;
    2B54 : D;
    2B55 : D;
    2B56 : D;
    2B57 : D;
    2B58 : D;
    2B59 : D;
    2B5A : D;
    2B5B : D;
    2B5C : D;
    2B5D : D;
    2B5E : D;
    2B5F : D;
    2B60 : D;
    2B61 : D;
    2B62 : D;
    2B63 : D;
    2B64 : D;
    2B65 : D;
    2B66 : 5;
    2B67 : 5;
    2B68 : 5;
    2B69 : D;
    2B6A : 6;
    2B6B : 6;
    2B6C : 7;
    2B6D : 6;
    2B6E : 6;
    2B6F : 6;
    2B70 : 6;
    2B71 : D;
    2B72 : D;
    2B73 : D;
    2B74 : D;
    2B75 : D;
    2B76 : D;
    2B77 : D;
    2B78 : D;
    2B79 : D;
    2B7A : D;
    2B7B : D;
    2B7C : 5;
    2B7D : 5;
    2B7E : 1;
    2B7F : 1;
    2B80 : 1;
    2B81 : 5;
    2B82 : 5;
    2B83 : 5;
    2B84 : 5;
    2B85 : 5;
    2B86 : 5;
    2B87 : 5;
    2B88 : 5;
    2B89 : 5;
    2B8A : 1;
    2B8B : D;
    2B8C : D;
    2B8D : 5;
    2B8E : 1;
    2B8F : 1;
    2B90 : 1;
    2B91 : 1;
    2B92 : 1;
    2B93 : 5;
    2B94 : 5;
    2B95 : 5;
    2B96 : 5;
    2B97 : 5;
    2B98 : 5;
    2B99 : 5;
    2B9A : 1;
    2B9B : 5;
    2B9C : D;
    2B9D : 5;
    2B9E : 1;
    2B9F : 1;
    2BA0 : 1;
    2BA1 : 1;
    2BA2 : 1;
    2BA3 : 1;
    2BA4 : 5;
    2BA5 : 5;
    2BA6 : 5;
    2BA7 : 5;
    2BA8 : 5;
    2BA9 : 5;
    2BAA : 5;
    2BAB : D;
    2BAC : D;
    2BAD : D;
    2BAE : D;
    2BAF : D;
    2BB0 : D;
    2BB1 : D;
    2BB2 : D;
    2BB3 : D;
    2BB4 : D;
    2BB5 : D;
    2BB6 : D;
    2BB7 : D;
    2BB8 : D;
    2BB9 : D;
    2BBA : D;
    2BBB : D;
    2BBC : D;
    2BBD : D;
    2BBE : D;
    2BBF : D;
    2BC0 : 6;
    2BC1 : 6;
    2BC2 : 6;
    2BC3 : 6;
    2BC4 : 6;
    2BC5 : 6;
    2BC6 : 6;
    2BC7 : 6;
    2BC8 : 6;
    2BC9 : 6;
    2BCA : 6;
    2BCB : 6;
    2BCC : 6;
    2BCD : 6;
    2BCE : 6;
    2BCF : 6;
    2BD0 : 6;
    2BD1 : 6;
    2BD2 : 6;
    2BD3 : 6;
    2BD4 : 6;
    2BD5 : 6;
    2BD6 : 6;
    2BD7 : 6;
    2BD8 : 6;
    2BD9 : 6;
    2BDA : 6;
    2BDB : 6;
    2BDC : 6;
    2BDD : 6;
    2BDE : 6;
    2BDF : 6;
    2BE0 : 6;
    2BE1 : 6;
    2BE2 : 6;
    2BE3 : 6;
    2BE4 : 6;
    2BE5 : 6;
    2BE6 : 6;
    2BE7 : 6;
    2BE8 : 6;
    2BE9 : 6;
    2BEA : 6;
    2BEB : 6;
    2BEC : 6;
    2BED : 6;
    2BEE : 6;
    2BEF : 6;
    2BF0 : 6;
    2BF1 : 6;
    2BF2 : 6;
    2BF3 : 7;
    2BF4 : 7;
    2BF5 : 7;
    2BF6 : 7;
    2BF7 : 7;
    2BF8 : 7;
    2BF9 : 7;
    2BFA : 7;
    2BFB : 7;
    2BFC : 6;
    2BFD : D;
    2BFE : D;
    2BFF : D;
    2C00 : D;
    2C01 : D;
    2C02 : D;
    2C03 : D;
    2C04 : D;
    2C05 : D;
    2C06 : 6;
    2C07 : 6;
    2C08 : 6;
    2C09 : 6;
    2C0A : 6;
    2C0B : 6;
    2C0C : 6;
    2C0D : 6;
    2C0E : D;
    2C0F : D;
    2C10 : D;
    2C11 : 6;
    2C12 : D;
    2C13 : D;
    2C14 : D;
    2C15 : D;
    2C16 : D;
    2C17 : D;
    2C18 : D;
    2C19 : D;
    2C1A : D;
    2C1B : D;
    2C1C : D;
    2C1D : D;
    2C1E : D;
    2C1F : D;
    2C20 : D;
    2C21 : D;
    2C22 : D;
    2C23 : D;
    2C24 : D;
    2C25 : D;
    2C26 : D;
    2C27 : D;
    2C28 : 6;
    2C29 : D;
    2C2A : D;
    2C2B : D;
    2C2C : D;
    2C2D : D;
    2C2E : D;
    2C2F : 6;
    2C30 : 6;
    2C31 : 7;
    2C32 : 6;
    2C33 : 6;
    2C34 : 6;
    2C35 : 6;
    2C36 : D;
    2C37 : D;
    2C38 : D;
    2C39 : D;
    2C3A : D;
    2C3B : D;
    2C3C : D;
    2C3D : D;
    2C3E : D;
    2C3F : D;
    2C40 : D;
    2C41 : D;
    2C42 : 5;
    2C43 : 5;
    2C44 : 5;
    2C45 : 1;
    2C46 : 1;
    2C47 : 5;
    2C48 : 5;
    2C49 : 5;
    2C4A : 5;
    2C4B : 5;
    2C4C : 5;
    2C4D : 5;
    2C4E : 5;
    2C4F : 5;
    2C50 : 5;
    2C51 : 5;
    2C52 : D;
    2C53 : D;
    2C54 : D;
    2C55 : 5;
    2C56 : 1;
    2C57 : 1;
    2C58 : 1;
    2C59 : 5;
    2C5A : 5;
    2C5B : 5;
    2C5C : 5;
    2C5D : 5;
    2C5E : 5;
    2C5F : 5;
    2C60 : 5;
    2C61 : 5;
    2C62 : 5;
    2C63 : D;
    2C64 : D;
    2C65 : D;
    2C66 : 5;
    2C67 : 1;
    2C68 : 1;
    2C69 : 1;
    2C6A : 5;
    2C6B : 1;
    2C6C : 1;
    2C6D : 5;
    2C6E : 5;
    2C6F : 5;
    2C70 : 5;
    2C71 : 5;
    2C72 : 5;
    2C73 : D;
    2C74 : D;
    2C75 : 6;
    2C76 : 6;
    2C77 : 6;
    2C78 : 6;
    2C79 : 6;
    2C7A : 6;
    2C7B : 6;
    2C7C : 6;
    2C7D : 6;
    2C7E : 6;
    2C7F : D;
    2C80 : D;
    2C81 : D;
    2C82 : D;
    2C83 : D;
    2C84 : D;
    2C85 : D;
    2C86 : D;
    2C87 : D;
    2C88 : 6;
    2C89 : 6;
    2C8A : 6;
    2C8B : 6;
    2C8C : 6;
    2C8D : 6;
    2C8E : 6;
    2C8F : 6;
    2C90 : 6;
    2C91 : 6;
    2C92 : 6;
    2C93 : 6;
    2C94 : 6;
    2C95 : 6;
    2C96 : 6;
    2C97 : 6;
    2C98 : 6;
    2C99 : 6;
    2C9A : 6;
    2C9B : 6;
    2C9C : 6;
    2C9D : 6;
    2C9E : 6;
    2C9F : 6;
    2CA0 : 6;
    2CA1 : 6;
    2CA2 : 6;
    2CA3 : 6;
    2CA4 : 6;
    2CA5 : 6;
    2CA6 : 6;
    2CA7 : 6;
    2CA8 : 6;
    2CA9 : 6;
    2CAA : 6;
    2CAB : 6;
    2CAC : 6;
    2CAD : 6;
    2CAE : 6;
    2CAF : 6;
    2CB0 : 6;
    2CB1 : 6;
    2CB2 : 6;
    2CB3 : 6;
    2CB4 : 6;
    2CB5 : 6;
    2CB6 : 6;
    2CB7 : 6;
    2CB8 : 6;
    2CB9 : 6;
    2CBA : F;
    2CBB : F;
    2CBC : 7;
    2CBD : 7;
    2CBE : 7;
    2CBF : 7;
    2CC0 : 7;
    2CC1 : 6;
    2CC2 : 6;
    2CC3 : 6;
    2CC4 : D;
    2CC5 : D;
    2CC6 : D;
    2CC7 : D;
    2CC8 : D;
    2CC9 : D;
    2CCA : D;
    2CCB : D;
    2CCC : D;
    2CCD : D;
    2CCE : D;
    2CCF : 6;
    2CD0 : 6;
    2CD1 : 6;
    2CD2 : D;
    2CD3 : D;
    2CD4 : D;
    2CD5 : 6;
    2CD6 : D;
    2CD7 : D;
    2CD8 : D;
    2CD9 : D;
    2CDA : D;
    2CDB : D;
    2CDC : D;
    2CDD : D;
    2CDE : 6;
    2CDF : 6;
    2CE0 : D;
    2CE1 : D;
    2CE2 : D;
    2CE3 : D;
    2CE4 : D;
    2CE5 : D;
    2CE6 : D;
    2CE7 : D;
    2CE8 : D;
    2CE9 : D;
    2CEA : D;
    2CEB : D;
    2CEC : D;
    2CED : 6;
    2CEE : 6;
    2CEF : 6;
    2CF0 : 6;
    2CF1 : D;
    2CF2 : D;
    2CF3 : D;
    2CF4 : 6;
    2CF5 : 6;
    2CF6 : 6;
    2CF7 : 7;
    2CF8 : 6;
    2CF9 : 6;
    2CFA : 6;
    2CFB : 6;
    2CFC : D;
    2CFD : D;
    2CFE : D;
    2CFF : D;
    2D00 : D;
    2D01 : D;
    2D02 : D;
    2D03 : D;
    2D04 : D;
    2D05 : D;
    2D06 : D;
    2D07 : D;
    2D08 : 5;
    2D09 : 5;
    2D0A : 5;
    2D0B : 1;
    2D0C : 1;
    2D0D : 5;
    2D0E : 5;
    2D0F : 5;
    2D10 : 5;
    2D11 : 5;
    2D12 : 5;
    2D13 : 5;
    2D14 : 5;
    2D15 : 5;
    2D16 : D;
    2D17 : D;
    2D18 : 6;
    2D19 : 6;
    2D1A : 6;
    2D1B : 6;
    2D1C : 6;
    2D1D : 6;
    2D1E : 6;
    2D1F : 5;
    2D20 : 5;
    2D21 : 5;
    2D22 : 5;
    2D23 : 5;
    2D24 : 5;
    2D25 : 5;
    2D26 : 5;
    2D27 : D;
    2D28 : D;
    2D29 : 6;
    2D2A : 6;
    2D2B : 6;
    2D2C : 6;
    2D2D : 6;
    2D2E : 6;
    2D2F : 5;
    2D30 : 5;
    2D31 : 5;
    2D32 : D;
    2D33 : D;
    2D34 : D;
    2D35 : 5;
    2D36 : 5;
    2D37 : 5;
    2D38 : D;
    2D39 : 6;
    2D3A : 6;
    2D3B : 6;
    2D3C : 6;
    2D3D : 6;
    2D3E : 6;
    2D3F : 6;
    2D40 : 6;
    2D41 : 6;
    2D42 : 6;
    2D43 : 6;
    2D44 : 6;
    2D45 : 6;
    2D46 : D;
    2D47 : D;
    2D48 : D;
    2D49 : D;
    2D4A : D;
    2D4B : D;
    2D4C : D;
    2D4D : D;
    2D4E : D;
    2D4F : D;
    2D50 : 6;
    2D51 : 6;
    2D52 : 6;
    2D53 : 6;
    2D54 : 6;
    2D55 : 6;
    2D56 : 6;
    2D57 : 6;
    2D58 : 6;
    2D59 : 6;
    2D5A : 6;
    2D5B : 6;
    2D5C : 6;
    2D5D : 6;
    2D5E : 6;
    2D5F : 6;
    2D60 : 6;
    2D61 : 6;
    2D62 : 6;
    2D63 : 6;
    2D64 : 6;
    2D65 : 6;
    2D66 : 6;
    2D67 : 6;
    2D68 : 6;
    2D69 : 6;
    2D6A : 6;
    2D6B : 6;
    2D6C : 6;
    2D6D : 6;
    2D6E : 6;
    2D6F : 6;
    2D70 : 6;
    2D71 : 6;
    2D72 : 6;
    2D73 : 6;
    2D74 : 6;
    2D75 : 6;
    2D76 : 6;
    2D77 : 6;
    2D78 : 6;
    2D79 : 6;
    2D7A : 6;
    2D7B : 6;
    2D7C : 6;
    2D7D : 6;
    2D7E : 6;
    2D7F : 6;
    2D80 : 6;
    2D81 : 6;
    2D82 : F;
    2D83 : 6;
    2D84 : 6;
    2D85 : 6;
    2D86 : 6;
    2D87 : 6;
    2D88 : 6;
    2D89 : 6;
    2D8A : 7;
    2D8B : 6;
    2D8C : D;
    2D8D : D;
    2D8E : D;
    2D8F : D;
    2D90 : D;
    2D91 : D;
    2D92 : D;
    2D93 : D;
    2D94 : D;
    2D95 : D;
    2D96 : D;
    2D97 : D;
    2D98 : D;
    2D99 : D;
    2D9A : 6;
    2D9B : D;
    2D9C : D;
    2D9D : D;
    2D9E : D;
    2D9F : 6;
    2DA0 : D;
    2DA1 : D;
    2DA2 : D;
    2DA3 : D;
    2DA4 : D;
    2DA5 : 6;
    2DA6 : D;
    2DA7 : D;
    2DA8 : D;
    2DA9 : D;
    2DAA : D;
    2DAB : D;
    2DAC : D;
    2DAD : D;
    2DAE : 6;
    2DAF : 6;
    2DB0 : D;
    2DB1 : D;
    2DB2 : 6;
    2DB3 : D;
    2DB4 : 6;
    2DB5 : 6;
    2DB6 : 6;
    2DB7 : 6;
    2DB8 : D;
    2DB9 : D;
    2DBA : 6;
    2DBB : 6;
    2DBC : 7;
    2DBD : 6;
    2DBE : 6;
    2DBF : 6;
    2DC0 : 6;
    2DC1 : 6;
    2DC2 : D;
    2DC3 : D;
    2DC4 : D;
    2DC5 : D;
    2DC6 : D;
    2DC7 : D;
    2DC8 : D;
    2DC9 : D;
    2DCA : D;
    2DCB : D;
    2DCC : D;
    2DCD : D;
    2DCE : D;
    2DCF : 5;
    2DD0 : 5;
    2DD1 : 5;
    2DD2 : 1;
    2DD3 : 1;
    2DD4 : 1;
    2DD5 : 1;
    2DD6 : 1;
    2DD7 : 1;
    2DD8 : 1;
    2DD9 : 1;
    2DDA : 1;
    2DDB : 1;
    2DDC : 5;
    2DDD : D;
    2DDE : D;
    2DDF : D;
    2DE0 : D;
    2DE1 : D;
    2DE2 : D;
    2DE3 : D;
    2DE4 : D;
    2DE5 : D;
    2DE6 : D;
    2DE7 : D;
    2DE8 : D;
    2DE9 : D;
    2DEA : D;
    2DEB : D;
    2DEC : D;
    2DED : D;
    2DEE : D;
    2DEF : D;
    2DF0 : D;
    2DF1 : D;
    2DF2 : D;
    2DF3 : D;
    2DF4 : D;
    2DF5 : D;
    2DF6 : D;
    2DF7 : D;
    2DF8 : D;
    2DF9 : D;
    2DFA : D;
    2DFB : D;
    2DFC : D;
    2DFD : D;
    2DFE : D;
    2DFF : D;
    2E00 : D;
    2E01 : D;
    2E02 : D;
    2E03 : D;
    2E04 : D;
    2E05 : D;
    2E06 : D;
    2E07 : D;
    2E08 : D;
    2E09 : D;
    2E0A : D;
    2E0B : D;
    2E0C : 5;
    2E0D : 5;
    2E0E : D;
    2E0F : D;
    2E10 : D;
    2E11 : D;
    2E12 : D;
    2E13 : D;
    2E14 : D;
    2E15 : D;
    2E16 : 5;
    2E17 : 5;
    2E18 : 6;
    2E19 : 6;
    2E1A : 6;
    2E1B : 6;
    2E1C : 6;
    2E1D : 6;
    2E1E : 6;
    2E1F : 6;
    2E20 : 6;
    2E21 : 6;
    2E22 : 6;
    2E23 : 6;
    2E24 : 6;
    2E25 : 6;
    2E26 : 6;
    2E27 : 6;
    2E28 : 6;
    2E29 : 6;
    2E2A : 6;
    2E2B : 6;
    2E2C : 6;
    2E2D : 6;
    2E2E : 6;
    2E2F : 6;
    2E30 : 6;
    2E31 : 6;
    2E32 : 6;
    2E33 : 6;
    2E34 : 6;
    2E35 : 6;
    2E36 : 6;
    2E37 : 6;
    2E38 : 6;
    2E39 : 6;
    2E3A : 6;
    2E3B : 6;
    2E3C : 6;
    2E3D : 6;
    2E3E : 6;
    2E3F : 6;
    2E40 : 6;
    2E41 : 6;
    2E42 : 6;
    2E43 : 6;
    2E44 : 6;
    2E45 : 6;
    2E46 : 6;
    2E47 : 6;
    2E48 : 6;
    2E49 : 6;
    2E4A : 6;
    2E4B : 6;
    2E4C : 6;
    2E4D : 6;
    2E4E : 6;
    2E4F : 6;
    2E50 : 6;
    2E51 : 7;
    2E52 : 7;
    2E53 : 6;
    2E54 : D;
    2E55 : D;
    2E56 : D;
    2E57 : D;
    2E58 : D;
    2E59 : D;
    2E5A : D;
    2E5B : D;
    2E5C : D;
    2E5D : D;
    2E5E : D;
    2E5F : D;
    2E60 : D;
    2E61 : D;
    2E62 : D;
    2E63 : D;
    2E64 : D;
    2E65 : 6;
    2E66 : D;
    2E67 : D;
    2E68 : D;
    2E69 : D;
    2E6A : D;
    2E6B : D;
    2E6C : D;
    2E6D : 6;
    2E6E : D;
    2E6F : D;
    2E70 : D;
    2E71 : D;
    2E72 : 6;
    2E73 : 6;
    2E74 : 6;
    2E75 : 6;
    2E76 : 6;
    2E77 : 6;
    2E78 : 6;
    2E79 : 6;
    2E7A : 6;
    2E7B : 6;
    2E7C : 6;
    2E7D : 6;
    2E7E : 6;
    2E7F : 6;
    2E80 : 6;
    2E81 : 6;
    2E82 : 7;
    2E83 : 6;
    2E84 : 6;
    2E85 : 6;
    2E86 : 6;
    2E87 : 6;
    2E88 : D;
    2E89 : D;
    2E8A : D;
    2E8B : D;
    2E8C : D;
    2E8D : D;
    2E8E : D;
    2E8F : D;
    2E90 : D;
    2E91 : D;
    2E92 : D;
    2E93 : D;
    2E94 : D;
    2E95 : 5;
    2E96 : 5;
    2E97 : 5;
    2E98 : 1;
    2E99 : 1;
    2E9A : 1;
    2E9B : 1;
    2E9C : 1;
    2E9D : 1;
    2E9E : 1;
    2E9F : 1;
    2EA0 : 1;
    2EA1 : 1;
    2EA2 : 5;
    2EA3 : 5;
    2EA4 : 5;
    2EA5 : 5;
    2EA6 : 5;
    2EA7 : 5;
    2EA8 : 5;
    2EA9 : 5;
    2EAA : 5;
    2EAB : 5;
    2EAC : 5;
    2EAD : 5;
    2EAE : 5;
    2EAF : 5;
    2EB0 : 5;
    2EB1 : 5;
    2EB2 : 5;
    2EB3 : 5;
    2EB4 : 5;
    2EB5 : 5;
    2EB6 : 5;
    2EB7 : 5;
    2EB8 : 5;
    2EB9 : 5;
    2EBA : 5;
    2EBB : 5;
    2EBC : 5;
    2EBD : 5;
    2EBE : 5;
    2EBF : 5;
    2EC0 : 5;
    2EC1 : 5;
    2EC2 : 5;
    2EC3 : 5;
    2EC4 : 5;
    2EC5 : 5;
    2EC6 : 5;
    2EC7 : 5;
    2EC8 : 3;
    2EC9 : 3;
    2ECA : 3;
    2ECB : 3;
    2ECC : 3;
    2ECD : 3;
    2ECE : 3;
    2ECF : 3;
    2ED0 : 3;
    2ED1 : 3;
    2ED2 : 1;
    2ED3 : 5;
    2ED4 : D;
    2ED5 : D;
    2ED6 : D;
    2ED7 : D;
    2ED8 : D;
    2ED9 : D;
    2EDA : D;
    2EDB : D;
    2EDC : D;
    2EDD : D;
    2EDE : D;
    2EDF : D;
    2EE0 : 6;
    2EE1 : 6;
    2EE2 : 6;
    2EE3 : 6;
    2EE4 : 6;
    2EE5 : 6;
    2EE6 : 6;
    2EE7 : 6;
    2EE8 : 6;
    2EE9 : 6;
    2EEA : 6;
    2EEB : 6;
    2EEC : 6;
    2EED : 6;
    2EEE : 6;
    2EEF : 6;
    2EF0 : 6;
    2EF1 : 6;
    2EF2 : 6;
    2EF3 : 6;
    2EF4 : 6;
    2EF5 : 6;
    2EF6 : 6;
    2EF7 : 6;
    2EF8 : 6;
    2EF9 : 6;
    2EFA : 6;
    2EFB : 6;
    2EFC : 6;
    2EFD : 6;
    2EFE : 6;
    2EFF : 6;
    2F00 : 6;
    2F01 : 6;
    2F02 : 6;
    2F03 : 6;
    2F04 : 6;
    2F05 : 6;
    2F06 : 6;
    2F07 : 6;
    2F08 : 6;
    2F09 : 6;
    2F0A : 6;
    2F0B : 6;
    2F0C : 6;
    2F0D : 6;
    2F0E : 6;
    2F0F : 6;
    2F10 : 6;
    2F11 : 6;
    2F12 : 6;
    2F13 : 6;
    2F14 : 6;
    2F15 : 6;
    2F16 : 6;
    2F17 : 6;
    2F18 : 7;
    2F19 : 6;
    2F1A : 6;
    2F1B : D;
    2F1C : D;
    2F1D : D;
    2F1E : D;
    2F1F : D;
    2F20 : D;
    2F21 : D;
    2F22 : D;
    2F23 : D;
    2F24 : D;
    2F25 : D;
    2F26 : D;
    2F27 : 6;
    2F28 : D;
    2F29 : D;
    2F2A : D;
    2F2B : D;
    2F2C : D;
    2F2D : D;
    2F2E : D;
    2F2F : D;
    2F30 : D;
    2F31 : 6;
    2F32 : D;
    2F33 : D;
    2F34 : D;
    2F35 : D;
    2F36 : D;
    2F37 : 6;
    2F38 : 6;
    2F39 : 6;
    2F3A : 6;
    2F3B : 6;
    2F3C : 6;
    2F3D : 6;
    2F3E : 6;
    2F3F : 6;
    2F40 : 6;
    2F41 : 6;
    2F42 : 6;
    2F43 : 6;
    2F44 : 6;
    2F45 : 6;
    2F46 : 7;
    2F47 : 7;
    2F48 : 7;
    2F49 : 6;
    2F4A : 6;
    2F4B : 6;
    2F4C : 6;
    2F4D : 6;
    2F4E : D;
    2F4F : D;
    2F50 : D;
    2F51 : D;
    2F52 : D;
    2F53 : D;
    2F54 : D;
    2F55 : D;
    2F56 : D;
    2F57 : D;
    2F58 : D;
    2F59 : D;
    2F5A : D;
    2F5B : D;
    2F5C : 5;
    2F5D : 5;
    2F5E : 1;
    2F5F : 1;
    2F60 : 1;
    2F61 : 1;
    2F62 : 1;
    2F63 : 1;
    2F64 : 1;
    2F65 : 1;
    2F66 : 1;
    2F67 : 1;
    2F68 : 5;
    2F69 : 5;
    2F6A : 5;
    2F6B : 5;
    2F6C : 5;
    2F6D : 5;
    2F6E : 5;
    2F6F : 5;
    2F70 : 5;
    2F71 : 5;
    2F72 : 5;
    2F73 : 5;
    2F74 : 5;
    2F75 : 5;
    2F76 : 5;
    2F77 : 3;
    2F78 : 3;
    2F79 : 3;
    2F7A : 3;
    2F7B : 3;
    2F7C : 3;
    2F7D : 3;
    2F7E : 3;
    2F7F : 3;
    2F80 : 3;
    2F81 : 3;
    2F82 : 3;
    2F83 : 3;
    2F84 : 3;
    2F85 : 3;
    2F86 : 3;
    2F87 : 3;
    2F88 : 3;
    2F89 : 3;
    2F8A : 3;
    2F8B : 3;
    2F8C : 3;
    2F8D : 3;
    2F8E : 3;
    2F8F : 3;
    2F90 : 3;
    2F91 : 3;
    2F92 : 5;
    2F93 : 5;
    2F94 : 3;
    2F95 : 3;
    2F96 : 3;
    2F97 : 3;
    2F98 : 3;
    2F99 : 1;
    2F9A : 5;
    2F9B : D;
    2F9C : 5;
    2F9D : D;
    2F9E : D;
    2F9F : D;
    2FA0 : D;
    2FA1 : D;
    2FA2 : D;
    2FA3 : 5;
    2FA4 : 5;
    2FA5 : 5;
    2FA6 : 5;
    2FA7 : 5;
    2FA8 : 6;
    2FA9 : 6;
    2FAA : 6;
    2FAB : 6;
    2FAC : 6;
    2FAD : 6;
    2FAE : 6;
    2FAF : 6;
    2FB0 : 6;
    2FB1 : 6;
    2FB2 : 6;
    2FB3 : 6;
    2FB4 : 6;
    2FB5 : 6;
    2FB6 : 6;
    2FB7 : 6;
    2FB8 : 6;
    2FB9 : 6;
    2FBA : 6;
    2FBB : 6;
    2FBC : 6;
    2FBD : 6;
    2FBE : 6;
    2FBF : 6;
    2FC0 : 6;
    2FC1 : 6;
    2FC2 : 6;
    2FC3 : 6;
    2FC4 : 6;
    2FC5 : 6;
    2FC6 : 6;
    2FC7 : 6;
    2FC8 : 6;
    2FC9 : 6;
    2FCA : 6;
    2FCB : 6;
    2FCC : 6;
    2FCD : 6;
    2FCE : 6;
    2FCF : 6;
    2FD0 : 6;
    2FD1 : 6;
    2FD2 : 6;
    2FD3 : 6;
    2FD4 : 6;
    2FD5 : 6;
    2FD6 : 6;
    2FD7 : 6;
    2FD8 : 6;
    2FD9 : 6;
    2FDA : 6;
    2FDB : 6;
    2FDC : 6;
    2FDD : 6;
    2FDE : 6;
    2FDF : 6;
    2FE0 : 6;
    2FE1 : 6;
    2FE2 : D;
    2FE3 : D;
    2FE4 : D;
    2FE5 : D;
    2FE6 : D;
    2FE7 : D;
    2FE8 : D;
    2FE9 : D;
    2FEA : D;
    2FEB : D;
    2FEC : 6;
    2FED : D;
    2FEE : D;
    2FEF : D;
    2FF0 : D;
    2FF1 : 6;
    2FF2 : D;
    2FF3 : D;
    2FF4 : D;
    2FF5 : D;
    2FF6 : D;
    2FF7 : D;
    2FF8 : D;
    2FF9 : D;
    2FFA : D;
    2FFB : D;
    2FFC : D;
    2FFD : 6;
    2FFE : 6;
    2FFF : 6;
    3000 : 6;
    3001 : 6;
    3002 : 6;
    3003 : 6;
    3004 : 6;
    3005 : 6;
    3006 : 6;
    3007 : 6;
    3008 : 6;
    3009 : 6;
    300A : 6;
    300B : 6;
    300C : 7;
    300D : 7;
    300E : 6;
    300F : 6;
    3010 : 6;
    3011 : 6;
    3012 : 6;
    3013 : D;
    3014 : D;
    3015 : D;
    3016 : D;
    3017 : D;
    3018 : D;
    3019 : D;
    301A : D;
    301B : D;
    301C : D;
    301D : D;
    301E : D;
    301F : D;
    3020 : D;
    3021 : D;
    3022 : 5;
    3023 : 5;
    3024 : 5;
    3025 : 1;
    3026 : 1;
    3027 : 1;
    3028 : 1;
    3029 : 1;
    302A : 1;
    302B : 1;
    302C : 1;
    302D : 1;
    302E : 5;
    302F : 5;
    3030 : 5;
    3031 : 5;
    3032 : 5;
    3033 : 5;
    3034 : 5;
    3035 : 5;
    3036 : 5;
    3037 : 5;
    3038 : 5;
    3039 : 5;
    303A : 5;
    303B : 5;
    303C : 5;
    303D : 5;
    303E : 5;
    303F : 5;
    3040 : 5;
    3041 : 5;
    3042 : 5;
    3043 : 5;
    3044 : 5;
    3045 : 5;
    3046 : 5;
    3047 : 5;
    3048 : 5;
    3049 : 5;
    304A : 5;
    304B : 5;
    304C : 5;
    304D : 5;
    304E : 5;
    304F : 5;
    3050 : 5;
    3051 : 5;
    3052 : 5;
    3053 : 5;
    3054 : D;
    3055 : 5;
    3056 : D;
    3057 : 5;
    3058 : D;
    3059 : D;
    305A : D;
    305B : D;
    305C : 5;
    305D : 5;
    305E : 3;
    305F : 3;
    3060 : 5;
    3061 : 5;
    3062 : D;
    3063 : D;
    3064 : D;
    3065 : D;
    3066 : D;
    3067 : D;
    3068 : D;
    3069 : 5;
    306A : 5;
    306B : 5;
    306C : D;
    306D : D;
    306E : D;
    306F : D;
    3070 : 6;
    3071 : 6;
    3072 : 6;
    3073 : 6;
    3074 : 6;
    3075 : 6;
    3076 : 6;
    3077 : 6;
    3078 : 6;
    3079 : 6;
    307A : 6;
    307B : 6;
    307C : 6;
    307D : 6;
    307E : 6;
    307F : 6;
    3080 : 6;
    3081 : 6;
    3082 : 6;
    3083 : 6;
    3084 : 6;
    3085 : 6;
    3086 : 6;
    3087 : 6;
    3088 : 6;
    3089 : 6;
    308A : 6;
    308B : 6;
    308C : 6;
    308D : 6;
    308E : 6;
    308F : 6;
    3090 : 6;
    3091 : 6;
    3092 : 6;
    3093 : 6;
    3094 : 6;
    3095 : 6;
    3096 : 6;
    3097 : 6;
    3098 : 6;
    3099 : 6;
    309A : 6;
    309B : 6;
    309C : 6;
    309D : 6;
    309E : 6;
    309F : 6;
    30A0 : 6;
    30A1 : 6;
    30A2 : 6;
    30A3 : 6;
    30A4 : 6;
    30A5 : 6;
    30A6 : 6;
    30A7 : 6;
    30A8 : D;
    30A9 : D;
    30AA : D;
    30AB : D;
    30AC : D;
    30AD : D;
    30AE : D;
    30AF : D;
    30B0 : D;
    30B1 : D;
    30B2 : D;
    30B3 : D;
    30B4 : 6;
    30B5 : D;
    30B6 : 6;
    30B7 : D;
    30B8 : D;
    30B9 : D;
    30BA : D;
    30BB : D;
    30BC : D;
    30BD : D;
    30BE : D;
    30BF : D;
    30C0 : D;
    30C1 : D;
    30C2 : D;
    30C3 : D;
    30C4 : 6;
    30C5 : 6;
    30C6 : 6;
    30C7 : 6;
    30C8 : 6;
    30C9 : 6;
    30CA : 6;
    30CB : 6;
    30CC : 6;
    30CD : 6;
    30CE : 6;
    30CF : 6;
    30D0 : 6;
    30D1 : 7;
    30D2 : 7;
    30D3 : 7;
    30D4 : 6;
    30D5 : 6;
    30D6 : 6;
    30D7 : 6;
    30D8 : 6;
    30D9 : D;
    30DA : D;
    30DB : D;
    30DC : D;
    30DD : D;
    30DE : D;
    30DF : D;
    30E0 : D;
    30E1 : D;
    30E2 : D;
    30E3 : D;
    30E4 : D;
    30E5 : D;
    30E6 : D;
    30E7 : D;
    30E8 : D;
    30E9 : 5;
    30EA : 5;
    30EB : 1;
    30EC : 1;
    30ED : 5;
    30EE : 5;
    30EF : 5;
    30F0 : 5;
    30F1 : 5;
    30F2 : 5;
    30F3 : 1;
    30F4 : 5;
    30F5 : 5;
    30F6 : 5;
    30F7 : 5;
    30F8 : 5;
    30F9 : 5;
    30FA : 5;
    30FB : 5;
    30FC : 5;
    30FD : 5;
    30FE : 5;
    30FF : 5;
    3100 : 5;
    3101 : 5;
    3102 : 5;
    3103 : 5;
    3104 : 5;
    3105 : 5;
    3106 : 5;
    3107 : 5;
    3108 : 5;
    3109 : 5;
    310A : 5;
    310B : 5;
    310C : D;
    310D : D;
    310E : D;
    310F : D;
    3110 : D;
    3111 : D;
    3112 : D;
    3113 : D;
    3114 : D;
    3115 : D;
    3116 : D;
    3117 : D;
    3118 : D;
    3119 : D;
    311A : D;
    311B : D;
    311C : D;
    311D : D;
    311E : D;
    311F : D;
    3120 : D;
    3121 : D;
    3122 : D;
    3123 : D;
    3124 : 5;
    3125 : 5;
    3126 : 5;
    3127 : 5;
    3128 : 5;
    3129 : D;
    312A : D;
    312B : D;
    312C : D;
    312D : D;
    312E : D;
    312F : 5;
    3130 : 5;
    3131 : 5;
    3132 : D;
    3133 : D;
    3134 : D;
    3135 : D;
    3136 : D;
    3137 : D;
    3138 : 6;
    3139 : 6;
    313A : 6;
    313B : 6;
    313C : 6;
    313D : 6;
    313E : 6;
    313F : 6;
    3140 : 6;
    3141 : 6;
    3142 : 6;
    3143 : 6;
    3144 : 6;
    3145 : 6;
    3146 : 6;
    3147 : 6;
    3148 : 6;
    3149 : 6;
    314A : 6;
    314B : 6;
    314C : 6;
    314D : 6;
    314E : 6;
    314F : 6;
    3150 : 6;
    3151 : 6;
    3152 : 6;
    3153 : 6;
    3154 : 6;
    3155 : 6;
    3156 : 6;
    3157 : 6;
    3158 : 6;
    3159 : 6;
    315A : 6;
    315B : 6;
    315C : 6;
    315D : 6;
    315E : 6;
    315F : 6;
    3160 : 6;
    3161 : 6;
    3162 : 6;
    3163 : 6;
    3164 : 6;
    3165 : 6;
    3166 : 6;
    3167 : 6;
    3168 : 6;
    3169 : 6;
    316A : 6;
    316B : 6;
    316C : 6;
    316D : 6;
    316E : 6;
    316F : D;
    3170 : D;
    3171 : D;
    3172 : D;
    3173 : D;
    3174 : D;
    3175 : D;
    3176 : D;
    3177 : D;
    3178 : D;
    3179 : 6;
    317A : D;
    317B : D;
    317C : D;
    317D : D;
    317E : D;
    317F : D;
    3180 : D;
    3181 : D;
    3182 : D;
    3183 : D;
    3184 : D;
    3185 : D;
    3186 : D;
    3187 : D;
    3188 : D;
    3189 : D;
    318A : D;
    318B : D;
    318C : D;
    318D : 6;
    318E : 6;
    318F : 6;
    3190 : 6;
    3191 : 6;
    3192 : 6;
    3193 : 6;
    3194 : 6;
    3195 : 6;
    3196 : 6;
    3197 : 7;
    3198 : 7;
    3199 : 7;
    319A : 6;
    319B : 6;
    319C : 6;
    319D : 6;
    319E : 6;
    319F : D;
    31A0 : D;
    31A1 : D;
    31A2 : D;
    31A3 : D;
    31A4 : D;
    31A5 : D;
    31A6 : D;
    31A7 : D;
    31A8 : D;
    31A9 : D;
    31AA : D;
    31AB : D;
    31AC : D;
    31AD : D;
    31AE : D;
    31AF : 5;
    31B0 : 5;
    31B1 : 5;
    31B2 : 5;
    31B3 : 5;
    31B4 : 5;
    31B5 : 5;
    31B6 : 5;
    31B7 : 5;
    31B8 : 5;
    31B9 : 5;
    31BA : 5;
    31BB : 5;
    31BC : D;
    31BD : D;
    31BE : 5;
    31BF : D;
    31C0 : D;
    31C1 : 5;
    31C2 : 5;
    31C3 : D;
    31C4 : D;
    31C5 : D;
    31C6 : D;
    31C7 : D;
    31C8 : D;
    31C9 : D;
    31CA : D;
    31CB : D;
    31CC : D;
    31CD : D;
    31CE : D;
    31CF : D;
    31D0 : D;
    31D1 : D;
    31D2 : D;
    31D3 : D;
    31D4 : D;
    31D5 : 6;
    31D6 : 6;
    31D7 : 6;
    31D8 : 6;
    31D9 : 6;
    31DA : D;
    31DB : D;
    31DC : D;
    31DD : D;
    31DE : D;
    31DF : D;
    31E0 : D;
    31E1 : D;
    31E2 : D;
    31E3 : D;
    31E4 : D;
    31E5 : D;
    31E6 : D;
    31E7 : D;
    31E8 : D;
    31E9 : D;
    31EA : 5;
    31EB : 5;
    31EC : 5;
    31ED : 5;
    31EE : 5;
    31EF : D;
    31F0 : D;
    31F1 : D;
    31F2 : D;
    31F3 : D;
    31F4 : D;
    31F5 : D;
    31F6 : D;
    31F7 : D;
    31F8 : D;
    31F9 : D;
    31FA : D;
    31FB : D;
    31FC : D;
    31FD : D;
    31FE : D;
    31FF : D;
    3200 : 6;
    3201 : 6;
    3202 : 6;
    3203 : 6;
    3204 : 6;
    3205 : 6;
    3206 : 6;
    3207 : 6;
    3208 : 6;
    3209 : 6;
    320A : 6;
    320B : 6;
    320C : 6;
    320D : 6;
    320E : 6;
    320F : 6;
    3210 : 6;
    3211 : 6;
    3212 : 6;
    3213 : 6;
    3214 : 6;
    3215 : 6;
    3216 : 6;
    3217 : 6;
    3218 : 6;
    3219 : 6;
    321A : 6;
    321B : 6;
    321C : 6;
    321D : 6;
    321E : 6;
    321F : 6;
    3220 : 6;
    3221 : 6;
    3222 : 6;
    3223 : 6;
    3224 : 6;
    3225 : 6;
    3226 : 6;
    3227 : 6;
    3228 : 6;
    3229 : 6;
    322A : 6;
    322B : 6;
    322C : 6;
    322D : 6;
    322E : 6;
    322F : 6;
    3230 : 6;
    3231 : 6;
    3232 : 6;
    3233 : 6;
    3234 : 6;
    3235 : 6;
    3236 : D;
    3237 : D;
    3238 : D;
    3239 : D;
    323A : D;
    323B : D;
    323C : D;
    323D : D;
    323E : D;
    323F : 6;
    3240 : D;
    3241 : 6;
    3242 : D;
    3243 : D;
    3244 : D;
    3245 : D;
    3246 : D;
    3247 : D;
    3248 : D;
    3249 : D;
    324A : D;
    324B : D;
    324C : D;
    324D : D;
    324E : D;
    324F : D;
    3250 : D;
    3251 : D;
    3252 : 6;
    3253 : D;
    3254 : D;
    3255 : D;
    3256 : 6;
    3257 : 6;
    3258 : 6;
    3259 : 6;
    325A : 6;
    325B : 6;
    325C : 6;
    325D : 7;
    325E : 7;
    325F : 7;
    3260 : 6;
    3261 : 6;
    3262 : 6;
    3263 : 6;
    3264 : 6;
    3265 : D;
    3266 : D;
    3267 : D;
    3268 : D;
    3269 : D;
    326A : D;
    326B : D;
    326C : D;
    326D : D;
    326E : D;
    326F : D;
    3270 : D;
    3271 : D;
    3272 : D;
    3273 : D;
    3274 : D;
    3275 : D;
    3276 : 5;
    3277 : 5;
    3278 : 5;
    3279 : 5;
    327A : 5;
    327B : 5;
    327C : 5;
    327D : 5;
    327E : 5;
    327F : 5;
    3280 : 5;
    3281 : 5;
    3282 : D;
    3283 : D;
    3284 : D;
    3285 : D;
    3286 : D;
    3287 : D;
    3288 : D;
    3289 : 6;
    328A : 6;
    328B : D;
    328C : 6;
    328D : D;
    328E : D;
    328F : D;
    3290 : D;
    3291 : D;
    3292 : D;
    3293 : D;
    3294 : D;
    3295 : D;
    3296 : D;
    3297 : D;
    3298 : D;
    3299 : 6;
    329A : 6;
    329B : D;
    329C : 6;
    329D : 6;
    329E : 6;
    329F : D;
    32A0 : D;
    32A1 : D;
    32A2 : D;
    32A3 : D;
    32A4 : D;
    32A5 : D;
    32A6 : D;
    32A7 : D;
    32A8 : D;
    32A9 : D;
    32AA : D;
    32AB : D;
    32AC : D;
    32AD : D;
    32AE : D;
    32AF : 5;
    32B0 : D;
    32B1 : D;
    32B2 : 5;
    32B3 : 5;
    32B4 : D;
    32B5 : D;
    32B6 : D;
    32B7 : D;
    32B8 : D;
    32B9 : D;
    32BA : D;
    32BB : D;
    32BC : D;
    32BD : D;
    32BE : D;
    32BF : D;
    32C0 : 6;
    32C1 : 6;
    32C2 : D;
    32C3 : D;
    32C4 : D;
    32C5 : D;
    32C6 : D;
    32C7 : D;
    32C8 : 6;
    32C9 : 6;
    32CA : 6;
    32CB : 6;
    32CC : 6;
    32CD : 6;
    32CE : 6;
    32CF : 6;
    32D0 : 6;
    32D1 : 6;
    32D2 : 6;
    32D3 : 6;
    32D4 : 6;
    32D5 : 6;
    32D6 : 6;
    32D7 : 6;
    32D8 : 6;
    32D9 : 6;
    32DA : 6;
    32DB : 6;
    32DC : 6;
    32DD : 6;
    32DE : 6;
    32DF : 6;
    32E0 : 6;
    32E1 : 6;
    32E2 : 6;
    32E3 : 6;
    32E4 : 6;
    32E5 : 6;
    32E6 : 6;
    32E7 : 6;
    32E8 : 6;
    32E9 : 6;
    32EA : 6;
    32EB : 6;
    32EC : 6;
    32ED : 6;
    32EE : 6;
    32EF : 6;
    32F0 : 6;
    32F1 : 6;
    32F2 : 6;
    32F3 : 6;
    32F4 : 6;
    32F5 : 6;
    32F6 : 6;
    32F7 : 6;
    32F8 : 6;
    32F9 : 6;
    32FA : 6;
    32FB : 6;
    32FC : 6;
    32FD : D;
    32FE : D;
    32FF : D;
    3300 : D;
    3301 : D;
    3302 : D;
    3303 : D;
    3304 : D;
    3305 : D;
    3306 : D;
    3307 : D;
    3308 : D;
    3309 : D;
    330A : D;
    330B : D;
    330C : D;
    330D : D;
    330E : D;
    330F : D;
    3310 : D;
    3311 : D;
    3312 : D;
    3313 : D;
    3314 : D;
    3315 : D;
    3316 : D;
    3317 : D;
    3318 : D;
    3319 : 6;
    331A : 6;
    331B : 6;
    331C : 6;
    331D : 6;
    331E : D;
    331F : 6;
    3320 : 6;
    3321 : D;
    3322 : 6;
    3323 : 7;
    3324 : 7;
    3325 : 7;
    3326 : 6;
    3327 : 6;
    3328 : 6;
    3329 : 6;
    332A : 6;
    332B : D;
    332C : D;
    332D : D;
    332E : D;
    332F : D;
    3330 : D;
    3331 : D;
    3332 : D;
    3333 : D;
    3334 : D;
    3335 : D;
    3336 : D;
    3337 : D;
    3338 : D;
    3339 : D;
    333A : D;
    333B : D;
    333C : 5;
    333D : 5;
    333E : 5;
    333F : 5;
    3340 : 5;
    3341 : 5;
    3342 : 5;
    3343 : 5;
    3344 : 5;
    3345 : 5;
    3346 : 5;
    3347 : 5;
    3348 : D;
    3349 : D;
    334A : D;
    334B : D;
    334C : D;
    334D : D;
    334E : 6;
    334F : 6;
    3350 : 6;
    3351 : 6;
    3352 : 6;
    3353 : D;
    3354 : 6;
    3355 : D;
    3356 : D;
    3357 : D;
    3358 : D;
    3359 : D;
    335A : D;
    335B : D;
    335C : D;
    335D : D;
    335E : D;
    335F : D;
    3360 : D;
    3361 : D;
    3362 : D;
    3363 : 6;
    3364 : 6;
    3365 : 6;
    3366 : 6;
    3367 : 6;
    3368 : D;
    3369 : D;
    336A : 6;
    336B : D;
    336C : D;
    336D : D;
    336E : D;
    336F : D;
    3370 : D;
    3371 : D;
    3372 : D;
    3373 : D;
    3374 : D;
    3375 : 5;
    3376 : D;
    3377 : D;
    3378 : D;
    3379 : D;
    337A : D;
    337B : D;
    337C : D;
    337D : D;
    337E : D;
    337F : D;
    3380 : 6;
    3381 : D;
    3382 : D;
    3383 : D;
    3384 : 6;
    3385 : 6;
    3386 : 6;
    3387 : 6;
    3388 : 6;
    3389 : 6;
    338A : 6;
    338B : 6;
    338C : 6;
    338D : 6;
    338E : 6;
    338F : 6;
    3390 : 6;
    3391 : 6;
    3392 : 6;
    3393 : 6;
    3394 : 6;
    3395 : 6;
    3396 : 6;
    3397 : 6;
    3398 : 6;
    3399 : 6;
    339A : 6;
    339B : 6;
    339C : 6;
    339D : 6;
    339E : 6;
    339F : 6;
    33A0 : 6;
    33A1 : 6;
    33A2 : 6;
    33A3 : 6;
    33A4 : 6;
    33A5 : 6;
    33A6 : 6;
    33A7 : 6;
    33A8 : 6;
    33A9 : 6;
    33AA : 6;
    33AB : 6;
    33AC : 6;
    33AD : 6;
    33AE : 6;
    33AF : 6;
    33B0 : 6;
    33B1 : 6;
    33B2 : 6;
    33B3 : 6;
    33B4 : 6;
    33B5 : 6;
    33B6 : 6;
    33B7 : 6;
    33B8 : 6;
    33B9 : 6;
    33BA : 6;
    33BB : 6;
    33BC : 6;
    33BD : 6;
    33BE : 6;
    33BF : 6;
    33C0 : 6;
    33C1 : 6;
    33C2 : 6;
    33C3 : 6;
    33C4 : D;
    33C5 : D;
    33C6 : D;
    33C7 : D;
    33C8 : D;
    33C9 : D;
    33CA : D;
    33CB : D;
    33CC : D;
    33CD : D;
    33CE : D;
    33CF : D;
    33D0 : D;
    33D1 : D;
    33D2 : D;
    33D3 : D;
    33D4 : D;
    33D5 : D;
    33D6 : D;
    33D7 : 6;
    33D8 : D;
    33D9 : 6;
    33DA : D;
    33DB : D;
    33DC : D;
    33DD : D;
    33DE : D;
    33DF : D;
    33E0 : D;
    33E1 : 6;
    33E2 : 6;
    33E3 : 6;
    33E4 : 6;
    33E5 : 6;
    33E6 : 6;
    33E7 : 6;
    33E8 : 6;
    33E9 : 6;
    33EA : 7;
    33EB : 7;
    33EC : 6;
    33ED : 6;
    33EE : 6;
    33EF : 6;
    33F0 : 6;
    33F1 : D;
    33F2 : D;
    33F3 : D;
    33F4 : D;
    33F5 : D;
    33F6 : D;
    33F7 : D;
    33F8 : D;
    33F9 : D;
    33FA : D;
    33FB : D;
    33FC : D;
    33FD : D;
    33FE : D;
    33FF : D;
    3400 : D;
    3401 : D;
    3402 : D;
    3403 : 5;
    3404 : 5;
    3405 : 5;
    3406 : 5;
    3407 : 5;
    3408 : 5;
    3409 : 5;
    340A : D;
    340B : D;
    340C : D;
    340D : D;
    340E : D;
    340F : 6;
    3410 : D;
    3411 : 6;
    3412 : D;
    3413 : 6;
    3414 : D;
    3415 : 6;
    3416 : 6;
    3417 : D;
    3418 : D;
    3419 : D;
    341A : D;
    341B : 6;
    341C : 6;
    341D : D;
    341E : 6;
    341F : D;
    3420 : D;
    3421 : D;
    3422 : D;
    3423 : D;
    3424 : D;
    3425 : D;
    3426 : D;
    3427 : D;
    3428 : D;
    3429 : D;
    342A : 6;
    342B : 6;
    342C : 6;
    342D : 6;
    342E : D;
    342F : D;
    3430 : D;
    3431 : D;
    3432 : D;
    3433 : D;
    3434 : D;
    3435 : D;
    3436 : D;
    3437 : 6;
    3438 : D;
    3439 : D;
    343A : D;
    343B : D;
    343C : D;
    343D : D;
    343E : D;
    343F : D;
    3440 : D;
    3441 : D;
    3442 : D;
    3443 : D;
    3444 : D;
    3445 : D;
    3446 : 6;
    3447 : D;
    3448 : D;
    3449 : D;
    344A : D;
    344B : 6;
    344C : 6;
    344D : 6;
    344E : 6;
    344F : D;
    3450 : D;
    3451 : 6;
    3452 : 6;
    3453 : 6;
    3454 : 6;
    3455 : 6;
    3456 : D;
    3457 : D;
    3458 : 6;
    3459 : 6;
    345A : 6;
    345B : 6;
    345C : 6;
    345D : 6;
    345E : 6;
    345F : 6;
    3460 : 6;
    3461 : 6;
    3462 : 6;
    3463 : 6;
    3464 : 6;
    3465 : 6;
    3466 : 6;
    3467 : 6;
    3468 : 6;
    3469 : 6;
    346A : 6;
    346B : 6;
    346C : 6;
    346D : 6;
    346E : 6;
    346F : 6;
    3470 : 6;
    3471 : 6;
    3472 : 6;
    3473 : 6;
    3474 : 6;
    3475 : 6;
    3476 : 6;
    3477 : 6;
    3478 : 6;
    3479 : 6;
    347A : 6;
    347B : 6;
    347C : 6;
    347D : 6;
    347E : 6;
    347F : 6;
    3480 : 6;
    3481 : 6;
    3482 : 6;
    3483 : 6;
    3484 : 6;
    3485 : 6;
    3486 : 6;
    3487 : 6;
    3488 : 6;
    3489 : 6;
    348A : 6;
    348B : D;
    348C : D;
    348D : D;
    348E : D;
    348F : D;
    3490 : D;
    3491 : D;
    3492 : D;
    3493 : D;
    3494 : D;
    3495 : D;
    3496 : D;
    3497 : D;
    3498 : D;
    3499 : D;
    349A : D;
    349B : D;
    349C : D;
    349D : D;
    349E : D;
    349F : 6;
    34A0 : D;
    34A1 : D;
    34A2 : D;
    34A3 : D;
    34A4 : D;
    34A5 : D;
    34A6 : D;
    34A7 : D;
    34A8 : 6;
    34A9 : 6;
    34AA : D;
    34AB : D;
    34AC : D;
    34AD : 6;
    34AE : 6;
    34AF : 6;
    34B0 : 7;
    34B1 : 7;
    34B2 : 6;
    34B3 : 6;
    34B4 : 6;
    34B5 : 6;
    34B6 : 6;
    34B7 : D;
    34B8 : D;
    34B9 : D;
    34BA : D;
    34BB : D;
    34BC : D;
    34BD : D;
    34BE : D;
    34BF : D;
    34C0 : D;
    34C1 : D;
    34C2 : D;
    34C3 : D;
    34C4 : D;
    34C5 : D;
    34C6 : D;
    34C7 : D;
    34C8 : D;
    34C9 : D;
    34CA : 5;
    34CB : 1;
    34CC : 5;
    34CD : 5;
    34CE : D;
    34CF : D;
    34D0 : D;
    34D1 : D;
    34D2 : D;
    34D3 : 6;
    34D4 : 6;
    34D5 : 6;
    34D6 : 6;
    34D7 : 6;
    34D8 : D;
    34D9 : 6;
    34DA : 6;
    34DB : 6;
    34DC : 6;
    34DD : D;
    34DE : D;
    34DF : 6;
    34E0 : 6;
    34E1 : D;
    34E2 : D;
    34E3 : D;
    34E4 : D;
    34E5 : D;
    34E6 : D;
    34E7 : D;
    34E8 : D;
    34E9 : D;
    34EA : 5;
    34EB : D;
    34EC : D;
    34ED : D;
    34EE : D;
    34EF : D;
    34F0 : 6;
    34F1 : 6;
    34F2 : 6;
    34F3 : 6;
    34F4 : D;
    34F5 : D;
    34F6 : D;
    34F7 : D;
    34F8 : D;
    34F9 : D;
    34FA : D;
    34FB : D;
    34FC : D;
    34FD : 6;
    34FE : D;
    34FF : 6;
    3500 : 6;
    3501 : 6;
    3502 : 6;
    3503 : 6;
    3504 : D;
    3505 : D;
    3506 : D;
    3507 : D;
    3508 : D;
    3509 : D;
    350A : D;
    350B : D;
    350C : D;
    350D : 6;
    350E : D;
    350F : D;
    3510 : D;
    3511 : D;
    3512 : 6;
    3513 : D;
    3514 : D;
    3515 : D;
    3516 : D;
    3517 : D;
    3518 : D;
    3519 : 6;
    351A : 6;
    351B : D;
    351C : D;
    351D : D;
    351E : D;
    351F : D;
    3520 : 6;
    3521 : 6;
    3522 : 6;
    3523 : 6;
    3524 : 6;
    3525 : 6;
    3526 : 6;
    3527 : 6;
    3528 : 6;
    3529 : 6;
    352A : 6;
    352B : 6;
    352C : 6;
    352D : 6;
    352E : 6;
    352F : 6;
    3530 : 6;
    3531 : 6;
    3532 : 6;
    3533 : 6;
    3534 : 6;
    3535 : 6;
    3536 : 6;
    3537 : 6;
    3538 : 6;
    3539 : 6;
    353A : 6;
    353B : 6;
    353C : 6;
    353D : 6;
    353E : 6;
    353F : 6;
    3540 : 6;
    3541 : 6;
    3542 : 6;
    3543 : 6;
    3544 : 6;
    3545 : 6;
    3546 : 6;
    3547 : 6;
    3548 : 6;
    3549 : 6;
    354A : 6;
    354B : 6;
    354C : 6;
    354D : 6;
    354E : 6;
    354F : 6;
    3550 : 6;
    3551 : 6;
    3552 : D;
    3553 : D;
    3554 : D;
    3555 : D;
    3556 : D;
    3557 : D;
    3558 : D;
    3559 : D;
    355A : D;
    355B : D;
    355C : D;
    355D : D;
    355E : D;
    355F : D;
    3560 : D;
    3561 : D;
    3562 : D;
    3563 : D;
    3564 : D;
    3565 : D;
    3566 : D;
    3567 : D;
    3568 : D;
    3569 : D;
    356A : D;
    356B : D;
    356C : D;
    356D : 6;
    356E : D;
    356F : D;
    3570 : 6;
    3571 : 6;
    3572 : D;
    3573 : D;
    3574 : D;
    3575 : 6;
    3576 : 7;
    3577 : 7;
    3578 : 6;
    3579 : 6;
    357A : 6;
    357B : 6;
    357C : 6;
    357D : 6;
    357E : D;
    357F : D;
    3580 : D;
    3581 : D;
    3582 : D;
    3583 : D;
    3584 : D;
    3585 : D;
    3586 : D;
    3587 : D;
    3588 : D;
    3589 : D;
    358A : D;
    358B : D;
    358C : D;
    358D : D;
    358E : D;
    358F : D;
    3590 : D;
    3591 : 5;
    3592 : 1;
    3593 : 5;
    3594 : D;
    3595 : 6;
    3596 : 6;
    3597 : D;
    3598 : D;
    3599 : D;
    359A : 6;
    359B : 6;
    359C : 6;
    359D : D;
    359E : 6;
    359F : D;
    35A0 : D;
    35A1 : D;
    35A2 : D;
    35A3 : D;
    35A4 : D;
    35A5 : D;
    35A6 : 6;
    35A7 : D;
    35A8 : D;
    35A9 : D;
    35AA : D;
    35AB : 5;
    35AC : 5;
    35AD : D;
    35AE : D;
    35AF : 5;
    35B0 : 5;
    35B1 : 5;
    35B2 : D;
    35B3 : D;
    35B4 : D;
    35B5 : D;
    35B6 : D;
    35B7 : D;
    35B8 : D;
    35B9 : 6;
    35BA : D;
    35BB : D;
    35BC : D;
    35BD : D;
    35BE : D;
    35BF : D;
    35C0 : D;
    35C1 : D;
    35C2 : D;
    35C3 : D;
    35C4 : 6;
    35C5 : 6;
    35C6 : 6;
    35C7 : 6;
    35C8 : D;
    35C9 : D;
    35CA : D;
    35CB : D;
    35CC : 6;
    35CD : D;
    35CE : D;
    35CF : D;
    35D0 : D;
    35D1 : D;
    35D2 : D;
    35D3 : D;
    35D4 : D;
    35D5 : D;
    35D6 : D;
    35D7 : D;
    35D8 : 6;
    35D9 : 6;
    35DA : D;
    35DB : D;
    35DC : D;
    35DD : D;
    35DE : D;
    35DF : D;
    35E0 : D;
    35E1 : D;
    35E2 : D;
    35E3 : D;
    35E4 : D;
    35E5 : D;
    35E6 : D;
    35E7 : D;
    35E8 : 6;
    35E9 : 6;
    35EA : 6;
    35EB : 6;
    35EC : 6;
    35ED : 6;
    35EE : 6;
    35EF : 6;
    35F0 : 6;
    35F1 : 6;
    35F2 : 6;
    35F3 : 6;
    35F4 : 6;
    35F5 : 6;
    35F6 : 6;
    35F7 : 6;
    35F8 : 6;
    35F9 : 6;
    35FA : 6;
    35FB : 6;
    35FC : 6;
    35FD : 6;
    35FE : 6;
    35FF : 6;
    3600 : 6;
    3601 : 6;
    3602 : 6;
    3603 : 6;
    3604 : 6;
    3605 : 6;
    3606 : 6;
    3607 : 6;
    3608 : 6;
    3609 : 6;
    360A : 6;
    360B : 6;
    360C : 6;
    360D : 6;
    360E : 6;
    360F : 6;
    3610 : 6;
    3611 : 6;
    3612 : 6;
    3613 : 6;
    3614 : 6;
    3615 : 6;
    3616 : 6;
    3617 : 6;
    3618 : 6;
    3619 : D;
    361A : D;
    361B : D;
    361C : D;
    361D : D;
    361E : D;
    361F : D;
    3620 : D;
    3621 : D;
    3622 : D;
    3623 : D;
    3624 : D;
    3625 : D;
    3626 : D;
    3627 : D;
    3628 : D;
    3629 : D;
    362A : D;
    362B : D;
    362C : D;
    362D : 6;
    362E : D;
    362F : D;
    3630 : 6;
    3631 : D;
    3632 : 6;
    3633 : 6;
    3634 : D;
    3635 : 6;
    3636 : D;
    3637 : D;
    3638 : 6;
    3639 : 6;
    363A : D;
    363B : 6;
    363C : 6;
    363D : 6;
    363E : 6;
    363F : 6;
    3640 : 6;
    3641 : 6;
    3642 : 6;
    3643 : D;
    3644 : D;
    3645 : D;
    3646 : D;
    3647 : D;
    3648 : D;
    3649 : D;
    364A : D;
    364B : D;
    364C : D;
    364D : D;
    364E : D;
    364F : D;
    3650 : D;
    3651 : D;
    3652 : D;
    3653 : D;
    3654 : D;
    3655 : D;
    3656 : D;
    3657 : D;
    3658 : 5;
    3659 : 5;
    365A : D;
    365B : D;
    365C : D;
    365D : D;
    365E : D;
    365F : 5;
    3660 : D;
    3661 : D;
    3662 : D;
    3663 : D;
    3664 : D;
    3665 : D;
    3666 : D;
    3667 : D;
    3668 : D;
    3669 : D;
    366A : D;
    366B : D;
    366C : D;
    366D : D;
    366E : D;
    366F : D;
    3670 : 5;
    3671 : 5;
    3672 : 5;
    3673 : D;
    3674 : 5;
    3675 : 5;
    3676 : 5;
    3677 : 5;
    3678 : 5;
    3679 : D;
    367A : D;
    367B : D;
    367C : D;
    367D : D;
    367E : 6;
    367F : D;
    3680 : D;
    3681 : 6;
    3682 : D;
    3683 : 6;
    3684 : 6;
    3685 : D;
    3686 : D;
    3687 : D;
    3688 : D;
    3689 : D;
    368A : 6;
    368B : D;
    368C : D;
    368D : 6;
    368E : 6;
    368F : D;
    3690 : D;
    3691 : D;
    3692 : D;
    3693 : D;
    3694 : D;
    3695 : D;
    3696 : D;
    3697 : D;
    3698 : D;
    3699 : D;
    369A : D;
    369B : D;
    369C : D;
    369D : D;
    369E : 6;
    369F : 6;
    36A0 : 6;
    36A1 : D;
    36A2 : 5;
    36A3 : D;
    36A4 : D;
    36A5 : D;
    36A6 : D;
    36A7 : D;
    36A8 : D;
    36A9 : D;
    36AA : D;
    36AB : D;
    36AC : D;
    36AD : D;
    36AE : D;
    36AF : D;
    36B0 : 6;
    36B1 : 6;
    36B2 : 6;
    36B3 : 6;
    36B4 : 6;
    36B5 : 6;
    36B6 : 6;
    36B7 : 6;
    36B8 : 6;
    36B9 : 6;
    36BA : 6;
    36BB : 6;
    36BC : 6;
    36BD : 6;
    36BE : 6;
    36BF : 6;
    36C0 : 6;
    36C1 : 6;
    36C2 : 6;
    36C3 : 6;
    36C4 : 6;
    36C5 : 6;
    36C6 : 6;
    36C7 : 6;
    36C8 : 6;
    36C9 : 6;
    36CA : 6;
    36CB : 6;
    36CC : 6;
    36CD : 6;
    36CE : 6;
    36CF : 6;
    36D0 : 6;
    36D1 : 6;
    36D2 : 6;
    36D3 : 6;
    36D4 : 6;
    36D5 : 6;
    36D6 : 6;
    36D7 : 6;
    36D8 : 6;
    36D9 : 6;
    36DA : 6;
    36DB : 6;
    36DC : 6;
    36DD : 6;
    36DE : 6;
    36DF : 6;
    36E0 : D;
    36E1 : D;
    36E2 : D;
    36E3 : D;
    36E4 : D;
    36E5 : D;
    36E6 : D;
    36E7 : D;
    36E8 : D;
    36E9 : D;
    36EA : D;
    36EB : D;
    36EC : D;
    36ED : D;
    36EE : D;
    36EF : D;
    36F0 : D;
    36F1 : D;
    36F2 : D;
    36F3 : D;
    36F4 : D;
    36F5 : 6;
    36F6 : 6;
    36F7 : 6;
    36F8 : 6;
    36F9 : 6;
    36FA : 6;
    36FB : 6;
    36FC : 6;
    36FD : 6;
    36FE : D;
    36FF : D;
    3700 : D;
    3701 : D;
    3702 : 6;
    3703 : 6;
    3704 : 6;
    3705 : 6;
    3706 : 6;
    3707 : 6;
    3708 : 6;
    3709 : D;
    370A : D;
    370B : D;
    370C : D;
    370D : D;
    370E : D;
    370F : D;
    3710 : D;
    3711 : D;
    3712 : D;
    3713 : D;
    3714 : D;
    3715 : D;
    3716 : D;
    3717 : D;
    3718 : D;
    3719 : D;
    371A : D;
    371B : D;
    371C : D;
    371D : D;
    371E : 5;
    371F : 5;
    3720 : D;
    3721 : D;
    3722 : D;
    3723 : D;
    3724 : D;
    3725 : D;
    3726 : D;
    3727 : D;
    3728 : D;
    3729 : D;
    372A : D;
    372B : 5;
    372C : 5;
    372D : D;
    372E : D;
    372F : D;
    3730 : D;
    3731 : D;
    3732 : D;
    3733 : D;
    3734 : D;
    3735 : 5;
    3736 : 5;
    3737 : 5;
    3738 : D;
    3739 : 5;
    373A : 5;
    373B : D;
    373C : D;
    373D : D;
    373E : D;
    373F : D;
    3740 : 5;
    3741 : D;
    3742 : D;
    3743 : D;
    3744 : D;
    3745 : D;
    3746 : 6;
    3747 : 6;
    3748 : 6;
    3749 : D;
    374A : D;
    374B : D;
    374C : 6;
    374D : 6;
    374E : 6;
    374F : D;
    3750 : D;
    3751 : 6;
    3752 : D;
    3753 : D;
    3754 : D;
    3755 : D;
    3756 : D;
    3757 : D;
    3758 : D;
    3759 : D;
    375A : D;
    375B : D;
    375C : D;
    375D : D;
    375E : D;
    375F : D;
    3760 : D;
    3761 : D;
    3762 : D;
    3763 : D;
    3764 : D;
    3765 : D;
    3766 : D;
    3767 : D;
    3768 : D;
    3769 : D;
    376A : 5;
    376B : D;
    376C : 5;
    376D : 5;
    376E : 5;
    376F : D;
    3770 : D;
    3771 : D;
    3772 : D;
    3773 : D;
    3774 : D;
    3775 : 5;
    3776 : 5;
    3777 : D;
    3778 : 6;
    3779 : 6;
    377A : 6;
    377B : 6;
    377C : 6;
    377D : 6;
    377E : 6;
    377F : 6;
    3780 : 6;
    3781 : 6;
    3782 : 6;
    3783 : 6;
    3784 : 6;
    3785 : 6;
    3786 : 6;
    3787 : 6;
    3788 : 6;
    3789 : 6;
    378A : 6;
    378B : 6;
    378C : 6;
    378D : 6;
    378E : 6;
    378F : 6;
    3790 : 6;
    3791 : 6;
    3792 : 6;
    3793 : 6;
    3794 : 6;
    3795 : 6;
    3796 : 6;
    3797 : 6;
    3798 : 6;
    3799 : 6;
    379A : 6;
    379B : 6;
    379C : 6;
    379D : 6;
    379E : 6;
    379F : 6;
    37A0 : 6;
    37A1 : 6;
    37A2 : 6;
    37A3 : 6;
    37A4 : 6;
    37A5 : 6;
    37A6 : 6;
    37A7 : 6;
    37A8 : D;
    37A9 : D;
    37AA : D;
    37AB : D;
    37AC : D;
    37AD : D;
    37AE : D;
    37AF : D;
    37B0 : D;
    37B1 : D;
    37B2 : D;
    37B3 : D;
    37B4 : D;
    37B5 : D;
    37B6 : D;
    37B7 : D;
    37B8 : D;
    37B9 : D;
    37BA : D;
    37BB : D;
    37BC : D;
    37BD : 6;
    37BE : 6;
    37BF : D;
    37C0 : 6;
    37C1 : 6;
    37C2 : D;
    37C3 : D;
    37C4 : D;
    37C5 : 6;
    37C6 : D;
    37C7 : D;
    37C8 : 6;
    37C9 : 6;
    37CA : 6;
    37CB : 6;
    37CC : 6;
    37CD : 6;
    37CE : D;
    37CF : D;
    37D0 : D;
    37D1 : D;
    37D2 : D;
    37D3 : D;
    37D4 : D;
    37D5 : D;
    37D6 : D;
    37D7 : D;
    37D8 : D;
    37D9 : D;
    37DA : D;
    37DB : D;
    37DC : D;
    37DD : D;
    37DE : D;
    37DF : D;
    37E0 : D;
    37E1 : D;
    37E2 : D;
    37E3 : D;
    37E4 : 5;
    37E5 : 5;
    37E6 : D;
    37E7 : D;
    37E8 : D;
    37E9 : 5;
    37EA : 5;
    37EB : D;
    37EC : D;
    37ED : D;
    37EE : D;
    37EF : D;
    37F0 : D;
    37F1 : D;
    37F2 : D;
    37F3 : D;
    37F4 : D;
    37F5 : D;
    37F6 : D;
    37F7 : D;
    37F8 : D;
    37F9 : D;
    37FA : D;
    37FB : D;
    37FC : D;
    37FD : 5;
    37FE : 5;
    37FF : 5;
    3800 : D;
    3801 : D;
    3802 : D;
    3803 : D;
    3804 : D;
    3805 : D;
    3806 : D;
    3807 : D;
    3808 : D;
    3809 : D;
    380A : D;
    380B : 6;
    380C : 6;
    380D : D;
    380E : 6;
    380F : 6;
    3810 : 6;
    3811 : 6;
    3812 : 6;
    3813 : 6;
    3814 : D;
    3815 : D;
    3816 : D;
    3817 : D;
    3818 : D;
    3819 : D;
    381A : D;
    381B : D;
    381C : D;
    381D : D;
    381E : D;
    381F : D;
    3820 : D;
    3821 : D;
    3822 : D;
    3823 : D;
    3824 : D;
    3825 : D;
    3826 : D;
    3827 : D;
    3828 : D;
    3829 : D;
    382A : D;
    382B : 5;
    382C : D;
    382D : D;
    382E : D;
    382F : D;
    3830 : D;
    3831 : 5;
    3832 : 5;
    3833 : D;
    3834 : D;
    3835 : 5;
    3836 : D;
    3837 : D;
    3838 : D;
    3839 : D;
    383A : D;
    383B : D;
    383C : D;
    383D : D;
    383E : D;
    383F : D;
    3840 : 6;
    3841 : 6;
    3842 : 6;
    3843 : 6;
    3844 : 6;
    3845 : 6;
    3846 : 6;
    3847 : 6;
    3848 : 6;
    3849 : 6;
    384A : 6;
    384B : 6;
    384C : 6;
    384D : 6;
    384E : 6;
    384F : 6;
    3850 : 6;
    3851 : 6;
    3852 : 6;
    3853 : 6;
    3854 : 6;
    3855 : 6;
    3856 : 6;
    3857 : 6;
    3858 : 6;
    3859 : 6;
    385A : 6;
    385B : 6;
    385C : 6;
    385D : 6;
    385E : 6;
    385F : 6;
    3860 : 6;
    3861 : 6;
    3862 : 6;
    3863 : 6;
    3864 : 6;
    3865 : 6;
    3866 : 6;
    3867 : 6;
    3868 : 6;
    3869 : 6;
    386A : 6;
    386B : 6;
    386C : 6;
    386D : 6;
    386E : 6;
    386F : 6;
    3870 : D;
    3871 : D;
    3872 : D;
    3873 : D;
    3874 : D;
    3875 : D;
    3876 : D;
    3877 : D;
    3878 : D;
    3879 : D;
    387A : D;
    387B : D;
    387C : D;
    387D : D;
    387E : D;
    387F : D;
    3880 : D;
    3881 : D;
    3882 : D;
    3883 : D;
    3884 : D;
    3885 : D;
    3886 : D;
    3887 : 6;
    3888 : 6;
    3889 : 6;
    388A : 6;
    388B : D;
    388C : D;
    388D : D;
    388E : 6;
    388F : 6;
    3890 : 6;
    3891 : 6;
    3892 : D;
    3893 : D;
    3894 : D;
    3895 : D;
    3896 : D;
    3897 : D;
    3898 : D;
    3899 : D;
    389A : D;
    389B : D;
    389C : D;
    389D : D;
    389E : D;
    389F : D;
    38A0 : D;
    38A1 : D;
    38A2 : D;
    38A3 : D;
    38A4 : D;
    38A5 : D;
    38A6 : D;
    38A7 : D;
    38A8 : D;
    38A9 : D;
    38AA : 5;
    38AB : 5;
    38AC : D;
    38AD : D;
    38AE : D;
    38AF : D;
    38B0 : D;
    38B1 : D;
    38B2 : D;
    38B3 : D;
    38B4 : D;
    38B5 : D;
    38B6 : D;
    38B7 : D;
    38B8 : D;
    38B9 : D;
    38BA : D;
    38BB : 5;
    38BC : D;
    38BD : 6;
    38BE : 6;
    38BF : 6;
    38C0 : D;
    38C1 : D;
    38C2 : D;
    38C3 : D;
    38C4 : D;
    38C5 : D;
    38C6 : D;
    38C7 : D;
    38C8 : D;
    38C9 : D;
    38CA : D;
    38CB : D;
    38CC : D;
    38CD : D;
    38CE : D;
    38CF : D;
    38D0 : D;
    38D1 : D;
    38D2 : 6;
    38D3 : 6;
    38D4 : D;
    38D5 : D;
    38D6 : 6;
    38D7 : D;
    38D8 : 6;
    38D9 : 6;
    38DA : D;
    38DB : D;
    38DC : D;
    38DD : D;
    38DE : D;
    38DF : D;
    38E0 : D;
    38E1 : D;
    38E2 : 5;
    38E3 : D;
    38E4 : D;
    38E5 : D;
    38E6 : D;
    38E7 : 5;
    38E8 : 5;
    38E9 : 5;
    38EA : 5;
    38EB : D;
    38EC : D;
    38ED : D;
    38EE : D;
    38EF : D;
    38F0 : D;
    38F1 : D;
    38F2 : D;
    38F3 : D;
    38F4 : D;
    38F5 : D;
    38F6 : D;
    38F7 : D;
    38F8 : D;
    38F9 : 5;
    38FA : 5;
    38FB : 5;
    38FC : 5;
    38FD : D;
    38FE : D;
    38FF : D;
    3900 : 5;
    3901 : 5;
    3902 : 5;
    3903 : 5;
    3904 : D;
    3905 : D;
    3906 : D;
    3907 : D;
    3908 : 6;
    3909 : 6;
    390A : 6;
    390B : 6;
    390C : 6;
    390D : 6;
    390E : 6;
    390F : 6;
    3910 : 6;
    3911 : 6;
    3912 : 6;
    3913 : 6;
    3914 : 6;
    3915 : 6;
    3916 : 6;
    3917 : 6;
    3918 : 6;
    3919 : 6;
    391A : 6;
    391B : 6;
    391C : 6;
    391D : 6;
    391E : 6;
    391F : 6;
    3920 : 6;
    3921 : 6;
    3922 : 6;
    3923 : 6;
    3924 : 6;
    3925 : 6;
    3926 : 6;
    3927 : 6;
    3928 : 6;
    3929 : 6;
    392A : 6;
    392B : 6;
    392C : 6;
    392D : 6;
    392E : 6;
    392F : 6;
    3930 : 6;
    3931 : 6;
    3932 : 6;
    3933 : 6;
    3934 : 6;
    3935 : 6;
    3936 : 6;
    3937 : D;
    3938 : D;
    3939 : D;
    393A : D;
    393B : D;
    393C : D;
    393D : D;
    393E : D;
    393F : D;
    3940 : D;
    3941 : D;
    3942 : D;
    3943 : D;
    3944 : D;
    3945 : D;
    3946 : D;
    3947 : D;
    3948 : D;
    3949 : D;
    394A : D;
    394B : D;
    394C : D;
    394D : D;
    394E : D;
    394F : 6;
    3950 : 6;
    3951 : 6;
    3952 : 6;
    3953 : 6;
    3954 : 6;
    3955 : 6;
    3956 : D;
    3957 : D;
    3958 : D;
    3959 : D;
    395A : D;
    395B : D;
    395C : D;
    395D : D;
    395E : 5;
    395F : 5;
    3960 : 5;
    3961 : D;
    3962 : D;
    3963 : D;
    3964 : D;
    3965 : D;
    3966 : D;
    3967 : D;
    3968 : D;
    3969 : D;
    396A : D;
    396B : D;
    396C : D;
    396D : D;
    396E : D;
    396F : 5;
    3970 : 5;
    3971 : 5;
    3972 : D;
    3973 : D;
    3974 : D;
    3975 : D;
    3976 : D;
    3977 : D;
    3978 : D;
    3979 : D;
    397A : D;
    397B : 6;
    397C : D;
    397D : D;
    397E : D;
    397F : D;
    3980 : D;
    3981 : D;
    3982 : D;
    3983 : D;
    3984 : 6;
    3985 : 6;
    3986 : D;
    3987 : D;
    3988 : D;
    3989 : 6;
    398A : 6;
    398B : D;
    398C : D;
    398D : D;
    398E : D;
    398F : D;
    3990 : D;
    3991 : D;
    3992 : D;
    3993 : D;
    3994 : 6;
    3995 : 6;
    3996 : D;
    3997 : D;
    3998 : D;
    3999 : 6;
    399A : 6;
    399B : D;
    399C : 6;
    399D : 6;
    399E : D;
    399F : D;
    39A0 : D;
    39A1 : D;
    39A2 : 5;
    39A3 : 5;
    39A4 : D;
    39A5 : D;
    39A6 : D;
    39A7 : D;
    39A8 : D;
    39A9 : 5;
    39AA : D;
    39AB : D;
    39AC : D;
    39AD : 5;
    39AE : 5;
    39AF : 5;
    39B0 : D;
    39B1 : D;
    39B2 : D;
    39B3 : D;
    39B4 : D;
    39B5 : D;
    39B6 : D;
    39B7 : D;
    39B8 : 5;
    39B9 : D;
    39BA : D;
    39BB : D;
    39BC : D;
    39BD : D;
    39BE : D;
    39BF : D;
    39C0 : D;
    39C1 : D;
    39C2 : 5;
    39C3 : 5;
    39C4 : 5;
    39C5 : D;
    39C6 : 5;
    39C7 : 5;
    39C8 : 5;
    39C9 : 5;
    39CA : 5;
    39CB : 5;
    39CC : 5;
    39CD : D;
    39CE : D;
    39CF : D;
    39D0 : 6;
    39D1 : 6;
    39D2 : 6;
    39D3 : 6;
    39D4 : 6;
    39D5 : 6;
    39D6 : 6;
    39D7 : 6;
    39D8 : 6;
    39D9 : 6;
    39DA : 6;
    39DB : 6;
    39DC : 6;
    39DD : 6;
    39DE : 6;
    39DF : 6;
    39E0 : 6;
    39E1 : 6;
    39E2 : 6;
    39E3 : 6;
    39E4 : 6;
    39E5 : 6;
    39E6 : 6;
    39E7 : 6;
    39E8 : 6;
    39E9 : 6;
    39EA : 6;
    39EB : 6;
    39EC : 6;
    39ED : 6;
    39EE : 6;
    39EF : 6;
    39F0 : 6;
    39F1 : 6;
    39F2 : 6;
    39F3 : 6;
    39F4 : 6;
    39F5 : 6;
    39F6 : 6;
    39F7 : 6;
    39F8 : 6;
    39F9 : 6;
    39FA : 6;
    39FB : 6;
    39FC : 6;
    39FD : 6;
    39FE : D;
    39FF : D;
    3A00 : D;
    3A01 : D;
    3A02 : D;
    3A03 : D;
    3A04 : D;
    3A05 : D;
    3A06 : D;
    3A07 : D;
    3A08 : D;
    3A09 : D;
    3A0A : D;
    3A0B : D;
    3A0C : D;
    3A0D : D;
    3A0E : D;
    3A0F : D;
    3A10 : D;
    3A11 : D;
    3A12 : D;
    3A13 : D;
    3A14 : D;
    3A15 : D;
    3A16 : D;
    3A17 : 6;
    3A18 : 6;
    3A19 : D;
    3A1A : D;
    3A1B : D;
    3A1C : D;
    3A1D : 5;
    3A1E : 5;
    3A1F : 5;
    3A20 : 5;
    3A21 : 5;
    3A22 : 5;
    3A23 : 5;
    3A24 : 5;
    3A25 : 5;
    3A26 : 5;
    3A27 : 5;
    3A28 : 5;
    3A29 : D;
    3A2A : D;
    3A2B : D;
    3A2C : D;
    3A2D : D;
    3A2E : D;
    3A2F : 1;
    3A30 : D;
    3A31 : D;
    3A32 : D;
    3A33 : D;
    3A34 : D;
    3A35 : 5;
    3A36 : 5;
    3A37 : 5;
    3A38 : D;
    3A39 : D;
    3A3A : D;
    3A3B : D;
    3A3C : D;
    3A3D : D;
    3A3E : D;
    3A3F : D;
    3A40 : D;
    3A41 : 6;
    3A42 : 6;
    3A43 : 6;
    3A44 : 6;
    3A45 : 6;
    3A46 : 6;
    3A47 : 6;
    3A48 : 6;
    3A49 : D;
    3A4A : D;
    3A4B : 6;
    3A4C : D;
    3A4D : D;
    3A4E : D;
    3A4F : 6;
    3A50 : 6;
    3A51 : D;
    3A52 : D;
    3A53 : D;
    3A54 : D;
    3A55 : D;
    3A56 : D;
    3A57 : D;
    3A58 : 6;
    3A59 : 6;
    3A5A : D;
    3A5B : 6;
    3A5C : 6;
    3A5D : D;
    3A5E : D;
    3A5F : D;
    3A60 : D;
    3A61 : D;
    3A62 : D;
    3A63 : 6;
    3A64 : 6;
    3A65 : D;
    3A66 : D;
    3A67 : D;
    3A68 : D;
    3A69 : 5;
    3A6A : D;
    3A6B : D;
    3A6C : D;
    3A6D : D;
    3A6E : D;
    3A6F : D;
    3A70 : D;
    3A71 : D;
    3A72 : D;
    3A73 : 5;
    3A74 : D;
    3A75 : 5;
    3A76 : 5;
    3A77 : 5;
    3A78 : D;
    3A79 : D;
    3A7A : D;
    3A7B : D;
    3A7C : 5;
    3A7D : 5;
    3A7E : 5;
    3A7F : D;
    3A80 : D;
    3A81 : D;
    3A82 : D;
    3A83 : D;
    3A84 : D;
    3A85 : D;
    3A86 : D;
    3A87 : 5;
    3A88 : D;
    3A89 : 5;
    3A8A : 5;
    3A8B : 5;
    3A8C : D;
    3A8D : 5;
    3A8E : D;
    3A8F : D;
    3A90 : D;
    3A91 : D;
    3A92 : D;
    3A93 : 5;
    3A94 : D;
    3A95 : D;
    3A96 : D;
    3A97 : 5;
    3A98 : 6;
    3A99 : 6;
    3A9A : 6;
    3A9B : 6;
    3A9C : 6;
    3A9D : 6;
    3A9E : 6;
    3A9F : 6;
    3AA0 : 6;
    3AA1 : 6;
    3AA2 : 6;
    3AA3 : 6;
    3AA4 : 6;
    3AA5 : 6;
    3AA6 : 6;
    3AA7 : 6;
    3AA8 : 6;
    3AA9 : 6;
    3AAA : 6;
    3AAB : 6;
    3AAC : 6;
    3AAD : 6;
    3AAE : 6;
    3AAF : 6;
    3AB0 : 6;
    3AB1 : 6;
    3AB2 : 6;
    3AB3 : 6;
    3AB4 : 6;
    3AB5 : 6;
    3AB6 : 6;
    3AB7 : 6;
    3AB8 : 6;
    3AB9 : 6;
    3ABA : 6;
    3ABB : 6;
    3ABC : 6;
    3ABD : 6;
    3ABE : 6;
    3ABF : 6;
    3AC0 : 6;
    3AC1 : 6;
    3AC2 : 6;
    3AC3 : 6;
    3AC4 : 6;
    3AC5 : 6;
    3AC6 : 6;
    3AC7 : 6;
    3AC8 : 6;
    3AC9 : 6;
    3ACA : D;
    3ACB : D;
    3ACC : D;
    3ACD : D;
    3ACE : D;
    3ACF : D;
    3AD0 : D;
    3AD1 : D;
    3AD2 : D;
    3AD3 : D;
    3AD4 : D;
    3AD5 : D;
    3AD6 : D;
    3AD7 : D;
    3AD8 : D;
    3AD9 : D;
    3ADA : D;
    3ADB : D;
    3ADC : D;
    3ADD : D;
    3ADE : 6;
    3ADF : 6;
    3AE0 : 6;
    3AE1 : D;
    3AE2 : B;
    3AE3 : B;
    3AE4 : B;
    3AE5 : 3;
    3AE6 : 5;
    3AE7 : 5;
    3AE8 : 5;
    3AE9 : 5;
    3AEA : 5;
    3AEB : 5;
    3AEC : 5;
    3AED : 5;
    3AEE : 5;
    3AEF : 5;
    3AF0 : 5;
    3AF1 : D;
    3AF2 : D;
    3AF3 : D;
    3AF4 : D;
    3AF5 : D;
    3AF6 : 5;
    3AF7 : 1;
    3AF8 : D;
    3AF9 : D;
    3AFA : D;
    3AFB : 5;
    3AFC : 5;
    3AFD : 5;
    3AFE : D;
    3AFF : D;
    3B00 : D;
    3B01 : D;
    3B02 : D;
    3B03 : D;
    3B04 : D;
    3B05 : D;
    3B06 : D;
    3B07 : D;
    3B08 : D;
    3B09 : 6;
    3B0A : D;
    3B0B : 6;
    3B0C : 6;
    3B0D : D;
    3B0E : D;
    3B0F : D;
    3B10 : D;
    3B11 : D;
    3B12 : D;
    3B13 : D;
    3B14 : D;
    3B15 : D;
    3B16 : D;
    3B17 : D;
    3B18 : D;
    3B19 : D;
    3B1A : 5;
    3B1B : D;
    3B1C : D;
    3B1D : 6;
    3B1E : D;
    3B1F : D;
    3B20 : 6;
    3B21 : D;
    3B22 : D;
    3B23 : D;
    3B24 : D;
    3B25 : D;
    3B26 : D;
    3B27 : D;
    3B28 : D;
    3B29 : D;
    3B2A : D;
    3B2B : D;
    3B2C : D;
    3B2D : D;
    3B2E : D;
    3B2F : D;
    3B30 : D;
    3B31 : D;
    3B32 : D;
    3B33 : D;
    3B34 : D;
    3B35 : D;
    3B36 : D;
    3B37 : D;
    3B38 : D;
    3B39 : D;
    3B3A : 5;
    3B3B : D;
    3B3C : D;
    3B3D : D;
    3B3E : D;
    3B3F : 5;
    3B40 : 5;
    3B41 : D;
    3B42 : D;
    3B43 : 5;
    3B44 : 5;
    3B45 : 5;
    3B46 : 5;
    3B47 : D;
    3B48 : D;
    3B49 : D;
    3B4A : D;
    3B4B : D;
    3B4C : 5;
    3B4D : 5;
    3B4E : D;
    3B4F : D;
    3B50 : D;
    3B51 : D;
    3B52 : D;
    3B53 : D;
    3B54 : D;
    3B55 : D;
    3B56 : D;
    3B57 : D;
    3B58 : 5;
    3B59 : 5;
    3B5A : 5;
    3B5B : 5;
    3B5C : 5;
    3B5D : 5;
    3B5E : 5;
    3B5F : 5;
    3B60 : 6;
    3B61 : 6;
    3B62 : 6;
    3B63 : 6;
    3B64 : 6;
    3B65 : 6;
    3B66 : 6;
    3B67 : 6;
    3B68 : 6;
    3B69 : 6;
    3B6A : 6;
    3B6B : 6;
    3B6C : 6;
    3B6D : 6;
    3B6E : 6;
    3B6F : 6;
    3B70 : 6;
    3B71 : 6;
    3B72 : 6;
    3B73 : 6;
    3B74 : 6;
    3B75 : 6;
    3B76 : 6;
    3B77 : 6;
    3B78 : 6;
    3B79 : 6;
    3B7A : 6;
    3B7B : 6;
    3B7C : 6;
    3B7D : 6;
    3B7E : 6;
    3B7F : 6;
    3B80 : 6;
    3B81 : 6;
    3B82 : 6;
    3B83 : 6;
    3B84 : 6;
    3B85 : 6;
    3B86 : 6;
    3B87 : 6;
    3B88 : 6;
    3B89 : 6;
    3B8A : 6;
    3B8B : 6;
    3B8C : 6;
    3B8D : 6;
    3B8E : 6;
    3B8F : 6;
    3B90 : 6;
    3B91 : 6;
    3B92 : 6;
    3B93 : D;
    3B94 : D;
    3B95 : D;
    3B96 : D;
    3B97 : D;
    3B98 : D;
    3B99 : D;
    3B9A : D;
    3B9B : D;
    3B9C : D;
    3B9D : D;
    3B9E : D;
    3B9F : D;
    3BA0 : D;
    3BA1 : D;
    3BA2 : D;
    3BA3 : D;
    3BA4 : D;
    3BA5 : D;
    3BA6 : 6;
    3BA7 : 6;
    3BA8 : B;
    3BA9 : B;
    3BAA : B;
    3BAB : 3;
    3BAC : 3;
    3BAD : 3;
    3BAE : 3;
    3BAF : 5;
    3BB0 : 5;
    3BB1 : 5;
    3BB2 : 5;
    3BB3 : 5;
    3BB4 : 5;
    3BB5 : 5;
    3BB6 : 5;
    3BB7 : 5;
    3BB8 : 5;
    3BB9 : D;
    3BBA : D;
    3BBB : D;
    3BBC : D;
    3BBD : D;
    3BBE : 5;
    3BBF : 1;
    3BC0 : D;
    3BC1 : 5;
    3BC2 : 5;
    3BC3 : 5;
    3BC4 : D;
    3BC5 : D;
    3BC6 : D;
    3BC7 : D;
    3BC8 : D;
    3BC9 : D;
    3BCA : D;
    3BCB : D;
    3BCC : D;
    3BCD : D;
    3BCE : D;
    3BCF : D;
    3BD0 : D;
    3BD1 : D;
    3BD2 : 6;
    3BD3 : 6;
    3BD4 : D;
    3BD5 : D;
    3BD6 : D;
    3BD7 : D;
    3BD8 : D;
    3BD9 : D;
    3BDA : 6;
    3BDB : D;
    3BDC : D;
    3BDD : D;
    3BDE : D;
    3BDF : D;
    3BE0 : 5;
    3BE1 : 5;
    3BE2 : 5;
    3BE3 : D;
    3BE4 : D;
    3BE5 : D;
    3BE6 : D;
    3BE7 : D;
    3BE8 : D;
    3BE9 : D;
    3BEA : D;
    3BEB : 5;
    3BEC : 5;
    3BED : D;
    3BEE : D;
    3BEF : D;
    3BF0 : D;
    3BF1 : D;
    3BF2 : D;
    3BF3 : 5;
    3BF4 : D;
    3BF5 : D;
    3BF6 : D;
    3BF7 : D;
    3BF8 : 5;
    3BF9 : D;
    3BFA : D;
    3BFB : D;
    3BFC : D;
    3BFD : D;
    3BFE : D;
    3BFF : D;
    3C00 : D;
    3C01 : D;
    3C02 : D;
    3C03 : D;
    3C04 : D;
    3C05 : D;
    3C06 : D;
    3C07 : D;
    3C08 : D;
    3C09 : 6;
    3C0A : D;
    3C0B : 5;
    3C0C : D;
    3C0D : D;
    3C0E : D;
    3C0F : D;
    3C10 : 5;
    3C11 : D;
    3C12 : 5;
    3C13 : 5;
    3C14 : 5;
    3C15 : D;
    3C16 : D;
    3C17 : D;
    3C18 : D;
    3C19 : D;
    3C1A : 5;
    3C1B : 5;
    3C1C : 5;
    3C1D : 5;
    3C1E : 5;
    3C1F : 5;
    3C20 : 5;
    3C21 : 5;
    3C22 : 1;
    3C23 : 5;
    3C24 : 5;
    3C25 : 5;
    3C26 : 5;
    3C27 : 5;
    3C28 : 6;
    3C29 : 6;
    3C2A : 6;
    3C2B : 6;
    3C2C : 6;
    3C2D : 6;
    3C2E : 6;
    3C2F : 6;
    3C30 : 6;
    3C31 : 6;
    3C32 : 6;
    3C33 : 6;
    3C34 : 6;
    3C35 : 6;
    3C36 : 6;
    3C37 : 6;
    3C38 : 6;
    3C39 : 6;
    3C3A : 6;
    3C3B : 6;
    3C3C : 6;
    3C3D : 6;
    3C3E : 6;
    3C3F : 6;
    3C40 : 6;
    3C41 : 6;
    3C42 : 6;
    3C43 : 6;
    3C44 : 6;
    3C45 : 6;
    3C46 : 6;
    3C47 : 6;
    3C48 : 6;
    3C49 : 6;
    3C4A : 6;
    3C4B : 6;
    3C4C : 6;
    3C4D : 6;
    3C4E : D;
    3C4F : 6;
    3C50 : 6;
    3C51 : 6;
    3C52 : 6;
    3C53 : 6;
    3C54 : 6;
    3C55 : 6;
    3C56 : 6;
    3C57 : 6;
    3C58 : 6;
    3C59 : 6;
    3C5A : 6;
    3C5B : 6;
    3C5C : D;
    3C5D : 6;
    3C5E : D;
    3C5F : D;
    3C60 : D;
    3C61 : D;
    3C62 : D;
    3C63 : D;
    3C64 : D;
    3C65 : D;
    3C66 : D;
    3C67 : D;
    3C68 : D;
    3C69 : D;
    3C6A : D;
    3C6B : D;
    3C6C : D;
    3C6D : D;
    3C6E : D;
    3C6F : B;
    3C70 : B;
    3C71 : B;
    3C72 : 3;
    3C73 : 3;
    3C74 : 3;
    3C75 : 3;
    3C76 : 3;
    3C77 : 3;
    3C78 : 3;
    3C79 : 3;
    3C7A : 5;
    3C7B : 5;
    3C7C : 5;
    3C7D : 5;
    3C7E : 5;
    3C7F : 5;
    3C80 : D;
    3C81 : D;
    3C82 : D;
    3C83 : D;
    3C84 : D;
    3C85 : D;
    3C86 : 5;
    3C87 : 1;
    3C88 : 5;
    3C89 : 5;
    3C8A : D;
    3C8B : D;
    3C8C : 6;
    3C8D : 6;
    3C8E : 6;
    3C8F : D;
    3C90 : 6;
    3C91 : 6;
    3C92 : D;
    3C93 : D;
    3C94 : D;
    3C95 : D;
    3C96 : D;
    3C97 : D;
    3C98 : D;
    3C99 : D;
    3C9A : D;
    3C9B : D;
    3C9C : 5;
    3C9D : D;
    3C9E : D;
    3C9F : D;
    3CA0 : D;
    3CA1 : D;
    3CA2 : D;
    3CA3 : D;
    3CA4 : D;
    3CA5 : D;
    3CA6 : D;
    3CA7 : D;
    3CA8 : 5;
    3CA9 : 5;
    3CAA : 5;
    3CAB : D;
    3CAC : D;
    3CAD : 5;
    3CAE : 5;
    3CAF : 5;
    3CB0 : D;
    3CB1 : D;
    3CB2 : D;
    3CB3 : 5;
    3CB4 : 5;
    3CB5 : 5;
    3CB6 : 5;
    3CB7 : D;
    3CB8 : D;
    3CB9 : D;
    3CBA : D;
    3CBB : D;
    3CBC : D;
    3CBD : D;
    3CBE : D;
    3CBF : D;
    3CC0 : D;
    3CC1 : D;
    3CC2 : D;
    3CC3 : D;
    3CC4 : 5;
    3CC5 : D;
    3CC6 : D;
    3CC7 : D;
    3CC8 : D;
    3CC9 : D;
    3CCA : D;
    3CCB : D;
    3CCC : D;
    3CCD : 5;
    3CCE : 5;
    3CCF : 5;
    3CD0 : D;
    3CD1 : D;
    3CD2 : 5;
    3CD3 : 5;
    3CD4 : 5;
    3CD5 : 5;
    3CD6 : 5;
    3CD7 : 5;
    3CD8 : 5;
    3CD9 : D;
    3CDA : 5;
    3CDB : 5;
    3CDC : 5;
    3CDD : D;
    3CDE : D;
    3CDF : D;
    3CE0 : 5;
    3CE1 : 5;
    3CE2 : 5;
    3CE3 : 5;
    3CE4 : 1;
    3CE5 : 5;
    3CE6 : 5;
    3CE7 : 5;
    3CE8 : 1;
    3CE9 : 1;
    3CEA : 1;
    3CEB : 1;
    3CEC : 5;
    3CED : 5;
    3CEE : 5;
    3CEF : 1;
    3CF0 : 6;
    3CF1 : 6;
    3CF2 : 6;
    3CF3 : 6;
    3CF4 : 6;
    3CF5 : 6;
    3CF6 : 6;
    3CF7 : 6;
    3CF8 : D;
    3CF9 : D;
    3CFA : 6;
    3CFB : 6;
    3CFC : 6;
    3CFD : 6;
    3CFE : 6;
    3CFF : 6;
    3D00 : D;
    3D01 : D;
    3D02 : D;
    3D03 : 6;
    3D04 : 6;
    3D05 : 6;
    3D06 : 6;
    3D07 : 6;
    3D08 : 6;
    3D09 : 6;
    3D0A : 6;
    3D0B : 6;
    3D0C : 6;
    3D0D : 6;
    3D0E : 6;
    3D0F : 6;
    3D10 : D;
    3D11 : D;
    3D12 : D;
    3D13 : D;
    3D14 : D;
    3D15 : D;
    3D16 : D;
    3D17 : D;
    3D18 : 6;
    3D19 : 6;
    3D1A : 6;
    3D1B : 6;
    3D1C : 6;
    3D1D : 6;
    3D1E : 6;
    3D1F : 6;
    3D20 : 6;
    3D21 : 6;
    3D22 : 6;
    3D23 : 6;
    3D24 : 6;
    3D25 : 6;
    3D26 : D;
    3D27 : D;
    3D28 : D;
    3D29 : D;
    3D2A : D;
    3D2B : D;
    3D2C : D;
    3D2D : D;
    3D2E : D;
    3D2F : D;
    3D30 : D;
    3D31 : D;
    3D32 : D;
    3D33 : D;
    3D34 : D;
    3D35 : B;
    3D36 : B;
    3D37 : B;
    3D38 : 3;
    3D39 : 3;
    3D3A : 3;
    3D3B : 3;
    3D3C : 3;
    3D3D : 3;
    3D3E : 3;
    3D3F : 3;
    3D40 : 3;
    3D41 : 3;
    3D42 : 5;
    3D43 : 5;
    3D44 : 5;
    3D45 : 5;
    3D46 : 5;
    3D47 : 5;
    3D48 : 5;
    3D49 : D;
    3D4A : D;
    3D4B : D;
    3D4C : 5;
    3D4D : 5;
    3D4E : 5;
    3D4F : D;
    3D50 : D;
    3D51 : D;
    3D52 : 6;
    3D53 : 6;
    3D54 : 6;
    3D55 : 6;
    3D56 : D;
    3D57 : D;
    3D58 : D;
    3D59 : 6;
    3D5A : D;
    3D5B : D;
    3D5C : D;
    3D5D : D;
    3D5E : D;
    3D5F : D;
    3D60 : D;
    3D61 : 5;
    3D62 : D;
    3D63 : D;
    3D64 : D;
    3D65 : D;
    3D66 : D;
    3D67 : D;
    3D68 : D;
    3D69 : D;
    3D6A : 6;
    3D6B : D;
    3D6C : D;
    3D6D : 6;
    3D6E : D;
    3D6F : 5;
    3D70 : 5;
    3D71 : 5;
    3D72 : D;
    3D73 : D;
    3D74 : 5;
    3D75 : D;
    3D76 : D;
    3D77 : D;
    3D78 : 6;
    3D79 : D;
    3D7A : D;
    3D7B : 5;
    3D7C : 5;
    3D7D : D;
    3D7E : D;
    3D7F : 6;
    3D80 : 6;
    3D81 : D;
    3D82 : D;
    3D83 : D;
    3D84 : 5;
    3D85 : D;
    3D86 : D;
    3D87 : D;
    3D88 : D;
    3D89 : 6;
    3D8A : D;
    3D8B : 5;
    3D8C : D;
    3D8D : D;
    3D8E : D;
    3D8F : D;
    3D90 : D;
    3D91 : D;
    3D92 : D;
    3D93 : 5;
    3D94 : 5;
    3D95 : 5;
    3D96 : 5;
    3D97 : 5;
    3D98 : D;
    3D99 : 5;
    3D9A : 5;
    3D9B : 5;
    3D9C : 5;
    3D9D : 5;
    3D9E : 5;
    3D9F : 5;
    3DA0 : 5;
    3DA1 : 5;
    3DA2 : 1;
    3DA3 : 5;
    3DA4 : 5;
    3DA5 : 5;
    3DA6 : 5;
    3DA7 : 5;
    3DA8 : 5;
    3DA9 : 5;
    3DAA : 5;
    3DAB : 5;
    3DAC : 5;
    3DAD : 5;
    3DAE : 5;
    3DAF : 5;
    3DB0 : 5;
    3DB1 : 5;
    3DB2 : 5;
    3DB3 : 1;
    3DB4 : 1;
    3DB5 : 5;
    3DB6 : 5;
    3DB7 : 1;
    3DB8 : 6;
    3DB9 : 6;
    3DBA : 6;
    3DBB : 6;
    3DBC : D;
    3DBD : D;
    3DBE : D;
    3DBF : D;
    3DC0 : D;
    3DC1 : D;
    3DC2 : D;
    3DC3 : D;
    3DC4 : D;
    3DC5 : D;
    3DC6 : D;
    3DC7 : D;
    3DC8 : D;
    3DC9 : D;
    3DCA : D;
    3DCB : D;
    3DCC : D;
    3DCD : D;
    3DCE : D;
    3DCF : 6;
    3DD0 : 6;
    3DD1 : 6;
    3DD2 : D;
    3DD3 : D;
    3DD4 : D;
    3DD5 : D;
    3DD6 : D;
    3DD7 : D;
    3DD8 : D;
    3DD9 : D;
    3DDA : D;
    3DDB : D;
    3DDC : D;
    3DDD : D;
    3DDE : D;
    3DDF : D;
    3DE0 : D;
    3DE1 : 6;
    3DE2 : 6;
    3DE3 : 6;
    3DE4 : 6;
    3DE5 : 6;
    3DE6 : 6;
    3DE7 : 6;
    3DE8 : 6;
    3DE9 : 6;
    3DEA : 6;
    3DEB : 6;
    3DEC : 6;
    3DED : 6;
    3DEE : 6;
    3DEF : 6;
    3DF0 : D;
    3DF1 : D;
    3DF2 : D;
    3DF3 : D;
    3DF4 : D;
    3DF5 : D;
    3DF6 : D;
    3DF7 : D;
    3DF8 : D;
    3DF9 : D;
    3DFA : D;
    3DFB : B;
    3DFC : B;
    3DFD : B;
    3DFE : 3;
    3DFF : 3;
    3E00 : 3;
    3E01 : 3;
    3E02 : 3;
    3E03 : 3;
    3E04 : 3;
    3E05 : 3;
    3E06 : 3;
    3E07 : 3;
    3E08 : 3;
    3E09 : 5;
    3E0A : 5;
    3E0B : 5;
    3E0C : 5;
    3E0D : 5;
    3E0E : 5;
    3E0F : 5;
    3E10 : 5;
    3E11 : 5;
    3E12 : 5;
    3E13 : 5;
    3E14 : 5;
    3E15 : D;
    3E16 : D;
    3E17 : 6;
    3E18 : 6;
    3E19 : 6;
    3E1A : 6;
    3E1B : D;
    3E1C : D;
    3E1D : D;
    3E1E : D;
    3E1F : D;
    3E20 : D;
    3E21 : D;
    3E22 : D;
    3E23 : D;
    3E24 : D;
    3E25 : D;
    3E26 : D;
    3E27 : D;
    3E28 : D;
    3E29 : D;
    3E2A : 6;
    3E2B : 6;
    3E2C : D;
    3E2D : D;
    3E2E : D;
    3E2F : D;
    3E30 : 6;
    3E31 : 6;
    3E32 : D;
    3E33 : D;
    3E34 : D;
    3E35 : D;
    3E36 : 5;
    3E37 : 5;
    3E38 : 5;
    3E39 : 5;
    3E3A : D;
    3E3B : D;
    3E3C : 6;
    3E3D : 6;
    3E3E : 6;
    3E3F : 6;
    3E40 : D;
    3E41 : D;
    3E42 : 5;
    3E43 : 5;
    3E44 : D;
    3E45 : 6;
    3E46 : 6;
    3E47 : D;
    3E48 : D;
    3E49 : D;
    3E4A : 5;
    3E4B : 5;
    3E4C : D;
    3E4D : D;
    3E4E : D;
    3E4F : D;
    3E50 : D;
    3E51 : D;
    3E52 : 5;
    3E53 : 5;
    3E54 : D;
    3E55 : D;
    3E56 : D;
    3E57 : D;
    3E58 : D;
    3E59 : 5;
    3E5A : 5;
    3E5B : 5;
    3E5C : 5;
    3E5D : 5;
    3E5E : 5;
    3E5F : D;
    3E60 : D;
    3E61 : 5;
    3E62 : D;
    3E63 : 5;
    3E64 : 5;
    3E65 : 5;
    3E66 : 5;
    3E67 : 5;
    3E68 : 1;
    3E69 : 1;
    3E6A : 1;
    3E6B : 5;
    3E6C : 5;
    3E6D : 5;
    3E6E : 5;
    3E6F : 5;
    3E70 : 5;
    3E71 : 5;
    3E72 : 5;
    3E73 : 5;
    3E74 : D;
    3E75 : 5;
    3E76 : 5;
    3E77 : 5;
    3E78 : 5;
    3E79 : 5;
    3E7A : 5;
    3E7B : 5;
    3E7C : 1;
    3E7D : 1;
    3E7E : 1;
    3E7F : 1;
    3E80 : D;
    3E81 : D;
    3E82 : D;
    3E83 : D;
    3E84 : D;
    3E85 : D;
    3E86 : D;
    3E87 : D;
    3E88 : D;
    3E89 : D;
    3E8A : D;
    3E8B : D;
    3E8C : D;
    3E8D : D;
    3E8E : D;
    3E8F : D;
    3E90 : D;
    3E91 : D;
    3E92 : D;
    3E93 : D;
    3E94 : D;
    3E95 : D;
    3E96 : D;
    3E97 : D;
    3E98 : D;
    3E99 : D;
    3E9A : D;
    3E9B : D;
    3E9C : D;
    3E9D : D;
    3E9E : D;
    3E9F : D;
    3EA0 : D;
    3EA1 : D;
    3EA2 : D;
    3EA3 : D;
    3EA4 : D;
    3EA5 : D;
    3EA6 : D;
    3EA7 : D;
    3EA8 : D;
    3EA9 : 6;
    3EAA : 6;
    3EAB : 6;
    3EAC : 6;
    3EAD : 6;
    3EAE : 6;
    3EAF : 6;
    3EB0 : 6;
    3EB1 : 6;
    3EB2 : 6;
    3EB3 : 6;
    3EB4 : 6;
    3EB5 : 6;
    3EB6 : 6;
    3EB7 : 6;
    3EB8 : D;
    3EB9 : D;
    3EBA : D;
    3EBB : D;
    3EBC : D;
    3EBD : D;
    3EBE : D;
    3EBF : D;
    3EC0 : D;
    3EC1 : D;
    3EC2 : B;
    3EC3 : B;
    3EC4 : B;
    3EC5 : 3;
    3EC6 : 3;
    3EC7 : 3;
    3EC8 : 3;
    3EC9 : 3;
    3ECA : 3;
    3ECB : 3;
    3ECC : 3;
    3ECD : 3;
    3ECE : 3;
    3ECF : 3;
    3ED0 : 3;
    3ED1 : 5;
    3ED2 : 5;
    3ED3 : 5;
    3ED4 : 5;
    3ED5 : 5;
    3ED6 : 5;
    3ED7 : 5;
    3ED8 : 5;
    3ED9 : 5;
    3EDA : 5;
    3EDB : D;
    3EDC : D;
    3EDD : D;
    3EDE : 6;
    3EDF : 6;
    3EE0 : 6;
    3EE1 : D;
    3EE2 : D;
    3EE3 : D;
    3EE4 : D;
    3EE5 : D;
    3EE6 : D;
    3EE7 : D;
    3EE8 : D;
    3EE9 : D;
    3EEA : D;
    3EEB : D;
    3EEC : D;
    3EED : D;
    3EEE : D;
    3EEF : 6;
    3EF0 : 6;
    3EF1 : D;
    3EF2 : D;
    3EF3 : D;
    3EF4 : D;
    3EF5 : D;
    3EF6 : 6;
    3EF7 : 6;
    3EF8 : D;
    3EF9 : D;
    3EFA : D;
    3EFB : D;
    3EFC : D;
    3EFD : 5;
    3EFE : 5;
    3EFF : 5;
    3F00 : 5;
    3F01 : D;
    3F02 : D;
    3F03 : D;
    3F04 : 6;
    3F05 : 6;
    3F06 : D;
    3F07 : D;
    3F08 : D;
    3F09 : 5;
    3F0A : 5;
    3F0B : D;
    3F0C : D;
    3F0D : D;
    3F0E : D;
    3F0F : 5;
    3F10 : D;
    3F11 : D;
    3F12 : 5;
    3F13 : D;
    3F14 : D;
    3F15 : D;
    3F16 : 5;
    3F17 : D;
    3F18 : D;
    3F19 : 5;
    3F1A : 5;
    3F1B : D;
    3F1C : D;
    3F1D : D;
    3F1E : D;
    3F1F : D;
    3F20 : 5;
    3F21 : 5;
    3F22 : 5;
    3F23 : 5;
    3F24 : 5;
    3F25 : 5;
    3F26 : 5;
    3F27 : D;
    3F28 : D;
    3F29 : 5;
    3F2A : 5;
    3F2B : 5;
    3F2C : D;
    3F2D : 5;
    3F2E : 1;
    3F2F : 1;
    3F30 : 1;
    3F31 : 1;
    3F32 : 1;
    3F33 : 5;
    3F34 : 5;
    3F35 : 5;
    3F36 : D;
    3F37 : D;
    3F38 : D;
    3F39 : D;
    3F3A : D;
    3F3B : 5;
    3F3C : 5;
    3F3D : 5;
    3F3E : 5;
    3F3F : 5;
    3F40 : 5;
    3F41 : 5;
    3F42 : 5;
    3F43 : 5;
    3F44 : 1;
    3F45 : 5;
    3F46 : 5;
    3F47 : 5;
    3F48 : D;
    3F49 : D;
    3F4A : D;
    3F4B : D;
    3F4C : D;
    3F4D : D;
    3F4E : D;
    3F4F : D;
    3F50 : D;
    3F51 : D;
    3F52 : D;
    3F53 : D;
    3F54 : D;
    3F55 : D;
    3F56 : D;
    3F57 : D;
    3F58 : D;
    3F59 : D;
    3F5A : D;
    3F5B : D;
    3F5C : D;
    3F5D : D;
    3F5E : D;
    3F5F : D;
    3F60 : D;
    3F61 : D;
    3F62 : D;
    3F63 : D;
    3F64 : D;
    3F65 : D;
    3F66 : D;
    3F67 : D;
    3F68 : D;
    3F69 : D;
    3F6A : D;
    3F6B : D;
    3F6C : D;
    3F6D : D;
    3F6E : D;
    3F6F : D;
    3F70 : 6;
    3F71 : 6;
    3F72 : 6;
    3F73 : 6;
    3F74 : 6;
    3F75 : 6;
    3F76 : 6;
    3F77 : 6;
    3F78 : 6;
    3F79 : 6;
    3F7A : 6;
    3F7B : 6;
    3F7C : 6;
    3F7D : 6;
    3F7E : 6;
    3F7F : 6;
    3F80 : 6;
    3F81 : D;
    3F82 : D;
    3F83 : D;
    3F84 : D;
    3F85 : D;
    3F86 : D;
    3F87 : D;
    3F88 : B;
    3F89 : B;
    3F8A : B;
    3F8B : 3;
    3F8C : 3;
    3F8D : 3;
    3F8E : 3;
    3F8F : 3;
    3F90 : 3;
    3F91 : 3;
    3F92 : 3;
    3F93 : 3;
    3F94 : 3;
    3F95 : 3;
    3F96 : 3;
    3F97 : 3;
    3F98 : 3;
    3F99 : 5;
    3F9A : 5;
    3F9B : 5;
    3F9C : 5;
    3F9D : 5;
    3F9E : 1;
    3F9F : 5;
    3FA0 : 5;
    3FA1 : D;
    3FA2 : D;
    3FA3 : D;
    3FA4 : D;
    3FA5 : D;
    3FA6 : D;
    3FA7 : D;
    3FA8 : D;
    3FA9 : D;
    3FAA : D;
    3FAB : D;
    3FAC : D;
    3FAD : D;
    3FAE : D;
    3FAF : D;
    3FB0 : 5;
    3FB1 : D;
    3FB2 : D;
    3FB3 : D;
    3FB4 : D;
    3FB5 : 6;
    3FB6 : D;
    3FB7 : D;
    3FB8 : D;
    3FB9 : D;
    3FBA : D;
    3FBB : D;
    3FBC : 6;
    3FBD : 6;
    3FBE : D;
    3FBF : D;
    3FC0 : D;
    3FC1 : D;
    3FC2 : 5;
    3FC3 : 5;
    3FC4 : 5;
    3FC5 : 5;
    3FC6 : 5;
    3FC7 : D;
    3FC8 : D;
    3FC9 : D;
    3FCA : D;
    3FCB : D;
    3FCC : D;
    3FCD : D;
    3FCE : D;
    3FCF : 5;
    3FD0 : 5;
    3FD1 : 5;
    3FD2 : D;
    3FD3 : 6;
    3FD4 : D;
    3FD5 : D;
    3FD6 : D;
    3FD7 : D;
    3FD8 : D;
    3FD9 : 5;
    3FDA : D;
    3FDB : D;
    3FDC : D;
    3FDD : D;
    3FDE : D;
    3FDF : D;
    3FE0 : 5;
    3FE1 : 5;
    3FE2 : D;
    3FE3 : D;
    3FE4 : D;
    3FE5 : 5;
    3FE6 : D;
    3FE7 : 5;
    3FE8 : 5;
    3FE9 : 5;
    3FEA : 5;
    3FEB : 5;
    3FEC : 5;
    3FED : 5;
    3FEE : 5;
    3FEF : 5;
    3FF0 : 5;
    3FF1 : 5;
    3FF2 : 5;
    3FF3 : 5;
    3FF4 : D;
    3FF5 : 5;
    3FF6 : 5;
    3FF7 : 5;
    3FF8 : 1;
    3FF9 : 1;
    3FFA : 5;
    3FFB : 5;
    3FFC : 5;
    3FFD : 5;
    3FFE : 5;
    3FFF : D;
    4000 : 5;
    4001 : D;
    4002 : D;
    4003 : 5;
    4004 : 5;
    4005 : 5;
    4006 : 5;
    4007 : 5;
    4008 : 5;
    4009 : 5;
    400A : 1;
    400B : 1;
    400C : 1;
    400D : 1;
    400E : 1;
    400F : 1;
    4010 : D;
    4011 : D;
    4012 : D;
    4013 : D;
    4014 : D;
    4015 : D;
    4016 : D;
    4017 : D;
    4018 : D;
    4019 : D;
    401A : D;
    401B : D;
    401C : D;
    401D : D;
    401E : D;
    401F : D;
    4020 : D;
    4021 : D;
    4022 : D;
    4023 : D;
    4024 : D;
    4025 : D;
    4026 : D;
    4027 : D;
    4028 : D;
    4029 : D;
    402A : D;
    402B : D;
    402C : D;
    402D : D;
    402E : D;
    402F : D;
    4030 : D;
    4031 : D;
    4032 : D;
    4033 : D;
    4034 : D;
    4035 : D;
    4036 : D;
    4037 : 6;
    4038 : 6;
    4039 : 6;
    403A : 6;
    403B : 6;
    403C : 6;
    403D : 6;
    403E : 6;
    403F : 6;
    4040 : 6;
    4041 : 6;
    4042 : 6;
    4043 : 6;
    4044 : 6;
    4045 : 6;
    4046 : 6;
    4047 : 6;
    4048 : 6;
    4049 : D;
    404A : 6;
    404B : 6;
    404C : D;
    404D : D;
    404E : B;
    404F : B;
    4050 : B;
    4051 : 3;
    4052 : 3;
    4053 : 3;
    4054 : 3;
    4055 : 3;
    4056 : 3;
    4057 : 3;
    4058 : 3;
    4059 : 3;
    405A : 3;
    405B : 3;
    405C : 3;
    405D : 3;
    405E : 3;
    405F : 3;
    4060 : 3;
    4061 : 5;
    4062 : 5;
    4063 : 5;
    4064 : 1;
    4065 : 1;
    4066 : 5;
    4067 : D;
    4068 : D;
    4069 : D;
    406A : D;
    406B : D;
    406C : D;
    406D : D;
    406E : D;
    406F : D;
    4070 : D;
    4071 : D;
    4072 : D;
    4073 : D;
    4074 : D;
    4075 : 5;
    4076 : D;
    4077 : D;
    4078 : D;
    4079 : 6;
    407A : 6;
    407B : 6;
    407C : 6;
    407D : 6;
    407E : 6;
    407F : 6;
    4080 : D;
    4081 : D;
    4082 : 6;
    4083 : D;
    4084 : D;
    4085 : D;
    4086 : D;
    4087 : D;
    4088 : D;
    4089 : 5;
    408A : D;
    408B : D;
    408C : 5;
    408D : 5;
    408E : D;
    408F : D;
    4090 : D;
    4091 : D;
    4092 : D;
    4093 : D;
    4094 : D;
    4095 : 5;
    4096 : 5;
    4097 : 5;
    4098 : 5;
    4099 : D;
    409A : 6;
    409B : 6;
    409C : D;
    409D : 5;
    409E : D;
    409F : D;
    40A0 : D;
    40A1 : D;
    40A2 : D;
    40A3 : D;
    40A4 : D;
    40A5 : D;
    40A6 : D;
    40A7 : 5;
    40A8 : 5;
    40A9 : 5;
    40AA : D;
    40AB : D;
    40AC : 5;
    40AD : 5;
    40AE : 5;
    40AF : 5;
    40B0 : 5;
    40B1 : 5;
    40B2 : 5;
    40B3 : 5;
    40B4 : 5;
    40B5 : 5;
    40B6 : 5;
    40B7 : 5;
    40B8 : D;
    40B9 : D;
    40BA : D;
    40BB : 5;
    40BC : 5;
    40BD : 5;
    40BE : 5;
    40BF : 5;
    40C0 : 5;
    40C1 : 5;
    40C2 : 5;
    40C3 : 5;
    40C4 : 5;
    40C5 : 5;
    40C6 : 5;
    40C7 : 5;
    40C8 : 5;
    40C9 : D;
    40CA : D;
    40CB : D;
    40CC : D;
    40CD : 5;
    40CE : 5;
    40CF : 5;
    40D0 : 5;
    40D1 : 5;
    40D2 : 5;
    40D3 : 1;
    40D4 : 1;
    40D5 : 1;
    40D6 : 1;
    40D7 : 1;
    40D8 : D;
    40D9 : D;
    40DA : D;
    40DB : D;
    40DC : D;
    40DD : D;
    40DE : D;
    40DF : D;
    40E0 : D;
    40E1 : D;
    40E2 : D;
    40E3 : D;
    40E4 : D;
    40E5 : D;
    40E6 : D;
    40E7 : D;
    40E8 : D;
    40E9 : D;
    40EA : D;
    40EB : D;
    40EC : D;
    40ED : D;
    40EE : D;
    40EF : D;
    40F0 : D;
    40F1 : D;
    40F2 : D;
    40F3 : D;
    40F4 : D;
    40F5 : D;
    40F6 : D;
    40F7 : D;
    40F8 : D;
    40F9 : D;
    40FA : D;
    40FB : D;
    40FC : D;
    40FD : D;
    40FE : D;
    40FF : 6;
    4100 : 6;
    4101 : 6;
    4102 : 6;
    4103 : 6;
    4104 : 6;
    4105 : 6;
    4106 : 6;
    4107 : 6;
    4108 : 6;
    4109 : 6;
    410A : 6;
    410B : 6;
    410C : 6;
    410D : 6;
    410E : 6;
    410F : 6;
    4110 : 6;
    4111 : 6;
    4112 : 6;
    4113 : D;
    4114 : D;
    4115 : B;
    4116 : B;
    4117 : B;
    4118 : 3;
    4119 : 3;
    411A : 3;
    411B : 3;
    411C : 3;
    411D : 3;
    411E : 3;
    411F : 3;
    4120 : 3;
    4121 : 3;
    4122 : 3;
    4123 : 3;
    4124 : 3;
    4125 : 3;
    4126 : 3;
    4127 : 3;
    4128 : 3;
    4129 : 1;
    412A : 1;
    412B : 1;
    412C : 5;
    412D : D;
    412E : D;
    412F : 6;
    4130 : 6;
    4131 : D;
    4132 : D;
    4133 : D;
    4134 : D;
    4135 : D;
    4136 : D;
    4137 : D;
    4138 : D;
    4139 : D;
    413A : D;
    413B : D;
    413C : 5;
    413D : D;
    413E : 6;
    413F : 6;
    4140 : 6;
    4141 : 6;
    4142 : 6;
    4143 : 6;
    4144 : D;
    4145 : 6;
    4146 : D;
    4147 : D;
    4148 : D;
    4149 : 6;
    414A : 6;
    414B : D;
    414C : D;
    414D : D;
    414E : D;
    414F : 5;
    4150 : 5;
    4151 : 5;
    4152 : 5;
    4153 : 5;
    4154 : 5;
    4155 : D;
    4156 : D;
    4157 : D;
    4158 : D;
    4159 : D;
    415A : D;
    415B : D;
    415C : 5;
    415D : 5;
    415E : 5;
    415F : D;
    4160 : D;
    4161 : 6;
    4162 : D;
    4163 : D;
    4164 : 5;
    4165 : D;
    4166 : D;
    4167 : D;
    4168 : D;
    4169 : D;
    416A : D;
    416B : D;
    416C : D;
    416D : D;
    416E : D;
    416F : D;
    4170 : D;
    4171 : D;
    4172 : D;
    4173 : D;
    4174 : 5;
    4175 : 5;
    4176 : 5;
    4177 : 5;
    4178 : 5;
    4179 : 5;
    417A : 5;
    417B : 5;
    417C : 5;
    417D : 5;
    417E : 5;
    417F : 5;
    4180 : 5;
    4181 : 5;
    4182 : D;
    4183 : D;
    4184 : 5;
    4185 : 5;
    4186 : 5;
    4187 : 5;
    4188 : 5;
    4189 : 5;
    418A : 5;
    418B : 5;
    418C : 5;
    418D : 5;
    418E : 5;
    418F : 5;
    4190 : 5;
    4191 : 5;
    4192 : D;
    4193 : D;
    4194 : 5;
    4195 : 5;
    4196 : 5;
    4197 : 5;
    4198 : 5;
    4199 : 5;
    419A : 5;
    419B : 1;
    419C : 1;
    419D : 1;
    419E : 1;
    419F : 1;
    41A0 : D;
    41A1 : D;
    41A2 : D;
    41A3 : D;
    41A4 : D;
    41A5 : D;
    41A6 : D;
    41A7 : D;
    41A8 : D;
    41A9 : D;
    41AA : D;
    41AB : D;
    41AC : D;
    41AD : D;
    41AE : D;
    41AF : D;
    41B0 : D;
    41B1 : D;
    41B2 : D;
    41B3 : D;
    41B4 : D;
    41B5 : D;
    41B6 : D;
    41B7 : D;
    41B8 : D;
    41B9 : D;
    41BA : D;
    41BB : D;
    41BC : D;
    41BD : D;
    41BE : D;
    41BF : D;
    41C0 : D;
    41C1 : D;
    41C2 : D;
    41C3 : D;
    41C4 : D;
    41C5 : D;
    41C6 : 6;
    41C7 : 6;
    41C8 : 6;
    41C9 : 6;
    41CA : 6;
    41CB : 6;
    41CC : 6;
    41CD : 6;
    41CE : 6;
    41CF : 6;
    41D0 : 6;
    41D1 : 6;
    41D2 : 6;
    41D3 : 6;
    41D4 : 6;
    41D5 : D;
    41D6 : D;
    41D7 : D;
    41D8 : D;
    41D9 : D;
    41DA : D;
    41DB : B;
    41DC : B;
    41DD : B;
    41DE : 3;
    41DF : 3;
    41E0 : 3;
    41E1 : 3;
    41E2 : 3;
    41E3 : 3;
    41E4 : 3;
    41E5 : 3;
    41E6 : 3;
    41E7 : 3;
    41E8 : 3;
    41E9 : 3;
    41EA : 3;
    41EB : 3;
    41EC : 3;
    41ED : 3;
    41EE : 3;
    41EF : 1;
    41F0 : 1;
    41F1 : 1;
    41F2 : 5;
    41F3 : D;
    41F4 : 6;
    41F5 : 6;
    41F6 : 6;
    41F7 : 6;
    41F8 : 6;
    41F9 : D;
    41FA : D;
    41FB : D;
    41FC : D;
    41FD : D;
    41FE : D;
    41FF : D;
    4200 : D;
    4201 : D;
    4202 : D;
    4203 : D;
    4204 : 6;
    4205 : 6;
    4206 : 6;
    4207 : 6;
    4208 : 6;
    4209 : D;
    420A : 6;
    420B : 6;
    420C : D;
    420D : D;
    420E : D;
    420F : D;
    4210 : D;
    4211 : D;
    4212 : D;
    4213 : D;
    4214 : D;
    4215 : 5;
    4216 : 5;
    4217 : 5;
    4218 : 5;
    4219 : 1;
    421A : 1;
    421B : 5;
    421C : D;
    421D : 5;
    421E : D;
    421F : D;
    4220 : 5;
    4221 : 5;
    4222 : 5;
    4223 : 5;
    4224 : 5;
    4225 : D;
    4226 : D;
    4227 : D;
    4228 : D;
    4229 : D;
    422A : 5;
    422B : 5;
    422C : D;
    422D : D;
    422E : 5;
    422F : D;
    4230 : D;
    4231 : D;
    4232 : 5;
    4233 : D;
    4234 : D;
    4235 : D;
    4236 : D;
    4237 : D;
    4238 : D;
    4239 : 5;
    423A : 5;
    423B : 5;
    423C : 5;
    423D : 5;
    423E : 1;
    423F : 5;
    4240 : 5;
    4241 : 5;
    4242 : 1;
    4243 : 5;
    4244 : 5;
    4245 : 1;
    4246 : 1;
    4247 : 5;
    4248 : 5;
    4249 : 5;
    424A : 5;
    424B : 5;
    424C : 5;
    424D : 5;
    424E : 5;
    424F : 5;
    4250 : 5;
    4251 : 5;
    4252 : 5;
    4253 : 5;
    4254 : 5;
    4255 : 5;
    4256 : 5;
    4257 : D;
    4258 : 5;
    4259 : 5;
    425A : 5;
    425B : 5;
    425C : 5;
    425D : 5;
    425E : 5;
    425F : 5;
    4260 : 5;
    4261 : 5;
    4262 : 5;
    4263 : 5;
    4264 : 5;
    4265 : 1;
    4266 : 1;
    4267 : 1;
    4268 : D;
    4269 : D;
    426A : D;
    426B : D;
    426C : D;
    426D : D;
    426E : D;
    426F : D;
    4270 : D;
    4271 : D;
    4272 : D;
    4273 : D;
    4274 : D;
    4275 : D;
    4276 : D;
    4277 : D;
    4278 : D;
    4279 : D;
    427A : D;
    427B : D;
    427C : D;
    427D : D;
    427E : D;
    427F : D;
    4280 : D;
    4281 : D;
    4282 : D;
    4283 : D;
    4284 : D;
    4285 : D;
    4286 : D;
    4287 : D;
    4288 : D;
    4289 : D;
    428A : D;
    428B : D;
    428C : D;
    428D : D;
    428E : 6;
    428F : 6;
    4290 : 6;
    4291 : 6;
    4292 : 6;
    4293 : 6;
    4294 : 6;
    4295 : 6;
    4296 : 6;
    4297 : 6;
    4298 : 6;
    4299 : D;
    429A : 5;
    429B : 3;
    429C : 3;
    429D : 3;
    429E : 3;
    429F : 3;
    42A0 : 3;
    42A1 : 3;
    42A2 : B;
    42A3 : B;
    42A4 : B;
    42A5 : 3;
    42A6 : 3;
    42A7 : 3;
    42A8 : 3;
    42A9 : 3;
    42AA : 3;
    42AB : 3;
    42AC : 3;
    42AD : 3;
    42AE : 3;
    42AF : 3;
    42B0 : 3;
    42B1 : 3;
    42B2 : 3;
    42B3 : 3;
    42B4 : 3;
    42B5 : 1;
    42B6 : 1;
    42B7 : 1;
    42B8 : 5;
    42B9 : D;
    42BA : 6;
    42BB : 6;
    42BC : D;
    42BD : D;
    42BE : D;
    42BF : D;
    42C0 : D;
    42C1 : D;
    42C2 : 6;
    42C3 : D;
    42C4 : 6;
    42C5 : 6;
    42C6 : 6;
    42C7 : 6;
    42C8 : 6;
    42C9 : 6;
    42CA : 6;
    42CB : 6;
    42CC : D;
    42CD : D;
    42CE : D;
    42CF : D;
    42D0 : D;
    42D1 : D;
    42D2 : D;
    42D3 : D;
    42D4 : D;
    42D5 : D;
    42D6 : D;
    42D7 : D;
    42D8 : D;
    42D9 : D;
    42DA : D;
    42DB : 5;
    42DC : 5;
    42DD : 5;
    42DE : 5;
    42DF : 5;
    42E0 : 1;
    42E1 : 1;
    42E2 : 1;
    42E3 : 5;
    42E4 : 5;
    42E5 : 5;
    42E6 : 5;
    42E7 : 5;
    42E8 : 5;
    42E9 : 5;
    42EA : 5;
    42EB : 5;
    42EC : D;
    42ED : D;
    42EE : D;
    42EF : 5;
    42F0 : D;
    42F1 : D;
    42F2 : D;
    42F3 : D;
    42F4 : D;
    42F5 : D;
    42F6 : D;
    42F7 : D;
    42F8 : D;
    42F9 : D;
    42FA : D;
    42FB : D;
    42FC : D;
    42FD : 5;
    42FE : 5;
    42FF : D;
    4300 : 5;
    4301 : 5;
    4302 : 5;
    4303 : 1;
    4304 : 1;
    4305 : 1;
    4306 : 1;
    4307 : 1;
    4308 : 5;
    4309 : 5;
    430A : 5;
    430B : 1;
    430C : 1;
    430D : 5;
    430E : 5;
    430F : 5;
    4310 : 1;
    4311 : 1;
    4312 : 1;
    4313 : 5;
    4314 : 1;
    4315 : 1;
    4316 : 5;
    4317 : 1;
    4318 : 5;
    4319 : 5;
    431A : 1;
    431B : 5;
    431C : 5;
    431D : 1;
    431E : 1;
    431F : 5;
    4320 : 1;
    4321 : 5;
    4322 : 5;
    4323 : 5;
    4324 : 5;
    4325 : D;
    4326 : D;
    4327 : 5;
    4328 : 5;
    4329 : D;
    432A : D;
    432B : 5;
    432C : 5;
    432D : 1;
    432E : 5;
    432F : 1;
    4330 : D;
    4331 : D;
    4332 : D;
    4333 : D;
    4334 : D;
    4335 : D;
    4336 : D;
    4337 : D;
    4338 : D;
    4339 : D;
    433A : D;
    433B : D;
    433C : D;
    433D : D;
    433E : D;
    433F : D;
    4340 : D;
    4341 : D;
    4342 : D;
    4343 : D;
    4344 : D;
    4345 : D;
    4346 : D;
    4347 : D;
    4348 : D;
    4349 : D;
    434A : D;
    434B : D;
    434C : D;
    434D : D;
    434E : D;
    434F : D;
    4350 : D;
    4351 : D;
    4352 : D;
    4353 : D;
    4354 : D;
    4355 : D;
    4356 : 6;
    4357 : 6;
    4358 : 6;
    4359 : 6;
    435A : 6;
    435B : 6;
    435C : 6;
    435D : 6;
    435E : 6;
    435F : 6;
    4360 : 3;
    4361 : 3;
    4362 : 3;
    4363 : 3;
    4364 : 3;
    4365 : 3;
    4366 : 3;
    4367 : 3;
    4368 : B;
    4369 : B;
    436A : B;
    436B : 3;
    436C : 3;
    436D : 3;
    436E : 3;
    436F : 3;
    4370 : 3;
    4371 : 3;
    4372 : 3;
    4373 : 3;
    4374 : 3;
    4375 : 3;
    4376 : 3;
    4377 : 3;
    4378 : 3;
    4379 : 3;
    437A : 1;
    437B : 1;
    437C : 1;
    437D : 1;
    437E : 5;
    437F : D;
    4380 : D;
    4381 : 6;
    4382 : 6;
    4383 : 6;
    4384 : D;
    4385 : D;
    4386 : D;
    4387 : D;
    4388 : D;
    4389 : 6;
    438A : 6;
    438B : 6;
    438C : 6;
    438D : 6;
    438E : 6;
    438F : 6;
    4390 : 6;
    4391 : 6;
    4392 : D;
    4393 : D;
    4394 : D;
    4395 : D;
    4396 : D;
    4397 : D;
    4398 : D;
    4399 : D;
    439A : D;
    439B : 5;
    439C : D;
    439D : D;
    439E : D;
    439F : 6;
    43A0 : D;
    43A1 : D;
    43A2 : 5;
    43A3 : 5;
    43A4 : 5;
    43A5 : 5;
    43A6 : 5;
    43A7 : 5;
    43A8 : 5;
    43A9 : 1;
    43AA : 1;
    43AB : 5;
    43AC : D;
    43AD : 5;
    43AE : 5;
    43AF : 5;
    43B0 : 5;
    43B1 : 5;
    43B2 : 5;
    43B3 : 5;
    43B4 : D;
    43B5 : D;
    43B6 : D;
    43B7 : D;
    43B8 : D;
    43B9 : D;
    43BA : D;
    43BB : D;
    43BC : D;
    43BD : 5;
    43BE : 5;
    43BF : D;
    43C0 : D;
    43C1 : D;
    43C2 : D;
    43C3 : D;
    43C4 : 5;
    43C5 : 5;
    43C6 : 5;
    43C7 : 5;
    43C8 : 5;
    43C9 : 5;
    43CA : 5;
    43CB : 1;
    43CC : 1;
    43CD : 1;
    43CE : 1;
    43CF : 1;
    43D0 : 1;
    43D1 : 5;
    43D2 : 5;
    43D3 : 5;
    43D4 : 5;
    43D5 : 1;
    43D6 : 5;
    43D7 : 5;
    43D8 : 1;
    43D9 : 1;
    43DA : 1;
    43DB : 5;
    43DC : 1;
    43DD : 1;
    43DE : 5;
    43DF : 5;
    43E0 : 1;
    43E1 : 1;
    43E2 : 5;
    43E3 : 1;
    43E4 : 1;
    43E5 : 1;
    43E6 : 1;
    43E7 : 5;
    43E8 : 1;
    43E9 : 1;
    43EA : 1;
    43EB : 5;
    43EC : 5;
    43ED : 5;
    43EE : D;
    43EF : 5;
    43F0 : D;
    43F1 : D;
    43F2 : D;
    43F3 : D;
    43F4 : D;
    43F5 : D;
    43F6 : D;
    43F7 : 5;
    43F8 : D;
    43F9 : D;
    43FA : D;
    43FB : D;
    43FC : D;
    43FD : D;
    43FE : D;
    43FF : D;
    4400 : D;
    4401 : D;
    4402 : D;
    4403 : D;
    4404 : D;
    4405 : D;
    4406 : D;
    4407 : D;
    4408 : D;
    4409 : D;
    440A : D;
    440B : D;
    440C : D;
    440D : D;
    440E : D;
    440F : D;
    4410 : D;
    4411 : D;
    4412 : D;
    4413 : D;
    4414 : D;
    4415 : D;
    4416 : D;
    4417 : D;
    4418 : D;
    4419 : D;
    441A : D;
    441B : D;
    441C : D;
    441D : D;
    441E : 6;
    441F : 6;
    4420 : 6;
    4421 : 6;
    4422 : 6;
    4423 : 6;
    4424 : 6;
    4425 : 6;
    4426 : 6;
    4427 : 5;
    4428 : 3;
    4429 : 3;
    442A : 3;
    442B : 3;
    442C : 3;
    442D : 3;
    442E : B;
    442F : B;
    4430 : B;
    4431 : 3;
    4432 : 3;
    4433 : 3;
    4434 : 3;
    4435 : 3;
    4436 : 3;
    4437 : 3;
    4438 : 3;
    4439 : 3;
    443A : 3;
    443B : 3;
    443C : 3;
    443D : 3;
    443E : 3;
    443F : 3;
    4440 : 3;
    4441 : 1;
    4442 : 1;
    4443 : 1;
    4444 : 5;
    4445 : D;
    4446 : 6;
    4447 : D;
    4448 : D;
    4449 : D;
    444A : 6;
    444B : 6;
    444C : 6;
    444D : 6;
    444E : D;
    444F : D;
    4450 : D;
    4451 : D;
    4452 : 6;
    4453 : 6;
    4454 : 6;
    4455 : 6;
    4456 : 6;
    4457 : 6;
    4458 : D;
    4459 : D;
    445A : D;
    445B : D;
    445C : D;
    445D : D;
    445E : D;
    445F : D;
    4460 : D;
    4461 : D;
    4462 : D;
    4463 : D;
    4464 : D;
    4465 : D;
    4466 : D;
    4467 : D;
    4468 : 5;
    4469 : 5;
    446A : 5;
    446B : 5;
    446C : 5;
    446D : 5;
    446E : 5;
    446F : 5;
    4470 : 5;
    4471 : D;
    4472 : D;
    4473 : 6;
    4474 : 6;
    4475 : D;
    4476 : D;
    4477 : D;
    4478 : D;
    4479 : 5;
    447A : 5;
    447B : D;
    447C : 5;
    447D : D;
    447E : D;
    447F : D;
    4480 : 5;
    4481 : 5;
    4482 : D;
    4483 : D;
    4484 : 5;
    4485 : 5;
    4486 : 5;
    4487 : 5;
    4488 : 5;
    4489 : 5;
    448A : 5;
    448B : 5;
    448C : 5;
    448D : 5;
    448E : 1;
    448F : 1;
    4490 : 5;
    4491 : 5;
    4492 : 1;
    4493 : 1;
    4494 : 1;
    4495 : 1;
    4496 : 1;
    4497 : 1;
    4498 : 1;
    4499 : 5;
    449A : 5;
    449B : 1;
    449C : 1;
    449D : 1;
    449E : 1;
    449F : 1;
    44A0 : 1;
    44A1 : 1;
    44A2 : 1;
    44A3 : 1;
    44A4 : 1;
    44A5 : 1;
    44A6 : 1;
    44A7 : 1;
    44A8 : 1;
    44A9 : 1;
    44AA : 1;
    44AB : 1;
    44AC : 1;
    44AD : 1;
    44AE : 1;
    44AF : 1;
    44B0 : 1;
    44B1 : 1;
    44B2 : 1;
    44B3 : 1;
    44B4 : 1;
    44B5 : 5;
    44B6 : 5;
    44B7 : 5;
    44B8 : D;
    44B9 : D;
    44BA : D;
    44BB : D;
    44BC : D;
    44BD : D;
    44BE : D;
    44BF : 5;
    44C0 : D;
    44C1 : D;
    44C2 : D;
    44C3 : D;
    44C4 : D;
    44C5 : D;
    44C6 : D;
    44C7 : D;
    44C8 : D;
    44C9 : D;
    44CA : D;
    44CB : D;
    44CC : D;
    44CD : D;
    44CE : D;
    44CF : D;
    44D0 : D;
    44D1 : D;
    44D2 : D;
    44D3 : D;
    44D4 : D;
    44D5 : D;
    44D6 : D;
    44D7 : D;
    44D8 : D;
    44D9 : D;
    44DA : D;
    44DB : D;
    44DC : D;
    44DD : D;
    44DE : D;
    44DF : D;
    44E0 : D;
    44E1 : D;
    44E2 : D;
    44E3 : D;
    44E4 : D;
    44E5 : 6;
    44E6 : 6;
    44E7 : 6;
    44E8 : 6;
    44E9 : 6;
    44EA : 6;
    44EB : 6;
    44EC : 6;
    44ED : 6;
    44EE : D;
    44EF : 3;
    44F0 : 3;
    44F1 : 3;
    44F2 : 3;
    44F3 : 3;
    44F4 : B;
    44F5 : B;
    44F6 : B;
    44F7 : 3;
    44F8 : 3;
    44F9 : 3;
    44FA : 3;
    44FB : 3;
    44FC : 3;
    44FD : 3;
    44FE : 3;
    44FF : 3;
    4500 : 3;
    4501 : 3;
    4502 : 3;
    4503 : 3;
    4504 : 3;
    4505 : 3;
    4506 : 1;
    4507 : 1;
    4508 : 1;
    4509 : 5;
    450A : 5;
    450B : D;
    450C : 6;
    450D : 6;
    450E : D;
    450F : D;
    4510 : D;
    4511 : D;
    4512 : 6;
    4513 : 6;
    4514 : 6;
    4515 : 6;
    4516 : 6;
    4517 : 6;
    4518 : 6;
    4519 : 6;
    451A : 6;
    451B : 6;
    451C : 6;
    451D : 6;
    451E : 6;
    451F : 6;
    4520 : D;
    4521 : D;
    4522 : D;
    4523 : D;
    4524 : D;
    4525 : D;
    4526 : 5;
    4527 : 5;
    4528 : 5;
    4529 : D;
    452A : D;
    452B : D;
    452C : D;
    452D : D;
    452E : D;
    452F : 5;
    4530 : 5;
    4531 : 5;
    4532 : 5;
    4533 : 5;
    4534 : 5;
    4535 : 5;
    4536 : 5;
    4537 : 5;
    4538 : D;
    4539 : D;
    453A : D;
    453B : 6;
    453C : D;
    453D : D;
    453E : 6;
    453F : D;
    4540 : D;
    4541 : D;
    4542 : D;
    4543 : D;
    4544 : 5;
    4545 : D;
    4546 : D;
    4547 : D;
    4548 : 5;
    4549 : 5;
    454A : 5;
    454B : 5;
    454C : 5;
    454D : 5;
    454E : 5;
    454F : 5;
    4550 : 5;
    4551 : 5;
    4552 : 5;
    4553 : 5;
    4554 : 1;
    4555 : 1;
    4556 : 1;
    4557 : 1;
    4558 : 1;
    4559 : 1;
    455A : 1;
    455B : 1;
    455C : 1;
    455D : 1;
    455E : 1;
    455F : 1;
    4560 : 1;
    4561 : 5;
    4562 : 5;
    4563 : 5;
    4564 : 1;
    4565 : 5;
    4566 : 1;
    4567 : 1;
    4568 : 1;
    4569 : 1;
    456A : 1;
    456B : 1;
    456C : 1;
    456D : 1;
    456E : 1;
    456F : 1;
    4570 : 1;
    4571 : 1;
    4572 : 1;
    4573 : 1;
    4574 : 1;
    4575 : 1;
    4576 : 1;
    4577 : 1;
    4578 : 1;
    4579 : 1;
    457A : 1;
    457B : 1;
    457C : 1;
    457D : 1;
    457E : 5;
    457F : 5;
    4580 : D;
    4581 : D;
    4582 : D;
    4583 : D;
    4584 : D;
    4585 : D;
    4586 : 5;
    4587 : D;
    4588 : D;
    4589 : D;
    458A : D;
    458B : D;
    458C : D;
    458D : D;
    458E : D;
    458F : D;
    4590 : D;
    4591 : D;
    4592 : D;
    4593 : D;
    4594 : D;
    4595 : D;
    4596 : D;
    4597 : D;
    4598 : D;
    4599 : D;
    459A : D;
    459B : D;
    459C : D;
    459D : D;
    459E : D;
    459F : D;
    45A0 : D;
    45A1 : D;
    45A2 : D;
    45A3 : D;
    45A4 : D;
    45A5 : D;
    45A6 : D;
    45A7 : D;
    45A8 : D;
    45A9 : D;
    45AA : D;
    45AB : D;
    45AC : 6;
    45AD : 6;
    45AE : 6;
    45AF : 6;
    45B0 : 6;
    45B1 : 6;
    45B2 : 6;
    45B3 : 6;
    45B4 : 6;
    45B5 : 6;
    45B6 : D;
    45B7 : 3;
    45B8 : 3;
    45B9 : 3;
    45BA : 3;
    45BB : B;
    45BC : B;
    45BD : 3;
    45BE : 3;
    45BF : 3;
    45C0 : 3;
    45C1 : 3;
    45C2 : 3;
    45C3 : 3;
    45C4 : 3;
    45C5 : 3;
    45C6 : 3;
    45C7 : 3;
    45C8 : 3;
    45C9 : 3;
    45CA : 3;
    45CB : 3;
    45CC : 3;
    45CD : 1;
    45CE : 1;
    45CF : 5;
    45D0 : D;
    45D1 : 6;
    45D2 : 6;
    45D3 : D;
    45D4 : D;
    45D5 : D;
    45D6 : D;
    45D7 : D;
    45D8 : 6;
    45D9 : 6;
    45DA : 6;
    45DB : 6;
    45DC : 6;
    45DD : 6;
    45DE : 6;
    45DF : 6;
    45E0 : 6;
    45E1 : 6;
    45E2 : 6;
    45E3 : 6;
    45E4 : 6;
    45E5 : 6;
    45E6 : D;
    45E7 : D;
    45E8 : D;
    45E9 : D;
    45EA : D;
    45EB : 5;
    45EC : D;
    45ED : D;
    45EE : D;
    45EF : D;
    45F0 : D;
    45F1 : D;
    45F2 : D;
    45F3 : D;
    45F4 : 5;
    45F5 : 5;
    45F6 : 5;
    45F7 : 5;
    45F8 : 5;
    45F9 : 5;
    45FA : 5;
    45FB : 5;
    45FC : 5;
    45FD : 5;
    45FE : 5;
    45FF : D;
    4600 : D;
    4601 : D;
    4602 : D;
    4603 : D;
    4604 : D;
    4605 : D;
    4606 : D;
    4607 : D;
    4608 : D;
    4609 : D;
    460A : D;
    460B : 5;
    460C : 5;
    460D : 5;
    460E : 5;
    460F : D;
    4610 : D;
    4611 : 5;
    4612 : 5;
    4613 : 5;
    4614 : 5;
    4615 : 5;
    4616 : 5;
    4617 : 5;
    4618 : 5;
    4619 : 1;
    461A : 1;
    461B : 1;
    461C : 1;
    461D : 1;
    461E : 1;
    461F : 1;
    4620 : 1;
    4621 : 5;
    4622 : 1;
    4623 : 1;
    4624 : 1;
    4625 : 1;
    4626 : 5;
    4627 : 5;
    4628 : 1;
    4629 : 5;
    462A : 5;
    462B : 1;
    462C : 1;
    462D : 1;
    462E : 1;
    462F : 1;
    4630 : 1;
    4631 : 5;
    4632 : 5;
    4633 : 1;
    4634 : 1;
    4635 : 1;
    4636 : 1;
    4637 : 1;
    4638 : 1;
    4639 : 1;
    463A : 1;
    463B : 1;
    463C : 1;
    463D : 1;
    463E : 1;
    463F : 1;
    4640 : 1;
    4641 : 1;
    4642 : 1;
    4643 : 1;
    4644 : 1;
    4645 : 5;
    4646 : 5;
    4647 : 5;
    4648 : 5;
    4649 : 5;
    464A : 5;
    464B : 5;
    464C : 5;
    464D : 5;
    464E : 5;
    464F : D;
    4650 : D;
    4651 : D;
    4652 : D;
    4653 : D;
    4654 : D;
    4655 : D;
    4656 : D;
    4657 : D;
    4658 : D;
    4659 : D;
    465A : D;
    465B : D;
    465C : D;
    465D : D;
    465E : D;
    465F : D;
    4660 : D;
    4661 : D;
    4662 : D;
    4663 : D;
    4664 : D;
    4665 : D;
    4666 : D;
    4667 : D;
    4668 : D;
    4669 : D;
    466A : D;
    466B : D;
    466C : D;
    466D : D;
    466E : D;
    466F : D;
    4670 : D;
    4671 : D;
    4672 : 6;
    4673 : 6;
    4674 : 6;
    4675 : 6;
    4676 : 6;
    4677 : 6;
    4678 : 6;
    4679 : 6;
    467A : 6;
    467B : 6;
    467C : 6;
    467D : 6;
    467E : 5;
    467F : 3;
    4680 : 3;
    4681 : B;
    4682 : B;
    4683 : B;
    4684 : 3;
    4685 : 3;
    4686 : 3;
    4687 : 3;
    4688 : 3;
    4689 : 3;
    468A : 3;
    468B : 3;
    468C : 3;
    468D : 3;
    468E : 3;
    468F : 3;
    4690 : 1;
    4691 : 1;
    4692 : 1;
    4693 : 1;
    4694 : 1;
    4695 : 5;
    4696 : D;
    4697 : 6;
    4698 : 6;
    4699 : 6;
    469A : D;
    469B : D;
    469C : D;
    469D : D;
    469E : 6;
    469F : 6;
    46A0 : 6;
    46A1 : 6;
    46A2 : 6;
    46A3 : 6;
    46A4 : 6;
    46A5 : 6;
    46A6 : 6;
    46A7 : 6;
    46A8 : 6;
    46A9 : 6;
    46AA : D;
    46AB : D;
    46AC : D;
    46AD : D;
    46AE : D;
    46AF : D;
    46B0 : D;
    46B1 : D;
    46B2 : 5;
    46B3 : 5;
    46B4 : D;
    46B5 : D;
    46B6 : D;
    46B7 : D;
    46B8 : D;
    46B9 : D;
    46BA : D;
    46BB : 5;
    46BC : 5;
    46BD : 5;
    46BE : 5;
    46BF : 5;
    46C0 : 5;
    46C1 : 5;
    46C2 : 5;
    46C3 : 5;
    46C4 : 5;
    46C5 : 5;
    46C6 : D;
    46C7 : D;
    46C8 : D;
    46C9 : D;
    46CA : D;
    46CB : D;
    46CC : D;
    46CD : 5;
    46CE : 5;
    46CF : D;
    46D0 : 5;
    46D1 : D;
    46D2 : 5;
    46D3 : 5;
    46D4 : 5;
    46D5 : 5;
    46D6 : 5;
    46D7 : D;
    46D8 : 5;
    46D9 : 5;
    46DA : 5;
    46DB : 5;
    46DC : 1;
    46DD : 5;
    46DE : 1;
    46DF : 1;
    46E0 : 1;
    46E1 : 1;
    46E2 : 1;
    46E3 : 1;
    46E4 : 1;
    46E5 : 1;
    46E6 : 1;
    46E7 : 1;
    46E8 : 1;
    46E9 : 1;
    46EA : 1;
    46EB : 1;
    46EC : 1;
    46ED : 1;
    46EE : 1;
    46EF : 5;
    46F0 : 1;
    46F1 : 1;
    46F2 : 1;
    46F3 : 1;
    46F4 : 1;
    46F5 : 1;
    46F6 : 1;
    46F7 : 1;
    46F8 : 1;
    46F9 : 1;
    46FA : 1;
    46FB : 1;
    46FC : 1;
    46FD : 1;
    46FE : 1;
    46FF : 1;
    4700 : 1;
    4701 : 1;
    4702 : 1;
    4703 : 1;
    4704 : 1;
    4705 : 1;
    4706 : 1;
    4707 : 1;
    4708 : 1;
    4709 : 1;
    470A : 1;
    470B : 1;
    470C : 1;
    470D : 5;
    470E : 5;
    470F : 5;
    4710 : 5;
    4711 : D;
    4712 : 5;
    4713 : 5;
    4714 : 5;
    4715 : D;
    4716 : D;
    4717 : D;
    4718 : D;
    4719 : D;
    471A : D;
    471B : D;
    471C : D;
    471D : D;
    471E : D;
    471F : D;
    4720 : D;
    4721 : D;
    4722 : D;
    4723 : D;
    4724 : D;
    4725 : D;
    4726 : D;
    4727 : D;
    4728 : D;
    4729 : D;
    472A : D;
    472B : D;
    472C : D;
    472D : D;
    472E : D;
    472F : D;
    4730 : D;
    4731 : D;
    4732 : D;
    4733 : D;
    4734 : D;
    4735 : D;
    4736 : D;
    4737 : D;
    4738 : D;
    4739 : D;
    473A : 6;
    473B : 6;
    473C : 6;
    473D : 6;
    473E : 6;
    473F : 6;
    4740 : 6;
    4741 : 6;
    4742 : 6;
    4743 : 6;
    4744 : 6;
    4745 : 6;
    4746 : 5;
    4747 : 3;
    4748 : B;
    4749 : B;
    474A : 3;
    474B : 3;
    474C : 3;
    474D : 3;
    474E : 3;
    474F : 3;
    4750 : 3;
    4751 : 3;
    4752 : 3;
    4753 : 3;
    4754 : 3;
    4755 : 3;
    4756 : 1;
    4757 : 1;
    4758 : 1;
    4759 : 1;
    475A : 1;
    475B : 5;
    475C : D;
    475D : 6;
    475E : 6;
    475F : 6;
    4760 : 6;
    4761 : D;
    4762 : D;
    4763 : D;
    4764 : 6;
    4765 : 6;
    4766 : 6;
    4767 : 6;
    4768 : 6;
    4769 : 6;
    476A : 6;
    476B : D;
    476C : 6;
    476D : 6;
    476E : 6;
    476F : 6;
    4770 : 6;
    4771 : D;
    4772 : D;
    4773 : D;
    4774 : D;
    4775 : D;
    4776 : D;
    4777 : D;
    4778 : D;
    4779 : D;
    477A : 5;
    477B : D;
    477C : D;
    477D : D;
    477E : D;
    477F : D;
    4780 : D;
    4781 : 5;
    4782 : 5;
    4783 : 5;
    4784 : 5;
    4785 : 5;
    4786 : 5;
    4787 : 5;
    4788 : 5;
    4789 : 5;
    478A : 5;
    478B : 5;
    478C : 5;
    478D : 5;
    478E : D;
    478F : D;
    4790 : D;
    4791 : D;
    4792 : 5;
    4793 : D;
    4794 : D;
    4795 : 5;
    4796 : 5;
    4797 : 5;
    4798 : 5;
    4799 : 5;
    479A : 5;
    479B : 5;
    479C : 5;
    479D : 5;
    479E : D;
    479F : D;
    47A0 : 5;
    47A1 : 5;
    47A2 : 5;
    47A3 : 1;
    47A4 : 1;
    47A5 : 1;
    47A6 : 1;
    47A7 : 5;
    47A8 : 5;
    47A9 : 1;
    47AA : 5;
    47AB : 5;
    47AC : 1;
    47AD : 1;
    47AE : 1;
    47AF : 1;
    47B0 : 1;
    47B1 : 1;
    47B2 : 1;
    47B3 : 1;
    47B4 : 1;
    47B5 : 1;
    47B6 : 1;
    47B7 : 1;
    47B8 : 1;
    47B9 : 1;
    47BA : 1;
    47BB : 1;
    47BC : 1;
    47BD : 1;
    47BE : 1;
    47BF : 1;
    47C0 : 1;
    47C1 : 1;
    47C2 : 1;
    47C3 : 1;
    47C4 : 1;
    47C5 : 1;
    47C6 : 1;
    47C7 : 1;
    47C8 : 1;
    47C9 : 1;
    47CA : 1;
    47CB : 1;
    47CC : 1;
    47CD : 1;
    47CE : 1;
    47CF : 1;
    47D0 : 1;
    47D1 : 1;
    47D2 : 1;
    47D3 : 1;
    47D4 : 5;
    47D5 : 5;
    47D6 : 5;
    47D7 : 5;
    47D8 : 5;
    47D9 : 5;
    47DA : 5;
    47DB : 5;
    47DC : 5;
    47DD : 5;
    47DE : 5;
    47DF : D;
    47E0 : D;
    47E1 : D;
    47E2 : D;
    47E3 : D;
    47E4 : D;
    47E5 : D;
    47E6 : D;
    47E7 : D;
    47E8 : D;
    47E9 : D;
    47EA : D;
    47EB : D;
    47EC : D;
    47ED : D;
    47EE : D;
    47EF : D;
    47F0 : D;
    47F1 : D;
    47F2 : D;
    47F3 : D;
    47F4 : D;
    47F5 : D;
    47F6 : D;
    47F7 : D;
    47F8 : D;
    47F9 : D;
    47FA : D;
    47FB : D;
    47FC : D;
    47FD : D;
    47FE : D;
    47FF : 6;
    4800 : 6;
    4801 : D;
    4802 : D;
    4803 : 6;
    4804 : 6;
    4805 : 6;
    4806 : 6;
    4807 : 6;
    4808 : 6;
    4809 : 6;
    480A : 6;
    480B : 6;
    480C : 6;
    480D : D;
    480E : B;
    480F : B;
    4810 : B;
    4811 : 3;
    4812 : 3;
    4813 : 3;
    4814 : 3;
    4815 : 3;
    4816 : 3;
    4817 : 3;
    4818 : 3;
    4819 : 3;
    481A : 3;
    481B : 1;
    481C : 1;
    481D : 1;
    481E : 1;
    481F : 1;
    4820 : 1;
    4821 : 1;
    4822 : 5;
    4823 : 6;
    4824 : 6;
    4825 : 6;
    4826 : 6;
    4827 : 6;
    4828 : 6;
    4829 : 6;
    482A : 6;
    482B : D;
    482C : 6;
    482D : 6;
    482E : 6;
    482F : 6;
    4830 : 6;
    4831 : 6;
    4832 : D;
    4833 : D;
    4834 : 6;
    4835 : 6;
    4836 : 6;
    4837 : 6;
    4838 : D;
    4839 : D;
    483A : D;
    483B : D;
    483C : D;
    483D : D;
    483E : D;
    483F : D;
    4840 : D;
    4841 : D;
    4842 : D;
    4843 : 5;
    4844 : D;
    4845 : D;
    4846 : D;
    4847 : 5;
    4848 : 5;
    4849 : 5;
    484A : 5;
    484B : 5;
    484C : 5;
    484D : 5;
    484E : 5;
    484F : 5;
    4850 : 5;
    4851 : 5;
    4852 : 5;
    4853 : 5;
    4854 : 5;
    4855 : 5;
    4856 : 5;
    4857 : 5;
    4858 : 5;
    4859 : 5;
    485A : 5;
    485B : 5;
    485C : 5;
    485D : 5;
    485E : 5;
    485F : 5;
    4860 : 5;
    4861 : 5;
    4862 : 5;
    4863 : 5;
    4864 : D;
    4865 : D;
    4866 : D;
    4867 : D;
    4868 : 5;
    4869 : 5;
    486A : 1;
    486B : 1;
    486C : 1;
    486D : 1;
    486E : 1;
    486F : 1;
    4870 : 1;
    4871 : 1;
    4872 : 5;
    4873 : 1;
    4874 : 1;
    4875 : 1;
    4876 : 1;
    4877 : 1;
    4878 : 1;
    4879 : 1;
    487A : 1;
    487B : 1;
    487C : 1;
    487D : 1;
    487E : 1;
    487F : 1;
    4880 : 1;
    4881 : 1;
    4882 : 1;
    4883 : 1;
    4884 : 1;
    4885 : 1;
    4886 : 1;
    4887 : 1;
    4888 : 1;
    4889 : 1;
    488A : 1;
    488B : 1;
    488C : 1;
    488D : 1;
    488E : 1;
    488F : 1;
    4890 : 1;
    4891 : 1;
    4892 : 1;
    4893 : 1;
    4894 : 1;
    4895 : 1;
    4896 : 1;
    4897 : 1;
    4898 : 1;
    4899 : 1;
    489A : 1;
    489B : 1;
    489C : 5;
    489D : 5;
    489E : 5;
    489F : 5;
    48A0 : 5;
    48A1 : 5;
    48A2 : 5;
    48A3 : D;
    48A4 : 5;
    48A5 : 5;
    48A6 : 5;
    48A7 : D;
    48A8 : D;
    48A9 : D;
    48AA : D;
    48AB : D;
    48AC : D;
    48AD : D;
    48AE : D;
    48AF : D;
    48B0 : D;
    48B1 : D;
    48B2 : D;
    48B3 : D;
    48B4 : D;
    48B5 : D;
    48B6 : D;
    48B7 : D;
    48B8 : D;
    48B9 : D;
    48BA : D;
    48BB : D;
    48BC : D;
    48BD : D;
    48BE : D;
    48BF : D;
    48C0 : D;
    48C1 : D;
    48C2 : D;
    48C3 : D;
    48C4 : D;
    48C5 : D;
    48C6 : 6;
    48C7 : D;
    48C8 : D;
    48C9 : D;
    48CA : D;
    48CB : D;
    48CC : 6;
    48CD : D;
    48CE : D;
    48CF : D;
    48D0 : 6;
    48D1 : 6;
    48D2 : 6;
    48D3 : 6;
    48D4 : D;
    48D5 : B;
    48D6 : B;
    48D7 : 3;
    48D8 : 3;
    48D9 : 3;
    48DA : 3;
    48DB : 3;
    48DC : 3;
    48DD : 3;
    48DE : 3;
    48DF : 3;
    48E0 : 3;
    48E1 : 1;
    48E2 : 1;
    48E3 : 1;
    48E4 : 1;
    48E5 : 1;
    48E6 : 1;
    48E7 : 1;
    48E8 : 1;
    48E9 : 5;
    48EA : 6;
    48EB : 6;
    48EC : 6;
    48ED : 6;
    48EE : 6;
    48EF : 6;
    48F0 : 6;
    48F1 : D;
    48F2 : 6;
    48F3 : 6;
    48F4 : 6;
    48F5 : 6;
    48F6 : 6;
    48F7 : 6;
    48F8 : 6;
    48F9 : D;
    48FA : D;
    48FB : 6;
    48FC : 6;
    48FD : 6;
    48FE : 6;
    48FF : D;
    4900 : D;
    4901 : D;
    4902 : D;
    4903 : D;
    4904 : D;
    4905 : D;
    4906 : D;
    4907 : D;
    4908 : D;
    4909 : 5;
    490A : 5;
    490B : D;
    490C : D;
    490D : 5;
    490E : 5;
    490F : 5;
    4910 : 5;
    4911 : 5;
    4912 : 5;
    4913 : 5;
    4914 : 5;
    4915 : 5;
    4916 : 5;
    4917 : 5;
    4918 : 5;
    4919 : 5;
    491A : 5;
    491B : 5;
    491C : 5;
    491D : 5;
    491E : 5;
    491F : 5;
    4920 : 5;
    4921 : 5;
    4922 : 5;
    4923 : 5;
    4924 : 5;
    4925 : 5;
    4926 : 5;
    4927 : 5;
    4928 : 5;
    4929 : 5;
    492A : 5;
    492B : D;
    492C : D;
    492D : D;
    492E : D;
    492F : D;
    4930 : 5;
    4931 : 5;
    4932 : 1;
    4933 : 1;
    4934 : 1;
    4935 : 1;
    4936 : 1;
    4937 : 1;
    4938 : 1;
    4939 : 1;
    493A : 1;
    493B : 1;
    493C : 1;
    493D : 1;
    493E : 1;
    493F : 1;
    4940 : 1;
    4941 : 1;
    4942 : 1;
    4943 : 1;
    4944 : 1;
    4945 : 1;
    4946 : 1;
    4947 : 1;
    4948 : 1;
    4949 : 1;
    494A : 1;
    494B : 1;
    494C : 1;
    494D : 1;
    494E : 1;
    494F : 1;
    4950 : 1;
    4951 : 1;
    4952 : 1;
    4953 : 1;
    4954 : 1;
    4955 : 1;
    4956 : 1;
    4957 : 1;
    4958 : 1;
    4959 : 1;
    495A : 1;
    495B : 1;
    495C : 5;
    495D : 1;
    495E : 1;
    495F : 1;
    4960 : 5;
    4961 : 5;
    4962 : 5;
    4963 : 5;
    4964 : D;
    4965 : 5;
    4966 : 5;
    4967 : 5;
    4968 : D;
    4969 : D;
    496A : D;
    496B : D;
    496C : D;
    496D : 5;
    496E : D;
    496F : D;
    4970 : D;
    4971 : D;
    4972 : D;
    4973 : D;
    4974 : D;
    4975 : D;
    4976 : D;
    4977 : D;
    4978 : D;
    4979 : D;
    497A : D;
    497B : D;
    497C : D;
    497D : D;
    497E : D;
    497F : D;
    4980 : D;
    4981 : D;
    4982 : D;
    4983 : D;
    4984 : D;
    4985 : D;
    4986 : D;
    4987 : D;
    4988 : D;
    4989 : D;
    498A : D;
    498B : D;
    498C : D;
    498D : 6;
    498E : 6;
    498F : D;
    4990 : D;
    4991 : D;
    4992 : D;
    4993 : D;
    4994 : D;
    4995 : D;
    4996 : D;
    4997 : D;
    4998 : 6;
    4999 : 6;
    499A : D;
    499B : D;
    499C : B;
    499D : B;
    499E : 3;
    499F : 3;
    49A0 : 3;
    49A1 : 3;
    49A2 : 3;
    49A3 : 3;
    49A4 : 3;
    49A5 : 3;
    49A6 : 3;
    49A7 : 1;
    49A8 : 1;
    49A9 : 1;
    49AA : 1;
    49AB : 1;
    49AC : 1;
    49AD : 1;
    49AE : 1;
    49AF : 1;
    49B0 : 1;
    49B1 : D;
    49B2 : 6;
    49B3 : 6;
    49B4 : 6;
    49B5 : 6;
    49B6 : 6;
    49B7 : D;
    49B8 : 6;
    49B9 : 6;
    49BA : 6;
    49BB : 6;
    49BC : 6;
    49BD : 6;
    49BE : 6;
    49BF : 6;
    49C0 : 6;
    49C1 : 6;
    49C2 : 6;
    49C3 : 6;
    49C4 : 6;
    49C5 : 6;
    49C6 : 6;
    49C7 : D;
    49C8 : 6;
    49C9 : D;
    49CA : D;
    49CB : D;
    49CC : D;
    49CD : D;
    49CE : D;
    49CF : D;
    49D0 : D;
    49D1 : 5;
    49D2 : D;
    49D3 : D;
    49D4 : 5;
    49D5 : 5;
    49D6 : 5;
    49D7 : 5;
    49D8 : 5;
    49D9 : 5;
    49DA : 5;
    49DB : 5;
    49DC : 5;
    49DD : 5;
    49DE : 5;
    49DF : 5;
    49E0 : 5;
    49E1 : 5;
    49E2 : 5;
    49E3 : 5;
    49E4 : 5;
    49E5 : 5;
    49E6 : 5;
    49E7 : 5;
    49E8 : 5;
    49E9 : D;
    49EA : D;
    49EB : 5;
    49EC : 5;
    49ED : 5;
    49EE : 5;
    49EF : 5;
    49F0 : 5;
    49F1 : 5;
    49F2 : 5;
    49F3 : 5;
    49F4 : D;
    49F5 : D;
    49F6 : D;
    49F7 : 5;
    49F8 : 5;
    49F9 : 5;
    49FA : 5;
    49FB : 1;
    49FC : 1;
    49FD : 1;
    49FE : 1;
    49FF : 1;
    4A00 : 1;
    4A01 : 1;
    4A02 : 1;
    4A03 : 5;
    4A04 : 1;
    4A05 : 1;
    4A06 : 1;
    4A07 : 1;
    4A08 : 1;
    4A09 : 1;
    4A0A : 1;
    4A0B : 1;
    4A0C : 1;
    4A0D : 1;
    4A0E : 1;
    4A0F : 1;
    4A10 : 1;
    4A11 : 1;
    4A12 : 1;
    4A13 : 1;
    4A14 : 1;
    4A15 : 1;
    4A16 : 1;
    4A17 : 1;
    4A18 : 1;
    4A19 : 1;
    4A1A : 1;
    4A1B : 1;
    4A1C : 1;
    4A1D : 1;
    4A1E : 1;
    4A1F : 1;
    4A20 : 1;
    4A21 : 5;
    4A22 : 5;
    4A23 : 5;
    4A24 : 5;
    4A25 : 5;
    4A26 : 1;
    4A27 : 5;
    4A28 : 5;
    4A29 : 5;
    4A2A : 5;
    4A2B : 5;
    4A2C : 5;
    4A2D : 5;
    4A2E : 5;
    4A2F : 5;
    4A30 : 5;
    4A31 : 5;
    4A32 : 5;
    4A33 : 5;
    4A34 : D;
    4A35 : D;
    4A36 : D;
    4A37 : D;
    4A38 : D;
    4A39 : D;
    4A3A : D;
    4A3B : D;
    4A3C : D;
    4A3D : D;
    4A3E : D;
    4A3F : D;
    4A40 : D;
    4A41 : D;
    4A42 : D;
    4A43 : D;
    4A44 : D;
    4A45 : D;
    4A46 : D;
    4A47 : D;
    4A48 : D;
    4A49 : D;
    4A4A : D;
    4A4B : D;
    4A4C : D;
    4A4D : D;
    4A4E : D;
    4A4F : D;
    4A50 : D;
    4A51 : D;
    4A52 : D;
    4A53 : 6;
    4A54 : 6;
    4A55 : 6;
    4A56 : D;
    4A57 : D;
    4A58 : D;
    4A59 : D;
    4A5A : D;
    4A5B : D;
    4A5C : D;
    4A5D : D;
    4A5E : D;
    4A5F : D;
    4A60 : D;
    4A61 : D;
    4A62 : B;
    4A63 : B;
    4A64 : 3;
    4A65 : 3;
    4A66 : 3;
    4A67 : 3;
    4A68 : 3;
    4A69 : 3;
    4A6A : 3;
    4A6B : 3;
    4A6C : 1;
    4A6D : 1;
    4A6E : 1;
    4A6F : 1;
    4A70 : 1;
    4A71 : 1;
    4A72 : 1;
    4A73 : 3;
    4A74 : 3;
    4A75 : 3;
    4A76 : 3;
    4A77 : 1;
    4A78 : D;
    4A79 : 6;
    4A7A : 6;
    4A7B : 6;
    4A7C : 6;
    4A7D : 6;
    4A7E : 6;
    4A7F : 6;
    4A80 : 6;
    4A81 : 6;
    4A82 : 6;
    4A83 : 6;
    4A84 : 6;
    4A85 : 6;
    4A86 : 6;
    4A87 : 6;
    4A88 : 6;
    4A89 : 6;
    4A8A : 6;
    4A8B : D;
    4A8C : D;
    4A8D : 6;
    4A8E : 6;
    4A8F : 6;
    4A90 : 6;
    4A91 : D;
    4A92 : D;
    4A93 : D;
    4A94 : D;
    4A95 : D;
    4A96 : D;
    4A97 : D;
    4A98 : 5;
    4A99 : D;
    4A9A : D;
    4A9B : D;
    4A9C : 5;
    4A9D : 5;
    4A9E : 5;
    4A9F : 5;
    4AA0 : 5;
    4AA1 : 5;
    4AA2 : 5;
    4AA3 : 5;
    4AA4 : 5;
    4AA5 : 5;
    4AA6 : 5;
    4AA7 : 5;
    4AA8 : 5;
    4AA9 : 5;
    4AAA : 5;
    4AAB : 5;
    4AAC : 5;
    4AAD : 5;
    4AAE : 5;
    4AAF : D;
    4AB0 : D;
    4AB1 : D;
    4AB2 : 5;
    4AB3 : 5;
    4AB4 : 5;
    4AB5 : 5;
    4AB6 : 5;
    4AB7 : 5;
    4AB8 : 5;
    4AB9 : 5;
    4ABA : 5;
    4ABB : 5;
    4ABC : 5;
    4ABD : D;
    4ABE : D;
    4ABF : 5;
    4AC0 : 5;
    4AC1 : 5;
    4AC2 : 5;
    4AC3 : 1;
    4AC4 : 1;
    4AC5 : 5;
    4AC6 : 5;
    4AC7 : 5;
    4AC8 : 5;
    4AC9 : 5;
    4ACA : 5;
    4ACB : 5;
    4ACC : 5;
    4ACD : 1;
    4ACE : 1;
    4ACF : 1;
    4AD0 : 1;
    4AD1 : 1;
    4AD2 : 1;
    4AD3 : 1;
    4AD4 : 1;
    4AD5 : 1;
    4AD6 : 1;
    4AD7 : 1;
    4AD8 : 1;
    4AD9 : 1;
    4ADA : 1;
    4ADB : 1;
    4ADC : 5;
    4ADD : 5;
    4ADE : 5;
    4ADF : 1;
    4AE0 : 1;
    4AE1 : 1;
    4AE2 : 1;
    4AE3 : 1;
    4AE4 : 1;
    4AE5 : 1;
    4AE6 : 5;
    4AE7 : 1;
    4AE8 : 5;
    4AE9 : 5;
    4AEA : 5;
    4AEB : 5;
    4AEC : 5;
    4AED : 5;
    4AEE : 1;
    4AEF : 5;
    4AF0 : 5;
    4AF1 : 5;
    4AF2 : 5;
    4AF3 : 5;
    4AF4 : 5;
    4AF5 : 5;
    4AF6 : D;
    4AF7 : D;
    4AF8 : 5;
    4AF9 : D;
    4AFA : D;
    4AFB : 5;
    4AFC : 5;
    4AFD : 5;
    4AFE : 5;
    4AFF : 5;
    4B00 : D;
    4B01 : D;
    4B02 : D;
    4B03 : D;
    4B04 : D;
    4B05 : D;
    4B06 : D;
    4B07 : D;
    4B08 : D;
    4B09 : D;
    4B0A : D;
    4B0B : D;
    4B0C : D;
    4B0D : D;
    4B0E : D;
    4B0F : D;
    4B10 : D;
    4B11 : D;
    4B12 : D;
    4B13 : D;
    4B14 : D;
    4B15 : D;
    4B16 : D;
    4B17 : D;
    4B18 : D;
    4B19 : D;
    4B1A : 6;
    4B1B : 6;
    4B1C : 6;
    4B1D : D;
    4B1E : D;
    4B1F : D;
    4B20 : D;
    4B21 : D;
    4B22 : D;
    4B23 : D;
    4B24 : D;
    4B25 : D;
    4B26 : D;
    4B27 : D;
    4B28 : D;
    4B29 : B;
    4B2A : 3;
    4B2B : 3;
    4B2C : 3;
    4B2D : 3;
    4B2E : 3;
    4B2F : 3;
    4B30 : 3;
    4B31 : 3;
    4B32 : 3;
    4B33 : 1;
    4B34 : 1;
    4B35 : 1;
    4B36 : 1;
    4B37 : 1;
    4B38 : 3;
    4B39 : 5;
    4B3A : 5;
    4B3B : 5;
    4B3C : 5;
    4B3D : 5;
    4B3E : 5;
    4B3F : D;
    4B40 : 6;
    4B41 : 6;
    4B42 : 6;
    4B43 : 6;
    4B44 : 6;
    4B45 : 6;
    4B46 : 6;
    4B47 : 6;
    4B48 : D;
    4B49 : 6;
    4B4A : 6;
    4B4B : 6;
    4B4C : 6;
    4B4D : 6;
    4B4E : 6;
    4B4F : 6;
    4B50 : 6;
    4B51 : 6;
    4B52 : 6;
    4B53 : D;
    4B54 : 6;
    4B55 : 6;
    4B56 : 6;
    4B57 : 6;
    4B58 : 6;
    4B59 : D;
    4B5A : D;
    4B5B : 6;
    4B5C : 6;
    4B5D : D;
    4B5E : D;
    4B5F : D;
    4B60 : D;
    4B61 : D;
    4B62 : D;
    4B63 : D;
    4B64 : D;
    4B65 : 5;
    4B66 : 5;
    4B67 : 5;
    4B68 : 5;
    4B69 : 5;
    4B6A : 5;
    4B6B : 5;
    4B6C : 5;
    4B6D : 5;
    4B6E : 5;
    4B6F : 5;
    4B70 : 5;
    4B71 : 5;
    4B72 : 5;
    4B73 : 5;
    4B74 : 5;
    4B75 : 5;
    4B76 : 5;
    4B77 : 5;
    4B78 : D;
    4B79 : 5;
    4B7A : 5;
    4B7B : 5;
    4B7C : 5;
    4B7D : D;
    4B7E : D;
    4B7F : 5;
    4B80 : 5;
    4B81 : 5;
    4B82 : 5;
    4B83 : 5;
    4B84 : 5;
    4B85 : 5;
    4B86 : D;
    4B87 : 5;
    4B88 : 5;
    4B89 : 5;
    4B8A : 5;
    4B8B : 5;
    4B8C : 5;
    4B8D : 5;
    4B8E : 5;
    4B8F : 5;
    4B90 : 5;
    4B91 : 5;
    4B92 : 5;
    4B93 : 5;
    4B94 : 5;
    4B95 : 5;
    4B96 : 1;
    4B97 : 1;
    4B98 : 1;
    4B99 : 1;
    4B9A : 1;
    4B9B : 1;
    4B9C : 1;
    4B9D : 1;
    4B9E : 1;
    4B9F : 1;
    4BA0 : 1;
    4BA1 : 1;
    4BA2 : 1;
    4BA3 : 1;
    4BA4 : 5;
    4BA5 : 5;
    4BA6 : 1;
    4BA7 : 1;
    4BA8 : 1;
    4BA9 : 5;
    4BAA : 5;
    4BAB : 1;
    4BAC : 1;
    4BAD : 5;
    4BAE : 5;
    4BAF : 1;
    4BB0 : 5;
    4BB1 : 5;
    4BB2 : 5;
    4BB3 : 5;
    4BB4 : 5;
    4BB5 : 5;
    4BB6 : 5;
    4BB7 : 5;
    4BB8 : 5;
    4BB9 : 5;
    4BBA : 5;
    4BBB : 5;
    4BBC : 5;
    4BBD : 5;
    4BBE : D;
    4BBF : D;
    4BC0 : D;
    4BC1 : D;
    4BC2 : D;
    4BC3 : D;
    4BC4 : 5;
    4BC5 : D;
    4BC6 : D;
    4BC7 : 5;
    4BC8 : D;
    4BC9 : D;
    4BCA : D;
    4BCB : D;
    4BCC : D;
    4BCD : D;
    4BCE : D;
    4BCF : D;
    4BD0 : D;
    4BD1 : D;
    4BD2 : D;
    4BD3 : D;
    4BD4 : D;
    4BD5 : D;
    4BD6 : D;
    4BD7 : D;
    4BD8 : D;
    4BD9 : D;
    4BDA : D;
    4BDB : D;
    4BDC : D;
    4BDD : D;
    4BDE : D;
    4BDF : D;
    4BE0 : D;
    4BE1 : 6;
    4BE2 : 6;
    4BE3 : 6;
    4BE4 : D;
    4BE5 : D;
    4BE6 : D;
    4BE7 : D;
    4BE8 : D;
    4BE9 : D;
    4BEA : D;
    4BEB : D;
    4BEC : D;
    4BED : D;
    4BEE : D;
    4BEF : B;
    4BF0 : B;
    4BF1 : 3;
    4BF2 : 3;
    4BF3 : 3;
    4BF4 : 3;
    4BF5 : 3;
    4BF6 : 3;
    4BF7 : 3;
    4BF8 : 3;
    4BF9 : 3;
    4BFA : 3;
    4BFB : 1;
    4BFC : 1;
    4BFD : 1;
    4BFE : 1;
    4BFF : 5;
    4C00 : D;
    4C01 : 6;
    4C02 : 6;
    4C03 : 6;
    4C04 : 6;
    4C05 : 6;
    4C06 : 6;
    4C07 : 6;
    4C08 : 6;
    4C09 : 6;
    4C0A : 6;
    4C0B : 6;
    4C0C : 6;
    4C0D : 6;
    4C0E : 6;
    4C0F : 6;
    4C10 : 6;
    4C11 : 6;
    4C12 : 6;
    4C13 : D;
    4C14 : 6;
    4C15 : 6;
    4C16 : 6;
    4C17 : 6;
    4C18 : 6;
    4C19 : 6;
    4C1A : D;
    4C1B : D;
    4C1C : D;
    4C1D : D;
    4C1E : D;
    4C1F : D;
    4C20 : D;
    4C21 : D;
    4C22 : 6;
    4C23 : 6;
    4C24 : D;
    4C25 : D;
    4C26 : D;
    4C27 : D;
    4C28 : D;
    4C29 : D;
    4C2A : D;
    4C2B : D;
    4C2C : D;
    4C2D : 5;
    4C2E : 5;
    4C2F : 5;
    4C30 : 5;
    4C31 : 5;
    4C32 : 5;
    4C33 : 5;
    4C34 : 5;
    4C35 : 5;
    4C36 : 5;
    4C37 : 5;
    4C38 : 5;
    4C39 : 5;
    4C3A : 5;
    4C3B : 5;
    4C3C : 5;
    4C3D : D;
    4C3E : D;
    4C3F : D;
    4C40 : D;
    4C41 : 5;
    4C42 : 5;
    4C43 : D;
    4C44 : D;
    4C45 : D;
    4C46 : 5;
    4C47 : 5;
    4C48 : 5;
    4C49 : 5;
    4C4A : 5;
    4C4B : 5;
    4C4C : 5;
    4C4D : 5;
    4C4E : 5;
    4C4F : 5;
    4C50 : 5;
    4C51 : 5;
    4C52 : 5;
    4C53 : 5;
    4C54 : 5;
    4C55 : 5;
    4C56 : 5;
    4C57 : 5;
    4C58 : 5;
    4C59 : 5;
    4C5A : 5;
    4C5B : 5;
    4C5C : 5;
    4C5D : 5;
    4C5E : 1;
    4C5F : 1;
    4C60 : 1;
    4C61 : 1;
    4C62 : 1;
    4C63 : 1;
    4C64 : 1;
    4C65 : 1;
    4C66 : 1;
    4C67 : 1;
    4C68 : 1;
    4C69 : 1;
    4C6A : 5;
    4C6B : 5;
    4C6C : 5;
    4C6D : 1;
    4C6E : 1;
    4C6F : 5;
    4C70 : 5;
    4C71 : 5;
    4C72 : 5;
    4C73 : 1;
    4C74 : 1;
    4C75 : 5;
    4C76 : 5;
    4C77 : 5;
    4C78 : 5;
    4C79 : 5;
    4C7A : 5;
    4C7B : 5;
    4C7C : 5;
    4C7D : 5;
    4C7E : 5;
    4C7F : 5;
    4C80 : 5;
    4C81 : 5;
    4C82 : 5;
    4C83 : 5;
    4C84 : 5;
    4C85 : 5;
    4C86 : 5;
    4C87 : D;
    4C88 : D;
    4C89 : D;
    4C8A : D;
    4C8B : D;
    4C8C : D;
    4C8D : D;
    4C8E : D;
    4C8F : D;
    4C90 : D;
    4C91 : D;
    4C92 : D;
    4C93 : D;
    4C94 : D;
    4C95 : D;
    4C96 : D;
    4C97 : D;
    4C98 : D;
    4C99 : D;
    4C9A : D;
    4C9B : D;
    4C9C : D;
    4C9D : D;
    4C9E : D;
    4C9F : D;
    4CA0 : D;
    4CA1 : D;
    4CA2 : D;
    4CA3 : D;
    4CA4 : D;
    4CA5 : D;
    4CA6 : D;
    4CA7 : D;
    4CA8 : D;
    4CA9 : D;
    4CAA : D;
    4CAB : D;
    4CAC : D;
    4CAD : D;
    4CAE : D;
    4CAF : D;
    4CB0 : D;
    4CB1 : D;
    4CB2 : D;
    4CB3 : D;
    4CB4 : D;
    4CB5 : D;
    4CB6 : B;
    4CB7 : 3;
    4CB8 : 3;
    4CB9 : 3;
    4CBA : 3;
    4CBB : 3;
    4CBC : 3;
    4CBD : 3;
    4CBE : 3;
    4CBF : 3;
    4CC0 : 3;
    4CC1 : 3;
    4CC2 : 1;
    4CC3 : 1;
    4CC4 : 5;
    4CC5 : 5;
    4CC6 : 6;
    4CC7 : 6;
    4CC8 : 6;
    4CC9 : 6;
    4CCA : 6;
    4CCB : D;
    4CCC : D;
    4CCD : D;
    4CCE : 6;
    4CCF : 6;
    4CD0 : 6;
    4CD1 : 6;
    4CD2 : 6;
    4CD3 : 6;
    4CD4 : D;
    4CD5 : D;
    4CD6 : 6;
    4CD7 : 6;
    4CD8 : D;
    4CD9 : D;
    4CDA : D;
    4CDB : D;
    4CDC : D;
    4CDD : D;
    4CDE : 6;
    4CDF : 6;
    4CE0 : 6;
    4CE1 : D;
    4CE2 : D;
    4CE3 : D;
    4CE4 : D;
    4CE5 : D;
    4CE6 : D;
    4CE7 : D;
    4CE8 : D;
    4CE9 : 6;
    4CEA : D;
    4CEB : D;
    4CEC : D;
    4CED : D;
    4CEE : D;
    4CEF : D;
    4CF0 : D;
    4CF1 : D;
    4CF2 : D;
    4CF3 : D;
    4CF4 : 5;
    4CF5 : 5;
    4CF6 : 5;
    4CF7 : 5;
    4CF8 : 5;
    4CF9 : 5;
    4CFA : 5;
    4CFB : 5;
    4CFC : 5;
    4CFD : 5;
    4CFE : 5;
    4CFF : 5;
    4D00 : D;
    4D01 : D;
    4D02 : 5;
    4D03 : 5;
    4D04 : D;
    4D05 : D;
    4D06 : D;
    4D07 : D;
    4D08 : D;
    4D09 : D;
    4D0A : D;
    4D0B : D;
    4D0C : D;
    4D0D : 5;
    4D0E : 5;
    4D0F : 5;
    4D10 : D;
    4D11 : D;
    4D12 : 5;
    4D13 : 5;
    4D14 : 5;
    4D15 : 5;
    4D16 : 5;
    4D17 : 5;
    4D18 : 5;
    4D19 : 5;
    4D1A : 5;
    4D1B : 5;
    4D1C : 5;
    4D1D : 5;
    4D1E : 5;
    4D1F : 5;
    4D20 : 5;
    4D21 : 5;
    4D22 : 5;
    4D23 : 5;
    4D24 : 5;
    4D25 : 5;
    4D26 : 5;
    4D27 : 1;
    4D28 : 1;
    4D29 : 1;
    4D2A : 1;
    4D2B : 1;
    4D2C : 1;
    4D2D : 1;
    4D2E : 1;
    4D2F : 1;
    4D30 : 1;
    4D31 : 5;
    4D32 : 5;
    4D33 : D;
    4D34 : 1;
    4D35 : 1;
    4D36 : 5;
    4D37 : 5;
    4D38 : 5;
    4D39 : 5;
    4D3A : 5;
    4D3B : 5;
    4D3C : 5;
    4D3D : 5;
    4D3E : 5;
    4D3F : 5;
    4D40 : 5;
    4D41 : 5;
    4D42 : 5;
    4D43 : 5;
    4D44 : 5;
    4D45 : 5;
    4D46 : D;
    4D47 : 5;
    4D48 : 5;
    4D49 : 5;
    4D4A : 5;
    4D4B : 5;
    4D4C : 5;
    4D4D : 5;
    4D4E : 5;
    4D4F : D;
    4D50 : D;
    4D51 : D;
    4D52 : D;
    4D53 : D;
    4D54 : D;
    4D55 : D;
    4D56 : D;
    4D57 : D;
    4D58 : D;
    4D59 : D;
    4D5A : D;
    4D5B : D;
    4D5C : D;
    4D5D : D;
    4D5E : D;
    4D5F : D;
    4D60 : D;
    4D61 : D;
    4D62 : D;
    4D63 : D;
    4D64 : D;
    4D65 : D;
    4D66 : D;
    4D67 : D;
    4D68 : 6;
    4D69 : D;
    4D6A : D;
    4D6B : D;
    4D6C : D;
    4D6D : D;
    4D6E : D;
    4D6F : D;
    4D70 : D;
    4D71 : D;
    4D72 : D;
    4D73 : D;
    4D74 : D;
    4D75 : D;
    4D76 : D;
    4D77 : D;
    4D78 : D;
    4D79 : D;
    4D7A : D;
    4D7B : D;
    4D7C : 5;
    4D7D : B;
    4D7E : 3;
    4D7F : 3;
    4D80 : 3;
    4D81 : 3;
    4D82 : 3;
    4D83 : 3;
    4D84 : 3;
    4D85 : 3;
    4D86 : 3;
    4D87 : 3;
    4D88 : 1;
    4D89 : 1;
    4D8A : 5;
    4D8B : 5;
    4D8C : D;
    4D8D : 6;
    4D8E : 6;
    4D8F : 6;
    4D90 : 6;
    4D91 : 6;
    4D92 : D;
    4D93 : D;
    4D94 : D;
    4D95 : D;
    4D96 : D;
    4D97 : D;
    4D98 : D;
    4D99 : 6;
    4D9A : 6;
    4D9B : 6;
    4D9C : 6;
    4D9D : D;
    4D9E : D;
    4D9F : D;
    4DA0 : D;
    4DA1 : D;
    4DA2 : D;
    4DA3 : D;
    4DA4 : 6;
    4DA5 : D;
    4DA6 : D;
    4DA7 : 6;
    4DA8 : D;
    4DA9 : D;
    4DAA : D;
    4DAB : D;
    4DAC : D;
    4DAD : D;
    4DAE : D;
    4DAF : D;
    4DB0 : D;
    4DB1 : D;
    4DB2 : D;
    4DB3 : D;
    4DB4 : 5;
    4DB5 : D;
    4DB6 : D;
    4DB7 : D;
    4DB8 : D;
    4DB9 : D;
    4DBA : D;
    4DBB : 5;
    4DBC : 5;
    4DBD : D;
    4DBE : D;
    4DBF : D;
    4DC0 : D;
    4DC1 : D;
    4DC2 : D;
    4DC3 : D;
    4DC4 : D;
    4DC5 : D;
    4DC6 : D;
    4DC7 : D;
    4DC8 : D;
    4DC9 : D;
    4DCA : D;
    4DCB : D;
    4DCC : D;
    4DCD : D;
    4DCE : D;
    4DCF : D;
    4DD0 : D;
    4DD1 : D;
    4DD2 : D;
    4DD3 : D;
    4DD4 : 5;
    4DD5 : 5;
    4DD6 : D;
    4DD7 : D;
    4DD8 : D;
    4DD9 : D;
    4DDA : D;
    4DDB : 5;
    4DDC : 5;
    4DDD : 5;
    4DDE : D;
    4DDF : 5;
    4DE0 : 5;
    4DE1 : 5;
    4DE2 : 5;
    4DE3 : 5;
    4DE4 : 5;
    4DE5 : 5;
    4DE6 : 5;
    4DE7 : 5;
    4DE8 : 5;
    4DE9 : 5;
    4DEA : 5;
    4DEB : 5;
    4DEC : 5;
    4DED : 5;
    4DEE : 5;
    4DEF : 5;
    4DF0 : 5;
    4DF1 : 5;
    4DF2 : 1;
    4DF3 : 1;
    4DF4 : 1;
    4DF5 : 1;
    4DF6 : 1;
    4DF7 : 1;
    4DF8 : 5;
    4DF9 : 5;
    4DFA : D;
    4DFB : 5;
    4DFC : 1;
    4DFD : 1;
    4DFE : 5;
    4DFF : 5;
    4E00 : 5;
    4E01 : D;
    4E02 : D;
    4E03 : D;
    4E04 : D;
    4E05 : D;
    4E06 : 5;
    4E07 : 5;
    4E08 : 5;
    4E09 : 5;
    4E0A : 5;
    4E0B : 5;
    4E0C : 5;
    4E0D : D;
    4E0E : 5;
    4E0F : D;
    4E10 : 5;
    4E11 : 5;
    4E12 : 5;
    4E13 : 5;
    4E14 : 5;
    4E15 : 5;
    4E16 : 5;
    4E17 : 5;
    4E18 : 5;
    4E19 : D;
    4E1A : D;
    4E1B : D;
    4E1C : D;
    4E1D : D;
    4E1E : D;
    4E1F : D;
    4E20 : D;
    4E21 : D;
    4E22 : D;
    4E23 : D;
    4E24 : D;
    4E25 : D;
    4E26 : D;
    4E27 : D;
    4E28 : D;
    4E29 : D;
    4E2A : D;
    4E2B : D;
    4E2C : D;
    4E2D : D;
    4E2E : D;
    4E2F : D;
    4E30 : D;
    4E31 : D;
    4E32 : D;
    4E33 : D;
    4E34 : D;
    4E35 : D;
    4E36 : D;
    4E37 : D;
    4E38 : D;
    4E39 : D;
    4E3A : D;
    4E3B : D;
    4E3C : D;
    4E3D : D;
    4E3E : D;
    4E3F : D;
    4E40 : D;
    4E41 : D;
    4E42 : D;
    4E43 : B;
    4E44 : 3;
    4E45 : 3;
    4E46 : 3;
    4E47 : 3;
    4E48 : 3;
    4E49 : 3;
    4E4A : 3;
    4E4B : 3;
    4E4C : 3;
    4E4D : 3;
    4E4E : 1;
    4E4F : 1;
    4E50 : 5;
    4E51 : 5;
    4E52 : D;
    4E53 : 6;
    4E54 : 6;
    4E55 : 6;
    4E56 : 6;
    4E57 : 6;
    4E58 : D;
    4E59 : 6;
    4E5A : D;
    4E5B : D;
    4E5C : D;
    4E5D : D;
    4E5E : D;
    4E5F : D;
    4E60 : D;
    4E61 : D;
    4E62 : 6;
    4E63 : 6;
    4E64 : 6;
    4E65 : 6;
    4E66 : D;
    4E67 : D;
    4E68 : D;
    4E69 : D;
    4E6A : D;
    4E6B : D;
    4E6C : 6;
    4E6D : 6;
    4E6E : D;
    4E6F : D;
    4E70 : D;
    4E71 : D;
    4E72 : D;
    4E73 : D;
    4E74 : D;
    4E75 : D;
    4E76 : D;
    4E77 : D;
    4E78 : D;
    4E79 : D;
    4E7A : D;
    4E7B : D;
    4E7C : D;
    4E7D : D;
    4E7E : D;
    4E7F : D;
    4E80 : D;
    4E81 : D;
    4E82 : D;
    4E83 : D;
    4E84 : D;
    4E85 : D;
    4E86 : D;
    4E87 : D;
    4E88 : D;
    4E89 : D;
    4E8A : D;
    4E8B : D;
    4E8C : D;
    4E8D : D;
    4E8E : D;
    4E8F : D;
    4E90 : D;
    4E91 : D;
    4E92 : D;
    4E93 : D;
    4E94 : D;
    4E95 : D;
    4E96 : D;
    4E97 : D;
    4E98 : D;
    4E99 : D;
    4E9A : D;
    4E9B : D;
    4E9C : D;
    4E9D : D;
    4E9E : D;
    4E9F : D;
    4EA0 : D;
    4EA1 : D;
    4EA2 : 5;
    4EA3 : 5;
    4EA4 : D;
    4EA5 : D;
    4EA6 : D;
    4EA7 : 5;
    4EA8 : 5;
    4EA9 : 5;
    4EAA : 5;
    4EAB : 5;
    4EAC : 5;
    4EAD : 5;
    4EAE : 5;
    4EAF : 5;
    4EB0 : 5;
    4EB1 : 5;
    4EB2 : 5;
    4EB3 : 5;
    4EB4 : 5;
    4EB5 : 5;
    4EB6 : 5;
    4EB7 : 5;
    4EB8 : 5;
    4EB9 : 5;
    4EBA : 1;
    4EBB : 1;
    4EBC : 1;
    4EBD : 1;
    4EBE : 5;
    4EBF : 5;
    4EC0 : 5;
    4EC1 : 5;
    4EC2 : 5;
    4EC3 : 5;
    4EC4 : 1;
    4EC5 : 1;
    4EC6 : 5;
    4EC7 : 5;
    4EC8 : 5;
    4EC9 : D;
    4ECA : D;
    4ECB : D;
    4ECC : D;
    4ECD : D;
    4ECE : D;
    4ECF : 5;
    4ED0 : 5;
    4ED1 : 5;
    4ED2 : 5;
    4ED3 : 5;
    4ED4 : 5;
    4ED5 : 5;
    4ED6 : 5;
    4ED7 : 5;
    4ED8 : 5;
    4ED9 : 5;
    4EDA : 5;
    4EDB : 5;
    4EDC : D;
    4EDD : D;
    4EDE : 5;
    4EDF : 5;
    4EE0 : 5;
    4EE1 : D;
    4EE2 : D;
    4EE3 : D;
    4EE4 : D;
    4EE5 : 5;
    4EE6 : D;
    4EE7 : 5;
    4EE8 : D;
    4EE9 : D;
    4EEA : D;
    4EEB : D;
    4EEC : D;
    4EED : D;
    4EEE : D;
    4EEF : D;
    4EF0 : D;
    4EF1 : D;
    4EF2 : D;
    4EF3 : D;
    4EF4 : D;
    4EF5 : D;
    4EF6 : D;
    4EF7 : D;
    4EF8 : D;
    4EF9 : D;
    4EFA : 6;
    4EFB : D;
    4EFC : D;
    4EFD : D;
    4EFE : D;
    4EFF : D;
    4F00 : D;
    4F01 : D;
    4F02 : D;
    4F03 : D;
    4F04 : D;
    4F05 : D;
    4F06 : D;
    4F07 : D;
    4F08 : D;
    4F09 : 5;
    4F0A : 5;
    4F0B : 3;
    4F0C : 3;
    4F0D : 3;
    4F0E : 3;
    4F0F : 3;
    4F10 : 3;
    4F11 : 3;
    4F12 : 3;
    4F13 : 3;
    4F14 : 1;
    4F15 : 1;
    4F16 : 5;
    4F17 : 5;
    4F18 : D;
    4F19 : 6;
    4F1A : 6;
    4F1B : 6;
    4F1C : 6;
    4F1D : 6;
    4F1E : D;
    4F1F : D;
    4F20 : D;
    4F21 : D;
    4F22 : D;
    4F23 : 6;
    4F24 : D;
    4F25 : D;
    4F26 : D;
    4F27 : D;
    4F28 : D;
    4F29 : D;
    4F2A : 6;
    4F2B : D;
    4F2C : D;
    4F2D : D;
    4F2E : D;
    4F2F : D;
    4F30 : D;
    4F31 : D;
    4F32 : D;
    4F33 : D;
    4F34 : D;
    4F35 : D;
    4F36 : D;
    4F37 : D;
    4F38 : D;
    4F39 : D;
    4F3A : D;
    4F3B : D;
    4F3C : D;
    4F3D : D;
    4F3E : D;
    4F3F : D;
    4F40 : D;
    4F41 : D;
    4F42 : D;
    4F43 : D;
    4F44 : D;
    4F45 : D;
    4F46 : D;
    4F47 : D;
    4F48 : 6;
    4F49 : 6;
    4F4A : D;
    4F4B : D;
    4F4C : D;
    4F4D : D;
    4F4E : D;
    4F4F : D;
    4F50 : D;
    4F51 : D;
    4F52 : D;
    4F53 : D;
    4F54 : D;
    4F55 : D;
    4F56 : D;
    4F57 : 6;
    4F58 : 6;
    4F59 : 6;
    4F5A : 6;
    4F5B : 6;
    4F5C : D;
    4F5D : D;
    4F5E : D;
    4F5F : D;
    4F60 : D;
    4F61 : D;
    4F62 : D;
    4F63 : D;
    4F64 : D;
    4F65 : D;
    4F66 : D;
    4F67 : D;
    4F68 : D;
    4F69 : D;
    4F6A : 5;
    4F6B : D;
    4F6C : D;
    4F6D : D;
    4F6E : D;
    4F6F : 5;
    4F70 : 5;
    4F71 : 5;
    4F72 : 5;
    4F73 : 5;
    4F74 : 5;
    4F75 : 5;
    4F76 : 5;
    4F77 : 5;
    4F78 : 5;
    4F79 : 5;
    4F7A : 5;
    4F7B : 5;
    4F7C : 5;
    4F7D : 5;
    4F7E : 5;
    4F7F : 5;
    4F80 : 5;
    4F81 : 5;
    4F82 : 1;
    4F83 : 1;
    4F84 : 1;
    4F85 : 5;
    4F86 : 5;
    4F87 : 5;
    4F88 : 5;
    4F89 : 5;
    4F8A : 5;
    4F8B : 1;
    4F8C : 5;
    4F8D : 5;
    4F8E : 5;
    4F8F : 5;
    4F90 : D;
    4F91 : D;
    4F92 : D;
    4F93 : D;
    4F94 : 5;
    4F95 : 5;
    4F96 : 5;
    4F97 : 5;
    4F98 : 5;
    4F99 : 5;
    4F9A : 5;
    4F9B : 5;
    4F9C : 5;
    4F9D : 5;
    4F9E : 5;
    4F9F : 5;
    4FA0 : 5;
    4FA1 : 5;
    4FA2 : 5;
    4FA3 : 5;
    4FA4 : 5;
    4FA5 : 5;
    4FA6 : 5;
    4FA7 : 5;
    4FA8 : 5;
    4FA9 : 5;
    4FAA : 5;
    4FAB : 5;
    4FAC : 5;
    4FAD : 5;
    4FAE : 5;
    4FAF : D;
    4FB0 : D;
    4FB1 : D;
    4FB2 : D;
    4FB3 : D;
    4FB4 : D;
    4FB5 : D;
    4FB6 : D;
    4FB7 : D;
    4FB8 : D;
    4FB9 : D;
    4FBA : D;
    4FBB : D;
    4FBC : D;
    4FBD : D;
    4FBE : D;
    4FBF : D;
    4FC0 : D;
    4FC1 : 6;
    4FC2 : D;
    4FC3 : D;
    4FC4 : D;
    4FC5 : D;
    4FC6 : D;
    4FC7 : D;
    4FC8 : D;
    4FC9 : D;
    4FCA : D;
    4FCB : D;
    4FCC : D;
    4FCD : D;
    4FCE : D;
    4FCF : D;
    4FD0 : 5;
    4FD1 : 3;
    4FD2 : 3;
    4FD3 : 3;
    4FD4 : 3;
    4FD5 : 3;
    4FD6 : 5;
    4FD7 : 5;
    4FD8 : 5;
    4FD9 : 3;
    4FDA : 1;
    4FDB : 1;
    4FDC : 5;
    4FDD : D;
    4FDE : D;
    4FDF : D;
    4FE0 : 6;
    4FE1 : 6;
    4FE2 : D;
    4FE3 : 6;
    4FE4 : 6;
    4FE5 : D;
    4FE6 : D;
    4FE7 : D;
    4FE8 : D;
    4FE9 : D;
    4FEA : D;
    4FEB : D;
    4FEC : D;
    4FED : D;
    4FEE : D;
    4FEF : D;
    4FF0 : D;
    4FF1 : 6;
    4FF2 : 6;
    4FF3 : D;
    4FF4 : D;
    4FF5 : D;
    4FF6 : D;
    4FF7 : D;
    4FF8 : D;
    4FF9 : D;
    4FFA : D;
    4FFB : D;
    4FFC : D;
    4FFD : D;
    4FFE : D;
    4FFF : D;
    5000 : D;
    5001 : D;
    5002 : D;
    5003 : 6;
    5004 : 6;
    5005 : D;
    5006 : D;
    5007 : 6;
    5008 : 6;
    5009 : 6;
    500A : D;
    500B : D;
    500C : 6;
    500D : D;
    500E : 6;
    500F : 6;
    5010 : 6;
    5011 : D;
    5012 : D;
    5013 : D;
    5014 : D;
    5015 : D;
    5016 : 6;
    5017 : 6;
    5018 : D;
    5019 : D;
    501A : D;
    501B : D;
    501C : D;
    501D : D;
    501E : 6;
    501F : 6;
    5020 : 6;
    5021 : 6;
    5022 : 6;
    5023 : 6;
    5024 : 6;
    5025 : D;
    5026 : D;
    5027 : D;
    5028 : D;
    5029 : D;
    502A : D;
    502B : D;
    502C : D;
    502D : D;
    502E : D;
    502F : D;
    5030 : D;
    5031 : D;
    5032 : D;
    5033 : D;
    5034 : D;
    5035 : D;
    5036 : 5;
    5037 : D;
    5038 : D;
    5039 : D;
    503A : D;
    503B : D;
    503C : D;
    503D : D;
    503E : D;
    503F : D;
    5040 : D;
    5041 : 5;
    5042 : 5;
    5043 : 5;
    5044 : 5;
    5045 : 5;
    5046 : 5;
    5047 : 5;
    5048 : 5;
    5049 : 5;
    504A : 1;
    504B : 1;
    504C : 1;
    504D : 5;
    504E : 5;
    504F : 5;
    5050 : 5;
    5051 : 5;
    5052 : 5;
    5053 : 5;
    5054 : 5;
    5055 : 5;
    5056 : 5;
    5057 : 5;
    5058 : 5;
    5059 : D;
    505A : 5;
    505B : 5;
    505C : 1;
    505D : 5;
    505E : 5;
    505F : 5;
    5060 : 5;
    5061 : 5;
    5062 : 5;
    5063 : 5;
    5064 : 5;
    5065 : 5;
    5066 : 5;
    5067 : D;
    5068 : 5;
    5069 : 5;
    506A : 5;
    506B : 5;
    506C : 5;
    506D : 5;
    506E : 5;
    506F : 5;
    5070 : 5;
    5071 : 5;
    5072 : 5;
    5073 : 5;
    5074 : 5;
    5075 : 5;
    5076 : 5;
    5077 : 5;
    5078 : D;
    5079 : D;
    507A : D;
    507B : D;
    507C : D;
    507D : D;
    507E : D;
    507F : D;
    5080 : D;
    5081 : D;
    5082 : D;
    5083 : D;
    5084 : D;
    5085 : D;
    5086 : D;
    5087 : D;
    5088 : D;
    5089 : D;
    508A : D;
    508B : D;
    508C : D;
    508D : D;
    508E : D;
    508F : D;
    5090 : D;
    5091 : D;
    5092 : D;
    5093 : D;
    5094 : D;
    5095 : D;
    5096 : 5;
    5097 : 5;
    5098 : 5;
    5099 : 3;
    509A : 3;
    509B : 3;
    509C : 3;
    509D : 5;
    509E : 5;
    509F : 1;
    50A0 : 1;
    50A1 : 1;
    50A2 : 5;
    50A3 : D;
    50A4 : 6;
    50A5 : 6;
    50A6 : 6;
    50A7 : 6;
    50A8 : D;
    50A9 : 6;
    50AA : 6;
    50AB : D;
    50AC : D;
    50AD : D;
    50AE : D;
    50AF : D;
    50B0 : D;
    50B1 : D;
    50B2 : D;
    50B3 : D;
    50B4 : D;
    50B5 : D;
    50B6 : D;
    50B7 : D;
    50B8 : D;
    50B9 : D;
    50BA : D;
    50BB : D;
    50BC : D;
    50BD : D;
    50BE : D;
    50BF : D;
    50C0 : 6;
    50C1 : 6;
    50C2 : D;
    50C3 : D;
    50C4 : D;
    50C5 : D;
    50C6 : D;
    50C7 : D;
    50C8 : D;
    50C9 : D;
    50CA : 6;
    50CB : 6;
    50CC : 6;
    50CD : 6;
    50CE : 6;
    50CF : D;
    50D0 : D;
    50D1 : D;
    50D2 : D;
    50D3 : D;
    50D4 : D;
    50D5 : 6;
    50D6 : D;
    50D7 : D;
    50D8 : D;
    50D9 : D;
    50DA : D;
    50DB : D;
    50DC : D;
    50DD : 6;
    50DE : 6;
    50DF : D;
    50E0 : D;
    50E1 : D;
    50E2 : D;
    50E3 : 6;
    50E4 : D;
    50E5 : D;
    50E6 : D;
    50E7 : D;
    50E8 : D;
    50E9 : D;
    50EA : D;
    50EB : D;
    50EC : D;
    50ED : D;
    50EE : D;
    50EF : D;
    50F0 : D;
    50F1 : D;
    50F2 : D;
    50F3 : D;
    50F4 : D;
    50F5 : 5;
    50F6 : 5;
    50F7 : 5;
    50F8 : 5;
    50F9 : 5;
    50FA : 5;
    50FB : D;
    50FC : D;
    50FD : D;
    50FE : 5;
    50FF : D;
    5100 : D;
    5101 : D;
    5102 : D;
    5103 : 5;
    5104 : 5;
    5105 : 5;
    5106 : 5;
    5107 : D;
    5108 : 5;
    5109 : 5;
    510A : 5;
    510B : 5;
    510C : 5;
    510D : 5;
    510E : 5;
    510F : 5;
    5110 : 5;
    5111 : 5;
    5112 : 1;
    5113 : 1;
    5114 : 5;
    5115 : 5;
    5116 : 5;
    5117 : 5;
    5118 : 5;
    5119 : 5;
    511A : 5;
    511B : 5;
    511C : D;
    511D : 5;
    511E : 5;
    511F : 5;
    5120 : D;
    5121 : D;
    5122 : D;
    5123 : 5;
    5124 : 5;
    5125 : 5;
    5126 : 5;
    5127 : 5;
    5128 : 5;
    5129 : 5;
    512A : 5;
    512B : 5;
    512C : 5;
    512D : 5;
    512E : 5;
    512F : 5;
    5130 : 5;
    5131 : 5;
    5132 : 5;
    5133 : 5;
    5134 : D;
    5135 : 5;
    5136 : 5;
    5137 : 5;
    5138 : 5;
    5139 : 5;
    513A : 5;
    513B : 5;
    513C : 5;
    513D : 5;
    513E : 5;
    513F : 5;
    5140 : D;
    5141 : D;
    5142 : D;
    5143 : D;
    5144 : D;
    5145 : D;
    5146 : D;
    5147 : D;
    5148 : D;
    5149 : D;
    514A : 6;
    514B : D;
    514C : D;
    514D : D;
    514E : D;
    514F : D;
    5150 : D;
    5151 : D;
    5152 : D;
    5153 : D;
    5154 : D;
    5155 : D;
    5156 : D;
    5157 : D;
    5158 : D;
    5159 : D;
    515A : 6;
    515B : 6;
    515C : D;
    515D : 5;
    515E : 5;
    515F : 5;
    5160 : 5;
    5161 : 5;
    5162 : 5;
    5163 : 5;
    5164 : 5;
    5165 : 1;
    5166 : 1;
    5167 : 1;
    5168 : 5;
    5169 : D;
    516A : D;
    516B : D;
    516C : D;
    516D : 6;
    516E : D;
    516F : D;
    5170 : D;
    5171 : 6;
    5172 : D;
    5173 : D;
    5174 : D;
    5175 : D;
    5176 : D;
    5177 : D;
    5178 : D;
    5179 : D;
    517A : D;
    517B : D;
    517C : D;
    517D : D;
    517E : D;
    517F : D;
    5180 : D;
    5181 : D;
    5182 : D;
    5183 : D;
    5184 : D;
    5185 : D;
    5186 : D;
    5187 : D;
    5188 : 6;
    5189 : 6;
    518A : 6;
    518B : 6;
    518C : 6;
    518D : 6;
    518E : D;
    518F : D;
    5190 : D;
    5191 : D;
    5192 : D;
    5193 : D;
    5194 : D;
    5195 : D;
    5196 : 6;
    5197 : 6;
    5198 : 6;
    5199 : 6;
    519A : D;
    519B : D;
    519C : D;
    519D : D;
    519E : D;
    519F : D;
    51A0 : D;
    51A1 : 6;
    51A2 : 6;
    51A3 : D;
    51A4 : D;
    51A5 : D;
    51A6 : D;
    51A7 : 5;
    51A8 : D;
    51A9 : D;
    51AA : D;
    51AB : D;
    51AC : D;
    51AD : D;
    51AE : D;
    51AF : D;
    51B0 : D;
    51B1 : D;
    51B2 : D;
    51B3 : D;
    51B4 : D;
    51B5 : D;
    51B6 : 5;
    51B7 : 5;
    51B8 : D;
    51B9 : 5;
    51BA : 5;
    51BB : D;
    51BC : 5;
    51BD : 5;
    51BE : 5;
    51BF : 5;
    51C0 : 5;
    51C1 : 5;
    51C2 : D;
    51C3 : D;
    51C4 : D;
    51C5 : 5;
    51C6 : D;
    51C7 : D;
    51C8 : D;
    51C9 : D;
    51CA : 5;
    51CB : 5;
    51CC : D;
    51CD : D;
    51CE : D;
    51CF : D;
    51D0 : D;
    51D1 : 5;
    51D2 : 5;
    51D3 : 5;
    51D4 : 5;
    51D5 : 5;
    51D6 : 5;
    51D7 : 5;
    51D8 : 5;
    51D9 : 5;
    51DA : 1;
    51DB : 1;
    51DC : 1;
    51DD : 5;
    51DE : 5;
    51DF : 5;
    51E0 : 5;
    51E1 : 5;
    51E2 : 5;
    51E3 : D;
    51E4 : 5;
    51E5 : 1;
    51E6 : 5;
    51E7 : D;
    51E8 : D;
    51E9 : 5;
    51EA : 5;
    51EB : 5;
    51EC : 5;
    51ED : 5;
    51EE : 5;
    51EF : 5;
    51F0 : 5;
    51F1 : 5;
    51F2 : 5;
    51F3 : 5;
    51F4 : 5;
    51F5 : 5;
    51F6 : 5;
    51F7 : 5;
    51F8 : 5;
    51F9 : 5;
    51FA : 5;
    51FB : 5;
    51FC : 5;
    51FD : 5;
    51FE : 5;
    51FF : 5;
    5200 : 5;
    5201 : 5;
    5202 : 5;
    5203 : 5;
    5204 : 5;
    5205 : 5;
    5206 : 5;
    5207 : 5;
    5208 : D;
    5209 : D;
    520A : D;
    520B : D;
    520C : D;
    520D : D;
    520E : D;
    520F : D;
    5210 : D;
    5211 : D;
    5212 : 6;
    5213 : D;
    5214 : D;
    5215 : D;
    5216 : D;
    5217 : D;
    5218 : D;
    5219 : D;
    521A : D;
    521B : D;
    521C : D;
    521D : D;
    521E : D;
    521F : D;
    5220 : D;
    5221 : 6;
    5222 : 6;
    5223 : 5;
    5224 : 5;
    5225 : 5;
    5226 : 5;
    5227 : 5;
    5228 : 5;
    5229 : 5;
    522A : 5;
    522B : 1;
    522C : 1;
    522D : 1;
    522E : 5;
    522F : D;
    5230 : D;
    5231 : 6;
    5232 : D;
    5233 : D;
    5234 : D;
    5235 : D;
    5236 : D;
    5237 : D;
    5238 : D;
    5239 : D;
    523A : D;
    523B : D;
    523C : D;
    523D : D;
    523E : D;
    523F : D;
    5240 : D;
    5241 : D;
    5242 : D;
    5243 : D;
    5244 : D;
    5245 : D;
    5246 : D;
    5247 : D;
    5248 : D;
    5249 : D;
    524A : D;
    524B : D;
    524C : D;
    524D : D;
    524E : D;
    524F : D;
    5250 : 6;
    5251 : 6;
    5252 : 6;
    5253 : 6;
    5254 : 6;
    5255 : 6;
    5256 : 6;
    5257 : 6;
    5258 : 6;
    5259 : 6;
    525A : 6;
    525B : D;
    525C : D;
    525D : D;
    525E : D;
    525F : D;
    5260 : D;
    5261 : D;
    5262 : D;
    5263 : D;
    5264 : 6;
    5265 : 6;
    5266 : D;
    5267 : 6;
    5268 : 6;
    5269 : D;
    526A : D;
    526B : D;
    526C : D;
    526D : D;
    526E : D;
    526F : D;
    5270 : D;
    5271 : D;
    5272 : D;
    5273 : D;
    5274 : D;
    5275 : D;
    5276 : D;
    5277 : D;
    5278 : 5;
    5279 : 5;
    527A : 5;
    527B : 5;
    527C : 5;
    527D : 5;
    527E : 5;
    527F : 5;
    5280 : 5;
    5281 : 5;
    5282 : 5;
    5283 : 5;
    5284 : 5;
    5285 : 5;
    5286 : 5;
    5287 : 5;
    5288 : 5;
    5289 : D;
    528A : D;
    528B : 5;
    528C : 5;
    528D : 5;
    528E : 5;
    528F : D;
    5290 : 5;
    5291 : 5;
    5292 : D;
    5293 : D;
    5294 : 5;
    5295 : D;
    5296 : D;
    5297 : 5;
    5298 : D;
    5299 : 5;
    529A : 5;
    529B : 5;
    529C : 5;
    529D : 5;
    529E : 5;
    529F : 5;
    52A0 : 5;
    52A1 : 5;
    52A2 : 1;
    52A3 : 5;
    52A4 : 5;
    52A5 : D;
    52A6 : 5;
    52A7 : 5;
    52A8 : 5;
    52A9 : 1;
    52AA : 1;
    52AB : 5;
    52AC : 5;
    52AD : 1;
    52AE : 5;
    52AF : 5;
    52B0 : 5;
    52B1 : 5;
    52B2 : 5;
    52B3 : 5;
    52B4 : 5;
    52B5 : 5;
    52B6 : 5;
    52B7 : 5;
    52B8 : 5;
    52B9 : 5;
    52BA : 5;
    52BB : 5;
    52BC : 5;
    52BD : 5;
    52BE : 5;
    52BF : 5;
    52C0 : 5;
    52C1 : 5;
    52C2 : 5;
    52C3 : 5;
    52C4 : 5;
    52C5 : 5;
    52C6 : 5;
    52C7 : 5;
    52C8 : 5;
    52C9 : 5;
    52CA : 5;
    52CB : 5;
    52CC : 5;
    52CD : 5;
    52CE : 5;
    52CF : 5;
    52D0 : D;
    52D1 : D;
    52D2 : D;
    52D3 : D;
    52D4 : D;
    52D5 : D;
    52D6 : D;
    52D7 : D;
    52D8 : D;
    52D9 : D;
    52DA : D;
    52DB : D;
    52DC : D;
    52DD : D;
    52DE : D;
    52DF : D;
    52E0 : D;
    52E1 : D;
    52E2 : D;
    52E3 : D;
    52E4 : D;
    52E5 : D;
    52E6 : D;
    52E7 : D;
    52E8 : 6;
    52E9 : D;
    52EA : 5;
    52EB : 5;
    52EC : 5;
    52ED : 5;
    52EE : 5;
    52EF : 5;
    52F0 : 5;
    52F1 : 1;
    52F2 : 1;
    52F3 : 1;
    52F4 : 5;
    52F5 : D;
    52F6 : D;
    52F7 : D;
    52F8 : D;
    52F9 : D;
    52FA : D;
    52FB : D;
    52FC : D;
    52FD : D;
    52FE : D;
    52FF : D;
    5300 : D;
    5301 : D;
    5302 : D;
    5303 : D;
    5304 : D;
    5305 : D;
    5306 : D;
    5307 : D;
    5308 : D;
    5309 : D;
    530A : D;
    530B : D;
    530C : D;
    530D : D;
    530E : D;
    530F : D;
    5310 : D;
    5311 : D;
    5312 : D;
    5313 : 6;
    5314 : 6;
    5315 : 6;
    5316 : 6;
    5317 : 6;
    5318 : 6;
    5319 : 6;
    531A : 6;
    531B : 6;
    531C : 6;
    531D : 6;
    531E : 6;
    531F : 6;
    5320 : 6;
    5321 : 6;
    5322 : 6;
    5323 : 6;
    5324 : 6;
    5325 : 6;
    5326 : D;
    5327 : D;
    5328 : D;
    5329 : D;
    532A : D;
    532B : 6;
    532C : D;
    532D : D;
    532E : D;
    532F : D;
    5330 : D;
    5331 : 5;
    5332 : 5;
    5333 : D;
    5334 : D;
    5335 : D;
    5336 : D;
    5337 : D;
    5338 : D;
    5339 : D;
    533A : D;
    533B : D;
    533C : D;
    533D : D;
    533E : D;
    533F : 5;
    5340 : 5;
    5341 : 5;
    5342 : 5;
    5343 : 5;
    5344 : 5;
    5345 : 5;
    5346 : 5;
    5347 : 5;
    5348 : 5;
    5349 : 5;
    534A : 5;
    534B : 5;
    534C : 5;
    534D : 5;
    534E : 5;
    534F : 5;
    5350 : D;
    5351 : D;
    5352 : 5;
    5353 : 5;
    5354 : 5;
    5355 : 5;
    5356 : 5;
    5357 : 5;
    5358 : 5;
    5359 : D;
    535A : 5;
    535B : 5;
    535C : 5;
    535D : D;
    535E : 5;
    535F : 5;
    5360 : 5;
    5361 : 5;
    5362 : 5;
    5363 : 5;
    5364 : 5;
    5365 : 5;
    5366 : 5;
    5367 : 5;
    5368 : 5;
    5369 : 5;
    536A : 5;
    536B : 5;
    536C : 5;
    536D : D;
    536E : 5;
    536F : 5;
    5370 : 5;
    5371 : 1;
    5372 : 1;
    5373 : 5;
    5374 : 5;
    5375 : 5;
    5376 : 5;
    5377 : 5;
    5378 : 5;
    5379 : 5;
    537A : 5;
    537B : 5;
    537C : 5;
    537D : 5;
    537E : 5;
    537F : 5;
    5380 : 5;
    5381 : 5;
    5382 : 5;
    5383 : 5;
    5384 : 5;
    5385 : 5;
    5386 : 5;
    5387 : 5;
    5388 : 5;
    5389 : 5;
    538A : 5;
    538B : 5;
    538C : 5;
    538D : 5;
    538E : 5;
    538F : 5;
    5390 : 5;
    5391 : 5;
    5392 : 5;
    5393 : 5;
    5394 : 5;
    5395 : 5;
    5396 : 5;
    5397 : 5;
    5398 : D;
    5399 : D;
    539A : D;
    539B : D;
    539C : D;
    539D : D;
    539E : 6;
    539F : D;
    53A0 : D;
    53A1 : D;
    53A2 : D;
    53A3 : D;
    53A4 : D;
    53A5 : D;
    53A6 : D;
    53A7 : D;
    53A8 : D;
    53A9 : D;
    53AA : D;
    53AB : D;
    53AC : D;
    53AD : D;
    53AE : 6;
    53AF : 6;
    53B0 : 5;
    53B1 : 5;
    53B2 : 5;
    53B3 : 5;
    53B4 : 5;
    53B5 : 5;
    53B6 : 5;
    53B7 : 1;
    53B8 : 1;
    53B9 : 5;
    53BA : 5;
    53BB : D;
    53BC : D;
    53BD : D;
    53BE : D;
    53BF : D;
    53C0 : D;
    53C1 : D;
    53C2 : D;
    53C3 : D;
    53C4 : D;
    53C5 : D;
    53C6 : D;
    53C7 : D;
    53C8 : D;
    53C9 : D;
    53CA : D;
    53CB : D;
    53CC : D;
    53CD : D;
    53CE : D;
    53CF : D;
    53D0 : D;
    53D1 : D;
    53D2 : D;
    53D3 : D;
    53D4 : D;
    53D5 : 6;
    53D6 : 6;
    53D7 : 6;
    53D8 : 6;
    53D9 : 6;
    53DA : 6;
    53DB : 6;
    53DC : 6;
    53DD : 6;
    53DE : 6;
    53DF : 6;
    53E0 : 6;
    53E1 : D;
    53E2 : 6;
    53E3 : D;
    53E4 : 6;
    53E5 : 6;
    53E6 : 6;
    53E7 : D;
    53E8 : D;
    53E9 : D;
    53EA : D;
    53EB : D;
    53EC : 6;
    53ED : D;
    53EE : D;
    53EF : D;
    53F0 : D;
    53F1 : D;
    53F2 : 6;
    53F3 : D;
    53F4 : 5;
    53F5 : D;
    53F6 : D;
    53F7 : 5;
    53F8 : 5;
    53F9 : 5;
    53FA : 5;
    53FB : D;
    53FC : D;
    53FD : D;
    53FE : D;
    53FF : D;
    5400 : D;
    5401 : D;
    5402 : D;
    5403 : 5;
    5404 : 5;
    5405 : D;
    5406 : D;
    5407 : D;
    5408 : 5;
    5409 : 5;
    540A : 5;
    540B : 5;
    540C : 5;
    540D : D;
    540E : D;
    540F : D;
    5410 : D;
    5411 : D;
    5412 : 5;
    5413 : 5;
    5414 : D;
    5415 : D;
    5416 : 5;
    5417 : 5;
    5418 : 5;
    5419 : 5;
    541A : 5;
    541B : 5;
    541C : 5;
    541D : 5;
    541E : 5;
    541F : 5;
    5420 : D;
    5421 : 5;
    5422 : 5;
    5423 : 5;
    5424 : D;
    5425 : D;
    5426 : D;
    5427 : D;
    5428 : 5;
    5429 : 5;
    542A : 5;
    542B : 5;
    542C : 5;
    542D : 5;
    542E : 5;
    542F : 5;
    5430 : 5;
    5431 : 5;
    5432 : 5;
    5433 : 5;
    5434 : D;
    5435 : D;
    5436 : D;
    5437 : 5;
    5438 : 5;
    5439 : 5;
    543A : 5;
    543B : D;
    543C : D;
    543D : 5;
    543E : 5;
    543F : 5;
    5440 : 5;
    5441 : 5;
    5442 : 5;
    5443 : 5;
    5444 : D;
    5445 : 5;
    5446 : 5;
    5447 : 5;
    5448 : D;
    5449 : D;
    544A : D;
    544B : D;
    544C : 5;
    544D : 5;
    544E : 5;
    544F : 5;
    5450 : 5;
    5451 : 5;
    5452 : 5;
    5453 : 5;
    5454 : 5;
    5455 : 5;
    5456 : 5;
    5457 : 5;
    5458 : 5;
    5459 : 5;
    545A : 5;
    545B : 5;
    545C : 5;
    545D : 5;
    545E : 5;
    545F : 5;
    5460 : D;
    5461 : D;
    5462 : D;
    5463 : D;
    5464 : D;
    5465 : D;
    5466 : D;
    5467 : D;
    5468 : D;
    5469 : D;
    546A : D;
    546B : D;
    546C : D;
    546D : D;
    546E : D;
    546F : D;
    5470 : D;
    5471 : D;
    5472 : D;
    5473 : D;
    5474 : D;
    5475 : 6;
    5476 : D;
    5477 : 5;
    5478 : 5;
    5479 : 5;
    547A : 5;
    547B : 5;
    547C : 5;
    547D : 5;
    547E : 1;
    547F : 5;
    5480 : 5;
    5481 : D;
    5482 : D;
    5483 : 6;
    5484 : 6;
    5485 : D;
    5486 : D;
    5487 : D;
    5488 : D;
    5489 : D;
    548A : D;
    548B : D;
    548C : 6;
    548D : 6;
    548E : 6;
    548F : D;
    5490 : 6;
    5491 : 6;
    5492 : 6;
    5493 : 6;
    5494 : 6;
    5495 : 6;
    5496 : 6;
    5497 : 6;
    5498 : 6;
    5499 : 6;
    549A : 6;
    549B : D;
    549C : 6;
    549D : 6;
    549E : 6;
    549F : 6;
    54A0 : 6;
    54A1 : 6;
    54A2 : 6;
    54A3 : 6;
    54A4 : 6;
    54A5 : 6;
    54A6 : 6;
    54A7 : 6;
    54A8 : D;
    54A9 : D;
    54AA : 6;
    54AB : 6;
    54AC : 6;
    54AD : D;
    54AE : D;
    54AF : D;
    54B0 : D;
    54B1 : D;
    54B2 : D;
    54B3 : 6;
    54B4 : D;
    54B5 : D;
    54B6 : D;
    54B7 : D;
    54B8 : D;
    54B9 : 6;
    54BA : D;
    54BB : D;
    54BC : D;
    54BD : D;
    54BE : D;
    54BF : 5;
    54C0 : D;
    54C1 : 5;
    54C2 : 5;
    54C3 : D;
    54C4 : D;
    54C5 : D;
    54C6 : D;
    54C7 : D;
    54C8 : D;
    54C9 : D;
    54CA : 5;
    54CB : 5;
    54CC : 5;
    54CD : D;
    54CE : D;
    54CF : 5;
    54D0 : 5;
    54D1 : 5;
    54D2 : 5;
    54D3 : 5;
    54D4 : 5;
    54D5 : D;
    54D6 : D;
    54D7 : D;
    54D8 : D;
    54D9 : D;
    54DA : D;
    54DB : D;
    54DC : D;
    54DD : D;
    54DE : D;
    54DF : D;
    54E0 : D;
    54E1 : 5;
    54E2 : 5;
    54E3 : 5;
    54E4 : 5;
    54E5 : 5;
    54E6 : 5;
    54E7 : 5;
    54E8 : 5;
    54E9 : 5;
    54EA : 5;
    54EB : 5;
    54EC : D;
    54ED : D;
    54EE : 5;
    54EF : D;
    54F0 : 5;
    54F1 : 5;
    54F2 : D;
    54F3 : D;
    54F4 : D;
    54F5 : 5;
    54F6 : 5;
    54F7 : 5;
    54F8 : 5;
    54F9 : 5;
    54FA : 5;
    54FB : 5;
    54FC : D;
    54FD : 5;
    54FE : 5;
    54FF : 5;
    5500 : D;
    5501 : D;
    5502 : D;
    5503 : D;
    5504 : D;
    5505 : 5;
    5506 : 5;
    5507 : D;
    5508 : D;
    5509 : D;
    550A : 5;
    550B : D;
    550C : D;
    550D : 5;
    550E : 5;
    550F : D;
    5510 : D;
    5511 : 5;
    5512 : 5;
    5513 : 5;
    5514 : 5;
    5515 : 5;
    5516 : 5;
    5517 : 5;
    5518 : 5;
    5519 : 5;
    551A : D;
    551B : 5;
    551C : 5;
    551D : 5;
    551E : 5;
    551F : 5;
    5520 : 5;
    5521 : 5;
    5522 : 5;
    5523 : 5;
    5524 : 5;
    5525 : 5;
    5526 : 5;
    5527 : 5;
    5528 : D;
    5529 : D;
    552A : D;
    552B : D;
    552C : D;
    552D : D;
    552E : D;
    552F : D;
    5530 : D;
    5531 : D;
    5532 : D;
    5533 : D;
    5534 : D;
    5535 : D;
    5536 : D;
    5537 : D;
    5538 : D;
    5539 : D;
    553A : D;
    553B : 6;
    553C : D;
    553D : 5;
    553E : 5;
    553F : 5;
    5540 : 5;
    5541 : 5;
    5542 : 5;
    5543 : 1;
    5544 : 1;
    5545 : 5;
    5546 : D;
    5547 : D;
    5548 : D;
    5549 : D;
    554A : D;
    554B : D;
    554C : D;
    554D : D;
    554E : D;
    554F : D;
    5550 : D;
    5551 : D;
    5552 : D;
    5553 : D;
    5554 : 6;
    5555 : 6;
    5556 : D;
    5557 : D;
    5558 : 6;
    5559 : 6;
    555A : 6;
    555B : D;
    555C : D;
    555D : 6;
    555E : 6;
    555F : 6;
    5560 : 6;
    5561 : 6;
    5562 : 6;
    5563 : D;
    5564 : D;
    5565 : 6;
    5566 : D;
    5567 : D;
    5568 : D;
    5569 : D;
    556A : D;
    556B : D;
    556C : 6;
    556D : 6;
    556E : 6;
    556F : D;
    5570 : D;
    5571 : D;
    5572 : D;
    5573 : D;
    5574 : D;
    5575 : D;
    5576 : D;
    5577 : D;
    5578 : D;
    5579 : D;
    557A : D;
    557B : D;
    557C : D;
    557D : D;
    557E : D;
    557F : D;
    5580 : 6;
    5581 : D;
    5582 : D;
    5583 : 5;
    5584 : D;
    5585 : D;
    5586 : 5;
    5587 : 5;
    5588 : D;
    5589 : D;
    558A : D;
    558B : D;
    558C : D;
    558D : D;
    558E : D;
    558F : D;
    5590 : 5;
    5591 : 5;
    5592 : 5;
    5593 : 5;
    5594 : D;
    5595 : D;
    5596 : D;
    5597 : D;
    5598 : D;
    5599 : D;
    559A : D;
    559B : D;
    559C : D;
    559D : D;
    559E : D;
    559F : D;
    55A0 : D;
    55A1 : D;
    55A2 : D;
    55A3 : D;
    55A4 : D;
    55A5 : D;
    55A6 : D;
    55A7 : 5;
    55A8 : 5;
    55A9 : 5;
    55AA : 5;
    55AB : 5;
    55AC : 5;
    55AD : D;
    55AE : D;
    55AF : D;
    55B0 : D;
    55B1 : D;
    55B2 : 5;
    55B3 : D;
    55B4 : D;
    55B5 : 5;
    55B6 : D;
    55B7 : D;
    55B8 : D;
    55B9 : 5;
    55BA : D;
    55BB : D;
    55BC : D;
    55BD : D;
    55BE : 5;
    55BF : 5;
    55C0 : 5;
    55C1 : 5;
    55C2 : D;
    55C3 : D;
    55C4 : 5;
    55C5 : 5;
    55C6 : 5;
    55C7 : 5;
    55C8 : D;
    55C9 : 5;
    55CA : 5;
    55CB : D;
    55CC : D;
    55CD : 5;
    55CE : D;
    55CF : D;
    55D0 : 5;
    55D1 : 5;
    55D2 : D;
    55D3 : D;
    55D4 : D;
    55D5 : 5;
    55D6 : 5;
    55D7 : D;
    55D8 : D;
    55D9 : D;
    55DA : D;
    55DB : 5;
    55DC : 5;
    55DD : 5;
    55DE : 5;
    55DF : 5;
    55E0 : 5;
    55E1 : 5;
    55E2 : 5;
    55E3 : 5;
    55E4 : 5;
    55E5 : 5;
    55E6 : 5;
    55E7 : 5;
    55E8 : 5;
    55E9 : 5;
    55EA : 5;
    55EB : D;
    55EC : 5;
    55ED : D;
    55EE : D;
    55EF : 5;
    55F0 : D;
    55F1 : D;
    55F2 : D;
    55F3 : D;
    55F4 : D;
    55F5 : D;
    55F6 : D;
    55F7 : D;
    55F8 : D;
    55F9 : D;
    55FA : D;
    55FB : D;
    55FC : D;
    55FD : D;
    55FE : D;
    55FF : D;
    5600 : D;
    5601 : 6;
    5602 : 6;
    5603 : 5;
    5604 : 5;
    5605 : 5;
    5606 : 5;
    5607 : 5;
    5608 : 5;
    5609 : 5;
    560A : 5;
    560B : 5;
    560C : D;
    560D : D;
    560E : D;
    560F : D;
    5610 : D;
    5611 : D;
    5612 : D;
    5613 : D;
    5614 : D;
    5615 : D;
    5616 : D;
    5617 : D;
    5618 : D;
    5619 : D;
    561A : D;
    561B : D;
    561C : D;
    561D : D;
    561E : D;
    561F : D;
    5620 : 6;
    5621 : D;
    5622 : 6;
    5623 : 6;
    5624 : 6;
    5625 : 6;
    5626 : 6;
    5627 : 6;
    5628 : D;
    5629 : 6;
    562A : 6;
    562B : 6;
    562C : 6;
    562D : 6;
    562E : 6;
    562F : 6;
    5630 : 6;
    5631 : D;
    5632 : D;
    5633 : D;
    5634 : D;
    5635 : D;
    5636 : D;
    5637 : D;
    5638 : D;
    5639 : D;
    563A : D;
    563B : D;
    563C : D;
    563D : D;
    563E : D;
    563F : D;
    5640 : D;
    5641 : D;
    5642 : D;
    5643 : D;
    5644 : D;
    5645 : D;
    5646 : D;
    5647 : D;
    5648 : 5;
    5649 : 5;
    564A : 5;
    564B : 5;
    564C : D;
    564D : 5;
    564E : 5;
    564F : 5;
    5650 : D;
    5651 : D;
    5652 : D;
    5653 : D;
    5654 : D;
    5655 : D;
    5656 : D;
    5657 : 5;
    5658 : 5;
    5659 : 5;
    565A : 5;
    565B : D;
    565C : D;
    565D : D;
    565E : D;
    565F : D;
    5660 : D;
    5661 : D;
    5662 : D;
    5663 : D;
    5664 : D;
    5665 : D;
    5666 : D;
    5667 : D;
    5668 : D;
    5669 : D;
    566A : D;
    566B : D;
    566C : D;
    566D : D;
    566E : D;
    566F : 5;
    5670 : 5;
    5671 : 5;
    5672 : 5;
    5673 : 5;
    5674 : 5;
    5675 : D;
    5676 : D;
    5677 : D;
    5678 : D;
    5679 : D;
    567A : D;
    567B : D;
    567C : D;
    567D : D;
    567E : D;
    567F : D;
    5680 : D;
    5681 : 5;
    5682 : D;
    5683 : D;
    5684 : D;
    5685 : 5;
    5686 : 5;
    5687 : 5;
    5688 : 5;
    5689 : D;
    568A : D;
    568B : D;
    568C : 5;
    568D : D;
    568E : 5;
    568F : 5;
    5690 : 5;
    5691 : 5;
    5692 : 5;
    5693 : D;
    5694 : 5;
    5695 : 5;
    5696 : 5;
    5697 : 5;
    5698 : D;
    5699 : D;
    569A : 5;
    569B : 5;
    569C : 5;
    569D : 5;
    569E : 5;
    569F : 5;
    56A0 : 5;
    56A1 : 5;
    56A2 : 5;
    56A3 : 5;
    56A4 : 5;
    56A5 : 5;
    56A6 : 5;
    56A7 : 5;
    56A8 : 5;
    56A9 : 5;
    56AA : 5;
    56AB : 5;
    56AC : 5;
    56AD : 5;
    56AE : 5;
    56AF : 5;
    56B0 : 5;
    56B1 : 5;
    56B2 : 5;
    56B3 : 5;
    56B4 : 5;
    56B5 : D;
    56B6 : 5;
    56B7 : 5;
    56B8 : D;
    56B9 : D;
    56BA : D;
    56BB : D;
    56BC : D;
    56BD : D;
    56BE : D;
    56BF : D;
    56C0 : D;
    56C1 : D;
    56C2 : D;
    56C3 : D;
    56C4 : D;
    56C5 : D;
    56C6 : D;
    56C7 : D;
    56C8 : 6;
    56C9 : D;
    56CA : 5;
    56CB : 5;
    56CC : 5;
    56CD : 5;
    56CE : 5;
    56CF : 5;
    56D0 : 5;
    56D1 : 5;
    56D2 : D;
    56D3 : D;
    56D4 : D;
    56D5 : D;
    56D6 : D;
    56D7 : 6;
    56D8 : D;
    56D9 : D;
    56DA : D;
    56DB : D;
    56DC : D;
    56DD : D;
    56DE : D;
    56DF : D;
    56E0 : D;
    56E1 : D;
    56E2 : D;
    56E3 : D;
    56E4 : D;
    56E5 : D;
    56E6 : D;
    56E7 : 6;
    56E8 : D;
    56E9 : D;
    56EA : D;
    56EB : D;
    56EC : D;
    56ED : D;
    56EE : D;
    56EF : D;
    56F0 : D;
    56F1 : D;
    56F2 : 6;
    56F3 : 6;
    56F4 : 6;
    56F5 : 6;
    56F6 : 6;
    56F7 : 6;
    56F8 : D;
    56F9 : D;
    56FA : D;
    56FB : D;
    56FC : D;
    56FD : D;
    56FE : 5;
    56FF : D;
    5700 : D;
    5701 : D;
    5702 : D;
    5703 : D;
    5704 : D;
    5705 : D;
    5706 : D;
    5707 : D;
    5708 : D;
    5709 : D;
    570A : D;
    570B : D;
    570C : D;
    570D : D;
    570E : D;
    570F : D;
    5710 : 5;
    5711 : D;
    5712 : D;
    5713 : D;
    5714 : D;
    5715 : D;
    5716 : D;
    5717 : D;
    5718 : D;
    5719 : D;
    571A : D;
    571B : D;
    571C : D;
    571D : 5;
    571E : 5;
    571F : D;
    5720 : D;
    5721 : D;
    5722 : 5;
    5723 : D;
    5724 : D;
    5725 : D;
    5726 : D;
    5727 : D;
    5728 : D;
    5729 : D;
    572A : D;
    572B : D;
    572C : D;
    572D : D;
    572E : 5;
    572F : D;
    5730 : D;
    5731 : D;
    5732 : 5;
    5733 : 5;
    5734 : 5;
    5735 : 5;
    5736 : 5;
    5737 : D;
    5738 : D;
    5739 : 5;
    573A : 5;
    573B : D;
    573C : D;
    573D : D;
    573E : 5;
    573F : 5;
    5740 : 5;
    5741 : D;
    5742 : D;
    5743 : D;
    5744 : D;
    5745 : 5;
    5746 : 5;
    5747 : D;
    5748 : D;
    5749 : D;
    574A : D;
    574B : D;
    574C : 5;
    574D : 1;
    574E : 1;
    574F : 5;
    5750 : 5;
    5751 : D;
    5752 : D;
    5753 : 5;
    5754 : D;
    5755 : D;
    5756 : 5;
    5757 : 5;
    5758 : D;
    5759 : D;
    575A : D;
    575B : 5;
    575C : 5;
    575D : 5;
    575E : D;
    575F : D;
    5760 : 5;
    5761 : 5;
    5762 : 5;
    5763 : D;
    5764 : D;
    5765 : D;
    5766 : 5;
    5767 : 5;
    5768 : 5;
    5769 : 5;
    576A : 5;
    576B : 5;
    576C : D;
    576D : D;
    576E : 5;
    576F : 5;
    5770 : 5;
    5771 : 5;
    5772 : D;
    5773 : 5;
    5774 : 5;
    5775 : 5;
    5776 : 5;
    5777 : 5;
    5778 : 5;
    5779 : 5;
    577A : 5;
    577B : 5;
    577C : 5;
    577D : 5;
    577E : 5;
    577F : 5;
    5780 : D;
    5781 : D;
    5782 : D;
    5783 : D;
    5784 : D;
    5785 : D;
    5786 : D;
    5787 : D;
    5788 : D;
    5789 : D;
    578A : D;
    578B : D;
    578C : D;
    578D : D;
    578E : 6;
    578F : D;
    5790 : 5;
    5791 : 5;
    5792 : 5;
    5793 : 5;
    5794 : 5;
    5795 : 5;
    5796 : 5;
    5797 : D;
    5798 : D;
    5799 : D;
    579A : D;
    579B : D;
    579C : D;
    579D : D;
    579E : 6;
    579F : D;
    57A0 : D;
    57A1 : D;
    57A2 : D;
    57A3 : D;
    57A4 : D;
    57A5 : D;
    57A6 : D;
    57A7 : D;
    57A8 : D;
    57A9 : D;
    57AA : D;
    57AB : D;
    57AC : D;
    57AD : D;
    57AE : 6;
    57AF : D;
    57B0 : D;
    57B1 : D;
    57B2 : D;
    57B3 : D;
    57B4 : D;
    57B5 : D;
    57B6 : D;
    57B7 : D;
    57B8 : D;
    57B9 : D;
    57BA : 6;
    57BB : 6;
    57BC : D;
    57BD : D;
    57BE : D;
    57BF : D;
    57C0 : D;
    57C1 : D;
    57C2 : D;
    57C3 : D;
    57C4 : D;
    57C5 : 5;
    57C6 : D;
    57C7 : D;
    57C8 : D;
    57C9 : D;
    57CA : D;
    57CB : D;
    57CC : D;
    57CD : D;
    57CE : D;
    57CF : D;
    57D0 : D;
    57D1 : D;
    57D2 : D;
    57D3 : D;
    57D4 : D;
    57D5 : D;
    57D6 : 5;
    57D7 : 5;
    57D8 : D;
    57D9 : D;
    57DA : D;
    57DB : D;
    57DC : D;
    57DD : D;
    57DE : D;
    57DF : D;
    57E0 : D;
    57E1 : D;
    57E2 : 5;
    57E3 : 5;
    57E4 : 5;
    57E5 : 5;
    57E6 : D;
    57E7 : D;
    57E8 : D;
    57E9 : D;
    57EA : D;
    57EB : D;
    57EC : D;
    57ED : D;
    57EE : 5;
    57EF : D;
    57F0 : D;
    57F1 : D;
    57F2 : D;
    57F3 : D;
    57F4 : D;
    57F5 : D;
    57F6 : D;
    57F7 : 5;
    57F8 : 5;
    57F9 : 5;
    57FA : 5;
    57FB : 5;
    57FC : 5;
    57FD : D;
    57FE : D;
    57FF : 5;
    5800 : D;
    5801 : D;
    5802 : 5;
    5803 : D;
    5804 : 5;
    5805 : 1;
    5806 : 5;
    5807 : 5;
    5808 : D;
    5809 : D;
    580A : 5;
    580B : D;
    580C : D;
    580D : D;
    580E : 5;
    580F : 5;
    5810 : D;
    5811 : 5;
    5812 : 5;
    5813 : D;
    5814 : D;
    5815 : D;
    5816 : D;
    5817 : 5;
    5818 : D;
    5819 : D;
    581A : 5;
    581B : 5;
    581C : 5;
    581D : 5;
    581E : D;
    581F : D;
    5820 : D;
    5821 : 5;
    5822 : 5;
    5823 : 5;
    5824 : 5;
    5825 : D;
    5826 : D;
    5827 : 5;
    5828 : 5;
    5829 : 5;
    582A : 5;
    582B : 5;
    582C : 5;
    582D : 5;
    582E : 5;
    582F : 5;
    5830 : 5;
    5831 : D;
    5832 : D;
    5833 : D;
    5834 : D;
    5835 : D;
    5836 : 5;
    5837 : 5;
    5838 : 5;
    5839 : D;
    583A : D;
    583B : 5;
    583C : 5;
    583D : 5;
    583E : 5;
    583F : 5;
    5840 : 5;
    5841 : 5;
    5842 : 5;
    5843 : 5;
    5844 : 5;
    5845 : 5;
    5846 : 5;
    5847 : 5;
    5848 : D;
    5849 : D;
    584A : D;
    584B : D;
    584C : D;
    584D : D;
    584E : D;
    584F : D;
    5850 : D;
    5851 : D;
    5852 : D;
    5853 : D;
    5854 : D;
    5855 : 6;
    5856 : D;
    5857 : 5;
    5858 : 5;
    5859 : 5;
    585A : 5;
    585B : 5;
    585C : 5;
    585D : D;
    585E : D;
    585F : D;
    5860 : 6;
    5861 : 6;
    5862 : D;
    5863 : D;
    5864 : D;
    5865 : D;
    5866 : D;
    5867 : D;
    5868 : D;
    5869 : D;
    586A : D;
    586B : D;
    586C : D;
    586D : D;
    586E : D;
    586F : D;
    5870 : D;
    5871 : D;
    5872 : 6;
    5873 : D;
    5874 : D;
    5875 : D;
    5876 : D;
    5877 : D;
    5878 : D;
    5879 : D;
    587A : D;
    587B : D;
    587C : D;
    587D : D;
    587E : D;
    587F : D;
    5880 : 6;
    5881 : 6;
    5882 : 6;
    5883 : D;
    5884 : D;
    5885 : D;
    5886 : 5;
    5887 : 5;
    5888 : D;
    5889 : D;
    588A : D;
    588B : 5;
    588C : 5;
    588D : D;
    588E : D;
    588F : D;
    5890 : D;
    5891 : D;
    5892 : D;
    5893 : D;
    5894 : D;
    5895 : D;
    5896 : D;
    5897 : D;
    5898 : D;
    5899 : D;
    589A : D;
    589B : D;
    589C : 5;
    589D : 5;
    589E : 5;
    589F : 5;
    58A0 : 5;
    58A1 : 5;
    58A2 : D;
    58A3 : D;
    58A4 : 5;
    58A5 : 5;
    58A6 : 5;
    58A7 : 5;
    58A8 : 5;
    58A9 : 5;
    58AA : 5;
    58AB : 5;
    58AC : 5;
    58AD : 5;
    58AE : D;
    58AF : D;
    58B0 : D;
    58B1 : D;
    58B2 : D;
    58B3 : 5;
    58B4 : 5;
    58B5 : 5;
    58B6 : D;
    58B7 : D;
    58B8 : D;
    58B9 : D;
    58BA : D;
    58BB : D;
    58BC : D;
    58BD : D;
    58BE : 5;
    58BF : 5;
    58C0 : 5;
    58C1 : 5;
    58C2 : 5;
    58C3 : 5;
    58C4 : 5;
    58C5 : D;
    58C6 : D;
    58C7 : 5;
    58C8 : D;
    58C9 : D;
    58CA : D;
    58CB : D;
    58CC : D;
    58CD : D;
    58CE : D;
    58CF : D;
    58D0 : D;
    58D1 : 5;
    58D2 : 5;
    58D3 : 5;
    58D4 : D;
    58D5 : 5;
    58D6 : 5;
    58D7 : 5;
    58D8 : 5;
    58D9 : D;
    58DA : D;
    58DB : D;
    58DC : D;
    58DD : D;
    58DE : D;
    58DF : D;
    58E0 : D;
    58E1 : D;
    58E2 : D;
    58E3 : D;
    58E4 : D;
    58E5 : 5;
    58E6 : 5;
    58E7 : 5;
    58E8 : 5;
    58E9 : 5;
    58EA : 5;
    58EB : D;
    58EC : D;
    58ED : D;
    58EE : 5;
    58EF : 5;
    58F0 : 5;
    58F1 : 5;
    58F2 : D;
    58F3 : D;
    58F4 : D;
    58F5 : 5;
    58F6 : 5;
    58F7 : 5;
    58F8 : D;
    58F9 : D;
    58FA : 5;
    58FB : 5;
    58FC : 5;
    58FD : 5;
    58FE : 5;
    58FF : 5;
    5900 : 5;
    5901 : 5;
    5902 : 5;
    5903 : 5;
    5904 : D;
    5905 : 5;
    5906 : 5;
    5907 : 5;
    5908 : 5;
    5909 : 5;
    590A : 5;
    590B : 5;
    590C : D;
    590D : 5;
    590E : 5;
    590F : 5;
    5910 : D;
    5911 : D;
    5912 : 6;
    5913 : D;
    5914 : D;
    5915 : D;
    5916 : D;
    5917 : D;
    5918 : D;
    5919 : D;
    591A : D;
    591B : D;
    591C : D;
    591D : 5;
    591E : 5;
    591F : 5;
    5920 : 5;
    5921 : 5;
    5922 : D;
    5923 : D;
    5924 : 6;
    5925 : D;
    5926 : D;
    5927 : 6;
    5928 : 6;
    5929 : 6;
    592A : D;
    592B : D;
    592C : D;
    592D : D;
    592E : D;
    592F : D;
    5930 : D;
    5931 : D;
    5932 : D;
    5933 : D;
    5934 : D;
    5935 : D;
    5936 : D;
    5937 : D;
    5938 : D;
    5939 : 6;
    593A : 6;
    593B : D;
    593C : D;
    593D : D;
    593E : D;
    593F : D;
    5940 : D;
    5941 : D;
    5942 : D;
    5943 : D;
    5944 : D;
    5945 : D;
    5946 : D;
    5947 : 6;
    5948 : 6;
    5949 : D;
    594A : D;
    594B : D;
    594C : 5;
    594D : 5;
    594E : 5;
    594F : D;
    5950 : D;
    5951 : 5;
    5952 : 5;
    5953 : 5;
    5954 : D;
    5955 : D;
    5956 : D;
    5957 : D;
    5958 : D;
    5959 : D;
    595A : D;
    595B : D;
    595C : D;
    595D : D;
    595E : D;
    595F : D;
    5960 : D;
    5961 : D;
    5962 : 5;
    5963 : 5;
    5964 : 5;
    5965 : 5;
    5966 : 5;
    5967 : 5;
    5968 : 5;
    5969 : 5;
    596A : 5;
    596B : 5;
    596C : 5;
    596D : 5;
    596E : 5;
    596F : 5;
    5970 : 5;
    5971 : 5;
    5972 : 5;
    5973 : 5;
    5974 : 5;
    5975 : D;
    5976 : D;
    5977 : 5;
    5978 : 5;
    5979 : 5;
    597A : 5;
    597B : 5;
    597C : 5;
    597D : 5;
    597E : 5;
    597F : D;
    5980 : D;
    5981 : D;
    5982 : D;
    5983 : 5;
    5984 : 5;
    5985 : 5;
    5986 : D;
    5987 : 5;
    5988 : 5;
    5989 : 5;
    598A : 5;
    598B : 5;
    598C : 5;
    598D : D;
    598E : D;
    598F : D;
    5990 : D;
    5991 : D;
    5992 : D;
    5993 : D;
    5994 : D;
    5995 : D;
    5996 : D;
    5997 : D;
    5998 : D;
    5999 : 5;
    599A : D;
    599B : D;
    599C : D;
    599D : D;
    599E : D;
    599F : D;
    59A0 : D;
    59A1 : D;
    59A2 : 5;
    59A3 : D;
    59A4 : D;
    59A5 : 5;
    59A6 : 5;
    59A7 : D;
    59A8 : D;
    59A9 : D;
    59AA : D;
    59AB : D;
    59AC : D;
    59AD : 5;
    59AE : 5;
    59AF : 5;
    59B0 : 5;
    59B1 : 5;
    59B2 : 5;
    59B3 : 5;
    59B4 : 5;
    59B5 : 5;
    59B6 : 5;
    59B7 : 5;
    59B8 : D;
    59B9 : D;
    59BA : 5;
    59BB : 5;
    59BC : 5;
    59BD : 5;
    59BE : 5;
    59BF : 5;
    59C0 : D;
    59C1 : D;
    59C2 : 5;
    59C3 : 5;
    59C4 : 5;
    59C5 : 5;
    59C6 : 5;
    59C7 : 5;
    59C8 : 5;
    59C9 : 5;
    59CA : 5;
    59CB : 5;
    59CC : 5;
    59CD : 5;
    59CE : 5;
    59CF : 5;
    59D0 : 5;
    59D1 : D;
    59D2 : 5;
    59D3 : 5;
    59D4 : 5;
    59D5 : 5;
    59D6 : 5;
    59D7 : 5;
    59D8 : D;
    59D9 : D;
    59DA : D;
    59DB : D;
    59DC : D;
    59DD : D;
    59DE : D;
    59DF : D;
    59E0 : D;
    59E1 : D;
    59E2 : D;
    59E3 : 5;
    59E4 : 5;
    59E5 : 5;
    59E6 : 5;
    59E7 : D;
    59E8 : D;
    59E9 : D;
    59EA : D;
    59EB : D;
    59EC : D;
    59ED : D;
    59EE : D;
    59EF : D;
    59F0 : D;
    59F1 : D;
    59F2 : D;
    59F3 : D;
    59F4 : D;
    59F5 : D;
    59F6 : D;
    59F7 : D;
    59F8 : D;
    59F9 : D;
    59FA : D;
    59FB : D;
    59FC : D;
    59FD : D;
    59FE : D;
    59FF : 6;
    5A00 : 6;
    5A01 : 6;
    5A02 : D;
    5A03 : D;
    5A04 : 6;
    5A05 : 6;
    5A06 : 6;
    5A07 : D;
    5A08 : D;
    5A09 : D;
    5A0A : D;
    5A0B : D;
    5A0C : D;
    5A0D : 6;
    5A0E : 6;
    5A0F : D;
    5A10 : D;
    5A11 : D;
    5A12 : 5;
    5A13 : 5;
    5A14 : 5;
    5A15 : 5;
    5A16 : D;
    5A17 : 5;
    5A18 : 5;
    5A19 : 5;
    5A1A : 5;
    5A1B : 5;
    5A1C : 5;
    5A1D : D;
    5A1E : D;
    5A1F : D;
    5A20 : D;
    5A21 : D;
    5A22 : D;
    5A23 : D;
    5A24 : D;
    5A25 : D;
    5A26 : 5;
    5A27 : 5;
    5A28 : 5;
    5A29 : 5;
    5A2A : 5;
    5A2B : 5;
    5A2C : 5;
    5A2D : 5;
    5A2E : 5;
    5A2F : 5;
    5A30 : 5;
    5A31 : 5;
    5A32 : 5;
    5A33 : 5;
    5A34 : 5;
    5A35 : 5;
    5A36 : 5;
    5A37 : 5;
    5A38 : D;
    5A39 : D;
    5A3A : 5;
    5A3B : 5;
    5A3C : 5;
    5A3D : 5;
    5A3E : 5;
    5A3F : 5;
    5A40 : 5;
    5A41 : 5;
    5A42 : 5;
    5A43 : 5;
    5A44 : 5;
    5A45 : 5;
    5A46 : D;
    5A47 : D;
    5A48 : D;
    5A49 : D;
    5A4A : 5;
    5A4B : 5;
    5A4C : D;
    5A4D : D;
    5A4E : 5;
    5A4F : 5;
    5A50 : 5;
    5A51 : 5;
    5A52 : 5;
    5A53 : 5;
    5A54 : D;
    5A55 : D;
    5A56 : D;
    5A57 : D;
    5A58 : D;
    5A59 : D;
    5A5A : D;
    5A5B : D;
    5A5C : D;
    5A5D : D;
    5A5E : D;
    5A5F : D;
    5A60 : 5;
    5A61 : 5;
    5A62 : D;
    5A63 : D;
    5A64 : D;
    5A65 : D;
    5A66 : D;
    5A67 : D;
    5A68 : D;
    5A69 : D;
    5A6A : D;
    5A6B : D;
    5A6C : D;
    5A6D : D;
    5A6E : D;
    5A6F : D;
    5A70 : 5;
    5A71 : 5;
    5A72 : 5;
    5A73 : D;
    5A74 : D;
    5A75 : D;
    5A76 : 5;
    5A77 : 5;
    5A78 : 5;
    5A79 : 5;
    5A7A : 5;
    5A7B : 5;
    5A7C : 5;
    5A7D : D;
    5A7E : D;
    5A7F : D;
    5A80 : D;
    5A81 : D;
    5A82 : D;
    5A83 : D;
    5A84 : D;
    5A85 : D;
    5A86 : 5;
    5A87 : D;
    5A88 : D;
    5A89 : D;
    5A8A : D;
    5A8B : D;
    5A8C : D;
    5A8D : D;
    5A8E : 5;
    5A8F : 5;
    5A90 : 5;
    5A91 : 5;
    5A92 : 5;
    5A93 : 5;
    5A94 : 5;
    5A95 : 5;
    5A96 : 5;
    5A97 : 5;
    5A98 : 5;
    5A99 : 5;
    5A9A : D;
    5A9B : 5;
    5A9C : 5;
    5A9D : 5;
    5A9E : 5;
    5A9F : 5;
    5AA0 : D;
    5AA1 : D;
    5AA2 : D;
    5AA3 : D;
    5AA4 : D;
    5AA5 : D;
    5AA6 : D;
    5AA7 : D;
    5AA8 : D;
    5AA9 : 5;
    5AAA : 5;
    5AAB : D;
    5AAC : D;
    5AAD : D;
    5AAE : D;
    5AAF : D;
    5AB0 : D;
    5AB1 : D;
    5AB2 : D;
    5AB3 : D;
    5AB4 : 6;
    5AB5 : D;
    5AB6 : D;
    5AB7 : D;
    5AB8 : D;
    5AB9 : D;
    5ABA : D;
    5ABB : D;
    5ABC : D;
    5ABD : D;
    5ABE : D;
    5ABF : D;
    5AC0 : D;
    5AC1 : D;
    5AC2 : D;
    5AC3 : D;
    5AC4 : 6;
    5AC5 : 6;
    5AC6 : 6;
    5AC7 : 6;
    5AC8 : 6;
    5AC9 : 6;
    5ACA : 6;
    5ACB : 6;
    5ACC : 6;
    5ACD : 6;
    5ACE : D;
    5ACF : D;
    5AD0 : D;
    5AD1 : 6;
    5AD2 : 6;
    5AD3 : D;
    5AD4 : D;
    5AD5 : D;
    5AD6 : D;
    5AD7 : D;
    5AD8 : D;
    5AD9 : 5;
    5ADA : 5;
    5ADB : 5;
    5ADC : 5;
    5ADD : 5;
    5ADE : 5;
    5ADF : 5;
    5AE0 : 5;
    5AE1 : 5;
    5AE2 : 5;
    5AE3 : 5;
    5AE4 : 5;
    5AE5 : 5;
    5AE6 : 5;
    5AE7 : D;
    5AE8 : 5;
    5AE9 : 5;
    5AEA : 5;
    5AEB : 5;
    5AEC : 5;
    5AED : 5;
    5AEE : 5;
    5AEF : 5;
    5AF0 : 5;
    5AF1 : 5;
    5AF2 : 5;
    5AF3 : 5;
    5AF4 : 5;
    5AF5 : 5;
    5AF6 : 5;
    5AF7 : 5;
    5AF8 : 5;
    5AF9 : 5;
    5AFA : 5;
    5AFB : 5;
    5AFC : 5;
    5AFD : 5;
    5AFE : 5;
    5AFF : 5;
    5B00 : 5;
    5B01 : 5;
    5B02 : D;
    5B03 : D;
    5B04 : 5;
    5B05 : 5;
    5B06 : 5;
    5B07 : 5;
    5B08 : 5;
    5B09 : 5;
    5B0A : D;
    5B0B : D;
    5B0C : 5;
    5B0D : D;
    5B0E : D;
    5B0F : D;
    5B10 : 5;
    5B11 : 5;
    5B12 : D;
    5B13 : D;
    5B14 : D;
    5B15 : 5;
    5B16 : 5;
    5B17 : 1;
    5B18 : 1;
    5B19 : 5;
    5B1A : 5;
    5B1B : D;
    5B1C : D;
    5B1D : D;
    5B1E : D;
    5B1F : D;
    5B20 : 5;
    5B21 : D;
    5B22 : D;
    5B23 : D;
    5B24 : D;
    5B25 : 5;
    5B26 : 5;
    5B27 : D;
    5B28 : D;
    5B29 : 5;
    5B2A : 5;
    5B2B : D;
    5B2C : D;
    5B2D : D;
    5B2E : D;
    5B2F : D;
    5B30 : 5;
    5B31 : D;
    5B32 : D;
    5B33 : D;
    5B34 : D;
    5B35 : D;
    5B36 : 5;
    5B37 : 5;
    5B38 : 5;
    5B39 : 5;
    5B3A : 5;
    5B3B : 5;
    5B3C : 5;
    5B3D : 5;
    5B3E : D;
    5B3F : D;
    5B40 : D;
    5B41 : 5;
    5B42 : 5;
    5B43 : 5;
    5B44 : D;
    5B45 : D;
    5B46 : D;
    5B47 : D;
    5B48 : 5;
    5B49 : D;
    5B4A : D;
    5B4B : D;
    5B4C : 5;
    5B4D : 5;
    5B4E : D;
    5B4F : D;
    5B50 : D;
    5B51 : D;
    5B52 : D;
    5B53 : D;
    5B54 : D;
    5B55 : 5;
    5B56 : 5;
    5B57 : 5;
    5B58 : 5;
    5B59 : 5;
    5B5A : 5;
    5B5B : 5;
    5B5C : 5;
    5B5D : 5;
    5B5E : 5;
    5B5F : 5;
    5B60 : 5;
    5B61 : 5;
    5B62 : D;
    5B63 : 5;
    5B64 : 5;
    5B65 : 5;
    5B66 : 5;
    5B67 : 1;
    5B68 : D;
    5B69 : D;
    5B6A : D;
    5B6B : D;
    5B6C : D;
    5B6D : D;
    5B6E : D;
    5B6F : D;
    5B70 : D;
    5B71 : D;
    5B72 : D;
    5B73 : D;
    5B74 : D;
    5B75 : D;
    5B76 : D;
    5B77 : D;
    5B78 : D;
    5B79 : D;
    5B7A : D;
    5B7B : D;
    5B7C : D;
    5B7D : D;
    5B7E : D;
    5B7F : D;
    5B80 : D;
    5B81 : D;
    5B82 : D;
    5B83 : D;
    5B84 : D;
    5B85 : D;
    5B86 : D;
    5B87 : D;
    5B88 : D;
    5B89 : D;
    5B8A : D;
    5B8B : 6;
    5B8C : 6;
    5B8D : 6;
    5B8E : 6;
    5B8F : D;
    5B90 : D;
    5B91 : D;
    5B92 : D;
    5B93 : D;
    5B94 : D;
    5B95 : D;
    5B96 : D;
    5B97 : D;
    5B98 : 6;
    5B99 : 6;
    5B9A : D;
    5B9B : D;
    5B9C : D;
    5B9D : D;
    5B9E : D;
    5B9F : D;
    5BA0 : 5;
    5BA1 : 5;
    5BA2 : 5;
    5BA3 : 5;
    5BA4 : 5;
    5BA5 : 5;
    5BA6 : 5;
    5BA7 : 5;
    5BA8 : 5;
    5BA9 : 5;
    5BAA : 5;
    5BAB : 5;
    5BAC : 5;
    5BAD : 5;
    5BAE : 5;
    5BAF : 5;
    5BB0 : 5;
    5BB1 : 5;
    5BB2 : 5;
    5BB3 : 5;
    5BB4 : 5;
    5BB5 : 5;
    5BB6 : 5;
    5BB7 : 5;
    5BB8 : 5;
    5BB9 : 5;
    5BBA : 5;
    5BBB : 5;
    5BBC : 5;
    5BBD : 5;
    5BBE : 5;
    5BBF : 5;
    5BC0 : D;
    5BC1 : 5;
    5BC2 : 5;
    5BC3 : D;
    5BC4 : D;
    5BC5 : D;
    5BC6 : 5;
    5BC7 : 5;
    5BC8 : 5;
    5BC9 : 5;
    5BCA : 5;
    5BCB : 5;
    5BCC : 5;
    5BCD : 5;
    5BCE : 5;
    5BCF : 5;
    5BD0 : 5;
    5BD1 : 5;
    5BD2 : 5;
    5BD3 : 5;
    5BD4 : 5;
    5BD5 : D;
    5BD6 : 5;
    5BD7 : 5;
    5BD8 : D;
    5BD9 : D;
    5BDA : D;
    5BDB : D;
    5BDC : D;
    5BDD : 5;
    5BDE : 5;
    5BDF : 1;
    5BE0 : 5;
    5BE1 : 5;
    5BE2 : 5;
    5BE3 : D;
    5BE4 : D;
    5BE5 : D;
    5BE6 : D;
    5BE7 : D;
    5BE8 : D;
    5BE9 : D;
    5BEA : D;
    5BEB : D;
    5BEC : D;
    5BED : D;
    5BEE : D;
    5BEF : D;
    5BF0 : 5;
    5BF1 : 5;
    5BF2 : D;
    5BF3 : D;
    5BF4 : D;
    5BF5 : D;
    5BF6 : D;
    5BF7 : D;
    5BF8 : D;
    5BF9 : D;
    5BFA : D;
    5BFB : D;
    5BFC : D;
    5BFD : D;
    5BFE : 5;
    5BFF : 5;
    5C00 : 5;
    5C01 : 5;
    5C02 : D;
    5C03 : 5;
    5C04 : D;
    5C05 : D;
    5C06 : D;
    5C07 : D;
    5C08 : D;
    5C09 : 5;
    5C0A : 5;
    5C0B : D;
    5C0C : D;
    5C0D : D;
    5C0E : D;
    5C0F : D;
    5C10 : D;
    5C11 : D;
    5C12 : D;
    5C13 : 5;
    5C14 : D;
    5C15 : D;
    5C16 : D;
    5C17 : D;
    5C18 : D;
    5C19 : D;
    5C1A : 5;
    5C1B : D;
    5C1C : D;
    5C1D : 5;
    5C1E : 5;
    5C1F : 5;
    5C20 : 5;
    5C21 : 5;
    5C22 : D;
    5C23 : D;
    5C24 : 5;
    5C25 : 5;
    5C26 : 5;
    5C27 : 5;
    5C28 : 5;
    5C29 : 5;
    5C2A : 5;
    5C2B : 5;
    5C2C : 5;
    5C2D : 5;
    5C2E : 5;
    5C2F : 1;
    5C30 : D;
    5C31 : D;
    5C32 : D;
    5C33 : D;
    5C34 : D;
    5C35 : D;
    5C36 : D;
    5C37 : D;
    5C38 : D;
    5C39 : D;
    5C3A : D;
    5C3B : D;
    5C3C : D;
    5C3D : D;
    5C3E : D;
    5C3F : D;
    5C40 : D;
    5C41 : D;
    5C42 : D;
    5C43 : D;
    5C44 : D;
    5C45 : D;
    5C46 : D;
    5C47 : D;
    5C48 : D;
    5C49 : D;
    5C4A : D;
    5C4B : D;
    5C4C : D;
    5C4D : D;
    5C4E : D;
    5C4F : D;
    5C50 : D;
    5C51 : D;
    5C52 : 6;
    5C53 : 6;
    5C54 : D;
    5C55 : D;
    5C56 : D;
    5C57 : D;
    5C58 : D;
    5C59 : D;
    5C5A : D;
    5C5B : D;
    5C5C : D;
    5C5D : 6;
    5C5E : 6;
    5C5F : 6;
    5C60 : D;
    5C61 : D;
    5C62 : D;
    5C63 : D;
    5C64 : 5;
    5C65 : 5;
    5C66 : 5;
    5C67 : 5;
    5C68 : 5;
    5C69 : 5;
    5C6A : 5;
    5C6B : 5;
    5C6C : 5;
    5C6D : 5;
    5C6E : 5;
    5C6F : 5;
    5C70 : 5;
    5C71 : 5;
    5C72 : 5;
    5C73 : 5;
    5C74 : 5;
    5C75 : 5;
    5C76 : 5;
    5C77 : 5;
    5C78 : 5;
    5C79 : 5;
    5C7A : 5;
    5C7B : 5;
    5C7C : 5;
    5C7D : 5;
    5C7E : 5;
    5C7F : 5;
    5C80 : 5;
    5C81 : 5;
    5C82 : 5;
    5C83 : 5;
    5C84 : 5;
    5C85 : 5;
    5C86 : 5;
    5C87 : D;
    5C88 : D;
    5C89 : 5;
    5C8A : 5;
    5C8B : 5;
    5C8C : 5;
    5C8D : 5;
    5C8E : 5;
    5C8F : D;
    5C90 : D;
    5C91 : 5;
    5C92 : 5;
    5C93 : 5;
    5C94 : 5;
    5C95 : 5;
    5C96 : 5;
    5C97 : 5;
    5C98 : 5;
    5C99 : 5;
    5C9A : 5;
    5C9B : 5;
    5C9C : 5;
    5C9D : 5;
    5C9E : D;
    5C9F : D;
    5CA0 : D;
    5CA1 : D;
    5CA2 : 5;
    5CA3 : 5;
    5CA4 : 5;
    5CA5 : 5;
    5CA6 : 5;
    5CA7 : 5;
    5CA8 : 5;
    5CA9 : 5;
    5CAA : 5;
    5CAB : D;
    5CAC : D;
    5CAD : D;
    5CAE : D;
    5CAF : D;
    5CB0 : D;
    5CB1 : D;
    5CB2 : D;
    5CB3 : D;
    5CB4 : D;
    5CB5 : D;
    5CB6 : D;
    5CB7 : 5;
    5CB8 : 5;
    5CB9 : D;
    5CBA : D;
    5CBB : D;
    5CBC : D;
    5CBD : D;
    5CBE : D;
    5CBF : D;
    5CC0 : D;
    5CC1 : D;
    5CC2 : D;
    5CC3 : 5;
    5CC4 : 5;
    5CC5 : 5;
    5CC6 : 5;
    5CC7 : 5;
    5CC8 : 5;
    5CC9 : 5;
    5CCA : 5;
    5CCB : D;
    5CCC : D;
    5CCD : D;
    5CCE : D;
    5CCF : D;
    5CD0 : 5;
    5CD1 : 5;
    5CD2 : D;
    5CD3 : D;
    5CD4 : D;
    5CD5 : D;
    5CD6 : D;
    5CD7 : 5;
    5CD8 : 5;
    5CD9 : 5;
    5CDA : 5;
    5CDB : 5;
    5CDC : 5;
    5CDD : D;
    5CDE : D;
    5CDF : D;
    5CE0 : D;
    5CE1 : D;
    5CE2 : D;
    5CE3 : D;
    5CE4 : 5;
    5CE5 : 5;
    5CE6 : D;
    5CE7 : D;
    5CE8 : 5;
    5CE9 : D;
    5CEA : D;
    5CEB : D;
    5CEC : D;
    5CED : 5;
    5CEE : 5;
    5CEF : 5;
    5CF0 : 5;
    5CF1 : 5;
    5CF2 : 5;
    5CF3 : 5;
    5CF4 : 5;
    5CF5 : 5;
    5CF6 : 1;
    5CF7 : 1;
    5CF8 : D;
    5CF9 : D;
    5CFA : D;
    5CFB : D;
    5CFC : D;
    5CFD : D;
    5CFE : D;
    5CFF : D;
    5D00 : D;
    5D01 : D;
    5D02 : D;
    5D03 : D;
    5D04 : D;
    5D05 : D;
    5D06 : D;
    5D07 : D;
    5D08 : D;
    5D09 : D;
    5D0A : D;
    5D0B : D;
    5D0C : D;
    5D0D : D;
    5D0E : D;
    5D0F : D;
    5D10 : D;
    5D11 : D;
    5D12 : D;
    5D13 : D;
    5D14 : D;
    5D15 : D;
    5D16 : D;
    5D17 : D;
    5D18 : 6;
    5D19 : 6;
    5D1A : 6;
    5D1B : D;
    5D1C : D;
    5D1D : D;
    5D1E : D;
    5D1F : D;
    5D20 : D;
    5D21 : D;
    5D22 : D;
    5D23 : D;
    5D24 : 6;
    5D25 : 6;
    5D26 : D;
    5D27 : D;
    5D28 : D;
    5D29 : D;
    5D2A : D;
    5D2B : 5;
    5D2C : 5;
    5D2D : 5;
    5D2E : 5;
    5D2F : 5;
    5D30 : 5;
    5D31 : 5;
    5D32 : 5;
    5D33 : 5;
    5D34 : 5;
    5D35 : 5;
    5D36 : 5;
    5D37 : 5;
    5D38 : 5;
    5D39 : 5;
    5D3A : 5;
    5D3B : 5;
    5D3C : 5;
    5D3D : 5;
    5D3E : 5;
    5D3F : 5;
    5D40 : 5;
    5D41 : 5;
    5D42 : 5;
    5D43 : 5;
    5D44 : 5;
    5D45 : 5;
    5D46 : 5;
    5D47 : 5;
    5D48 : 5;
    5D49 : 5;
    5D4A : 5;
    5D4B : 5;
    5D4C : 5;
    5D4D : 5;
    5D4E : 5;
    5D4F : D;
    5D50 : D;
    5D51 : D;
    5D52 : D;
    5D53 : 5;
    5D54 : 5;
    5D55 : 5;
    5D56 : 5;
    5D57 : 5;
    5D58 : 5;
    5D59 : 5;
    5D5A : 5;
    5D5B : 5;
    5D5C : 5;
    5D5D : 5;
    5D5E : 5;
    5D5F : 5;
    5D60 : 5;
    5D61 : 5;
    5D62 : 5;
    5D63 : 5;
    5D64 : 5;
    5D65 : D;
    5D66 : D;
    5D67 : 5;
    5D68 : 5;
    5D69 : 5;
    5D6A : 5;
    5D6B : 5;
    5D6C : 5;
    5D6D : 5;
    5D6E : 5;
    5D6F : 5;
    5D70 : 5;
    5D71 : 5;
    5D72 : 5;
    5D73 : D;
    5D74 : D;
    5D75 : D;
    5D76 : D;
    5D77 : D;
    5D78 : D;
    5D79 : D;
    5D7A : 5;
    5D7B : 5;
    5D7C : D;
    5D7D : D;
    5D7E : D;
    5D7F : D;
    5D80 : 5;
    5D81 : D;
    5D82 : D;
    5D83 : D;
    5D84 : D;
    5D85 : D;
    5D86 : D;
    5D87 : D;
    5D88 : 5;
    5D89 : 5;
    5D8A : D;
    5D8B : 5;
    5D8C : 1;
    5D8D : 1;
    5D8E : 5;
    5D8F : 5;
    5D90 : 5;
    5D91 : 5;
    5D92 : D;
    5D93 : D;
    5D94 : D;
    5D95 : 5;
    5D96 : D;
    5D97 : D;
    5D98 : 5;
    5D99 : D;
    5D9A : 5;
    5D9B : D;
    5D9C : D;
    5D9D : D;
    5D9E : D;
    5D9F : 5;
    5DA0 : 5;
    5DA1 : 5;
    5DA2 : 5;
    5DA3 : 5;
    5DA4 : 5;
    5DA5 : 5;
    5DA6 : D;
    5DA7 : 5;
    5DA8 : 5;
    5DA9 : 5;
    5DAA : D;
    5DAB : D;
    5DAC : 5;
    5DAD : 5;
    5DAE : D;
    5DAF : D;
    5DB0 : D;
    5DB1 : D;
    5DB2 : D;
    5DB3 : D;
    5DB4 : 5;
    5DB5 : 5;
    5DB6 : D;
    5DB7 : 5;
    5DB8 : 5;
    5DB9 : 5;
    5DBA : 5;
    5DBB : D;
    5DBC : 5;
    5DBD : 5;
    5DBE : 1;
    5DBF : 5;
    5DC0 : D;
    5DC1 : D;
    5DC2 : D;
    5DC3 : D;
    5DC4 : D;
    5DC5 : D;
    5DC6 : D;
    5DC7 : D;
    5DC8 : D;
    5DC9 : D;
    5DCA : D;
    5DCB : D;
    5DCC : D;
    5DCD : D;
    5DCE : D;
    5DCF : D;
    5DD0 : D;
    5DD1 : D;
    5DD2 : D;
    5DD3 : D;
    5DD4 : D;
    5DD5 : D;
    5DD6 : D;
    5DD7 : D;
    5DD8 : D;
    5DD9 : D;
    5DDA : 6;
    5DDB : D;
    5DDC : D;
    5DDD : D;
    5DDE : D;
    5DDF : D;
    5DE0 : 6;
    5DE1 : D;
    5DE2 : D;
    5DE3 : D;
    5DE4 : D;
    5DE5 : D;
    5DE6 : D;
    5DE7 : D;
    5DE8 : 6;
    5DE9 : 6;
    5DEA : 6;
    5DEB : 6;
    5DEC : D;
    5DED : D;
    5DEE : D;
    5DEF : D;
    5DF0 : D;
    5DF1 : 5;
    5DF2 : 5;
    5DF3 : 5;
    5DF4 : 5;
    5DF5 : 5;
    5DF6 : 5;
    5DF7 : 5;
    5DF8 : 5;
    5DF9 : 5;
    5DFA : 5;
    5DFB : 5;
    5DFC : 5;
    5DFD : 5;
    5DFE : 5;
    5DFF : 5;
    5E00 : 5;
    5E01 : 5;
    5E02 : 5;
    5E03 : 5;
    5E04 : 5;
    5E05 : 5;
    5E06 : 5;
    5E07 : 5;
    5E08 : 5;
    5E09 : 5;
    5E0A : 5;
    5E0B : 5;
    5E0C : 5;
    5E0D : 5;
    5E0E : 5;
    5E0F : 5;
    5E10 : 5;
    5E11 : 5;
    5E12 : 5;
    5E13 : 5;
    5E14 : 5;
    5E15 : D;
    5E16 : D;
    5E17 : D;
    5E18 : 5;
    5E19 : 5;
    5E1A : 5;
    5E1B : 5;
    5E1C : 5;
    5E1D : 5;
    5E1E : 5;
    5E1F : 5;
    5E20 : 5;
    5E21 : 5;
    5E22 : 5;
    5E23 : 5;
    5E24 : 5;
    5E25 : 5;
    5E26 : D;
    5E27 : 5;
    5E28 : 5;
    5E29 : 5;
    5E2A : 5;
    5E2B : 5;
    5E2C : 5;
    5E2D : D;
    5E2E : 5;
    5E2F : 5;
    5E30 : 5;
    5E31 : 5;
    5E32 : 5;
    5E33 : 5;
    5E34 : 5;
    5E35 : 5;
    5E36 : 5;
    5E37 : 5;
    5E38 : 5;
    5E39 : 5;
    5E3A : 5;
    5E3B : D;
    5E3C : D;
    5E3D : D;
    5E3E : D;
    5E3F : D;
    5E40 : D;
    5E41 : 5;
    5E42 : 5;
    5E43 : D;
    5E44 : D;
    5E45 : D;
    5E46 : D;
    5E47 : D;
    5E48 : D;
    5E49 : D;
    5E4A : 5;
    5E4B : 5;
    5E4C : 5;
    5E4D : 5;
    5E4E : D;
    5E4F : D;
    5E50 : D;
    5E51 : 5;
    5E52 : 5;
    5E53 : 5;
    5E54 : 5;
    5E55 : 1;
    5E56 : 5;
    5E57 : 5;
    5E58 : D;
    5E59 : D;
    5E5A : D;
    5E5B : D;
    5E5C : 5;
    5E5D : 5;
    5E5E : D;
    5E5F : D;
    5E60 : D;
    5E61 : D;
    5E62 : D;
    5E63 : D;
    5E64 : D;
    5E65 : 5;
    5E66 : 5;
    5E67 : 5;
    5E68 : 5;
    5E69 : 5;
    5E6A : 5;
    5E6B : 5;
    5E6C : 5;
    5E6D : 5;
    5E6E : 5;
    5E6F : 5;
    5E70 : 5;
    5E71 : D;
    5E72 : 5;
    5E73 : 5;
    5E74 : 5;
    5E75 : 5;
    5E76 : 5;
    5E77 : D;
    5E78 : D;
    5E79 : D;
    5E7A : 5;
    5E7B : 5;
    5E7C : D;
    5E7D : 5;
    5E7E : 5;
    5E7F : 5;
    5E80 : 5;
    5E81 : 5;
    5E82 : 5;
    5E83 : D;
    5E84 : 5;
    5E85 : 5;
    5E86 : 1;
    5E87 : 5;
    5E88 : D;
    5E89 : D;
    5E8A : D;
    5E8B : D;
    5E8C : D;
    5E8D : D;
    5E8E : D;
    5E8F : D;
    5E90 : D;
    5E91 : D;
    5E92 : D;
    5E93 : D;
    5E94 : D;
    5E95 : D;
    5E96 : D;
    5E97 : D;
    5E98 : D;
    5E99 : D;
    5E9A : D;
    5E9B : D;
    5E9C : D;
    5E9D : D;
    5E9E : D;
    5E9F : D;
    5EA0 : D;
    5EA1 : D;
    5EA2 : D;
    5EA3 : D;
    5EA4 : D;
    5EA5 : D;
    5EA6 : D;
    5EA7 : D;
    5EA8 : D;
    5EA9 : D;
    5EAA : D;
    5EAB : D;
    5EAC : D;
    5EAD : D;
    5EAE : D;
    5EAF : D;
    5EB0 : D;
    5EB1 : D;
    5EB2 : D;
    5EB3 : D;
    5EB4 : D;
    5EB5 : D;
    5EB6 : D;
    5EB7 : 5;
    5EB8 : 5;
    5EB9 : 5;
    5EBA : 5;
    5EBB : 5;
    5EBC : 5;
    5EBD : 5;
    5EBE : 5;
    5EBF : 5;
    5EC0 : 5;
    5EC1 : 5;
    5EC2 : 5;
    5EC3 : 5;
    5EC4 : 5;
    5EC5 : 5;
    5EC6 : 5;
    5EC7 : 5;
    5EC8 : 5;
    5EC9 : 5;
    5ECA : 5;
    5ECB : 5;
    5ECC : 5;
    5ECD : 5;
    5ECE : 5;
    5ECF : 5;
    5ED0 : 5;
    5ED1 : 5;
    5ED2 : 5;
    5ED3 : 1;
    5ED4 : 5;
    5ED5 : 5;
    5ED6 : 5;
    5ED7 : 5;
    5ED8 : 5;
    5ED9 : 5;
    5EDA : 5;
    5EDB : 5;
    5EDC : 5;
    5EDD : 5;
    5EDE : 5;
    5EDF : 5;
    5EE0 : 5;
    5EE1 : 5;
    5EE2 : 5;
    5EE3 : 5;
    5EE4 : 5;
    5EE5 : 5;
    5EE6 : 5;
    5EE7 : 5;
    5EE8 : 5;
    5EE9 : 1;
    5EEA : 5;
    5EEB : 5;
    5EEC : 5;
    5EED : 5;
    5EEE : 5;
    5EEF : 5;
    5EF0 : 5;
    5EF1 : 5;
    5EF2 : 5;
    5EF3 : 5;
    5EF4 : 5;
    5EF5 : 5;
    5EF6 : 5;
    5EF7 : 5;
    5EF8 : 5;
    5EF9 : 5;
    5EFA : 5;
    5EFB : 5;
    5EFC : 5;
    5EFD : 5;
    5EFE : 5;
    5EFF : 5;
    5F00 : 5;
    5F01 : 5;
    5F02 : 5;
    5F03 : D;
    5F04 : D;
    5F05 : 5;
    5F06 : 5;
    5F07 : D;
    5F08 : 5;
    5F09 : 5;
    5F0A : 5;
    5F0B : 5;
    5F0C : 5;
    5F0D : 5;
    5F0E : 5;
    5F0F : 5;
    5F10 : 5;
    5F11 : 5;
    5F12 : 5;
    5F13 : 5;
    5F14 : 5;
    5F15 : D;
    5F16 : D;
    5F17 : D;
    5F18 : D;
    5F19 : 5;
    5F1A : 5;
    5F1B : 5;
    5F1C : D;
    5F1D : D;
    5F1E : D;
    5F1F : D;
    5F20 : D;
    5F21 : D;
    5F22 : D;
    5F23 : D;
    5F24 : 5;
    5F25 : D;
    5F26 : D;
    5F27 : D;
    5F28 : 5;
    5F29 : D;
    5F2A : 5;
    5F2B : 5;
    5F2C : 5;
    5F2D : 5;
    5F2E : 5;
    5F2F : 5;
    5F30 : 5;
    5F31 : 5;
    5F32 : 5;
    5F33 : D;
    5F34 : 5;
    5F35 : 5;
    5F36 : 5;
    5F37 : 5;
    5F38 : 5;
    5F39 : 5;
    5F3A : 5;
    5F3B : 5;
    5F3C : D;
    5F3D : 5;
    5F3E : D;
    5F3F : D;
    5F40 : 5;
    5F41 : 5;
    5F42 : 5;
    5F43 : 5;
    5F44 : 5;
    5F45 : 5;
    5F46 : 5;
    5F47 : 5;
    5F48 : 5;
    5F49 : 5;
    5F4A : 5;
    5F4B : 5;
    5F4C : 5;
    5F4D : 5;
    5F4E : 5;
    5F4F : 1;
    5F50 : D;
    5F51 : D;
    5F52 : D;
    5F53 : D;
    5F54 : D;
    5F55 : D;
    5F56 : D;
    5F57 : D;
    5F58 : D;
    5F59 : D;
    5F5A : D;
    5F5B : D;
    5F5C : D;
    5F5D : D;
    5F5E : D;
    5F5F : D;
    5F60 : D;
    5F61 : D;
    5F62 : D;
    5F63 : D;
    5F64 : D;
    5F65 : D;
    5F66 : D;
    5F67 : D;
    5F68 : D;
    5F69 : D;
    5F6A : D;
    5F6B : D;
    5F6C : D;
    5F6D : D;
    5F6E : D;
    5F6F : D;
    5F70 : D;
    5F71 : D;
    5F72 : D;
    5F73 : D;
    5F74 : D;
    5F75 : D;
    5F76 : D;
    5F77 : D;
    5F78 : D;
    5F79 : D;
    5F7A : D;
    5F7B : D;
    5F7C : D;
    5F7D : D;
    5F7E : 5;
    5F7F : 5;
    5F80 : 5;
    5F81 : 5;
    5F82 : 5;
    5F83 : 5;
    5F84 : 5;
    5F85 : 5;
    5F86 : 5;
    5F87 : 5;
    5F88 : 5;
    5F89 : 5;
    5F8A : 5;
    5F8B : 5;
    5F8C : 5;
    5F8D : 5;
    5F8E : 5;
    5F8F : 5;
    5F90 : 5;
    5F91 : 5;
    5F92 : 5;
    5F93 : 5;
    5F94 : 5;
    5F95 : 5;
    5F96 : 5;
    5F97 : 5;
    5F98 : 5;
    5F99 : 5;
    5F9A : 5;
    5F9B : 1;
    5F9C : 5;
    5F9D : 5;
    5F9E : 5;
    5F9F : 5;
    5FA0 : 5;
    5FA1 : 5;
    5FA2 : 5;
    5FA3 : 5;
    5FA4 : 5;
    5FA5 : 5;
    5FA6 : 5;
    5FA7 : 5;
    5FA8 : 5;
    5FA9 : 5;
    5FAA : 5;
    5FAB : 5;
    5FAC : 5;
    5FAD : 1;
    5FAE : 5;
    5FAF : 5;
    5FB0 : 1;
    5FB1 : 1;
    5FB2 : 5;
    5FB3 : 1;
    5FB4 : 1;
    5FB5 : 5;
    5FB6 : 5;
    5FB7 : 5;
    5FB8 : 1;
    5FB9 : 5;
    5FBA : 5;
    5FBB : 5;
    5FBC : 5;
    5FBD : 5;
    5FBE : 5;
    5FBF : 5;
    5FC0 : 5;
    5FC1 : 5;
    5FC2 : 5;
    5FC3 : 5;
    5FC4 : 5;
    5FC5 : 5;
    5FC6 : 5;
    5FC7 : 5;
    5FC8 : 5;
    5FC9 : 5;
    5FCA : D;
    5FCB : 5;
    5FCC : D;
    5FCD : 5;
    5FCE : 5;
    5FCF : 5;
    5FD0 : 5;
    5FD1 : 5;
    5FD2 : 5;
    5FD3 : 5;
    5FD4 : 5;
    5FD5 : 5;
    5FD6 : 5;
    5FD7 : 5;
    5FD8 : 5;
    5FD9 : D;
    5FDA : D;
    5FDB : 5;
    5FDC : D;
    5FDD : D;
    5FDE : 5;
    5FDF : 5;
    5FE0 : 5;
    5FE1 : 5;
    5FE2 : 5;
    5FE3 : 5;
    5FE4 : 5;
    5FE5 : 5;
    5FE6 : D;
    5FE7 : 5;
    5FE8 : 5;
    5FE9 : 5;
    5FEA : D;
    5FEB : D;
    5FEC : 5;
    5FED : D;
    5FEE : D;
    5FEF : D;
    5FF0 : 5;
    5FF1 : 5;
    5FF2 : 5;
    5FF3 : D;
    5FF4 : D;
    5FF5 : 5;
    5FF6 : 5;
    5FF7 : 5;
    5FF8 : D;
    5FF9 : 5;
    5FFA : D;
    5FFB : D;
    5FFC : D;
    5FFD : 5;
    5FFE : 5;
    5FFF : 5;
    6000 : 5;
    6001 : 5;
    6002 : 5;
    6003 : D;
    6004 : D;
    6005 : D;
    6006 : D;
    6007 : D;
    6008 : 5;
    6009 : 5;
    600A : 5;
    600B : 5;
    600C : 5;
    600D : 5;
    600E : 5;
    600F : 5;
    6010 : 5;
    6011 : 5;
    6012 : 5;
    6013 : 5;
    6014 : 5;
    6015 : 5;
    6016 : 5;
    6017 : 1;
    6018 : D;
    6019 : D;
    601A : D;
    601B : D;
    601C : D;
    601D : D;
    601E : D;
    601F : D;
    6020 : D;
    6021 : D;
    6022 : D;
    6023 : D;
    6024 : D;
    6025 : D;
    6026 : D;
    6027 : D;
    6028 : D;
    6029 : D;
    602A : D;
    602B : D;
    602C : D;
    602D : D;
    602E : D;
    602F : D;
    6030 : D;
    6031 : D;
    6032 : D;
    6033 : D;
    6034 : D;
    6035 : D;
    6036 : D;
    6037 : D;
    6038 : D;
    6039 : D;
    603A : D;
    603B : D;
    603C : D;
    603D : D;
    603E : D;
    603F : D;
    6040 : D;
    6041 : D;
    6042 : D;
    6043 : D;
    6044 : 5;
    6045 : 5;
    6046 : 5;
    6047 : 5;
    6048 : 5;
    6049 : 5;
    604A : 5;
    604B : 5;
    604C : 5;
    604D : 5;
    604E : 5;
    604F : 5;
    6050 : 5;
    6051 : 5;
    6052 : 5;
    6053 : 5;
    6054 : 5;
    6055 : 5;
    6056 : 5;
    6057 : 5;
    6058 : 5;
    6059 : 5;
    605A : 5;
    605B : 5;
    605C : 5;
    605D : 5;
    605E : 5;
    605F : 5;
    6060 : 5;
    6061 : 5;
    6062 : 5;
    6063 : 1;
    6064 : 1;
    6065 : 5;
    6066 : 5;
    6067 : 5;
    6068 : 5;
    6069 : 5;
    606A : 5;
    606B : 5;
    606C : 5;
    606D : 5;
    606E : 5;
    606F : 5;
    6070 : 5;
    6071 : 5;
    6072 : 5;
    6073 : 5;
    6074 : 1;
    6075 : 1;
    6076 : 5;
    6077 : 1;
    6078 : 1;
    6079 : 5;
    607A : 1;
    607B : 1;
    607C : 1;
    607D : 1;
    607E : 1;
    607F : 5;
    6080 : 5;
    6081 : 5;
    6082 : 1;
    6083 : 5;
    6084 : 5;
    6085 : 5;
    6086 : 5;
    6087 : 5;
    6088 : 5;
    6089 : 5;
    608A : 5;
    608B : 5;
    608C : 5;
    608D : 5;
    608E : 5;
    608F : 5;
    6090 : 5;
    6091 : D;
    6092 : 5;
    6093 : 5;
    6094 : D;
    6095 : D;
    6096 : D;
    6097 : D;
    6098 : 5;
    6099 : 5;
    609A : 5;
    609B : 5;
    609C : 5;
    609D : D;
    609E : D;
    609F : 5;
    60A0 : 5;
    60A1 : D;
    60A2 : 5;
    60A3 : 5;
    60A4 : D;
    60A5 : 5;
    60A6 : 5;
    60A7 : 5;
    60A8 : 5;
    60A9 : 5;
    60AA : 5;
    60AB : 5;
    60AC : 5;
    60AD : 5;
    60AE : 5;
    60AF : D;
    60B0 : 5;
    60B1 : 5;
    60B2 : D;
    60B3 : D;
    60B4 : D;
    60B5 : D;
    60B6 : D;
    60B7 : D;
    60B8 : 5;
    60B9 : 1;
    60BA : 5;
    60BB : D;
    60BC : D;
    60BD : D;
    60BE : 5;
    60BF : D;
    60C0 : 5;
    60C1 : 5;
    60C2 : 5;
    60C3 : 5;
    60C4 : 5;
    60C5 : 5;
    60C6 : 5;
    60C7 : 5;
    60C8 : 5;
    60C9 : 5;
    60CA : 5;
    60CB : 5;
    60CC : 5;
    60CD : D;
    60CE : D;
    60CF : D;
    60D0 : D;
    60D1 : 5;
    60D2 : 5;
    60D3 : 5;
    60D4 : 5;
    60D5 : 5;
    60D6 : 5;
    60D7 : 5;
    60D8 : 5;
    60D9 : 5;
    60DA : 5;
    60DB : 5;
    60DC : 5;
    60DD : 5;
    60DE : 5;
    60DF : 5;
    60E0 : 6;
    60E1 : D;
    60E2 : D;
    60E3 : D;
    60E4 : D;
    60E5 : D;
    60E6 : D;
    60E7 : D;
    60E8 : D;
    60E9 : D;
    60EA : D;
    60EB : D;
    60EC : D;
    60ED : D;
    60EE : D;
    60EF : D;
    60F0 : D;
    60F1 : D;
    60F2 : D;
    60F3 : D;
    60F4 : D;
    60F5 : D;
    60F6 : D;
    60F7 : D;
    60F8 : D;
    60F9 : D;
    60FA : D;
    60FB : D;
    60FC : D;
    60FD : D;
    60FE : D;
    60FF : D;
    6100 : D;
    6101 : D;
    6102 : D;
    6103 : D;
    6104 : D;
    6105 : D;
    6106 : D;
    6107 : D;
    6108 : D;
    6109 : D;
    610A : 5;
    610B : 5;
    610C : 5;
    610D : 5;
    610E : 5;
    610F : 5;
    6110 : 5;
    6111 : 5;
    6112 : 5;
    6113 : 5;
    6114 : 5;
    6115 : 5;
    6116 : 5;
    6117 : 5;
    6118 : 5;
    6119 : 5;
    611A : 5;
    611B : 5;
    611C : 5;
    611D : 5;
    611E : 5;
    611F : 5;
    6120 : 5;
    6121 : 5;
    6122 : 5;
    6123 : 5;
    6124 : 5;
    6125 : 5;
    6126 : 5;
    6127 : 5;
    6128 : 5;
    6129 : 5;
    612A : 5;
    612B : 1;
    612C : 1;
    612D : 1;
    612E : 5;
    612F : 5;
    6130 : 5;
    6131 : 5;
    6132 : 5;
    6133 : 5;
    6134 : 1;
    6135 : 5;
    6136 : 5;
    6137 : 1;
    6138 : 1;
    6139 : 5;
    613A : 5;
    613B : 1;
    613C : 1;
    613D : 1;
    613E : 1;
    613F : 1;
    6140 : 5;
    6141 : 5;
    6142 : 1;
    6143 : 1;
    6144 : 1;
    6145 : 1;
    6146 : 1;
    6147 : 1;
    6148 : 5;
    6149 : 1;
    614A : 1;
    614B : 5;
    614C : 5;
    614D : 5;
    614E : 5;
    614F : 5;
    6150 : 5;
    6151 : 5;
    6152 : 5;
    6153 : 5;
    6154 : 5;
    6155 : 5;
    6156 : 5;
    6157 : 5;
    6158 : D;
    6159 : D;
    615A : 5;
    615B : D;
    615C : D;
    615D : 5;
    615E : D;
    615F : D;
    6160 : 5;
    6161 : 5;
    6162 : D;
    6163 : 5;
    6164 : 5;
    6165 : 5;
    6166 : 5;
    6167 : 5;
    6168 : D;
    6169 : D;
    616A : 5;
    616B : D;
    616C : D;
    616D : D;
    616E : 5;
    616F : 5;
    6170 : 5;
    6171 : 5;
    6172 : 5;
    6173 : 5;
    6174 : 5;
    6175 : 5;
    6176 : D;
    6177 : 5;
    6178 : 5;
    6179 : 5;
    617A : 5;
    617B : D;
    617C : D;
    617D : D;
    617E : D;
    617F : 5;
    6180 : 5;
    6181 : 5;
    6182 : 5;
    6183 : D;
    6184 : 5;
    6185 : 5;
    6186 : 5;
    6187 : D;
    6188 : 5;
    6189 : 5;
    618A : D;
    618B : D;
    618C : 5;
    618D : 5;
    618E : 5;
    618F : 5;
    6190 : 5;
    6191 : 5;
    6192 : 5;
    6193 : 5;
    6194 : 5;
    6195 : D;
    6196 : D;
    6197 : D;
    6198 : D;
    6199 : 5;
    619A : 5;
    619B : 5;
    619C : 5;
    619D : 1;
    619E : 5;
    619F : 5;
    61A0 : 5;
    61A1 : 5;
    61A2 : 5;
    61A3 : 5;
    61A4 : 5;
    61A5 : 5;
    61A6 : 5;
    61A7 : 5;
    61A8 : D;
    61A9 : D;
    61AA : D;
    61AB : D;
    61AC : D;
    61AD : D;
    61AE : D;
    61AF : D;
    61B0 : D;
    61B1 : D;
    61B2 : D;
    61B3 : D;
    61B4 : D;
    61B5 : D;
    61B6 : D;
    61B7 : D;
    61B8 : D;
    61B9 : D;
    61BA : D;
    61BB : D;
    61BC : D;
    61BD : D;
    61BE : D;
    61BF : D;
    61C0 : D;
    61C1 : D;
    61C2 : D;
    61C3 : D;
    61C4 : D;
    61C5 : D;
    61C6 : D;
    61C7 : D;
    61C8 : D;
    61C9 : D;
    61CA : D;
    61CB : D;
    61CC : D;
    61CD : D;
    61CE : D;
    61CF : D;
    61D0 : 5;
    61D1 : 5;
    61D2 : 5;
    61D3 : 5;
    61D4 : 5;
    61D5 : 5;
    61D6 : 5;
    61D7 : 5;
    61D8 : 5;
    61D9 : 5;
    61DA : 5;
    61DB : 5;
    61DC : 5;
    61DD : 5;
    61DE : 5;
    61DF : 5;
    61E0 : 5;
    61E1 : 5;
    61E2 : 5;
    61E3 : 5;
    61E4 : 5;
    61E5 : 5;
    61E6 : 5;
    61E7 : 5;
    61E8 : 5;
    61E9 : 5;
    61EA : 5;
    61EB : 5;
    61EC : 5;
    61ED : 5;
    61EE : 5;
    61EF : 5;
    61F0 : 5;
    61F1 : 5;
    61F2 : 1;
    61F3 : 1;
    61F4 : 1;
    61F5 : 1;
    61F6 : 5;
    61F7 : 5;
    61F8 : 5;
    61F9 : 5;
    61FA : 1;
    61FB : 1;
    61FC : 1;
    61FD : 1;
    61FE : 1;
    61FF : 1;
    6200 : 5;
    6201 : 1;
    6202 : 1;
    6203 : 1;
    6204 : 1;
    6205 : 1;
    6206 : 1;
    6207 : 5;
    6208 : 1;
    6209 : 1;
    620A : 1;
    620B : 1;
    620C : 1;
    620D : 1;
    620E : 1;
    620F : 1;
    6210 : 1;
    6211 : 1;
    6212 : 5;
    6213 : 5;
    6214 : 5;
    6215 : 5;
    6216 : 5;
    6217 : 5;
    6218 : 5;
    6219 : 5;
    621A : 5;
    621B : 5;
    621C : 5;
    621D : 5;
    621E : 5;
    621F : 5;
    6220 : D;
    6221 : D;
    6222 : D;
    6223 : D;
    6224 : D;
    6225 : D;
    6226 : D;
    6227 : D;
    6228 : 5;
    6229 : 5;
    622A : 5;
    622B : D;
    622C : D;
    622D : 5;
    622E : 5;
    622F : 5;
    6230 : D;
    6231 : D;
    6232 : D;
    6233 : D;
    6234 : D;
    6235 : 5;
    6236 : 5;
    6237 : D;
    6238 : 5;
    6239 : 5;
    623A : 5;
    623B : 5;
    623C : 5;
    623D : D;
    623E : D;
    623F : D;
    6240 : D;
    6241 : D;
    6242 : D;
    6243 : 5;
    6244 : 5;
    6245 : D;
    6246 : D;
    6247 : D;
    6248 : 5;
    6249 : 5;
    624A : 5;
    624B : 5;
    624C : 5;
    624D : 5;
    624E : 5;
    624F : 5;
    6250 : 5;
    6251 : 5;
    6252 : D;
    6253 : D;
    6254 : 5;
    6255 : 5;
    6256 : 1;
    6257 : 1;
    6258 : 5;
    6259 : 5;
    625A : 5;
    625B : 5;
    625C : 5;
    625D : D;
    625E : D;
    625F : D;
    6260 : D;
    6261 : 5;
    6262 : 5;
    6263 : 5;
    6264 : 5;
    6265 : 1;
    6266 : 5;
    6267 : 5;
    6268 : 5;
    6269 : 5;
    626A : 5;
    626B : 5;
    626C : 5;
    626D : 5;
    626E : 5;
    626F : 5;
    6270 : D;
    6271 : D;
    6272 : D;
    6273 : D;
    6274 : D;
    6275 : D;
    6276 : D;
    6277 : D;
    6278 : D;
    6279 : D;
    627A : D;
    627B : D;
    627C : D;
    627D : D;
    627E : D;
    627F : D;
    6280 : D;
    6281 : D;
    6282 : D;
    6283 : D;
    6284 : D;
    6285 : D;
    6286 : D;
    6287 : D;
    6288 : D;
    6289 : D;
    628A : D;
    628B : D;
    628C : D;
    628D : D;
    628E : D;
    628F : 5;
    6290 : 5;
    6291 : D;
    6292 : D;
    6293 : D;
    6294 : D;
    6295 : D;
    6296 : 5;
    6297 : 5;
    6298 : 5;
    6299 : 5;
    629A : 5;
    629B : 5;
    629C : 5;
    629D : 5;
    629E : 5;
    629F : 5;
    62A0 : 5;
    62A1 : 5;
    62A2 : 5;
    62A3 : 5;
    62A4 : 5;
    62A5 : 5;
    62A6 : 5;
    62A7 : 5;
    62A8 : 5;
    62A9 : 5;
    62AA : 5;
    62AB : 5;
    62AC : 5;
    62AD : 5;
    62AE : 5;
    62AF : 5;
    62B0 : 5;
    62B1 : 5;
    62B2 : 5;
    62B3 : 5;
    62B4 : 5;
    62B5 : 5;
    62B6 : 5;
    62B7 : 5;
    62B8 : 5;
    62B9 : 5;
    62BA : 1;
    62BB : 1;
    62BC : 1;
    62BD : 1;
    62BE : 1;
    62BF : 5;
    62C0 : 5;
    62C1 : 1;
    62C2 : 1;
    62C3 : 1;
    62C4 : 1;
    62C5 : 1;
    62C6 : 1;
    62C7 : 5;
    62C8 : 5;
    62C9 : 1;
    62CA : 1;
    62CB : 1;
    62CC : 1;
    62CD : 1;
    62CE : 1;
    62CF : 1;
    62D0 : 1;
    62D1 : 1;
    62D2 : 1;
    62D3 : 1;
    62D4 : 1;
    62D5 : 1;
    62D6 : 1;
    62D7 : 1;
    62D8 : 1;
    62D9 : 5;
    62DA : 5;
    62DB : 5;
    62DC : 5;
    62DD : 5;
    62DE : 5;
    62DF : D;
    62E0 : 5;
    62E1 : 5;
    62E2 : 5;
    62E3 : 5;
    62E4 : 5;
    62E5 : D;
    62E6 : D;
    62E7 : D;
    62E8 : D;
    62E9 : D;
    62EA : D;
    62EB : D;
    62EC : D;
    62ED : D;
    62EE : D;
    62EF : D;
    62F0 : 5;
    62F1 : D;
    62F2 : D;
    62F3 : D;
    62F4 : D;
    62F5 : 5;
    62F6 : 5;
    62F7 : D;
    62F8 : D;
    62F9 : D;
    62FA : D;
    62FB : 5;
    62FC : 5;
    62FD : 5;
    62FE : D;
    62FF : D;
    6300 : 5;
    6301 : 5;
    6302 : D;
    6303 : 5;
    6304 : D;
    6305 : D;
    6306 : 5;
    6307 : D;
    6308 : D;
    6309 : D;
    630A : D;
    630B : 5;
    630C : D;
    630D : D;
    630E : D;
    630F : 5;
    6310 : 5;
    6311 : 5;
    6312 : 5;
    6313 : D;
    6314 : D;
    6315 : 5;
    6316 : 5;
    6317 : 1;
    6318 : 5;
    6319 : 5;
    631A : D;
    631B : D;
    631C : 5;
    631D : 5;
    631E : 5;
    631F : 5;
    6320 : 5;
    6321 : 5;
    6322 : 5;
    6323 : 5;
    6324 : 5;
    6325 : D;
    6326 : D;
    6327 : D;
    6328 : 5;
    6329 : 5;
    632A : 5;
    632B : 5;
    632C : 5;
    632D : 1;
    632E : 1;
    632F : 5;
    6330 : 1;
    6331 : 1;
    6332 : 5;
    6333 : 5;
    6334 : 5;
    6335 : 5;
    6336 : 5;
    6337 : 5;
    6338 : D;
    6339 : D;
    633A : D;
    633B : D;
    633C : D;
    633D : D;
    633E : D;
    633F : D;
    6340 : D;
    6341 : D;
    6342 : D;
    6343 : D;
    6344 : D;
    6345 : D;
    6346 : D;
    6347 : D;
    6348 : D;
    6349 : D;
    634A : D;
    634B : D;
    634C : D;
    634D : D;
    634E : D;
    634F : D;
    6350 : D;
    6351 : D;
    6352 : D;
    6353 : 5;
    6354 : D;
    6355 : 5;
    6356 : D;
    6357 : D;
    6358 : D;
    6359 : D;
    635A : D;
    635B : D;
    635C : D;
    635D : D;
    635E : D;
    635F : D;
    6360 : 5;
    6361 : 5;
    6362 : 5;
    6363 : 5;
    6364 : 5;
    6365 : 5;
    6366 : 5;
    6367 : 5;
    6368 : 5;
    6369 : 5;
    636A : 5;
    636B : 1;
    636C : 5;
    636D : 5;
    636E : 5;
    636F : 5;
    6370 : 5;
    6371 : 5;
    6372 : 5;
    6373 : 5;
    6374 : 5;
    6375 : 5;
    6376 : 5;
    6377 : 5;
    6378 : 5;
    6379 : 5;
    637A : 5;
    637B : 5;
    637C : 5;
    637D : 5;
    637E : 5;
    637F : 5;
    6380 : 5;
    6381 : 1;
    6382 : 1;
    6383 : 1;
    6384 : 1;
    6385 : 1;
    6386 : 1;
    6387 : 1;
    6388 : 1;
    6389 : 1;
    638A : 1;
    638B : 1;
    638C : 1;
    638D : 1;
    638E : 1;
    638F : 1;
    6390 : 1;
    6391 : 1;
    6392 : 1;
    6393 : 1;
    6394 : 1;
    6395 : 1;
    6396 : 1;
    6397 : 1;
    6398 : 1;
    6399 : 1;
    639A : 1;
    639B : 1;
    639C : 1;
    639D : 1;
    639E : 1;
    639F : 1;
    63A0 : 1;
    63A1 : 5;
    63A2 : 5;
    63A3 : 5;
    63A4 : 5;
    63A5 : 5;
    63A6 : 5;
    63A7 : D;
    63A8 : 5;
    63A9 : 5;
    63AA : 5;
    63AB : 5;
    63AC : D;
    63AD : 5;
    63AE : D;
    63AF : D;
    63B0 : D;
    63B1 : D;
    63B2 : D;
    63B3 : D;
    63B4 : D;
    63B5 : 5;
    63B6 : 5;
    63B7 : 5;
    63B8 : D;
    63B9 : D;
    63BA : D;
    63BB : D;
    63BC : 5;
    63BD : 5;
    63BE : 5;
    63BF : D;
    63C0 : 5;
    63C1 : 5;
    63C2 : 5;
    63C3 : D;
    63C4 : D;
    63C5 : 5;
    63C6 : 5;
    63C7 : 5;
    63C8 : 5;
    63C9 : 5;
    63CA : 5;
    63CB : 5;
    63CC : D;
    63CD : D;
    63CE : D;
    63CF : 5;
    63D0 : 5;
    63D1 : D;
    63D2 : D;
    63D3 : D;
    63D4 : D;
    63D5 : D;
    63D6 : 5;
    63D7 : 5;
    63D8 : 5;
    63D9 : D;
    63DA : D;
    63DB : D;
    63DC : 5;
    63DD : 5;
    63DE : 5;
    63DF : 5;
    63E0 : 5;
    63E1 : 5;
    63E2 : D;
    63E3 : D;
    63E4 : 5;
    63E5 : 5;
    63E6 : 5;
    63E7 : 5;
    63E8 : 5;
    63E9 : 5;
    63EA : 5;
    63EB : 5;
    63EC : 5;
    63ED : 5;
    63EE : 5;
    63EF : 5;
    63F0 : 5;
    63F1 : 5;
    63F2 : 1;
    63F3 : 1;
    63F4 : 5;
    63F5 : 1;
    63F6 : 1;
    63F7 : 1;
    63F8 : 1;
    63F9 : 5;
    63FA : 5;
    63FB : 5;
    63FC : 5;
    63FD : 5;
    63FE : 5;
    63FF : 5;
    6400 : D;
    6401 : D;
    6402 : D;
    6403 : D;
    6404 : D;
    6405 : D;
    6406 : D;
    6407 : D;
    6408 : D;
    6409 : D;
    640A : D;
    640B : D;
    640C : D;
    640D : D;
    640E : D;
    640F : D;
    6410 : D;
    6411 : D;
    6412 : D;
    6413 : D;
    6414 : D;
    6415 : D;
    6416 : D;
    6417 : D;
    6418 : D;
    6419 : 5;
    641A : 5;
    641B : 5;
    641C : 5;
    641D : D;
    641E : D;
    641F : D;
    6420 : D;
    6421 : D;
    6422 : D;
    6423 : D;
    6424 : D;
    6425 : D;
    6426 : D;
    6427 : 5;
    6428 : D;
    6429 : D;
    642A : D;
    642B : D;
    642C : 5;
    642D : 5;
    642E : 5;
    642F : 5;
    6430 : 5;
    6431 : 5;
    6432 : 1;
    6433 : 1;
    6434 : 5;
    6435 : 5;
    6436 : 5;
    6437 : 5;
    6438 : 5;
    6439 : 5;
    643A : 5;
    643B : 5;
    643C : 5;
    643D : 5;
    643E : 5;
    643F : 5;
    6440 : 5;
    6441 : 5;
    6442 : 5;
    6443 : 5;
    6444 : 5;
    6445 : 5;
    6446 : 5;
    6447 : 5;
    6448 : 5;
    6449 : 1;
    644A : 1;
    644B : 1;
    644C : 1;
    644D : 5;
    644E : 5;
    644F : 5;
    6450 : 1;
    6451 : 1;
    6452 : 1;
    6453 : 1;
    6454 : 1;
    6455 : 1;
    6456 : 1;
    6457 : 1;
    6458 : 1;
    6459 : 1;
    645A : 1;
    645B : 1;
    645C : 1;
    645D : 1;
    645E : 1;
    645F : 1;
    6460 : 5;
    6461 : 5;
    6462 : 1;
    6463 : 1;
    6464 : 1;
    6465 : 1;
    6466 : 1;
    6467 : 1;
    6468 : 5;
    6469 : 5;
    646A : 5;
    646B : 5;
    646C : 5;
    646D : 5;
    646E : 5;
    646F : 5;
    6470 : 5;
    6471 : 5;
    6472 : 5;
    6473 : 5;
    6474 : D;
    6475 : D;
    6476 : 5;
    6477 : 5;
    6478 : D;
    6479 : D;
    647A : D;
    647B : D;
    647C : 5;
    647D : 5;
    647E : D;
    647F : D;
    6480 : D;
    6481 : D;
    6482 : D;
    6483 : D;
    6484 : D;
    6485 : D;
    6486 : D;
    6487 : D;
    6488 : D;
    6489 : D;
    648A : D;
    648B : D;
    648C : 5;
    648D : 5;
    648E : 5;
    648F : D;
    6490 : 5;
    6491 : D;
    6492 : D;
    6493 : 5;
    6494 : D;
    6495 : 5;
    6496 : 5;
    6497 : D;
    6498 : 5;
    6499 : D;
    649A : D;
    649B : D;
    649C : D;
    649D : D;
    649E : 5;
    649F : 5;
    64A0 : 5;
    64A1 : 5;
    64A2 : D;
    64A3 : 5;
    64A4 : 5;
    64A5 : 5;
    64A6 : 5;
    64A7 : 5;
    64A8 : 5;
    64A9 : 5;
    64AA : D;
    64AB : 5;
    64AC : 5;
    64AD : 5;
    64AE : 5;
    64AF : 5;
    64B0 : 5;
    64B1 : 5;
    64B2 : 5;
    64B3 : 5;
    64B4 : 5;
    64B5 : 5;
    64B6 : 5;
    64B7 : 5;
    64B8 : 5;
    64B9 : 5;
    64BA : 1;
    64BB : 1;
    64BC : 1;
    64BD : 1;
    64BE : 1;
    64BF : 5;
    64C0 : 5;
    64C1 : 5;
    64C2 : 5;
    64C3 : 5;
    64C4 : 5;
    64C5 : 5;
    64C6 : 1;
    64C7 : 1;
    64C8 : D;
    64C9 : D;
    64CA : D;
    64CB : D;
    64CC : D;
    64CD : D;
    64CE : D;
    64CF : D;
    64D0 : D;
    64D1 : D;
    64D2 : D;
    64D3 : D;
    64D4 : D;
    64D5 : D;
    64D6 : D;
    64D7 : D;
    64D8 : D;
    64D9 : D;
    64DA : D;
    64DB : D;
    64DC : D;
    64DD : D;
    64DE : D;
    64DF : D;
    64E0 : 5;
    64E1 : 5;
    64E2 : 5;
    64E3 : 5;
    64E4 : D;
    64E5 : D;
    64E6 : 5;
    64E7 : D;
    64E8 : D;
    64E9 : D;
    64EA : D;
    64EB : D;
    64EC : D;
    64ED : 5;
    64EE : 5;
    64EF : 5;
    64F0 : D;
    64F1 : 5;
    64F2 : 5;
    64F3 : 5;
    64F4 : 5;
    64F5 : 5;
    64F6 : 5;
    64F7 : 5;
    64F8 : 5;
    64F9 : 1;
    64FA : 1;
    64FB : 1;
    64FC : 1;
    64FD : 5;
    64FE : 5;
    64FF : 5;
    6500 : 5;
    6501 : 5;
    6502 : 5;
    6503 : 5;
    6504 : 5;
    6505 : 5;
    6506 : 5;
    6507 : 5;
    6508 : 5;
    6509 : 5;
    650A : 5;
    650B : 5;
    650C : 5;
    650D : 1;
    650E : 1;
    650F : 1;
    6510 : 1;
    6511 : 1;
    6512 : 1;
    6513 : 1;
    6514 : 5;
    6515 : 5;
    6516 : 5;
    6517 : 1;
    6518 : 1;
    6519 : 1;
    651A : 5;
    651B : 1;
    651C : 1;
    651D : 1;
    651E : 1;
    651F : 1;
    6520 : 1;
    6521 : 1;
    6522 : 1;
    6523 : 1;
    6524 : 1;
    6525 : 1;
    6526 : 1;
    6527 : 1;
    6528 : 1;
    6529 : 1;
    652A : 1;
    652B : 1;
    652C : 1;
    652D : 1;
    652E : 1;
    652F : 1;
    6530 : 5;
    6531 : 5;
    6532 : 5;
    6533 : 5;
    6534 : 5;
    6535 : 5;
    6536 : 5;
    6537 : 5;
    6538 : 5;
    6539 : D;
    653A : 5;
    653B : 5;
    653C : D;
    653D : D;
    653E : D;
    653F : D;
    6540 : D;
    6541 : D;
    6542 : D;
    6543 : 5;
    6544 : D;
    6545 : D;
    6546 : D;
    6547 : D;
    6548 : D;
    6549 : D;
    654A : D;
    654B : D;
    654C : 5;
    654D : D;
    654E : 5;
    654F : 5;
    6550 : D;
    6551 : D;
    6552 : D;
    6553 : 5;
    6554 : D;
    6555 : D;
    6556 : D;
    6557 : D;
    6558 : 5;
    6559 : 5;
    655A : 5;
    655B : D;
    655C : D;
    655D : 5;
    655E : D;
    655F : D;
    6560 : 5;
    6561 : D;
    6562 : D;
    6563 : D;
    6564 : D;
    6565 : D;
    6566 : D;
    6567 : 5;
    6568 : 5;
    6569 : 5;
    656A : 5;
    656B : 5;
    656C : 5;
    656D : 5;
    656E : 5;
    656F : 5;
    6570 : 5;
    6571 : 5;
    6572 : 5;
    6573 : 5;
    6574 : 5;
    6575 : 5;
    6576 : 5;
    6577 : 5;
    6578 : 5;
    6579 : 5;
    657A : 5;
    657B : 5;
    657C : 5;
    657D : 5;
    657E : 5;
    657F : 5;
    6580 : 5;
    6581 : 5;
    6582 : 1;
    6583 : 1;
    6584 : 1;
    6585 : 5;
    6586 : 5;
    6587 : 5;
    6588 : 5;
    6589 : 5;
    658A : 5;
    658B : 1;
    658C : 5;
    658D : 1;
    658E : 1;
    658F : 1;
    6590 : D;
    6591 : D;
    6592 : D;
    6593 : D;
    6594 : D;
    6595 : D;
    6596 : D;
    6597 : D;
    6598 : D;
    6599 : D;
    659A : D;
    659B : D;
    659C : D;
    659D : D;
    659E : D;
    659F : D;
    65A0 : D;
    65A1 : D;
    65A2 : D;
    65A3 : D;
    65A4 : D;
    65A5 : D;
    65A6 : D;
    65A7 : 5;
    65A8 : 5;
    65A9 : 5;
    65AA : 5;
    65AB : D;
    65AC : D;
    65AD : D;
    65AE : D;
    65AF : D;
    65B0 : D;
    65B1 : D;
    65B2 : D;
    65B3 : 5;
    65B4 : 5;
    65B5 : 5;
    65B6 : 5;
    65B7 : D;
    65B8 : 5;
    65B9 : 5;
    65BA : 5;
    65BB : 5;
    65BC : 5;
    65BD : 5;
    65BE : 5;
    65BF : 5;
    65C0 : 5;
    65C1 : 1;
    65C2 : 1;
    65C3 : 1;
    65C4 : 1;
    65C5 : 1;
    65C6 : 5;
    65C7 : 5;
    65C8 : 5;
    65C9 : 5;
    65CA : 5;
    65CB : 5;
    65CC : 5;
    65CD : 1;
    65CE : 5;
    65CF : 5;
    65D0 : 5;
    65D1 : 5;
    65D2 : 5;
    65D3 : 5;
    65D4 : 5;
    65D5 : 5;
    65D6 : 1;
    65D7 : 1;
    65D8 : 1;
    65D9 : 1;
    65DA : 1;
    65DB : 5;
    65DC : 5;
    65DD : 5;
    65DE : 1;
    65DF : 1;
    65E0 : 1;
    65E1 : 1;
    65E2 : 1;
    65E3 : 1;
    65E4 : 1;
    65E5 : 1;
    65E6 : 1;
    65E7 : 1;
    65E8 : 5;
    65E9 : 5;
    65EA : 1;
    65EB : 1;
    65EC : 1;
    65ED : 1;
    65EE : 1;
    65EF : 1;
    65F0 : 1;
    65F1 : 1;
    65F2 : 1;
    65F3 : 1;
    65F4 : 1;
    65F5 : 1;
    65F6 : 5;
    65F7 : 5;
    65F8 : 5;
    65F9 : 5;
    65FA : 5;
    65FB : 5;
    65FC : 5;
    65FD : 5;
    65FE : 5;
    65FF : D;
    6600 : D;
    6601 : 5;
    6602 : 5;
    6603 : 5;
    6604 : D;
    6605 : D;
    6606 : D;
    6607 : D;
    6608 : D;
    6609 : D;
    660A : D;
    660B : D;
    660C : D;
    660D : D;
    660E : 5;
    660F : 5;
    6610 : D;
    6611 : D;
    6612 : D;
    6613 : D;
    6614 : 5;
    6615 : D;
    6616 : D;
    6617 : D;
    6618 : 5;
    6619 : 5;
    661A : 5;
    661B : 5;
    661C : D;
    661D : D;
    661E : D;
    661F : 5;
    6620 : 5;
    6621 : 5;
    6622 : 5;
    6623 : D;
    6624 : 5;
    6625 : 5;
    6626 : D;
    6627 : D;
    6628 : D;
    6629 : D;
    662A : D;
    662B : D;
    662C : D;
    662D : D;
    662E : D;
    662F : 5;
    6630 : 5;
    6631 : 5;
    6632 : D;
    6633 : D;
    6634 : 5;
    6635 : 5;
    6636 : 5;
    6637 : 5;
    6638 : 5;
    6639 : 5;
    663A : D;
    663B : 5;
    663C : 5;
    663D : 5;
    663E : 5;
    663F : 5;
    6640 : 5;
    6641 : 5;
    6642 : 5;
    6643 : 5;
    6644 : 5;
    6645 : 5;
    6646 : 5;
    6647 : 5;
    6648 : 5;
    6649 : 1;
    664A : 1;
    664B : 1;
    664C : 1;
    664D : 5;
    664E : 5;
    664F : 5;
    6650 : 5;
    6651 : 5;
    6652 : 5;
    6653 : 5;
    6654 : 1;
    6655 : 1;
    6656 : 1;
    6657 : 1;
    6658 : D;
    6659 : D;
    665A : D;
    665B : D;
    665C : D;
    665D : D;
    665E : D;
    665F : D;
    6660 : D;
    6661 : D;
    6662 : D;
    6663 : D;
    6664 : D;
    6665 : D;
    6666 : D;
    6667 : D;
    6668 : D;
    6669 : D;
    666A : D;
    666B : D;
    666C : D;
    666D : D;
    666E : D;
    666F : 5;
    6670 : 5;
    6671 : 5;
    6672 : D;
    6673 : D;
    6674 : D;
    6675 : D;
    6676 : D;
    6677 : 5;
    6678 : 5;
    6679 : D;
    667A : 5;
    667B : 5;
    667C : 5;
    667D : 5;
    667E : 5;
    667F : 5;
    6680 : 5;
    6681 : 5;
    6682 : 5;
    6683 : 1;
    6684 : 1;
    6685 : 1;
    6686 : 1;
    6687 : 1;
    6688 : 1;
    6689 : 1;
    668A : 1;
    668B : 1;
    668C : 1;
    668D : 1;
    668E : 5;
    668F : 5;
    6690 : 5;
    6691 : 5;
    6692 : 5;
    6693 : 5;
    6694 : 5;
    6695 : 1;
    6696 : 1;
    6697 : 5;
    6698 : 5;
    6699 : 1;
    669A : 1;
    669B : 5;
    669C : 5;
    669D : 5;
    669E : 5;
    669F : 5;
    66A0 : 1;
    66A1 : 5;
    66A2 : 1;
    66A3 : 5;
    66A4 : 5;
    66A5 : 5;
    66A6 : 1;
    66A7 : 1;
    66A8 : 1;
    66A9 : 1;
    66AA : 1;
    66AB : 1;
    66AC : 1;
    66AD : 1;
    66AE : 1;
    66AF : 1;
    66B0 : 5;
    66B1 : 5;
    66B2 : 5;
    66B3 : 5;
    66B4 : 5;
    66B5 : 1;
    66B6 : 1;
    66B7 : 1;
    66B8 : 1;
    66B9 : 1;
    66BA : 1;
    66BB : 1;
    66BC : 5;
    66BD : 5;
    66BE : 5;
    66BF : 5;
    66C0 : 5;
    66C1 : 5;
    66C2 : D;
    66C3 : D;
    66C4 : 5;
    66C5 : 5;
    66C6 : D;
    66C7 : D;
    66C8 : 5;
    66C9 : 5;
    66CA : D;
    66CB : D;
    66CC : D;
    66CD : D;
    66CE : D;
    66CF : D;
    66D0 : D;
    66D1 : D;
    66D2 : D;
    66D3 : D;
    66D4 : 5;
    66D5 : D;
    66D6 : D;
    66D7 : D;
    66D8 : D;
    66D9 : D;
    66DA : D;
    66DB : 5;
    66DC : D;
    66DD : 5;
    66DE : 5;
    66DF : 5;
    66E0 : 5;
    66E1 : D;
    66E2 : D;
    66E3 : 5;
    66E4 : 5;
    66E5 : 5;
    66E6 : 5;
    66E7 : 5;
    66E8 : D;
    66E9 : D;
    66EA : D;
    66EB : D;
    66EC : D;
    66ED : 5;
    66EE : D;
    66EF : D;
    66F0 : 5;
    66F1 : D;
    66F2 : D;
    66F3 : D;
    66F4 : 5;
    66F5 : 5;
    66F6 : 5;
    66F7 : 5;
    66F8 : 5;
    66F9 : 5;
    66FA : 5;
    66FB : D;
    66FC : 5;
    66FD : 5;
    66FE : 1;
    66FF : 1;
    6700 : 1;
    6701 : 5;
    6702 : 5;
    6703 : 5;
    6704 : 5;
    6705 : 5;
    6706 : 5;
    6707 : 5;
    6708 : 5;
    6709 : 5;
    670A : 5;
    670B : 5;
    670C : 5;
    670D : 5;
    670E : 5;
    670F : 5;
    6710 : 5;
    6711 : 5;
    6712 : 5;
    6713 : 1;
    6714 : 1;
    6715 : 5;
    6716 : 5;
    6717 : 5;
    6718 : 5;
    6719 : 5;
    671A : 5;
    671B : 5;
    671C : 1;
    671D : 1;
    671E : 1;
    671F : 1;
    6720 : D;
    6721 : D;
    6722 : D;
    6723 : D;
    6724 : D;
    6725 : D;
    6726 : D;
    6727 : D;
    6728 : D;
    6729 : D;
    672A : D;
    672B : D;
    672C : D;
    672D : D;
    672E : D;
    672F : D;
    6730 : D;
    6731 : D;
    6732 : D;
    6733 : D;
    6734 : D;
    6735 : D;
    6736 : D;
    6737 : 5;
    6738 : 5;
    6739 : D;
    673A : D;
    673B : D;
    673C : D;
    673D : D;
    673E : 5;
    673F : 5;
    6740 : 5;
    6741 : 5;
    6742 : 5;
    6743 : 5;
    6744 : 5;
    6745 : 5;
    6746 : 5;
    6747 : 5;
    6748 : 1;
    6749 : 1;
    674A : 1;
    674B : 1;
    674C : 1;
    674D : 1;
    674E : 1;
    674F : 1;
    6750 : 1;
    6751 : 1;
    6752 : 1;
    6753 : 1;
    6754 : 1;
    6755 : 5;
    6756 : 5;
    6757 : 5;
    6758 : 5;
    6759 : 5;
    675A : 5;
    675B : 5;
    675C : 1;
    675D : 1;
    675E : 1;
    675F : 1;
    6760 : 5;
    6761 : 1;
    6762 : 1;
    6763 : 5;
    6764 : 1;
    6765 : 5;
    6766 : 5;
    6767 : 5;
    6768 : 5;
    6769 : 5;
    676A : 5;
    676B : 5;
    676C : 1;
    676D : 1;
    676E : 5;
    676F : 1;
    6770 : 5;
    6771 : 5;
    6772 : 5;
    6773 : 5;
    6774 : 1;
    6775 : 1;
    6776 : 5;
    6777 : 5;
    6778 : 5;
    6779 : 5;
    677A : 5;
    677B : 5;
    677C : 5;
    677D : 5;
    677E : 1;
    677F : 1;
    6780 : 5;
    6781 : 1;
    6782 : 5;
    6783 : 5;
    6784 : 5;
    6785 : 5;
    6786 : 5;
    6787 : 5;
    6788 : 5;
    6789 : D;
    678A : D;
    678B : D;
    678C : 5;
    678D : 5;
    678E : 5;
    678F : D;
    6790 : D;
    6791 : D;
    6792 : D;
    6793 : D;
    6794 : D;
    6795 : D;
    6796 : D;
    6797 : D;
    6798 : D;
    6799 : D;
    679A : D;
    679B : 5;
    679C : 5;
    679D : D;
    679E : D;
    679F : 5;
    67A0 : D;
    67A1 : D;
    67A2 : 5;
    67A3 : D;
    67A4 : D;
    67A5 : D;
    67A6 : 5;
    67A7 : D;
    67A8 : 5;
    67A9 : D;
    67AA : 5;
    67AB : 5;
    67AC : D;
    67AD : D;
    67AE : 5;
    67AF : D;
    67B0 : 5;
    67B1 : 5;
    67B2 : 5;
    67B3 : D;
    67B4 : D;
    67B5 : 5;
    67B6 : D;
    67B7 : D;
    67B8 : 5;
    67B9 : D;
    67BA : D;
    67BB : 5;
    67BC : 5;
    67BD : 5;
    67BE : 5;
    67BF : 5;
    67C0 : 5;
    67C1 : 5;
    67C2 : 5;
    67C3 : 5;
    67C4 : 5;
    67C5 : 5;
    67C6 : 5;
    67C7 : 1;
    67C8 : 5;
    67C9 : 5;
    67CA : 5;
    67CB : 5;
    67CC : 5;
    67CD : 5;
    67CE : 5;
    67CF : 5;
    67D0 : 5;
    67D1 : 5;
    67D2 : 5;
    67D3 : 5;
    67D4 : 5;
    67D5 : 5;
    67D6 : 5;
    67D7 : 5;
    67D8 : 5;
    67D9 : 5;
    67DA : 5;
    67DB : 5;
    67DC : 5;
    67DD : 5;
    67DE : 5;
    67DF : 5;
    67E0 : 5;
    67E1 : 5;
    67E2 : 5;
    67E3 : 5;
    67E4 : 1;
    67E5 : 1;
    67E6 : 1;
    67E7 : 1;
    67E8 : D;
    67E9 : D;
    67EA : D;
    67EB : D;
    67EC : D;
    67ED : D;
    67EE : D;
    67EF : D;
    67F0 : D;
    67F1 : D;
    67F2 : D;
    67F3 : D;
    67F4 : D;
    67F5 : D;
    67F6 : D;
    67F7 : D;
    67F8 : D;
    67F9 : D;
    67FA : D;
    67FB : D;
    67FC : D;
    67FD : D;
    67FE : D;
    67FF : 5;
    6800 : D;
    6801 : D;
    6802 : D;
    6803 : D;
    6804 : D;
    6805 : 5;
    6806 : 5;
    6807 : 5;
    6808 : 5;
    6809 : 5;
    680A : 5;
    680B : 5;
    680C : 5;
    680D : 5;
    680E : 5;
    680F : 5;
    6810 : 5;
    6811 : 1;
    6812 : 1;
    6813 : 1;
    6814 : 1;
    6815 : 1;
    6816 : 5;
    6817 : 5;
    6818 : 5;
    6819 : 1;
    681A : 5;
    681B : 5;
    681C : 5;
    681D : 5;
    681E : 1;
    681F : 5;
    6820 : 5;
    6821 : 5;
    6822 : 5;
    6823 : 5;
    6824 : 1;
    6825 : 1;
    6826 : 1;
    6827 : 1;
    6828 : 1;
    6829 : 5;
    682A : 5;
    682B : 5;
    682C : 5;
    682D : 5;
    682E : 5;
    682F : 5;
    6830 : 5;
    6831 : 5;
    6832 : 5;
    6833 : 5;
    6834 : 5;
    6835 : 5;
    6836 : D;
    6837 : 5;
    6838 : 5;
    6839 : 5;
    683A : 5;
    683B : 5;
    683C : 5;
    683D : 5;
    683E : 5;
    683F : D;
    6840 : D;
    6841 : D;
    6842 : D;
    6843 : 5;
    6844 : 5;
    6845 : D;
    6846 : 5;
    6847 : 5;
    6848 : 5;
    6849 : 5;
    684A : 5;
    684B : 5;
    684C : 5;
    684D : 5;
    684E : 5;
    684F : 5;
    6850 : 5;
    6851 : 5;
    6852 : D;
    6853 : D;
    6854 : D;
    6855 : 5;
    6856 : D;
    6857 : D;
    6858 : D;
    6859 : D;
    685A : D;
    685B : D;
    685C : D;
    685D : D;
    685E : D;
    685F : D;
    6860 : D;
    6861 : D;
    6862 : D;
    6863 : 5;
    6864 : D;
    6865 : D;
    6866 : D;
    6867 : D;
    6868 : 5;
    6869 : 5;
    686A : 5;
    686B : 5;
    686C : 5;
    686D : 5;
    686E : 5;
    686F : 5;
    6870 : 5;
    6871 : 5;
    6872 : 5;
    6873 : D;
    6874 : D;
    6875 : D;
    6876 : D;
    6877 : D;
    6878 : D;
    6879 : 5;
    687A : 5;
    687B : 5;
    687C : D;
    687D : D;
    687E : D;
    687F : D;
    6880 : 5;
    6881 : D;
    6882 : D;
    6883 : 5;
    6884 : 5;
    6885 : 5;
    6886 : 5;
    6887 : 5;
    6888 : 5;
    6889 : 5;
    688A : 5;
    688B : 5;
    688C : 5;
    688D : 5;
    688E : 5;
    688F : 5;
    6890 : 5;
    6891 : D;
    6892 : 5;
    6893 : 5;
    6894 : 5;
    6895 : 5;
    6896 : 5;
    6897 : 5;
    6898 : 5;
    6899 : 5;
    689A : 5;
    689B : 5;
    689C : 5;
    689D : 5;
    689E : 5;
    689F : 5;
    68A0 : 5;
    68A1 : 5;
    68A2 : 5;
    68A3 : 5;
    68A4 : 5;
    68A5 : 5;
    68A6 : 5;
    68A7 : 5;
    68A8 : 5;
    68A9 : 5;
    68AA : 5;
    68AB : 5;
    68AC : 5;
    68AD : 5;
    68AE : 5;
    68AF : 5;
    68B0 : D;
    68B1 : D;
    68B2 : D;
    68B3 : D;
    68B4 : D;
    68B5 : D;
    68B6 : D;
    68B7 : D;
    68B8 : D;
    68B9 : D;
    68BA : D;
    68BB : D;
    68BC : D;
    68BD : D;
    68BE : D;
    68BF : D;
    68C0 : D;
    68C1 : D;
    68C2 : D;
    68C3 : D;
    68C4 : D;
    68C5 : 5;
    68C6 : D;
    68C7 : D;
    68C8 : D;
    68C9 : D;
    68CA : D;
    68CB : 5;
    68CC : 5;
    68CD : 5;
    68CE : 5;
    68CF : 5;
    68D0 : 5;
    68D1 : 5;
    68D2 : 5;
    68D3 : 5;
    68D4 : 5;
    68D5 : 5;
    68D6 : 5;
    68D7 : 5;
    68D8 : 5;
    68D9 : 1;
    68DA : 1;
    68DB : 1;
    68DC : 1;
    68DD : 5;
    68DE : 5;
    68DF : 5;
    68E0 : 1;
    68E1 : 5;
    68E2 : 5;
    68E3 : 1;
    68E4 : 1;
    68E5 : 1;
    68E6 : 5;
    68E7 : 5;
    68E8 : 5;
    68E9 : 5;
    68EA : 1;
    68EB : 1;
    68EC : 1;
    68ED : 1;
    68EE : 1;
    68EF : 1;
    68F0 : 5;
    68F1 : 5;
    68F2 : 5;
    68F3 : 5;
    68F4 : 5;
    68F5 : 5;
    68F6 : 5;
    68F7 : 5;
    68F8 : 5;
    68F9 : D;
    68FA : 5;
    68FB : D;
    68FC : 6;
    68FD : D;
    68FE : 5;
    68FF : 5;
    6900 : 5;
    6901 : 5;
    6902 : 5;
    6903 : 5;
    6904 : D;
    6905 : D;
    6906 : D;
    6907 : D;
    6908 : D;
    6909 : D;
    690A : D;
    690B : D;
    690C : D;
    690D : D;
    690E : 5;
    690F : 5;
    6910 : 5;
    6911 : 5;
    6912 : 5;
    6913 : D;
    6914 : 5;
    6915 : 5;
    6916 : 5;
    6917 : 5;
    6918 : 5;
    6919 : 5;
    691A : D;
    691B : D;
    691C : D;
    691D : D;
    691E : D;
    691F : D;
    6920 : D;
    6921 : D;
    6922 : D;
    6923 : D;
    6924 : D;
    6925 : D;
    6926 : D;
    6927 : D;
    6928 : D;
    6929 : D;
    692A : D;
    692B : D;
    692C : D;
    692D : D;
    692E : D;
    692F : D;
    6930 : 5;
    6931 : 5;
    6932 : 5;
    6933 : D;
    6934 : 5;
    6935 : 5;
    6936 : 5;
    6937 : 5;
    6938 : D;
    6939 : D;
    693A : D;
    693B : D;
    693C : 5;
    693D : 5;
    693E : 5;
    693F : D;
    6940 : D;
    6941 : 5;
    6942 : 5;
    6943 : D;
    6944 : D;
    6945 : D;
    6946 : D;
    6947 : 5;
    6948 : 5;
    6949 : D;
    694A : D;
    694B : 5;
    694C : 5;
    694D : 5;
    694E : 5;
    694F : 5;
    6950 : 5;
    6951 : 5;
    6952 : 5;
    6953 : 5;
    6954 : 5;
    6955 : 5;
    6956 : 5;
    6957 : 5;
    6958 : 5;
    6959 : D;
    695A : 5;
    695B : 5;
    695C : 5;
    695D : 5;
    695E : 5;
    695F : 5;
    6960 : 5;
    6961 : 5;
    6962 : 5;
    6963 : 5;
    6964 : 5;
    6965 : 5;
    6966 : 5;
    6967 : 5;
    6968 : 5;
    6969 : 5;
    696A : 5;
    696B : 5;
    696C : 5;
    696D : 5;
    696E : 5;
    696F : 5;
    6970 : 5;
    6971 : 5;
    6972 : 5;
    6973 : 5;
    6974 : 5;
    6975 : 5;
    6976 : 5;
    6977 : 5;
    6978 : D;
    6979 : D;
    697A : D;
    697B : D;
    697C : D;
    697D : D;
    697E : D;
    697F : D;
    6980 : D;
    6981 : D;
    6982 : D;
    6983 : D;
    6984 : D;
    6985 : D;
    6986 : D;
    6987 : D;
    6988 : D;
    6989 : D;
    698A : D;
    698B : D;
    698C : D;
    698D : D;
    698E : D;
    698F : D;
    6990 : D;
    6991 : D;
    6992 : D;
    6993 : 5;
    6994 : 5;
    6995 : 5;
    6996 : 5;
    6997 : 5;
    6998 : 5;
    6999 : 5;
    699A : 5;
    699B : 5;
    699C : 5;
    699D : 5;
    699E : 5;
    699F : 5;
    69A0 : 5;
    69A1 : 5;
    69A2 : 1;
    69A3 : 5;
    69A4 : 5;
    69A5 : 5;
    69A6 : 5;
    69A7 : 1;
    69A8 : 5;
    69A9 : 5;
    69AA : 1;
    69AB : 1;
    69AC : 1;
    69AD : 1;
    69AE : 1;
    69AF : 5;
    69B0 : 5;
    69B1 : 1;
    69B2 : 1;
    69B3 : 1;
    69B4 : 1;
    69B5 : 1;
    69B6 : 1;
    69B7 : 5;
    69B8 : 5;
    69B9 : 5;
    69BA : 5;
    69BB : 5;
    69BC : 5;
    69BD : D;
    69BE : D;
    69BF : 5;
    69C0 : D;
    69C1 : D;
    69C2 : D;
    69C3 : D;
    69C4 : D;
    69C5 : D;
    69C6 : 5;
    69C7 : 1;
    69C8 : D;
    69C9 : D;
    69CA : 5;
    69CB : D;
    69CC : D;
    69CD : D;
    69CE : D;
    69CF : D;
    69D0 : D;
    69D1 : D;
    69D2 : D;
    69D3 : D;
    69D4 : D;
    69D5 : D;
    69D6 : 5;
    69D7 : 5;
    69D8 : 5;
    69D9 : 5;
    69DA : D;
    69DB : D;
    69DC : 5;
    69DD : 5;
    69DE : 5;
    69DF : D;
    69E0 : 5;
    69E1 : D;
    69E2 : D;
    69E3 : D;
    69E4 : D;
    69E5 : D;
    69E6 : D;
    69E7 : D;
    69E8 : D;
    69E9 : D;
    69EA : D;
    69EB : D;
    69EC : D;
    69ED : D;
    69EE : D;
    69EF : 5;
    69F0 : D;
    69F1 : D;
    69F2 : D;
    69F3 : D;
    69F4 : 5;
    69F5 : 5;
    69F6 : 5;
    69F7 : 5;
    69F8 : 5;
    69F9 : 5;
    69FA : D;
    69FB : 5;
    69FC : 5;
    69FD : 5;
    69FE : 5;
    69FF : D;
    6A00 : D;
    6A01 : D;
    6A02 : D;
    6A03 : 5;
    6A04 : 5;
    6A05 : 5;
    6A06 : 5;
    6A07 : 5;
    6A08 : 5;
    6A09 : 5;
    6A0A : 5;
    6A0B : 5;
    6A0C : D;
    6A0D : 5;
    6A0E : 5;
    6A0F : 5;
    6A10 : 5;
    6A11 : 5;
    6A12 : 5;
    6A13 : 5;
    6A14 : 5;
    6A15 : 5;
    6A16 : 5;
    6A17 : 5;
    6A18 : 5;
    6A19 : 5;
    6A1A : 5;
    6A1B : 5;
    6A1C : 5;
    6A1D : 5;
    6A1E : 5;
    6A1F : 5;
    6A20 : D;
    6A21 : D;
    6A22 : 5;
    6A23 : 5;
    6A24 : 5;
    6A25 : 5;
    6A26 : 5;
    6A27 : 5;
    6A28 : 5;
    6A29 : 5;
    6A2A : 5;
    6A2B : 5;
    6A2C : 5;
    6A2D : 5;
    6A2E : 5;
    6A2F : 5;
    6A30 : 5;
    6A31 : 5;
    6A32 : 5;
    6A33 : 5;
    6A34 : 5;
    6A35 : 5;
    6A36 : 5;
    6A37 : 5;
    6A38 : 5;
    6A39 : 5;
    6A3A : 5;
    6A3B : 5;
    6A3C : 5;
    6A3D : 5;
    6A3E : 5;
    6A3F : 5;
    6A40 : D;
    6A41 : D;
    6A42 : D;
    6A43 : D;
    6A44 : D;
    6A45 : D;
    6A46 : D;
    6A47 : D;
    6A48 : D;
    6A49 : D;
    6A4A : D;
    6A4B : D;
    6A4C : D;
    6A4D : D;
    6A4E : D;
    6A4F : D;
    6A50 : D;
    6A51 : D;
    6A52 : D;
    6A53 : D;
    6A54 : D;
    6A55 : D;
    6A56 : D;
    6A57 : D;
    6A58 : D;
    6A59 : D;
    6A5A : 5;
    6A5B : 5;
    6A5C : 5;
    6A5D : 5;
    6A5E : 5;
    6A5F : 5;
    6A60 : 5;
    6A61 : 5;
    6A62 : 5;
    6A63 : 5;
    6A64 : 5;
    6A65 : 5;
    6A66 : 5;
    6A67 : 5;
    6A68 : 5;
    6A69 : 5;
    6A6A : 5;
    6A6B : 5;
    6A6C : 5;
    6A6D : 5;
    6A6E : 5;
    6A6F : 5;
    6A70 : 5;
    6A71 : 5;
    6A72 : 1;
    6A73 : 1;
    6A74 : 1;
    6A75 : 1;
    6A76 : 1;
    6A77 : 1;
    6A78 : 1;
    6A79 : 1;
    6A7A : 1;
    6A7B : 1;
    6A7C : 1;
    6A7D : 1;
    6A7E : 5;
    6A7F : 5;
    6A80 : 5;
    6A81 : 5;
    6A82 : 5;
    6A83 : 5;
    6A84 : D;
    6A85 : D;
    6A86 : 5;
    6A87 : D;
    6A88 : D;
    6A89 : D;
    6A8A : 6;
    6A8B : D;
    6A8C : 5;
    6A8D : 5;
    6A8E : 5;
    6A8F : 5;
    6A90 : D;
    6A91 : D;
    6A92 : D;
    6A93 : D;
    6A94 : D;
    6A95 : 5;
    6A96 : D;
    6A97 : D;
    6A98 : 5;
    6A99 : 5;
    6A9A : 5;
    6A9B : D;
    6A9C : D;
    6A9D : D;
    6A9E : 5;
    6A9F : D;
    6AA0 : 5;
    6AA1 : 5;
    6AA2 : D;
    6AA3 : D;
    6AA4 : 5;
    6AA5 : 5;
    6AA6 : 5;
    6AA7 : 5;
    6AA8 : D;
    6AA9 : D;
    6AAA : D;
    6AAB : D;
    6AAC : D;
    6AAD : D;
    6AAE : D;
    6AAF : D;
    6AB0 : 5;
    6AB1 : 5;
    6AB2 : D;
    6AB3 : D;
    6AB4 : D;
    6AB5 : D;
    6AB6 : 5;
    6AB7 : 5;
    6AB8 : D;
    6AB9 : D;
    6ABA : 5;
    6ABB : 5;
    6ABC : 5;
    6ABD : 5;
    6ABE : 5;
    6ABF : D;
    6AC0 : 5;
    6AC1 : 5;
    6AC2 : 5;
    6AC3 : 5;
    6AC4 : 5;
    6AC5 : 5;
    6AC6 : D;
    6AC7 : D;
    6AC8 : 5;
    6AC9 : 5;
    6ACA : 5;
    6ACB : 5;
    6ACC : 5;
    6ACD : 5;
    6ACE : 5;
    6ACF : 5;
    6AD0 : D;
    6AD1 : 5;
    6AD2 : 5;
    6AD3 : 5;
    6AD4 : 5;
    6AD5 : 5;
    6AD6 : D;
    6AD7 : 5;
    6AD8 : 5;
    6AD9 : 5;
    6ADA : 5;
    6ADB : 5;
    6ADC : 5;
    6ADD : 5;
    6ADE : 5;
    6ADF : 5;
    6AE0 : 5;
    6AE1 : 5;
    6AE2 : 5;
    6AE3 : 5;
    6AE4 : 5;
    6AE5 : 5;
    6AE6 : 5;
    6AE7 : 5;
    6AE8 : D;
    6AE9 : D;
    6AEA : 5;
    6AEB : 5;
    6AEC : 5;
    6AED : 5;
    6AEE : 5;
    6AEF : 5;
    6AF0 : 5;
    6AF1 : 5;
    6AF2 : 5;
    6AF3 : 5;
    6AF4 : 5;
    6AF5 : 5;
    6AF6 : 5;
    6AF7 : 5;
    6AF8 : 5;
    6AF9 : 5;
    6AFA : 5;
    6AFB : 5;
    6AFC : 5;
    6AFD : 5;
    6AFE : 5;
    6AFF : 5;
    6B00 : 5;
    6B01 : 5;
    6B02 : 5;
    6B03 : 5;
    6B04 : 5;
    6B05 : 5;
    6B06 : 5;
    6B07 : D;
    6B08 : D;
    6B09 : D;
    6B0A : D;
    6B0B : D;
    6B0C : D;
    6B0D : D;
    6B0E : D;
    6B0F : D;
    6B10 : D;
    6B11 : D;
    6B12 : D;
    6B13 : D;
    6B14 : D;
    6B15 : D;
    6B16 : D;
    6B17 : D;
    6B18 : D;
    6B19 : D;
    6B1A : D;
    6B1B : D;
    6B1C : D;
    6B1D : D;
    6B1E : D;
    6B1F : D;
    6B20 : D;
    6B21 : 5;
    6B22 : 5;
    6B23 : 5;
    6B24 : 5;
    6B25 : 5;
    6B26 : 5;
    6B27 : 5;
    6B28 : 5;
    6B29 : 5;
    6B2A : 5;
    6B2B : 5;
    6B2C : 5;
    6B2D : 5;
    6B2E : 5;
    6B2F : 5;
    6B30 : 5;
    6B31 : 5;
    6B32 : 5;
    6B33 : 5;
    6B34 : 5;
    6B35 : 5;
    6B36 : 5;
    6B37 : 5;
    6B38 : 5;
    6B39 : 5;
    6B3A : 5;
    6B3B : 1;
    6B3C : 1;
    6B3D : 1;
    6B3E : 1;
    6B3F : 1;
    6B40 : 1;
    6B41 : 1;
    6B42 : 1;
    6B43 : 1;
    6B44 : 1;
    6B45 : 5;
    6B46 : 5;
    6B47 : 5;
    6B48 : 5;
    6B49 : 5;
    6B4A : D;
    6B4B : D;
    6B4C : D;
    6B4D : D;
    6B4E : 5;
    6B4F : D;
    6B50 : D;
    6B51 : 6;
    6B52 : 6;
    6B53 : 5;
    6B54 : 5;
    6B55 : 1;
    6B56 : 1;
    6B57 : D;
    6B58 : D;
    6B59 : 5;
    6B5A : D;
    6B5B : D;
    6B5C : D;
    6B5D : 5;
    6B5E : D;
    6B5F : D;
    6B60 : 5;
    6B61 : 5;
    6B62 : D;
    6B63 : D;
    6B64 : D;
    6B65 : 5;
    6B66 : 5;
    6B67 : 5;
    6B68 : D;
    6B69 : 5;
    6B6A : D;
    6B6B : 5;
    6B6C : 5;
    6B6D : 5;
    6B6E : D;
    6B6F : D;
    6B70 : D;
    6B71 : D;
    6B72 : D;
    6B73 : D;
    6B74 : D;
    6B75 : D;
    6B76 : D;
    6B77 : 5;
    6B78 : 5;
    6B79 : D;
    6B7A : D;
    6B7B : D;
    6B7C : D;
    6B7D : D;
    6B7E : D;
    6B7F : D;
    6B80 : D;
    6B81 : D;
    6B82 : D;
    6B83 : 5;
    6B84 : 5;
    6B85 : 5;
    6B86 : 5;
    6B87 : D;
    6B88 : D;
    6B89 : 5;
    6B8A : 5;
    6B8B : 5;
    6B8C : 5;
    6B8D : 5;
    6B8E : D;
    6B8F : D;
    6B90 : 5;
    6B91 : 5;
    6B92 : 5;
    6B93 : 5;
    6B94 : D;
    6B95 : D;
    6B96 : D;
    6B97 : D;
    6B98 : D;
    6B99 : D;
    6B9A : 5;
    6B9B : 5;
    6B9C : D;
    6B9D : D;
    6B9E : 5;
    6B9F : 5;
    6BA0 : 5;
    6BA1 : 5;
    6BA2 : 5;
    6BA3 : 5;
    6BA4 : 5;
    6BA5 : 5;
    6BA6 : 5;
    6BA7 : 5;
    6BA8 : 5;
    6BA9 : 5;
    6BAA : 5;
    6BAB : 5;
    6BAC : 5;
    6BAD : 5;
    6BAE : 5;
    6BAF : 5;
    6BB0 : 5;
    6BB1 : 5;
    6BB2 : 5;
    6BB3 : 5;
    6BB4 : 5;
    6BB5 : 5;
    6BB6 : 5;
    6BB7 : 5;
    6BB8 : 5;
    6BB9 : 5;
    6BBA : 5;
    6BBB : 5;
    6BBC : 5;
    6BBD : 5;
    6BBE : 5;
    6BBF : 5;
    6BC0 : 5;
    6BC1 : 5;
    6BC2 : 5;
    6BC3 : 5;
    6BC4 : 5;
    6BC5 : 5;
    6BC6 : 5;
    6BC7 : 5;
    6BC8 : 5;
    6BC9 : 5;
    6BCA : 5;
    6BCB : 5;
    6BCC : 5;
    6BCD : 5;
    6BCE : 5;
    6BCF : 5;
    6BD0 : D;
    6BD1 : D;
    6BD2 : D;
    6BD3 : D;
    6BD4 : D;
    6BD5 : D;
    6BD6 : D;
    6BD7 : D;
    6BD8 : 6;
    6BD9 : D;
    6BDA : D;
    6BDB : D;
    6BDC : 6;
    6BDD : D;
    6BDE : D;
    6BDF : D;
    6BE0 : D;
    6BE1 : D;
    6BE2 : D;
    6BE3 : D;
    6BE4 : D;
    6BE5 : D;
    6BE6 : D;
    6BE7 : D;
    6BE8 : 5;
    6BE9 : 5;
    6BEA : 5;
    6BEB : 5;
    6BEC : 5;
    6BED : 5;
    6BEE : 5;
    6BEF : 5;
    6BF0 : 5;
    6BF1 : 5;
    6BF2 : 5;
    6BF3 : 5;
    6BF4 : D;
    6BF5 : 5;
    6BF6 : 5;
    6BF7 : 5;
    6BF8 : 5;
    6BF9 : 5;
    6BFA : 5;
    6BFB : 5;
    6BFC : 5;
    6BFD : 5;
    6BFE : 5;
    6BFF : 5;
    6C00 : 1;
    6C01 : 5;
    6C02 : 5;
    6C03 : 1;
    6C04 : 1;
    6C05 : 1;
    6C06 : 1;
    6C07 : 1;
    6C08 : 1;
    6C09 : 1;
    6C0A : 1;
    6C0B : 1;
    6C0C : 5;
    6C0D : D;
    6C0E : D;
    6C0F : 5;
    6C10 : 5;
    6C11 : D;
    6C12 : D;
    6C13 : D;
    6C14 : 5;
    6C15 : 5;
    6C16 : 5;
    6C17 : 6;
    6C18 : D;
    6C19 : D;
    6C1A : D;
    6C1B : 5;
    6C1C : 5;
    6C1D : 1;
    6C1E : 1;
    6C1F : 5;
    6C20 : 5;
    6C21 : 5;
    6C22 : D;
    6C23 : D;
    6C24 : D;
    6C25 : D;
    6C26 : D;
    6C27 : D;
    6C28 : D;
    6C29 : D;
    6C2A : 5;
    6C2B : 5;
    6C2C : 5;
    6C2D : 5;
    6C2E : 5;
    6C2F : 5;
    6C30 : 5;
    6C31 : 5;
    6C32 : 5;
    6C33 : 5;
    6C34 : D;
    6C35 : D;
    6C36 : D;
    6C37 : D;
    6C38 : D;
    6C39 : D;
    6C3A : 5;
    6C3B : D;
    6C3C : D;
    6C3D : 5;
    6C3E : 5;
    6C3F : D;
    6C40 : D;
    6C41 : D;
    6C42 : D;
    6C43 : D;
    6C44 : D;
    6C45 : D;
    6C46 : D;
    6C47 : D;
    6C48 : D;
    6C49 : D;
    6C4A : D;
    6C4B : 5;
    6C4C : 5;
    6C4D : 5;
    6C4E : 5;
    6C4F : D;
    6C50 : D;
    6C51 : 5;
    6C52 : D;
    6C53 : 5;
    6C54 : 5;
    6C55 : D;
    6C56 : D;
    6C57 : D;
    6C58 : D;
    6C59 : D;
    6C5A : D;
    6C5B : 5;
    6C5C : 5;
    6C5D : D;
    6C5E : D;
    6C5F : D;
    6C60 : 5;
    6C61 : 5;
    6C62 : 5;
    6C63 : 5;
    6C64 : D;
    6C65 : 5;
    6C66 : 5;
    6C67 : 1;
    6C68 : 5;
    6C69 : 5;
    6C6A : 5;
    6C6B : 5;
    6C6C : 5;
    6C6D : 5;
    6C6E : 5;
    6C6F : 5;
    6C70 : 5;
    6C71 : 5;
    6C72 : 5;
    6C73 : 5;
    6C74 : 5;
    6C75 : 5;
    6C76 : 5;
    6C77 : 5;
    6C78 : 5;
    6C79 : 5;
    6C7A : 5;
    6C7B : 5;
    6C7C : 5;
    6C7D : 5;
    6C7E : 5;
    6C7F : 5;
    6C80 : 5;
    6C81 : 5;
    6C82 : 5;
    6C83 : 5;
    6C84 : 5;
    6C85 : 5;
    6C86 : 5;
    6C87 : D;
    6C88 : 5;
    6C89 : 5;
    6C8A : 5;
    6C8B : 5;
    6C8C : 5;
    6C8D : 5;
    6C8E : 5;
    6C8F : 5;
    6C90 : 5;
    6C91 : 5;
    6C92 : 5;
    6C93 : 5;
    6C94 : 5;
    6C95 : 5;
    6C96 : 5;
    6C97 : 5;
    6C98 : D;
    6C99 : D;
    6C9A : D;
    6C9B : D;
    6C9C : D;
    6C9D : D;
    6C9E : D;
    6C9F : D;
    6CA0 : D;
    6CA1 : D;
    6CA2 : D;
    6CA3 : D;
    6CA4 : D;
    6CA5 : D;
    6CA6 : D;
    6CA7 : D;
    6CA8 : D;
    6CA9 : D;
    6CAA : D;
    6CAB : D;
    6CAC : D;
    6CAD : D;
    6CAE : D;
    6CAF : 5;
    6CB0 : 5;
    6CB1 : 5;
    6CB2 : 5;
    6CB3 : 5;
    6CB4 : 5;
    6CB5 : 5;
    6CB6 : 5;
    6CB7 : 5;
    6CB8 : D;
    6CB9 : D;
    6CBA : 5;
    6CBB : D;
    6CBC : D;
    6CBD : 5;
    6CBE : 5;
    6CBF : 5;
    6CC0 : 5;
    6CC1 : 5;
    6CC2 : 5;
    6CC3 : 5;
    6CC4 : 5;
    6CC5 : 5;
    6CC6 : 5;
    6CC7 : 5;
    6CC8 : 5;
    6CC9 : 5;
    6CCA : 1;
    6CCB : 1;
    6CCC : 1;
    6CCD : 1;
    6CCE : 1;
    6CCF : 1;
    6CD0 : 1;
    6CD1 : 1;
    6CD2 : 1;
    6CD3 : 5;
    6CD4 : D;
    6CD5 : D;
    6CD6 : 5;
    6CD7 : 5;
    6CD8 : D;
    6CD9 : D;
    6CDA : D;
    6CDB : 5;
    6CDC : 5;
    6CDD : 5;
    6CDE : 6;
    6CDF : 6;
    6CE0 : D;
    6CE1 : 6;
    6CE2 : D;
    6CE3 : 5;
    6CE4 : 1;
    6CE5 : 1;
    6CE6 : 1;
    6CE7 : 5;
    6CE8 : D;
    6CE9 : 5;
    6CEA : 5;
    6CEB : D;
    6CEC : D;
    6CED : D;
    6CEE : D;
    6CEF : D;
    6CF0 : D;
    6CF1 : D;
    6CF2 : 5;
    6CF3 : 5;
    6CF4 : 5;
    6CF5 : 1;
    6CF6 : 5;
    6CF7 : 5;
    6CF8 : 5;
    6CF9 : D;
    6CFA : 5;
    6CFB : D;
    6CFC : D;
    6CFD : D;
    6CFE : D;
    6CFF : D;
    6D00 : 5;
    6D01 : 5;
    6D02 : 5;
    6D03 : D;
    6D04 : 5;
    6D05 : D;
    6D06 : D;
    6D07 : D;
    6D08 : D;
    6D09 : D;
    6D0A : D;
    6D0B : D;
    6D0C : D;
    6D0D : D;
    6D0E : D;
    6D0F : D;
    6D10 : D;
    6D11 : D;
    6D12 : 5;
    6D13 : 5;
    6D14 : 5;
    6D15 : 5;
    6D16 : D;
    6D17 : D;
    6D18 : 5;
    6D19 : D;
    6D1A : 5;
    6D1B : 5;
    6D1C : D;
    6D1D : D;
    6D1E : D;
    6D1F : D;
    6D20 : 5;
    6D21 : 5;
    6D22 : D;
    6D23 : D;
    6D24 : 5;
    6D25 : 5;
    6D26 : 5;
    6D27 : 5;
    6D28 : 5;
    6D29 : 5;
    6D2A : 5;
    6D2B : 5;
    6D2C : 5;
    6D2D : 5;
    6D2E : 5;
    6D2F : 1;
    6D30 : 5;
    6D31 : 5;
    6D32 : 5;
    6D33 : 5;
    6D34 : 5;
    6D35 : 5;
    6D36 : 5;
    6D37 : 5;
    6D38 : 5;
    6D39 : 5;
    6D3A : 5;
    6D3B : 5;
    6D3C : 5;
    6D3D : 5;
    6D3E : 5;
    6D3F : 5;
    6D40 : 5;
    6D41 : 5;
    6D42 : 5;
    6D43 : 5;
    6D44 : 5;
    6D45 : 5;
    6D46 : 5;
    6D47 : 5;
    6D48 : 5;
    6D49 : 5;
    6D4A : 5;
    6D4B : 5;
    6D4C : 5;
    6D4D : 5;
    6D4E : D;
    6D4F : D;
    6D50 : 5;
    6D51 : 5;
    6D52 : 5;
    6D53 : 5;
    6D54 : 5;
    6D55 : 5;
    6D56 : 5;
    6D57 : 5;
    6D58 : 5;
    6D59 : 5;
    6D5A : 5;
    6D5B : 5;
    6D5C : 5;
    6D5D : 5;
    6D5E : 5;
    6D5F : 5;
    6D60 : D;
    6D61 : D;
    6D62 : D;
    6D63 : D;
    6D64 : D;
    6D65 : D;
    6D66 : D;
    6D67 : D;
    6D68 : D;
    6D69 : D;
    6D6A : D;
    6D6B : 6;
    6D6C : D;
    6D6D : D;
    6D6E : D;
    6D6F : D;
    6D70 : D;
    6D71 : D;
    6D72 : 6;
    6D73 : D;
    6D74 : D;
    6D75 : D;
    6D76 : 5;
    6D77 : 5;
    6D78 : 5;
    6D79 : 5;
    6D7A : 5;
    6D7B : 5;
    6D7C : 5;
    6D7D : 5;
    6D7E : D;
    6D7F : D;
    6D80 : D;
    6D81 : 5;
    6D82 : 5;
    6D83 : D;
    6D84 : 5;
    6D85 : 5;
    6D86 : 5;
    6D87 : 5;
    6D88 : 5;
    6D89 : 5;
    6D8A : 5;
    6D8B : 5;
    6D8C : 5;
    6D8D : 5;
    6D8E : 5;
    6D8F : 5;
    6D90 : 5;
    6D91 : 5;
    6D92 : 1;
    6D93 : 1;
    6D94 : 1;
    6D95 : 1;
    6D96 : 1;
    6D97 : 1;
    6D98 : 1;
    6D99 : 1;
    6D9A : 5;
    6D9B : 5;
    6D9C : 5;
    6D9D : D;
    6D9E : 5;
    6D9F : D;
    6DA0 : D;
    6DA1 : D;
    6DA2 : D;
    6DA3 : D;
    6DA4 : 5;
    6DA5 : D;
    6DA6 : 6;
    6DA7 : 5;
    6DA8 : 5;
    6DA9 : D;
    6DAA : D;
    6DAB : 5;
    6DAC : 1;
    6DAD : 1;
    6DAE : 1;
    6DAF : D;
    6DB0 : D;
    6DB1 : D;
    6DB2 : D;
    6DB3 : D;
    6DB4 : 5;
    6DB5 : 5;
    6DB6 : 5;
    6DB7 : D;
    6DB8 : D;
    6DB9 : D;
    6DBA : D;
    6DBB : 5;
    6DBC : 1;
    6DBD : 1;
    6DBE : 5;
    6DBF : 5;
    6DC0 : 5;
    6DC1 : D;
    6DC2 : D;
    6DC3 : D;
    6DC4 : D;
    6DC5 : D;
    6DC6 : D;
    6DC7 : 5;
    6DC8 : 5;
    6DC9 : 5;
    6DCA : D;
    6DCB : 5;
    6DCC : 5;
    6DCD : D;
    6DCE : D;
    6DCF : 5;
    6DD0 : D;
    6DD1 : D;
    6DD2 : D;
    6DD3 : D;
    6DD4 : D;
    6DD5 : D;
    6DD6 : D;
    6DD7 : D;
    6DD8 : D;
    6DD9 : 5;
    6DDA : 5;
    6DDB : 5;
    6DDC : 5;
    6DDD : D;
    6DDE : D;
    6DDF : 5;
    6DE0 : 5;
    6DE1 : D;
    6DE2 : D;
    6DE3 : D;
    6DE4 : D;
    6DE5 : D;
    6DE6 : D;
    6DE7 : 5;
    6DE8 : 5;
    6DE9 : D;
    6DEA : 5;
    6DEB : 5;
    6DEC : 5;
    6DED : 5;
    6DEE : 5;
    6DEF : 5;
    6DF0 : 5;
    6DF1 : D;
    6DF2 : D;
    6DF3 : 5;
    6DF4 : 5;
    6DF5 : 5;
    6DF6 : 5;
    6DF7 : 5;
    6DF8 : 5;
    6DF9 : 5;
    6DFA : 5;
    6DFB : 5;
    6DFC : 5;
    6DFD : 5;
    6DFE : 5;
    6DFF : 5;
    6E00 : 5;
    6E01 : 5;
    6E02 : 5;
    6E03 : 5;
    6E04 : 5;
    6E05 : 5;
    6E06 : 5;
    6E07 : 5;
    6E08 : 5;
    6E09 : 5;
    6E0A : 5;
    6E0B : 5;
    6E0C : 5;
    6E0D : 5;
    6E0E : 5;
    6E0F : 5;
    6E10 : 5;
    6E11 : 5;
    6E12 : 5;
    6E13 : 5;
    6E14 : 5;
    6E15 : 5;
    6E16 : 5;
    6E17 : 5;
    6E18 : 5;
    6E19 : 5;
    6E1A : 5;
    6E1B : 5;
    6E1C : 5;
    6E1D : 5;
    6E1E : 5;
    6E1F : 5;
    6E20 : 5;
    6E21 : 5;
    6E22 : 5;
    6E23 : 5;
    6E24 : 5;
    6E25 : 5;
    6E26 : 5;
    6E27 : 5;
    6E28 : D;
    6E29 : D;
    6E2A : D;
    6E2B : D;
    6E2C : D;
    6E2D : D;
    6E2E : D;
    6E2F : D;
    6E30 : D;
    6E31 : D;
    6E32 : D;
    6E33 : D;
    6E34 : D;
    6E35 : D;
    6E36 : D;
    6E37 : D;
    6E38 : D;
    6E39 : D;
    6E3A : D;
    6E3B : D;
    6E3C : D;
    6E3D : 5;
    6E3E : 5;
    6E3F : 5;
    6E40 : 5;
    6E41 : 5;
    6E42 : 5;
    6E43 : 5;
    6E44 : D;
    6E45 : D;
    6E46 : D;
    6E47 : D;
    6E48 : D;
    6E49 : 5;
    6E4A : 5;
    6E4B : D;
    6E4C : 5;
    6E4D : 5;
    6E4E : 5;
    6E4F : 5;
    6E50 : 5;
    6E51 : D;
    6E52 : D;
    6E53 : D;
    6E54 : D;
    6E55 : 5;
    6E56 : 1;
    6E57 : 1;
    6E58 : 1;
    6E59 : 1;
    6E5A : 1;
    6E5B : 1;
    6E5C : 1;
    6E5D : 1;
    6E5E : 1;
    6E5F : 5;
    6E60 : 5;
    6E61 : 5;
    6E62 : 5;
    6E63 : D;
    6E64 : 5;
    6E65 : 5;
    6E66 : D;
    6E67 : D;
    6E68 : D;
    6E69 : D;
    6E6A : D;
    6E6B : 5;
    6E6C : D;
    6E6D : 6;
    6E6E : D;
    6E6F : 5;
    6E70 : 5;
    6E71 : 1;
    6E72 : 1;
    6E73 : 5;
    6E74 : 1;
    6E75 : 1;
    6E76 : 1;
    6E77 : 5;
    6E78 : 5;
    6E79 : D;
    6E7A : D;
    6E7B : D;
    6E7C : D;
    6E7D : D;
    6E7E : D;
    6E7F : D;
    6E80 : D;
    6E81 : D;
    6E82 : D;
    6E83 : 5;
    6E84 : 5;
    6E85 : 1;
    6E86 : 5;
    6E87 : 5;
    6E88 : 5;
    6E89 : D;
    6E8A : D;
    6E8B : D;
    6E8C : 5;
    6E8D : 5;
    6E8E : 5;
    6E8F : 5;
    6E90 : 5;
    6E91 : D;
    6E92 : D;
    6E93 : D;
    6E94 : D;
    6E95 : D;
    6E96 : D;
    6E97 : D;
    6E98 : D;
    6E99 : D;
    6E9A : D;
    6E9B : D;
    6E9C : D;
    6E9D : D;
    6E9E : 5;
    6E9F : D;
    6EA0 : D;
    6EA1 : 5;
    6EA2 : 5;
    6EA3 : 5;
    6EA4 : D;
    6EA5 : D;
    6EA6 : D;
    6EA7 : D;
    6EA8 : D;
    6EA9 : D;
    6EAA : D;
    6EAB : D;
    6EAC : 5;
    6EAD : 5;
    6EAE : D;
    6EAF : 5;
    6EB0 : 5;
    6EB1 : 5;
    6EB2 : 5;
    6EB3 : 5;
    6EB4 : 5;
    6EB5 : 5;
    6EB6 : 5;
    6EB7 : 5;
    6EB8 : 5;
    6EB9 : 5;
    6EBA : 5;
    6EBB : 5;
    6EBC : 5;
    6EBD : 5;
    6EBE : 5;
    6EBF : 5;
    6EC0 : 5;
    6EC1 : 5;
    6EC2 : D;
    6EC3 : D;
    6EC4 : D;
    6EC5 : 5;
    6EC6 : 5;
    6EC7 : 5;
    6EC8 : 5;
    6EC9 : 5;
    6ECA : 5;
    6ECB : 5;
    6ECC : 5;
    6ECD : 5;
    6ECE : 5;
    6ECF : 5;
    6ED0 : 5;
    6ED1 : 5;
    6ED2 : 5;
    6ED3 : 5;
    6ED4 : 5;
    6ED5 : 5;
    6ED6 : 5;
    6ED7 : 5;
    6ED8 : 5;
    6ED9 : 5;
    6EDA : 5;
    6EDB : 5;
    6EDC : 5;
    6EDD : 5;
    6EDE : 5;
    6EDF : 5;
    6EE0 : 5;
    6EE1 : 5;
    6EE2 : 5;
    6EE3 : 5;
    6EE4 : 5;
    6EE5 : 5;
    6EE6 : 5;
    6EE7 : 5;
    6EE8 : 5;
    6EE9 : 5;
    6EEA : 5;
    6EEB : 5;
    6EEC : 5;
    6EED : 5;
    6EEE : 5;
    6EEF : 5;
    6EF0 : D;
    6EF1 : D;
    6EF2 : D;
    6EF3 : D;
    6EF4 : D;
    6EF5 : D;
    6EF6 : D;
    6EF7 : D;
    6EF8 : D;
    6EF9 : D;
    6EFA : D;
    6EFB : D;
    6EFC : D;
    6EFD : D;
    6EFE : D;
    6EFF : D;
    6F00 : D;
    6F01 : D;
    6F02 : D;
    6F03 : D;
    6F04 : 5;
    6F05 : 5;
    6F06 : D;
    6F07 : D;
    6F08 : 5;
    6F09 : 5;
    6F0A : D;
    6F0B : D;
    6F0C : D;
    6F0D : D;
    6F0E : D;
    6F0F : D;
    6F10 : 5;
    6F11 : 5;
    6F12 : 5;
    6F13 : 5;
    6F14 : 5;
    6F15 : 5;
    6F16 : 5;
    6F17 : 5;
    6F18 : D;
    6F19 : D;
    6F1A : D;
    6F1B : D;
    6F1C : 5;
    6F1D : 1;
    6F1E : 1;
    6F1F : 1;
    6F20 : 1;
    6F21 : 1;
    6F22 : 5;
    6F23 : 5;
    6F24 : 1;
    6F25 : 1;
    6F26 : 5;
    6F27 : 5;
    6F28 : 5;
    6F29 : D;
    6F2A : D;
    6F2B : D;
    6F2C : D;
    6F2D : D;
    6F2E : 6;
    6F2F : 6;
    6F30 : D;
    6F31 : D;
    6F32 : D;
    6F33 : D;
    6F34 : 6;
    6F35 : 6;
    6F36 : 5;
    6F37 : 5;
    6F38 : 1;
    6F39 : 1;
    6F3A : 1;
    6F3B : 1;
    6F3C : 1;
    6F3D : 1;
    6F3E : 1;
    6F3F : 5;
    6F40 : D;
    6F41 : D;
    6F42 : D;
    6F43 : 6;
    6F44 : 6;
    6F45 : 6;
    6F46 : 6;
    6F47 : 6;
    6F48 : D;
    6F49 : D;
    6F4A : 5;
    6F4B : 5;
    6F4C : 5;
    6F4D : 5;
    6F4E : 5;
    6F4F : 5;
    6F50 : D;
    6F51 : D;
    6F52 : D;
    6F53 : D;
    6F54 : D;
    6F55 : D;
    6F56 : 5;
    6F57 : 5;
    6F58 : 5;
    6F59 : 5;
    6F5A : 5;
    6F5B : 5;
    6F5C : D;
    6F5D : D;
    6F5E : D;
    6F5F : D;
    6F60 : D;
    6F61 : D;
    6F62 : D;
    6F63 : D;
    6F64 : D;
    6F65 : 5;
    6F66 : 5;
    6F67 : D;
    6F68 : D;
    6F69 : D;
    6F6A : 5;
    6F6B : D;
    6F6C : D;
    6F6D : D;
    6F6E : D;
    6F6F : D;
    6F70 : D;
    6F71 : D;
    6F72 : D;
    6F73 : D;
    6F74 : D;
    6F75 : D;
    6F76 : 5;
    6F77 : 5;
    6F78 : 5;
    6F79 : 5;
    6F7A : 5;
    6F7B : 5;
    6F7C : 5;
    6F7D : 5;
    6F7E : 5;
    6F7F : 5;
    6F80 : 5;
    6F81 : 5;
    6F82 : 5;
    6F83 : 5;
    6F84 : 5;
    6F85 : 5;
    6F86 : 5;
    6F87 : 5;
    6F88 : 5;
    6F89 : 5;
    6F8A : D;
    6F8B : D;
    6F8C : D;
    6F8D : 5;
    6F8E : 5;
    6F8F : 5;
    6F90 : 5;
    6F91 : 5;
    6F92 : 5;
    6F93 : 5;
    6F94 : 5;
    6F95 : 5;
    6F96 : 5;
    6F97 : 5;
    6F98 : 5;
    6F99 : 5;
    6F9A : 5;
    6F9B : 5;
    6F9C : 5;
    6F9D : 5;
    6F9E : 5;
    6F9F : 5;
    6FA0 : 5;
    6FA1 : 5;
    6FA2 : 5;
    6FA3 : 5;
    6FA4 : 5;
    6FA5 : 5;
    6FA6 : 5;
    6FA7 : 5;
    6FA8 : 5;
    6FA9 : 5;
    6FAA : 5;
    6FAB : 5;
    6FAC : 5;
    6FAD : 5;
    6FAE : 5;
    6FAF : 5;
    6FB0 : 5;
    6FB1 : 5;
    6FB2 : 5;
    6FB3 : 5;
    6FB4 : 5;
    6FB5 : 5;
    6FB6 : 5;
    6FB7 : 5;
    6FB8 : D;
    6FB9 : D;
    6FBA : D;
    6FBB : D;
    6FBC : D;
    6FBD : D;
    6FBE : D;
    6FBF : D;
    6FC0 : D;
    6FC1 : D;
    6FC2 : D;
    6FC3 : D;
    6FC4 : D;
    6FC5 : D;
    6FC6 : D;
    6FC7 : D;
    6FC8 : D;
    6FC9 : D;
    6FCA : D;
    6FCB : 5;
    6FCC : D;
    6FCD : D;
    6FCE : D;
    6FCF : 5;
    6FD0 : 5;
    6FD1 : D;
    6FD2 : D;
    6FD3 : D;
    6FD4 : D;
    6FD5 : D;
    6FD6 : D;
    6FD7 : 5;
    6FD8 : 5;
    6FD9 : 5;
    6FDA : D;
    6FDB : D;
    6FDC : D;
    6FDD : 5;
    6FDE : 5;
    6FDF : D;
    6FE0 : D;
    6FE1 : D;
    6FE2 : D;
    6FE3 : 5;
    6FE4 : 5;
    6FE5 : 5;
    6FE6 : 5;
    6FE7 : 1;
    6FE8 : 1;
    6FE9 : 5;
    6FEA : 5;
    6FEB : 1;
    6FEC : 5;
    6FED : 5;
    6FEE : 5;
    6FEF : 5;
    6FF0 : D;
    6FF1 : D;
    6FF2 : D;
    6FF3 : D;
    6FF4 : D;
    6FF5 : D;
    6FF6 : D;
    6FF7 : D;
    6FF8 : D;
    6FF9 : 5;
    6FFA : 5;
    6FFB : D;
    6FFC : 6;
    6FFD : D;
    6FFE : 5;
    6FFF : 1;
    7000 : 1;
    7001 : 1;
    7002 : 1;
    7003 : 1;
    7004 : 1;
    7005 : 1;
    7006 : 1;
    7007 : D;
    7008 : D;
    7009 : D;
    700A : 6;
    700B : 6;
    700C : 6;
    700D : 6;
    700E : D;
    700F : D;
    7010 : D;
    7011 : D;
    7012 : 5;
    7013 : 5;
    7014 : 5;
    7015 : 5;
    7016 : D;
    7017 : 5;
    7018 : 5;
    7019 : 5;
    701A : 5;
    701B : D;
    701C : 5;
    701D : 5;
    701E : 5;
    701F : 5;
    7020 : 5;
    7021 : 5;
    7022 : 5;
    7023 : D;
    7024 : D;
    7025 : D;
    7026 : D;
    7027 : D;
    7028 : D;
    7029 : D;
    702A : D;
    702B : D;
    702C : D;
    702D : 5;
    702E : D;
    702F : D;
    7030 : D;
    7031 : 5;
    7032 : 5;
    7033 : 5;
    7034 : 5;
    7035 : 5;
    7036 : D;
    7037 : D;
    7038 : D;
    7039 : D;
    703A : 5;
    703B : D;
    703C : D;
    703D : 5;
    703E : 5;
    703F : 5;
    7040 : 5;
    7041 : 5;
    7042 : 5;
    7043 : 5;
    7044 : 5;
    7045 : 5;
    7046 : 5;
    7047 : 5;
    7048 : 5;
    7049 : 5;
    704A : 5;
    704B : 5;
    704C : 5;
    704D : 5;
    704E : D;
    704F : D;
    7050 : D;
    7051 : D;
    7052 : D;
    7053 : 5;
    7054 : 5;
    7055 : 5;
    7056 : 5;
    7057 : 5;
    7058 : 5;
    7059 : 5;
    705A : 5;
    705B : 5;
    705C : 5;
    705D : 5;
    705E : 5;
    705F : 5;
    7060 : 5;
    7061 : 5;
    7062 : 5;
    7063 : 5;
    7064 : 5;
    7065 : 5;
    7066 : 5;
    7067 : 5;
    7068 : 5;
    7069 : 5;
    706A : 5;
    706B : 5;
    706C : 5;
    706D : 5;
    706E : 5;
    706F : 5;
    7070 : 5;
    7071 : 5;
    7072 : 5;
    7073 : 5;
    7074 : 5;
    7075 : 5;
    7076 : 5;
    7077 : 5;
    7078 : 5;
    7079 : 5;
    707A : 5;
    707B : 5;
    707C : 5;
    707D : 5;
    707E : 5;
    707F : 5;
    7080 : D;
    7081 : D;
    7082 : D;
    7083 : D;
    7084 : D;
    7085 : D;
    7086 : D;
    7087 : D;
    7088 : D;
    7089 : D;
    708A : 5;
    708B : D;
    708C : D;
    708D : D;
    708E : D;
    708F : D;
    7090 : D;
    7091 : D;
    7092 : 5;
    7093 : D;
    7094 : D;
    7095 : D;
    7096 : 5;
    7097 : 5;
    7098 : D;
    7099 : D;
    709A : D;
    709B : 5;
    709C : 5;
    709D : D;
    709E : D;
    709F : 5;
    70A0 : D;
    70A1 : 5;
    70A2 : D;
    70A3 : D;
    70A4 : D;
    70A5 : D;
    70A6 : D;
    70A7 : D;
    70A8 : D;
    70A9 : D;
    70AA : 5;
    70AB : 5;
    70AC : 5;
    70AD : 5;
    70AE : 5;
    70AF : 1;
    70B0 : 5;
    70B1 : 5;
    70B2 : 1;
    70B3 : 5;
    70B4 : 5;
    70B5 : 5;
    70B6 : D;
    70B7 : D;
    70B8 : D;
    70B9 : D;
    70BA : D;
    70BB : D;
    70BC : D;
    70BD : D;
    70BE : D;
    70BF : 5;
    70C0 : D;
    70C1 : 5;
    70C2 : D;
    70C3 : D;
    70C4 : D;
    70C5 : D;
    70C6 : 5;
    70C7 : 1;
    70C8 : 1;
    70C9 : 1;
    70CA : 1;
    70CB : 1;
    70CC : 1;
    70CD : 1;
    70CE : 1;
    70CF : 5;
    70D0 : 5;
    70D1 : 6;
    70D2 : 6;
    70D3 : 6;
    70D4 : 6;
    70D5 : D;
    70D6 : D;
    70D7 : D;
    70D8 : 5;
    70D9 : 5;
    70DA : 5;
    70DB : D;
    70DC : D;
    70DD : D;
    70DE : 5;
    70DF : 5;
    70E0 : 5;
    70E1 : 5;
    70E2 : 5;
    70E3 : 5;
    70E4 : 5;
    70E5 : 5;
    70E6 : 5;
    70E7 : 5;
    70E8 : 5;
    70E9 : 5;
    70EA : D;
    70EB : 5;
    70EC : 5;
    70ED : D;
    70EE : D;
    70EF : D;
    70F0 : D;
    70F1 : D;
    70F2 : D;
    70F3 : D;
    70F4 : 5;
    70F5 : 5;
    70F6 : 5;
    70F7 : D;
    70F8 : 5;
    70F9 : 5;
    70FA : 5;
    70FB : 5;
    70FC : 5;
    70FD : 5;
    70FE : 5;
    70FF : 5;
    7100 : D;
    7101 : D;
    7102 : 5;
    7103 : 5;
    7104 : 5;
    7105 : D;
    7106 : 5;
    7107 : 5;
    7108 : 5;
    7109 : 5;
    710A : 5;
    710B : 5;
    710C : 5;
    710D : 5;
    710E : 5;
    710F : 5;
    7110 : 5;
    7111 : 5;
    7112 : 5;
    7113 : 5;
    7114 : 5;
    7115 : D;
    7116 : D;
    7117 : D;
    7118 : D;
    7119 : D;
    711A : 5;
    711B : 5;
    711C : 5;
    711D : 5;
    711E : 5;
    711F : 5;
    7120 : 5;
    7121 : 5;
    7122 : 5;
    7123 : 5;
    7124 : 5;
    7125 : 5;
    7126 : 5;
    7127 : 5;
    7128 : 5;
    7129 : 5;
    712A : 5;
    712B : 5;
    712C : 5;
    712D : 5;
    712E : 5;
    712F : 5;
    7130 : 5;
    7131 : 5;
    7132 : 5;
    7133 : 5;
    7134 : 5;
    7135 : 5;
    7136 : 5;
    7137 : 5;
    7138 : 5;
    7139 : 5;
    713A : 5;
    713B : 5;
    713C : 5;
    713D : 5;
    713E : 5;
    713F : 5;
    7140 : 5;
    7141 : 5;
    7142 : 5;
    7143 : 5;
    7144 : 5;
    7145 : 5;
    7146 : 5;
    7147 : 5;
    7148 : D;
    7149 : D;
    714A : D;
    714B : D;
    714C : D;
    714D : D;
    714E : D;
    714F : D;
    7150 : D;
    7151 : D;
    7152 : D;
    7153 : D;
    7154 : D;
    7155 : D;
    7156 : D;
    7157 : D;
    7158 : D;
    7159 : D;
    715A : D;
    715B : D;
    715C : D;
    715D : D;
    715E : D;
    715F : D;
    7160 : D;
    7161 : D;
    7162 : D;
    7163 : D;
    7164 : D;
    7165 : D;
    7166 : 5;
    7167 : D;
    7168 : D;
    7169 : D;
    716A : D;
    716B : D;
    716C : D;
    716D : D;
    716E : D;
    716F : 5;
    7170 : D;
    7171 : D;
    7172 : D;
    7173 : D;
    7174 : D;
    7175 : 5;
    7176 : 5;
    7177 : D;
    7178 : 5;
    7179 : 5;
    717A : 5;
    717B : D;
    717C : D;
    717D : D;
    717E : D;
    717F : D;
    7180 : D;
    7181 : 6;
    7182 : 6;
    7183 : D;
    7184 : D;
    7185 : D;
    7186 : 5;
    7187 : 5;
    7188 : 5;
    7189 : D;
    718A : D;
    718B : D;
    718C : D;
    718D : D;
    718E : 5;
    718F : 1;
    7190 : 1;
    7191 : 1;
    7192 : 1;
    7193 : 1;
    7194 : 5;
    7195 : 5;
    7196 : 1;
    7197 : 1;
    7198 : 5;
    7199 : D;
    719A : D;
    719B : 6;
    719C : 6;
    719D : D;
    719E : D;
    719F : D;
    71A0 : 5;
    71A1 : 5;
    71A2 : 5;
    71A3 : 5;
    71A4 : 5;
    71A5 : D;
    71A6 : D;
    71A7 : 5;
    71A8 : 5;
    71A9 : 5;
    71AA : 5;
    71AB : 5;
    71AC : 5;
    71AD : 5;
    71AE : 5;
    71AF : 5;
    71B0 : 5;
    71B1 : 5;
    71B2 : 5;
    71B3 : 5;
    71B4 : 5;
    71B5 : 5;
    71B6 : D;
    71B7 : D;
    71B8 : D;
    71B9 : D;
    71BA : D;
    71BB : 5;
    71BC : 5;
    71BD : 5;
    71BE : 5;
    71BF : D;
    71C0 : 5;
    71C1 : 5;
    71C2 : 5;
    71C3 : 5;
    71C4 : 5;
    71C5 : 5;
    71C6 : D;
    71C7 : 5;
    71C8 : 5;
    71C9 : 5;
    71CA : 5;
    71CB : 5;
    71CC : 5;
    71CD : D;
    71CE : 5;
    71CF : 5;
    71D0 : 5;
    71D1 : 5;
    71D2 : 5;
    71D3 : 5;
    71D4 : 5;
    71D5 : 5;
    71D6 : 5;
    71D7 : 5;
    71D8 : 5;
    71D9 : 5;
    71DA : 5;
    71DB : 5;
    71DC : 5;
    71DD : D;
    71DE : D;
    71DF : D;
    71E0 : D;
    71E1 : D;
    71E2 : 5;
    71E3 : 5;
    71E4 : 5;
    71E5 : 5;
    71E6 : 5;
    71E7 : 5;
    71E8 : 5;
    71E9 : 5;
    71EA : 5;
    71EB : 5;
    71EC : 5;
    71ED : 5;
    71EE : 5;
    71EF : 5;
    71F0 : 5;
    71F1 : 5;
    71F2 : 5;
    71F3 : 5;
    71F4 : 5;
    71F5 : 5;
    71F6 : D;
    71F7 : D;
    71F8 : 5;
    71F9 : 5;
    71FA : 5;
    71FB : 5;
    71FC : 5;
    71FD : 5;
    71FE : 5;
    71FF : 5;
    7200 : 5;
    7201 : 5;
    7202 : 5;
    7203 : 5;
    7204 : 5;
    7205 : 5;
    7206 : 5;
    7207 : 5;
    7208 : 5;
    7209 : 5;
    720A : 5;
    720B : 5;
    720C : 5;
    720D : 5;
    720E : 5;
    720F : 5;
    7210 : D;
    7211 : D;
    7212 : D;
    7213 : D;
    7214 : D;
    7215 : D;
    7216 : D;
    7217 : D;
    7218 : D;
    7219 : D;
    721A : D;
    721B : D;
    721C : D;
    721D : D;
    721E : D;
    721F : D;
    7220 : D;
    7221 : D;
    7222 : D;
    7223 : D;
    7224 : D;
    7225 : D;
    7226 : D;
    7227 : D;
    7228 : D;
    7229 : D;
    722A : D;
    722B : D;
    722C : D;
    722D : 5;
    722E : 5;
    722F : D;
    7230 : D;
    7231 : D;
    7232 : D;
    7233 : D;
    7234 : D;
    7235 : D;
    7236 : 5;
    7237 : 5;
    7238 : D;
    7239 : D;
    723A : D;
    723B : D;
    723C : D;
    723D : D;
    723E : D;
    723F : 5;
    7240 : 5;
    7241 : D;
    7242 : D;
    7243 : D;
    7244 : D;
    7245 : D;
    7246 : D;
    7247 : D;
    7248 : 6;
    7249 : D;
    724A : 5;
    724B : 5;
    724C : D;
    724D : D;
    724E : 5;
    724F : 5;
    7250 : D;
    7251 : D;
    7252 : D;
    7253 : D;
    7254 : D;
    7255 : 5;
    7256 : 5;
    7257 : 1;
    7258 : 1;
    7259 : 1;
    725A : 1;
    725B : 1;
    725C : 5;
    725D : 5;
    725E : 1;
    725F : 5;
    7260 : 5;
    7261 : D;
    7262 : D;
    7263 : D;
    7264 : D;
    7265 : D;
    7266 : 5;
    7267 : 5;
    7268 : 5;
    7269 : 5;
    726A : 5;
    726B : 5;
    726C : 5;
    726D : 5;
    726E : D;
    726F : 5;
    7270 : 5;
    7271 : 5;
    7272 : 5;
    7273 : 5;
    7274 : 5;
    7275 : 5;
    7276 : 5;
    7277 : 5;
    7278 : 5;
    7279 : 5;
    727A : 5;
    727B : 5;
    727C : 5;
    727D : 5;
    727E : D;
    727F : D;
    7280 : D;
    7281 : D;
    7282 : D;
    7283 : 5;
    7284 : D;
    7285 : D;
    7286 : D;
    7287 : 5;
    7288 : 5;
    7289 : D;
    728A : D;
    728B : 5;
    728C : 5;
    728D : D;
    728E : D;
    728F : D;
    7290 : D;
    7291 : 5;
    7292 : 5;
    7293 : 5;
    7294 : 5;
    7295 : 5;
    7296 : 5;
    7297 : 5;
    7298 : D;
    7299 : D;
    729A : D;
    729B : 5;
    729C : 5;
    729D : 5;
    729E : 5;
    729F : 5;
    72A0 : 5;
    72A1 : 5;
    72A2 : 5;
    72A3 : 5;
    72A4 : 5;
    72A5 : D;
    72A6 : D;
    72A7 : 5;
    72A8 : 5;
    72A9 : 5;
    72AA : 5;
    72AB : 5;
    72AC : 5;
    72AD : 5;
    72AE : 5;
    72AF : 5;
    72B0 : 5;
    72B1 : 5;
    72B2 : 5;
    72B3 : 5;
    72B4 : 5;
    72B5 : 5;
    72B6 : 5;
    72B7 : 5;
    72B8 : 5;
    72B9 : 5;
    72BA : 5;
    72BB : 5;
    72BC : 5;
    72BD : 5;
    72BE : 5;
    72BF : 5;
    72C0 : 5;
    72C1 : 5;
    72C2 : 5;
    72C3 : 5;
    72C4 : 5;
    72C5 : 5;
    72C6 : 5;
    72C7 : 5;
    72C8 : 5;
    72C9 : 5;
    72CA : 5;
    72CB : 5;
    72CC : 5;
    72CD : 5;
    72CE : 5;
    72CF : 5;
    72D0 : 5;
    72D1 : 5;
    72D2 : 5;
    72D3 : 5;
    72D4 : 5;
    72D5 : 5;
    72D6 : 5;
    72D7 : 5;
    72D8 : D;
    72D9 : D;
    72DA : D;
    72DB : D;
    72DC : D;
    72DD : D;
    72DE : D;
    72DF : D;
    72E0 : D;
    72E1 : D;
    72E2 : D;
    72E3 : D;
    72E4 : D;
    72E5 : D;
    72E6 : D;
    72E7 : D;
    72E8 : D;
    72E9 : D;
    72EA : D;
    72EB : D;
    72EC : D;
    72ED : D;
    72EE : D;
    72EF : D;
    72F0 : D;
    72F1 : D;
    72F2 : D;
    72F3 : D;
    72F4 : D;
    72F5 : D;
    72F6 : D;
    72F7 : D;
    72F8 : D;
    72F9 : D;
    72FA : D;
    72FB : D;
    72FC : D;
    72FD : 5;
    72FE : 5;
    72FF : D;
    7300 : D;
    7301 : D;
    7302 : D;
    7303 : 5;
    7304 : D;
    7305 : D;
    7306 : 5;
    7307 : 5;
    7308 : D;
    7309 : D;
    730A : D;
    730B : 5;
    730C : D;
    730D : D;
    730E : 6;
    730F : D;
    7310 : D;
    7311 : 5;
    7312 : 5;
    7313 : 5;
    7314 : 5;
    7315 : 5;
    7316 : 5;
    7317 : D;
    7318 : D;
    7319 : D;
    731A : D;
    731B : D;
    731C : D;
    731D : D;
    731E : 5;
    731F : 1;
    7320 : 1;
    7321 : 1;
    7322 : 1;
    7323 : 1;
    7324 : 1;
    7325 : 1;
    7326 : 1;
    7327 : 5;
    7328 : D;
    7329 : D;
    732A : D;
    732B : D;
    732C : 5;
    732D : 5;
    732E : 5;
    732F : 5;
    7330 : 1;
    7331 : 5;
    7332 : 5;
    7333 : 5;
    7334 : 5;
    7335 : 5;
    7336 : 5;
    7337 : 5;
    7338 : 5;
    7339 : 5;
    733A : 5;
    733B : 5;
    733C : 5;
    733D : 5;
    733E : 5;
    733F : 5;
    7340 : 5;
    7341 : 5;
    7342 : 5;
    7343 : D;
    7344 : 5;
    7345 : D;
    7346 : D;
    7347 : D;
    7348 : D;
    7349 : D;
    734A : D;
    734B : D;
    734C : D;
    734D : 5;
    734E : 5;
    734F : D;
    7350 : D;
    7351 : D;
    7352 : D;
    7353 : D;
    7354 : D;
    7355 : D;
    7356 : 5;
    7357 : 5;
    7358 : D;
    7359 : 5;
    735A : 5;
    735B : 5;
    735C : 5;
    735D : 5;
    735E : 5;
    735F : D;
    7360 : D;
    7361 : D;
    7362 : D;
    7363 : D;
    7364 : D;
    7365 : 5;
    7366 : 5;
    7367 : 5;
    7368 : 5;
    7369 : 5;
    736A : 5;
    736B : 5;
    736C : 5;
    736D : 5;
    736E : 5;
    736F : 5;
    7370 : 5;
    7371 : 5;
    7372 : 5;
    7373 : 5;
    7374 : 5;
    7375 : 5;
    7376 : 5;
    7377 : 5;
    7378 : 5;
    7379 : 5;
    737A : 5;
    737B : 5;
    737C : 5;
    737D : 5;
    737E : 5;
    737F : 5;
    7380 : 5;
    7381 : 5;
    7382 : 5;
    7383 : 5;
    7384 : 5;
    7385 : 5;
    7386 : 5;
    7387 : 5;
    7388 : 5;
    7389 : 5;
    738A : 5;
    738B : 5;
    738C : 5;
    738D : 5;
    738E : 5;
    738F : 5;
    7390 : 5;
    7391 : 5;
    7392 : 5;
    7393 : 5;
    7394 : 5;
    7395 : 5;
    7396 : 5;
    7397 : 5;
    7398 : 5;
    7399 : 5;
    739A : 5;
    739B : 5;
    739C : 5;
    739D : 5;
    739E : 5;
    739F : 5;
    73A0 : D;
    73A1 : D;
    73A2 : D;
    73A3 : 5;
    73A4 : 5;
    73A5 : D;
    73A6 : D;
    73A7 : D;
    73A8 : D;
    73A9 : D;
    73AA : D;
    73AB : D;
    73AC : D;
    73AD : D;
    73AE : D;
    73AF : D;
    73B0 : D;
    73B1 : D;
    73B2 : D;
    73B3 : D;
    73B4 : D;
    73B5 : D;
    73B6 : D;
    73B7 : D;
    73B8 : D;
    73B9 : D;
    73BA : D;
    73BB : D;
    73BC : D;
    73BD : D;
    73BE : D;
    73BF : D;
    73C0 : D;
    73C1 : D;
    73C2 : D;
    73C3 : D;
    73C4 : 5;
    73C5 : D;
    73C6 : D;
    73C7 : D;
    73C8 : D;
    73C9 : D;
    73CA : 5;
    73CB : D;
    73CC : D;
    73CD : D;
    73CE : D;
    73CF : D;
    73D0 : D;
    73D1 : D;
    73D2 : 5;
    73D3 : D;
    73D4 : 6;
    73D5 : D;
    73D6 : 5;
    73D7 : D;
    73D8 : 5;
    73D9 : 5;
    73DA : 5;
    73DB : D;
    73DC : D;
    73DD : 1;
    73DE : 5;
    73DF : D;
    73E0 : D;
    73E1 : D;
    73E2 : D;
    73E3 : D;
    73E4 : D;
    73E5 : D;
    73E6 : 5;
    73E7 : 1;
    73E8 : 1;
    73E9 : 1;
    73EA : 1;
    73EB : 1;
    73EC : 5;
    73ED : 5;
    73EE : 5;
    73EF : 5;
    73F0 : D;
    73F1 : D;
    73F2 : D;
    73F3 : 5;
    73F4 : 5;
    73F5 : 5;
    73F6 : 5;
    73F7 : 5;
    73F8 : 5;
    73F9 : 1;
    73FA : 5;
    73FB : 5;
    73FC : 5;
    73FD : 5;
    73FE : 5;
    73FF : 5;
    7400 : 5;
    7401 : 5;
    7402 : 5;
    7403 : 5;
    7404 : 5;
    7405 : 5;
    7406 : 5;
    7407 : 5;
    7408 : 5;
    7409 : 5;
    740A : D;
    740B : D;
    740C : D;
    740D : D;
    740E : D;
    740F : D;
    7410 : D;
    7411 : D;
    7412 : D;
    7413 : D;
    7414 : D;
    7415 : 5;
    7416 : D;
    7417 : D;
    7418 : D;
    7419 : D;
    741A : D;
    741B : D;
    741C : D;
    741D : 5;
    741E : 5;
    741F : 5;
    7420 : 5;
    7421 : 5;
    7422 : 5;
    7423 : 5;
    7424 : 5;
    7425 : 5;
    7426 : 5;
    7427 : D;
    7428 : D;
    7429 : D;
    742A : D;
    742B : D;
    742C : 5;
    742D : 5;
    742E : 5;
    742F : 5;
    7430 : 5;
    7431 : 5;
    7432 : 5;
    7433 : 5;
    7434 : 5;
    7435 : 5;
    7436 : 5;
    7437 : 5;
    7438 : 5;
    7439 : 5;
    743A : 5;
    743B : 5;
    743C : 5;
    743D : 5;
    743E : 5;
    743F : 5;
    7440 : 5;
    7441 : 5;
    7442 : 5;
    7443 : 5;
    7444 : 5;
    7445 : 5;
    7446 : 5;
    7447 : 5;
    7448 : 5;
    7449 : D;
    744A : D;
    744B : 5;
    744C : 5;
    744D : 5;
    744E : 5;
    744F : 5;
    7450 : 5;
    7451 : 5;
    7452 : 5;
    7453 : 5;
    7454 : 5;
    7455 : 5;
    7456 : 5;
    7457 : 5;
    7458 : 5;
    7459 : 5;
    745A : 5;
    745B : 5;
    745C : 5;
    745D : 5;
    745E : 5;
    745F : 5;
    7460 : 5;
    7461 : 5;
    7462 : 5;
    7463 : 5;
    7464 : 5;
    7465 : 5;
    7466 : 5;
    7467 : 5;
    7468 : D;
    7469 : D;
    746A : 5;
    746B : D;
    746C : D;
    746D : D;
    746E : D;
    746F : D;
    7470 : D;
    7471 : D;
    7472 : D;
    7473 : D;
    7474 : D;
    7475 : D;
    7476 : D;
    7477 : D;
    7478 : D;
    7479 : D;
    747A : D;
    747B : D;
    747C : D;
    747D : D;
    747E : D;
    747F : D;
    7480 : D;
    7481 : D;
    7482 : D;
    7483 : D;
    7484 : D;
    7485 : D;
    7486 : D;
    7487 : D;
    7488 : D;
    7489 : D;
    748A : D;
    748B : D;
    748C : D;
    748D : D;
    748E : D;
    748F : D;
    7490 : D;
    7491 : D;
    7492 : D;
    7493 : D;
    7494 : D;
    7495 : D;
    7496 : D;
    7497 : D;
    7498 : D;
    7499 : D;
    749A : D;
    749B : 6;
    749C : D;
    749D : D;
    749E : D;
    749F : 5;
    74A0 : 5;
    74A1 : D;
    74A2 : D;
    74A3 : D;
    74A4 : 5;
    74A5 : 1;
    74A6 : 5;
    74A7 : D;
    74A8 : D;
    74A9 : D;
    74AA : D;
    74AB : D;
    74AC : D;
    74AD : D;
    74AE : 5;
    74AF : 1;
    74B0 : 1;
    74B1 : 1;
    74B2 : 1;
    74B3 : 1;
    74B4 : 5;
    74B5 : D;
    74B6 : 5;
    74B7 : 5;
    74B8 : 6;
    74B9 : 6;
    74BA : D;
    74BB : 5;
    74BC : D;
    74BD : D;
    74BE : 5;
    74BF : D;
    74C0 : 5;
    74C1 : 1;
    74C2 : 5;
    74C3 : 5;
    74C4 : 5;
    74C5 : 5;
    74C6 : 5;
    74C7 : 5;
    74C8 : 5;
    74C9 : 5;
    74CA : 5;
    74CB : D;
    74CC : 5;
    74CD : 5;
    74CE : 5;
    74CF : 5;
    74D0 : D;
    74D1 : D;
    74D2 : D;
    74D3 : D;
    74D4 : D;
    74D5 : D;
    74D6 : D;
    74D7 : D;
    74D8 : D;
    74D9 : D;
    74DA : D;
    74DB : D;
    74DC : D;
    74DD : D;
    74DE : D;
    74DF : 5;
    74E0 : D;
    74E1 : 5;
    74E2 : 5;
    74E3 : 5;
    74E4 : 5;
    74E5 : 5;
    74E6 : 5;
    74E7 : 5;
    74E8 : 5;
    74E9 : 5;
    74EA : 5;
    74EB : 5;
    74EC : 5;
    74ED : D;
    74EE : D;
    74EF : D;
    74F0 : D;
    74F1 : D;
    74F2 : D;
    74F3 : D;
    74F4 : 5;
    74F5 : 5;
    74F6 : 5;
    74F7 : 5;
    74F8 : 5;
    74F9 : 5;
    74FA : D;
    74FB : D;
    74FC : 5;
    74FD : 5;
    74FE : 5;
    74FF : 5;
    7500 : 5;
    7501 : 5;
    7502 : 5;
    7503 : 5;
    7504 : 5;
    7505 : 5;
    7506 : 5;
    7507 : 5;
    7508 : 5;
    7509 : 5;
    750A : 5;
    750B : 5;
    750C : 5;
    750D : 5;
    750E : 5;
    750F : 5;
    7510 : 5;
    7511 : 5;
    7512 : 5;
    7513 : 5;
    7514 : 5;
    7515 : 5;
    7516 : 5;
    7517 : 5;
    7518 : 5;
    7519 : 5;
    751A : 5;
    751B : 5;
    751C : 5;
    751D : 5;
    751E : 5;
    751F : 5;
    7520 : 5;
    7521 : 5;
    7522 : 5;
    7523 : 5;
    7524 : 5;
    7525 : 5;
    7526 : 5;
    7527 : 5;
    7528 : 5;
    7529 : 5;
    752A : 5;
    752B : 5;
    752C : 5;
    752D : 5;
    752E : 5;
    752F : 5;
END;
