DEPTH = 32768;
WIDTH = 4;

ADDRESS_RADIX = HEX;
DATA_RADIX = HEX;

CONTENT BEGIN
    0 : 09;
    1 : 09;
    2 : 09;
    3 : 09;
    4 : 09;
    5 : 09;
    6 : 09;
    7 : 09;
    8 : 09;
    9 : 08;
    A : 04;
    B : 02;
    C : 02;
    D : 02;
    E : 02;
    F : 02;
    10 : 02;
    11 : 02;
    12 : 02;
    13 : 01;
    14 : 06;
    15 : 06;
    16 : 04;
    17 : 04;
    18 : 04;
    19 : 03;
    1A : 01;
    1B : 01;
    1C : 01;
    1D : 01;
    1E : 01;
    1F : 00;
    20 : 00;
    21 : 00;
    22 : 00;
    23 : 04;
    24 : 04;
    25 : 01;
    26 : 02;
    27 : 02;
    28 : 00;
    29 : 00;
    2A : 03;
    2B : 03;
    2C : 03;
    2D : 03;
    2E : 04;
    2F : 05;
    30 : 04;
    31 : 04;
    32 : 05;
    33 : 05;
    34 : 04;
    35 : 02;
    36 : 00;
    37 : 01;
    38 : 04;
    39 : 04;
    3A : 03;
    3B : 02;
    3C : 06;
    3D : 05;
    3E : 04;
    3F : 01;
    40 : 03;
    41 : 04;
    42 : 05;
    43 : 05;
    44 : 03;
    45 : 03;
    46 : 03;
    47 : 03;
    48 : 02;
    49 : 02;
    4A : 01;
    4B : 01;
    4C : 00;
    4D : 00;
    4E : 00;
    4F : 00;
    50 : 02;
    51 : 04;
    52 : 04;
    53 : 03;
    54 : 03;
    55 : 01;
    56 : 00;
    57 : 01;
    58 : 05;
    59 : 04;
    5A : 04;
    5B : 04;
    5C : 05;
    5D : 05;
    5E : 04;
    5F : 04;
    60 : 05;
    61 : 05;
    62 : 05;
    63 : 05;
    64 : 05;
    65 : 05;
    66 : 06;
    67 : 05;
    68 : 01;
    69 : 04;
    6A : 05;
    6B : 06;
    6C : 05;
    6D : 05;
    6E : 03;
    6F : 00;
    70 : 00;
    71 : 02;
    72 : 04;
    73 : 03;
    74 : 04;
    75 : 06;
    76 : 03;
    77 : 03;
    78 : 01;
    79 : 00;
    7A : 00;
    7B : 08;
    7C : 09;
    7D : 02;
    7E : 05;
    7F : 07;
    80 : 04;
    81 : 02;
    82 : 03;
    83 : 03;
    84 : 04;
    85 : 03;
    86 : 04;
    87 : 04;
    88 : 05;
    89 : 07;
    8A : 05;
    8B : 03;
    8C : 03;
    8D : 04;
    8E : 04;
    8F : 08;
    90 : 07;
    91 : 0A;
    92 : 07;
    93 : 04;
    94 : 05;
    95 : 05;
    96 : 05;
    97 : 05;
    98 : 05;
    99 : 05;
    9A : 05;
    9B : 04;
    9C : 09;
    9D : 0B;
    9E : 0C;
    9F : 0C;
    A0 : 09;
    A1 : 09;
    A2 : 09;
    A3 : 09;
    A4 : 09;
    A5 : 09;
    A6 : 09;
    A7 : 09;
    A8 : 09;
    A9 : 09;
    AA : 08;
    AB : 03;
    AC : 02;
    AD : 02;
    AE : 02;
    AF : 02;
    B0 : 02;
    B1 : 02;
    B2 : 02;
    B3 : 01;
    B4 : 03;
    B5 : 06;
    B6 : 04;
    B7 : 05;
    B8 : 05;
    B9 : 03;
    BA : 03;
    BB : 04;
    BC : 04;
    BD : 04;
    BE : 04;
    BF : 04;
    C0 : 04;
    C1 : 04;
    C2 : 02;
    C3 : 01;
    C4 : 04;
    C5 : 04;
    C6 : 06;
    C7 : 06;
    C8 : 04;
    C9 : 04;
    CA : 05;
    CB : 05;
    CC : 05;
    CD : 05;
    CE : 04;
    CF : 04;
    D0 : 05;
    D1 : 05;
    D2 : 05;
    D3 : 05;
    D4 : 05;
    D5 : 04;
    D6 : 03;
    D7 : 00;
    D8 : 02;
    D9 : 04;
    DA : 04;
    DB : 00;
    DC : 03;
    DD : 06;
    DE : 06;
    DF : 03;
    E0 : 01;
    E1 : 04;
    E2 : 05;
    E3 : 04;
    E4 : 02;
    E5 : 03;
    E6 : 03;
    E7 : 03;
    E8 : 02;
    E9 : 01;
    EA : 00;
    EB : 00;
    EC : 00;
    ED : 00;
    EE : 00;
    EF : 03;
    F0 : 04;
    F1 : 05;
    F2 : 04;
    F3 : 04;
    F4 : 03;
    F5 : 01;
    F6 : 01;
    F7 : 00;
    F8 : 03;
    F9 : 04;
    FA : 04;
    FB : 04;
    FC : 05;
    FD : 05;
    FE : 05;
    FF : 05;
    100 : 04;
    101 : 04;
    102 : 05;
    103 : 05;
    104 : 05;
    105 : 06;
    106 : 05;
    107 : 04;
    108 : 04;
    109 : 05;
    10A : 05;
    10B : 05;
    10C : 05;
    10D : 03;
    10E : 00;
    10F : 01;
    110 : 02;
    111 : 03;
    112 : 04;
    113 : 04;
    114 : 05;
    115 : 05;
    116 : 05;
    117 : 03;
    118 : 02;
    119 : 00;
    11A : 01;
    11B : 0B;
    11C : 03;
    11D : 02;
    11E : 01;
    11F : 00;
    120 : 01;
    121 : 05;
    122 : 07;
    123 : 06;
    124 : 05;
    125 : 05;
    126 : 03;
    127 : 04;
    128 : 05;
    129 : 05;
    12A : 06;
    12B : 04;
    12C : 03;
    12D : 04;
    12E : 04;
    12F : 05;
    130 : 08;
    131 : 09;
    132 : 07;
    133 : 05;
    134 : 04;
    135 : 05;
    136 : 05;
    137 : 05;
    138 : 05;
    139 : 05;
    13A : 05;
    13B : 05;
    13C : 05;
    13D : 08;
    13E : 0A;
    13F : 0C;
    140 : 09;
    141 : 09;
    142 : 09;
    143 : 09;
    144 : 09;
    145 : 09;
    146 : 09;
    147 : 09;
    148 : 09;
    149 : 09;
    14A : 09;
    14B : 07;
    14C : 03;
    14D : 02;
    14E : 02;
    14F : 02;
    150 : 02;
    151 : 02;
    152 : 02;
    153 : 02;
    154 : 02;
    155 : 05;
    156 : 04;
    157 : 05;
    158 : 04;
    159 : 03;
    15A : 04;
    15B : 04;
    15C : 04;
    15D : 04;
    15E : 05;
    15F : 04;
    160 : 01;
    161 : 01;
    162 : 04;
    163 : 04;
    164 : 04;
    165 : 05;
    166 : 02;
    167 : 02;
    168 : 00;
    169 : 04;
    16A : 05;
    16B : 05;
    16C : 05;
    16D : 05;
    16E : 05;
    16F : 04;
    170 : 05;
    171 : 05;
    172 : 05;
    173 : 05;
    174 : 05;
    175 : 05;
    176 : 05;
    177 : 04;
    178 : 01;
    179 : 01;
    17A : 01;
    17B : 01;
    17C : 01;
    17D : 03;
    17E : 06;
    17F : 06;
    180 : 03;
    181 : 02;
    182 : 05;
    183 : 05;
    184 : 03;
    185 : 03;
    186 : 02;
    187 : 01;
    188 : 01;
    189 : 02;
    18A : 02;
    18B : 01;
    18C : 02;
    18D : 03;
    18E : 05;
    18F : 05;
    190 : 05;
    191 : 05;
    192 : 05;
    193 : 03;
    194 : 02;
    195 : 02;
    196 : 02;
    197 : 00;
    198 : 00;
    199 : 05;
    19A : 04;
    19B : 04;
    19C : 03;
    19D : 04;
    19E : 05;
    19F : 05;
    1A0 : 05;
    1A1 : 05;
    1A2 : 05;
    1A3 : 06;
    1A4 : 06;
    1A5 : 06;
    1A6 : 05;
    1A7 : 05;
    1A8 : 04;
    1A9 : 04;
    1AA : 05;
    1AB : 05;
    1AC : 03;
    1AD : 00;
    1AE : 00;
    1AF : 02;
    1B0 : 01;
    1B1 : 03;
    1B2 : 04;
    1B3 : 05;
    1B4 : 05;
    1B5 : 04;
    1B6 : 06;
    1B7 : 06;
    1B8 : 03;
    1B9 : 00;
    1BA : 03;
    1BB : 07;
    1BC : 00;
    1BD : 00;
    1BE : 00;
    1BF : 04;
    1C0 : 09;
    1C1 : 09;
    1C2 : 09;
    1C3 : 09;
    1C4 : 09;
    1C5 : 09;
    1C6 : 08;
    1C7 : 06;
    1C8 : 05;
    1C9 : 05;
    1CA : 05;
    1CB : 05;
    1CC : 02;
    1CD : 04;
    1CE : 04;
    1CF : 04;
    1D0 : 07;
    1D1 : 09;
    1D2 : 07;
    1D3 : 04;
    1D4 : 03;
    1D5 : 04;
    1D6 : 05;
    1D7 : 05;
    1D8 : 05;
    1D9 : 05;
    1DA : 04;
    1DB : 06;
    1DC : 05;
    1DD : 06;
    1DE : 09;
    1DF : 0A;
    1E0 : 09;
    1E1 : 09;
    1E2 : 09;
    1E3 : 09;
    1E4 : 09;
    1E5 : 09;
    1E6 : 09;
    1E7 : 09;
    1E8 : 09;
    1E9 : 09;
    1EA : 09;
    1EB : 09;
    1EC : 06;
    1ED : 02;
    1EE : 02;
    1EF : 02;
    1F0 : 02;
    1F1 : 02;
    1F2 : 02;
    1F3 : 02;
    1F4 : 02;
    1F5 : 03;
    1F6 : 04;
    1F7 : 05;
    1F8 : 05;
    1F9 : 04;
    1FA : 03;
    1FB : 04;
    1FC : 04;
    1FD : 05;
    1FE : 05;
    1FF : 01;
    200 : 00;
    201 : 00;
    202 : 00;
    203 : 01;
    204 : 04;
    205 : 04;
    206 : 00;
    207 : 02;
    208 : 00;
    209 : 03;
    20A : 05;
    20B : 05;
    20C : 05;
    20D : 05;
    20E : 05;
    20F : 03;
    210 : 04;
    211 : 05;
    212 : 05;
    213 : 05;
    214 : 06;
    215 : 05;
    216 : 04;
    217 : 05;
    218 : 04;
    219 : 02;
    21A : 01;
    21B : 02;
    21C : 00;
    21D : 00;
    21E : 02;
    21F : 05;
    220 : 06;
    221 : 04;
    222 : 01;
    223 : 04;
    224 : 04;
    225 : 00;
    226 : 02;
    227 : 02;
    228 : 02;
    229 : 03;
    22A : 04;
    22B : 05;
    22C : 06;
    22D : 05;
    22E : 06;
    22F : 05;
    230 : 06;
    231 : 05;
    232 : 04;
    233 : 03;
    234 : 03;
    235 : 03;
    236 : 02;
    237 : 00;
    238 : 00;
    239 : 00;
    23A : 05;
    23B : 05;
    23C : 04;
    23D : 03;
    23E : 04;
    23F : 04;
    240 : 04;
    241 : 05;
    242 : 05;
    243 : 05;
    244 : 04;
    245 : 05;
    246 : 06;
    247 : 06;
    248 : 05;
    249 : 05;
    24A : 05;
    24B : 02;
    24C : 02;
    24D : 00;
    24E : 00;
    24F : 02;
    250 : 01;
    251 : 03;
    252 : 04;
    253 : 05;
    254 : 05;
    255 : 04;
    256 : 05;
    257 : 08;
    258 : 07;
    259 : 04;
    25A : 09;
    25B : 05;
    25C : 00;
    25D : 00;
    25E : 02;
    25F : 07;
    260 : 05;
    261 : 04;
    262 : 05;
    263 : 05;
    264 : 06;
    265 : 07;
    266 : 07;
    267 : 06;
    268 : 07;
    269 : 06;
    26A : 05;
    26B : 04;
    26C : 03;
    26D : 03;
    26E : 04;
    26F : 05;
    270 : 05;
    271 : 08;
    272 : 08;
    273 : 0A;
    274 : 09;
    275 : 04;
    276 : 05;
    277 : 05;
    278 : 05;
    279 : 05;
    27A : 05;
    27B : 05;
    27C : 07;
    27D : 04;
    27E : 08;
    27F : 0A;
    280 : 09;
    281 : 09;
    282 : 09;
    283 : 09;
    284 : 09;
    285 : 09;
    286 : 09;
    287 : 09;
    288 : 09;
    289 : 09;
    28A : 09;
    28B : 09;
    28C : 09;
    28D : 05;
    28E : 02;
    28F : 02;
    290 : 03;
    291 : 02;
    292 : 02;
    293 : 02;
    294 : 02;
    295 : 01;
    296 : 03;
    297 : 05;
    298 : 05;
    299 : 04;
    29A : 04;
    29B : 05;
    29C : 05;
    29D : 05;
    29E : 03;
    29F : 00;
    2A0 : 00;
    2A1 : 00;
    2A2 : 00;
    2A3 : 01;
    2A4 : 05;
    2A5 : 04;
    2A6 : 01;
    2A7 : 00;
    2A8 : 01;
    2A9 : 00;
    2AA : 01;
    2AB : 05;
    2AC : 05;
    2AD : 05;
    2AE : 05;
    2AF : 04;
    2B0 : 04;
    2B1 : 04;
    2B2 : 04;
    2B3 : 04;
    2B4 : 04;
    2B5 : 05;
    2B6 : 05;
    2B7 : 05;
    2B8 : 04;
    2B9 : 04;
    2BA : 03;
    2BB : 01;
    2BC : 01;
    2BD : 02;
    2BE : 02;
    2BF : 02;
    2C0 : 04;
    2C1 : 05;
    2C2 : 04;
    2C3 : 03;
    2C4 : 04;
    2C5 : 03;
    2C6 : 04;
    2C7 : 04;
    2C8 : 03;
    2C9 : 03;
    2CA : 03;
    2CB : 04;
    2CC : 04;
    2CD : 05;
    2CE : 05;
    2CF : 04;
    2D0 : 04;
    2D1 : 04;
    2D2 : 04;
    2D3 : 04;
    2D4 : 04;
    2D5 : 03;
    2D6 : 03;
    2D7 : 01;
    2D8 : 02;
    2D9 : 03;
    2DA : 01;
    2DB : 04;
    2DC : 06;
    2DD : 05;
    2DE : 04;
    2DF : 05;
    2E0 : 05;
    2E1 : 05;
    2E2 : 04;
    2E3 : 05;
    2E4 : 05;
    2E5 : 05;
    2E6 : 06;
    2E7 : 06;
    2E8 : 05;
    2E9 : 04;
    2EA : 03;
    2EB : 03;
    2EC : 05;
    2ED : 04;
    2EE : 00;
    2EF : 02;
    2F0 : 02;
    2F1 : 03;
    2F2 : 04;
    2F3 : 04;
    2F4 : 06;
    2F5 : 04;
    2F6 : 04;
    2F7 : 07;
    2F8 : 0A;
    2F9 : 0B;
    2FA : 08;
    2FB : 04;
    2FC : 00;
    2FD : 00;
    2FE : 04;
    2FF : 01;
    300 : 01;
    301 : 03;
    302 : 03;
    303 : 04;
    304 : 05;
    305 : 06;
    306 : 06;
    307 : 06;
    308 : 07;
    309 : 06;
    30A : 05;
    30B : 05;
    30C : 04;
    30D : 03;
    30E : 04;
    30F : 04;
    310 : 04;
    311 : 06;
    312 : 09;
    313 : 0C;
    314 : 0C;
    315 : 08;
    316 : 04;
    317 : 05;
    318 : 05;
    319 : 05;
    31A : 05;
    31B : 05;
    31C : 06;
    31D : 07;
    31E : 05;
    31F : 08;
    320 : 0A;
    321 : 0A;
    322 : 0A;
    323 : 0A;
    324 : 09;
    325 : 09;
    326 : 09;
    327 : 09;
    328 : 09;
    329 : 09;
    32A : 09;
    32B : 09;
    32C : 09;
    32D : 09;
    32E : 04;
    32F : 02;
    330 : 02;
    331 : 02;
    332 : 02;
    333 : 02;
    334 : 02;
    335 : 02;
    336 : 02;
    337 : 04;
    338 : 04;
    339 : 04;
    33A : 05;
    33B : 05;
    33C : 05;
    33D : 04;
    33E : 03;
    33F : 01;
    340 : 00;
    341 : 00;
    342 : 00;
    343 : 00;
    344 : 04;
    345 : 03;
    346 : 03;
    347 : 00;
    348 : 00;
    349 : 00;
    34A : 00;
    34B : 00;
    34C : 01;
    34D : 04;
    34E : 04;
    34F : 03;
    350 : 00;
    351 : 02;
    352 : 03;
    353 : 00;
    354 : 02;
    355 : 00;
    356 : 00;
    357 : 03;
    358 : 04;
    359 : 02;
    35A : 02;
    35B : 03;
    35C : 03;
    35D : 03;
    35E : 03;
    35F : 03;
    360 : 04;
    361 : 03;
    362 : 04;
    363 : 04;
    364 : 03;
    365 : 03;
    366 : 04;
    367 : 04;
    368 : 04;
    369 : 04;
    36A : 04;
    36B : 04;
    36C : 04;
    36D : 04;
    36E : 04;
    36F : 04;
    370 : 04;
    371 : 04;
    372 : 05;
    373 : 04;
    374 : 04;
    375 : 03;
    376 : 04;
    377 : 03;
    378 : 03;
    379 : 05;
    37A : 05;
    37B : 03;
    37C : 03;
    37D : 04;
    37E : 05;
    37F : 05;
    380 : 05;
    381 : 05;
    382 : 05;
    383 : 05;
    384 : 05;
    385 : 05;
    386 : 05;
    387 : 05;
    388 : 04;
    389 : 01;
    38A : 00;
    38B : 04;
    38C : 05;
    38D : 05;
    38E : 03;
    38F : 00;
    390 : 02;
    391 : 03;
    392 : 04;
    393 : 04;
    394 : 05;
    395 : 06;
    396 : 04;
    397 : 05;
    398 : 07;
    399 : 08;
    39A : 0A;
    39B : 0B;
    39C : 09;
    39D : 07;
    39E : 05;
    39F : 01;
    3A0 : 00;
    3A1 : 01;
    3A2 : 01;
    3A3 : 02;
    3A4 : 03;
    3A5 : 05;
    3A6 : 06;
    3A7 : 05;
    3A8 : 05;
    3A9 : 05;
    3AA : 05;
    3AB : 05;
    3AC : 04;
    3AD : 03;
    3AE : 04;
    3AF : 04;
    3B0 : 04;
    3B1 : 04;
    3B2 : 08;
    3B3 : 09;
    3B4 : 09;
    3B5 : 07;
    3B6 : 04;
    3B7 : 04;
    3B8 : 04;
    3B9 : 04;
    3BA : 04;
    3BB : 04;
    3BC : 08;
    3BD : 0B;
    3BE : 0A;
    3BF : 05;
    3C0 : 0A;
    3C1 : 0A;
    3C2 : 0A;
    3C3 : 0A;
    3C4 : 0A;
    3C5 : 0A;
    3C6 : 09;
    3C7 : 09;
    3C8 : 09;
    3C9 : 09;
    3CA : 09;
    3CB : 09;
    3CC : 09;
    3CD : 09;
    3CE : 08;
    3CF : 03;
    3D0 : 01;
    3D1 : 01;
    3D2 : 02;
    3D3 : 02;
    3D4 : 02;
    3D5 : 03;
    3D6 : 02;
    3D7 : 01;
    3D8 : 02;
    3D9 : 03;
    3DA : 04;
    3DB : 04;
    3DC : 05;
    3DD : 04;
    3DE : 03;
    3DF : 05;
    3E0 : 04;
    3E1 : 03;
    3E2 : 01;
    3E3 : 00;
    3E4 : 04;
    3E5 : 04;
    3E6 : 03;
    3E7 : 03;
    3E8 : 00;
    3E9 : 00;
    3EA : 00;
    3EB : 00;
    3EC : 01;
    3ED : 02;
    3EE : 02;
    3EF : 02;
    3F0 : 00;
    3F1 : 00;
    3F2 : 01;
    3F3 : 00;
    3F4 : 01;
    3F5 : 01;
    3F6 : 02;
    3F7 : 03;
    3F8 : 03;
    3F9 : 03;
    3FA : 03;
    3FB : 03;
    3FC : 03;
    3FD : 03;
    3FE : 03;
    3FF : 04;
    400 : 04;
    401 : 03;
    402 : 03;
    403 : 03;
    404 : 04;
    405 : 04;
    406 : 04;
    407 : 04;
    408 : 04;
    409 : 04;
    40A : 04;
    40B : 04;
    40C : 04;
    40D : 04;
    40E : 05;
    40F : 05;
    410 : 05;
    411 : 05;
    412 : 06;
    413 : 05;
    414 : 04;
    415 : 04;
    416 : 04;
    417 : 04;
    418 : 03;
    419 : 05;
    41A : 05;
    41B : 05;
    41C : 05;
    41D : 04;
    41E : 04;
    41F : 04;
    420 : 04;
    421 : 05;
    422 : 03;
    423 : 04;
    424 : 04;
    425 : 05;
    426 : 04;
    427 : 04;
    428 : 04;
    429 : 04;
    42A : 00;
    42B : 03;
    42C : 05;
    42D : 04;
    42E : 04;
    42F : 00;
    430 : 03;
    431 : 03;
    432 : 04;
    433 : 04;
    434 : 04;
    435 : 05;
    436 : 07;
    437 : 05;
    438 : 05;
    439 : 08;
    43A : 09;
    43B : 08;
    43C : 09;
    43D : 0A;
    43E : 0A;
    43F : 09;
    440 : 04;
    441 : 02;
    442 : 03;
    443 : 03;
    444 : 03;
    445 : 03;
    446 : 04;
    447 : 05;
    448 : 05;
    449 : 05;
    44A : 05;
    44B : 05;
    44C : 04;
    44D : 04;
    44E : 04;
    44F : 04;
    450 : 04;
    451 : 04;
    452 : 07;
    453 : 07;
    454 : 09;
    455 : 06;
    456 : 04;
    457 : 04;
    458 : 04;
    459 : 04;
    45A : 04;
    45B : 03;
    45C : 06;
    45D : 09;
    45E : 0C;
    45F : 09;
    460 : 0A;
    461 : 0A;
    462 : 0A;
    463 : 0A;
    464 : 0A;
    465 : 0A;
    466 : 0A;
    467 : 09;
    468 : 09;
    469 : 09;
    46A : 09;
    46B : 09;
    46C : 09;
    46D : 09;
    46E : 09;
    46F : 07;
    470 : 03;
    471 : 05;
    472 : 03;
    473 : 02;
    474 : 03;
    475 : 03;
    476 : 01;
    477 : 05;
    478 : 08;
    479 : 05;
    47A : 02;
    47B : 04;
    47C : 04;
    47D : 03;
    47E : 02;
    47F : 05;
    480 : 04;
    481 : 02;
    482 : 05;
    483 : 03;
    484 : 02;
    485 : 04;
    486 : 03;
    487 : 02;
    488 : 01;
    489 : 00;
    48A : 01;
    48B : 03;
    48C : 04;
    48D : 02;
    48E : 01;
    48F : 00;
    490 : 00;
    491 : 01;
    492 : 01;
    493 : 02;
    494 : 02;
    495 : 02;
    496 : 03;
    497 : 03;
    498 : 03;
    499 : 03;
    49A : 03;
    49B : 04;
    49C : 04;
    49D : 04;
    49E : 03;
    49F : 04;
    4A0 : 04;
    4A1 : 04;
    4A2 : 04;
    4A3 : 04;
    4A4 : 04;
    4A5 : 04;
    4A6 : 05;
    4A7 : 04;
    4A8 : 04;
    4A9 : 04;
    4AA : 05;
    4AB : 05;
    4AC : 05;
    4AD : 04;
    4AE : 04;
    4AF : 05;
    4B0 : 05;
    4B1 : 06;
    4B2 : 06;
    4B3 : 05;
    4B4 : 04;
    4B5 : 04;
    4B6 : 03;
    4B7 : 04;
    4B8 : 04;
    4B9 : 04;
    4BA : 05;
    4BB : 05;
    4BC : 06;
    4BD : 06;
    4BE : 05;
    4BF : 04;
    4C0 : 03;
    4C1 : 03;
    4C2 : 02;
    4C3 : 05;
    4C4 : 04;
    4C5 : 04;
    4C6 : 05;
    4C7 : 05;
    4C8 : 04;
    4C9 : 04;
    4CA : 01;
    4CB : 03;
    4CC : 06;
    4CD : 05;
    4CE : 05;
    4CF : 01;
    4D0 : 01;
    4D1 : 04;
    4D2 : 04;
    4D3 : 03;
    4D4 : 05;
    4D5 : 05;
    4D6 : 05;
    4D7 : 06;
    4D8 : 07;
    4D9 : 07;
    4DA : 08;
    4DB : 09;
    4DC : 0B;
    4DD : 0B;
    4DE : 0A;
    4DF : 0A;
    4E0 : 09;
    4E1 : 05;
    4E2 : 02;
    4E3 : 01;
    4E4 : 02;
    4E5 : 04;
    4E6 : 03;
    4E7 : 05;
    4E8 : 04;
    4E9 : 04;
    4EA : 05;
    4EB : 05;
    4EC : 04;
    4ED : 05;
    4EE : 05;
    4EF : 04;
    4F0 : 03;
    4F1 : 02;
    4F2 : 02;
    4F3 : 06;
    4F4 : 06;
    4F5 : 05;
    4F6 : 05;
    4F7 : 04;
    4F8 : 05;
    4F9 : 05;
    4FA : 03;
    4FB : 02;
    4FC : 04;
    4FD : 09;
    4FE : 0A;
    4FF : 0D;
    500 : 0A;
    501 : 0A;
    502 : 0A;
    503 : 0A;
    504 : 0A;
    505 : 0A;
    506 : 0A;
    507 : 0A;
    508 : 0A;
    509 : 09;
    50A : 09;
    50B : 09;
    50C : 09;
    50D : 09;
    50E : 09;
    50F : 0D;
    510 : 0F;
    511 : 0F;
    512 : 0F;
    513 : 09;
    514 : 04;
    515 : 03;
    516 : 09;
    517 : 0E;
    518 : 0F;
    519 : 0F;
    51A : 08;
    51B : 02;
    51C : 03;
    51D : 03;
    51E : 01;
    51F : 04;
    520 : 05;
    521 : 03;
    522 : 05;
    523 : 05;
    524 : 03;
    525 : 03;
    526 : 04;
    527 : 05;
    528 : 05;
    529 : 05;
    52A : 05;
    52B : 04;
    52C : 02;
    52D : 02;
    52E : 01;
    52F : 00;
    530 : 02;
    531 : 02;
    532 : 03;
    533 : 03;
    534 : 03;
    535 : 03;
    536 : 03;
    537 : 04;
    538 : 04;
    539 : 04;
    53A : 04;
    53B : 04;
    53C : 04;
    53D : 04;
    53E : 04;
    53F : 04;
    540 : 04;
    541 : 04;
    542 : 04;
    543 : 04;
    544 : 04;
    545 : 04;
    546 : 05;
    547 : 05;
    548 : 04;
    549 : 04;
    54A : 05;
    54B : 05;
    54C : 05;
    54D : 05;
    54E : 05;
    54F : 05;
    550 : 05;
    551 : 06;
    552 : 06;
    553 : 06;
    554 : 05;
    555 : 05;
    556 : 04;
    557 : 03;
    558 : 03;
    559 : 04;
    55A : 04;
    55B : 05;
    55C : 06;
    55D : 06;
    55E : 05;
    55F : 05;
    560 : 05;
    561 : 04;
    562 : 01;
    563 : 05;
    564 : 05;
    565 : 05;
    566 : 05;
    567 : 05;
    568 : 04;
    569 : 05;
    56A : 00;
    56B : 01;
    56C : 05;
    56D : 05;
    56E : 05;
    56F : 03;
    570 : 01;
    571 : 03;
    572 : 04;
    573 : 03;
    574 : 04;
    575 : 05;
    576 : 05;
    577 : 05;
    578 : 05;
    579 : 07;
    57A : 09;
    57B : 09;
    57C : 08;
    57D : 08;
    57E : 08;
    57F : 09;
    580 : 09;
    581 : 07;
    582 : 05;
    583 : 03;
    584 : 01;
    585 : 04;
    586 : 04;
    587 : 03;
    588 : 04;
    589 : 04;
    58A : 05;
    58B : 04;
    58C : 04;
    58D : 05;
    58E : 04;
    58F : 03;
    590 : 04;
    591 : 01;
    592 : 01;
    593 : 04;
    594 : 03;
    595 : 04;
    596 : 04;
    597 : 04;
    598 : 04;
    599 : 02;
    59A : 01;
    59B : 07;
    59C : 0B;
    59D : 0B;
    59E : 0B;
    59F : 0C;
    5A0 : 0A;
    5A1 : 0A;
    5A2 : 0A;
    5A3 : 0A;
    5A4 : 0A;
    5A5 : 0A;
    5A6 : 0A;
    5A7 : 0A;
    5A8 : 0A;
    5A9 : 0A;
    5AA : 09;
    5AB : 09;
    5AC : 09;
    5AD : 08;
    5AE : 0B;
    5AF : 0E;
    5B0 : 0E;
    5B1 : 0D;
    5B2 : 0E;
    5B3 : 0F;
    5B4 : 0F;
    5B5 : 0E;
    5B6 : 0B;
    5B7 : 08;
    5B8 : 0A;
    5B9 : 0C;
    5BA : 0E;
    5BB : 05;
    5BC : 01;
    5BD : 02;
    5BE : 02;
    5BF : 04;
    5C0 : 04;
    5C1 : 04;
    5C2 : 05;
    5C3 : 05;
    5C4 : 04;
    5C5 : 03;
    5C6 : 02;
    5C7 : 02;
    5C8 : 04;
    5C9 : 04;
    5CA : 03;
    5CB : 03;
    5CC : 02;
    5CD : 00;
    5CE : 00;
    5CF : 01;
    5D0 : 03;
    5D1 : 03;
    5D2 : 03;
    5D3 : 03;
    5D4 : 03;
    5D5 : 04;
    5D6 : 04;
    5D7 : 04;
    5D8 : 04;
    5D9 : 04;
    5DA : 04;
    5DB : 04;
    5DC : 04;
    5DD : 04;
    5DE : 04;
    5DF : 04;
    5E0 : 04;
    5E1 : 04;
    5E2 : 04;
    5E3 : 04;
    5E4 : 04;
    5E5 : 04;
    5E6 : 04;
    5E7 : 04;
    5E8 : 04;
    5E9 : 05;
    5EA : 05;
    5EB : 06;
    5EC : 05;
    5ED : 05;
    5EE : 05;
    5EF : 06;
    5F0 : 05;
    5F1 : 06;
    5F2 : 07;
    5F3 : 06;
    5F4 : 05;
    5F5 : 05;
    5F6 : 05;
    5F7 : 04;
    5F8 : 04;
    5F9 : 04;
    5FA : 04;
    5FB : 04;
    5FC : 03;
    5FD : 04;
    5FE : 04;
    5FF : 04;
    600 : 03;
    601 : 01;
    602 : 00;
    603 : 03;
    604 : 05;
    605 : 05;
    606 : 05;
    607 : 05;
    608 : 05;
    609 : 06;
    60A : 00;
    60B : 01;
    60C : 05;
    60D : 05;
    60E : 05;
    60F : 02;
    610 : 03;
    611 : 02;
    612 : 05;
    613 : 03;
    614 : 04;
    615 : 05;
    616 : 05;
    617 : 05;
    618 : 05;
    619 : 05;
    61A : 04;
    61B : 06;
    61C : 05;
    61D : 05;
    61E : 04;
    61F : 07;
    620 : 09;
    621 : 08;
    622 : 06;
    623 : 04;
    624 : 02;
    625 : 03;
    626 : 04;
    627 : 04;
    628 : 03;
    629 : 04;
    62A : 04;
    62B : 04;
    62C : 04;
    62D : 04;
    62E : 03;
    62F : 04;
    630 : 04;
    631 : 01;
    632 : 01;
    633 : 02;
    634 : 02;
    635 : 03;
    636 : 03;
    637 : 04;
    638 : 03;
    639 : 00;
    63A : 05;
    63B : 09;
    63C : 06;
    63D : 08;
    63E : 0A;
    63F : 0B;
    640 : 0A;
    641 : 0A;
    642 : 0A;
    643 : 0A;
    644 : 0A;
    645 : 0A;
    646 : 0A;
    647 : 0A;
    648 : 0A;
    649 : 0A;
    64A : 0A;
    64B : 09;
    64C : 0A;
    64D : 09;
    64E : 0F;
    64F : 0D;
    650 : 0C;
    651 : 0B;
    652 : 0C;
    653 : 0D;
    654 : 0C;
    655 : 0C;
    656 : 09;
    657 : 08;
    658 : 05;
    659 : 06;
    65A : 08;
    65B : 07;
    65C : 02;
    65D : 03;
    65E : 04;
    65F : 03;
    660 : 04;
    661 : 05;
    662 : 06;
    663 : 04;
    664 : 04;
    665 : 04;
    666 : 02;
    667 : 00;
    668 : 00;
    669 : 00;
    66A : 01;
    66B : 04;
    66C : 02;
    66D : 00;
    66E : 01;
    66F : 02;
    670 : 03;
    671 : 04;
    672 : 04;
    673 : 04;
    674 : 04;
    675 : 04;
    676 : 04;
    677 : 04;
    678 : 04;
    679 : 05;
    67A : 04;
    67B : 04;
    67C : 04;
    67D : 04;
    67E : 04;
    67F : 04;
    680 : 04;
    681 : 04;
    682 : 04;
    683 : 04;
    684 : 03;
    685 : 03;
    686 : 03;
    687 : 03;
    688 : 04;
    689 : 05;
    68A : 05;
    68B : 06;
    68C : 06;
    68D : 05;
    68E : 06;
    68F : 06;
    690 : 06;
    691 : 07;
    692 : 07;
    693 : 06;
    694 : 06;
    695 : 06;
    696 : 05;
    697 : 05;
    698 : 05;
    699 : 05;
    69A : 05;
    69B : 05;
    69C : 04;
    69D : 04;
    69E : 03;
    69F : 03;
    6A0 : 03;
    6A1 : 02;
    6A2 : 00;
    6A3 : 03;
    6A4 : 06;
    6A5 : 06;
    6A6 : 05;
    6A7 : 05;
    6A8 : 05;
    6A9 : 04;
    6AA : 01;
    6AB : 02;
    6AC : 05;
    6AD : 05;
    6AE : 05;
    6AF : 03;
    6B0 : 03;
    6B1 : 02;
    6B2 : 04;
    6B3 : 04;
    6B4 : 02;
    6B5 : 04;
    6B6 : 05;
    6B7 : 05;
    6B8 : 05;
    6B9 : 05;
    6BA : 05;
    6BB : 05;
    6BC : 05;
    6BD : 05;
    6BE : 05;
    6BF : 07;
    6C0 : 07;
    6C1 : 05;
    6C2 : 04;
    6C3 : 03;
    6C4 : 03;
    6C5 : 02;
    6C6 : 04;
    6C7 : 04;
    6C8 : 03;
    6C9 : 04;
    6CA : 04;
    6CB : 04;
    6CC : 05;
    6CD : 04;
    6CE : 04;
    6CF : 04;
    6D0 : 03;
    6D1 : 01;
    6D2 : 01;
    6D3 : 00;
    6D4 : 02;
    6D5 : 03;
    6D6 : 04;
    6D7 : 05;
    6D8 : 01;
    6D9 : 02;
    6DA : 07;
    6DB : 06;
    6DC : 07;
    6DD : 09;
    6DE : 08;
    6DF : 0A;
    6E0 : 0A;
    6E1 : 0A;
    6E2 : 0A;
    6E3 : 0A;
    6E4 : 0A;
    6E5 : 0A;
    6E6 : 0A;
    6E7 : 0A;
    6E8 : 0A;
    6E9 : 0A;
    6EA : 0A;
    6EB : 09;
    6EC : 09;
    6ED : 09;
    6EE : 0E;
    6EF : 0F;
    6F0 : 0D;
    6F1 : 0A;
    6F2 : 0B;
    6F3 : 0B;
    6F4 : 0A;
    6F5 : 0B;
    6F6 : 0B;
    6F7 : 0C;
    6F8 : 06;
    6F9 : 05;
    6FA : 05;
    6FB : 05;
    6FC : 03;
    6FD : 04;
    6FE : 03;
    6FF : 02;
    700 : 05;
    701 : 04;
    702 : 06;
    703 : 04;
    704 : 05;
    705 : 04;
    706 : 03;
    707 : 01;
    708 : 00;
    709 : 00;
    70A : 01;
    70B : 01;
    70C : 00;
    70D : 01;
    70E : 03;
    70F : 03;
    710 : 04;
    711 : 04;
    712 : 04;
    713 : 04;
    714 : 04;
    715 : 04;
    716 : 04;
    717 : 04;
    718 : 04;
    719 : 04;
    71A : 04;
    71B : 04;
    71C : 04;
    71D : 04;
    71E : 04;
    71F : 04;
    720 : 04;
    721 : 04;
    722 : 04;
    723 : 03;
    724 : 03;
    725 : 04;
    726 : 04;
    727 : 04;
    728 : 04;
    729 : 04;
    72A : 05;
    72B : 05;
    72C : 06;
    72D : 06;
    72E : 06;
    72F : 06;
    730 : 06;
    731 : 07;
    732 : 07;
    733 : 06;
    734 : 06;
    735 : 06;
    736 : 05;
    737 : 05;
    738 : 05;
    739 : 05;
    73A : 05;
    73B : 05;
    73C : 05;
    73D : 04;
    73E : 04;
    73F : 04;
    740 : 03;
    741 : 03;
    742 : 00;
    743 : 03;
    744 : 06;
    745 : 05;
    746 : 06;
    747 : 06;
    748 : 05;
    749 : 02;
    74A : 00;
    74B : 03;
    74C : 05;
    74D : 05;
    74E : 05;
    74F : 04;
    750 : 03;
    751 : 03;
    752 : 03;
    753 : 05;
    754 : 03;
    755 : 04;
    756 : 05;
    757 : 04;
    758 : 05;
    759 : 03;
    75A : 05;
    75B : 06;
    75C : 06;
    75D : 06;
    75E : 06;
    75F : 06;
    760 : 06;
    761 : 05;
    762 : 05;
    763 : 03;
    764 : 02;
    765 : 03;
    766 : 04;
    767 : 04;
    768 : 04;
    769 : 04;
    76A : 05;
    76B : 05;
    76C : 04;
    76D : 04;
    76E : 04;
    76F : 05;
    770 : 03;
    771 : 00;
    772 : 00;
    773 : 02;
    774 : 03;
    775 : 04;
    776 : 04;
    777 : 04;
    778 : 02;
    779 : 04;
    77A : 06;
    77B : 06;
    77C : 07;
    77D : 08;
    77E : 0A;
    77F : 08;
    780 : 0A;
    781 : 0A;
    782 : 0A;
    783 : 0A;
    784 : 0A;
    785 : 0A;
    786 : 0A;
    787 : 0A;
    788 : 0A;
    789 : 0A;
    78A : 0A;
    78B : 09;
    78C : 0A;
    78D : 09;
    78E : 09;
    78F : 0D;
    790 : 0D;
    791 : 0A;
    792 : 08;
    793 : 09;
    794 : 09;
    795 : 08;
    796 : 0C;
    797 : 0F;
    798 : 0A;
    799 : 04;
    79A : 05;
    79B : 04;
    79C : 02;
    79D : 04;
    79E : 03;
    79F : 03;
    7A0 : 05;
    7A1 : 05;
    7A2 : 05;
    7A3 : 04;
    7A4 : 04;
    7A5 : 04;
    7A6 : 03;
    7A7 : 00;
    7A8 : 00;
    7A9 : 00;
    7AA : 00;
    7AB : 00;
    7AC : 01;
    7AD : 03;
    7AE : 03;
    7AF : 04;
    7B0 : 04;
    7B1 : 04;
    7B2 : 05;
    7B3 : 05;
    7B4 : 04;
    7B5 : 04;
    7B6 : 05;
    7B7 : 04;
    7B8 : 04;
    7B9 : 04;
    7BA : 05;
    7BB : 04;
    7BC : 05;
    7BD : 05;
    7BE : 04;
    7BF : 04;
    7C0 : 04;
    7C1 : 03;
    7C2 : 04;
    7C3 : 04;
    7C4 : 04;
    7C5 : 04;
    7C6 : 05;
    7C7 : 04;
    7C8 : 05;
    7C9 : 05;
    7CA : 05;
    7CB : 05;
    7CC : 06;
    7CD : 06;
    7CE : 06;
    7CF : 06;
    7D0 : 07;
    7D1 : 07;
    7D2 : 07;
    7D3 : 07;
    7D4 : 07;
    7D5 : 06;
    7D6 : 06;
    7D7 : 05;
    7D8 : 05;
    7D9 : 05;
    7DA : 05;
    7DB : 05;
    7DC : 05;
    7DD : 05;
    7DE : 04;
    7DF : 04;
    7E0 : 03;
    7E1 : 00;
    7E2 : 00;
    7E3 : 05;
    7E4 : 05;
    7E5 : 06;
    7E6 : 06;
    7E7 : 07;
    7E8 : 04;
    7E9 : 01;
    7EA : 00;
    7EB : 05;
    7EC : 05;
    7ED : 05;
    7EE : 05;
    7EF : 04;
    7F0 : 03;
    7F1 : 04;
    7F2 : 03;
    7F3 : 04;
    7F4 : 05;
    7F5 : 05;
    7F6 : 06;
    7F7 : 05;
    7F8 : 05;
    7F9 : 05;
    7FA : 06;
    7FB : 06;
    7FC : 06;
    7FD : 06;
    7FE : 07;
    7FF : 06;
    800 : 07;
    801 : 05;
    802 : 03;
    803 : 03;
    804 : 03;
    805 : 03;
    806 : 04;
    807 : 03;
    808 : 04;
    809 : 05;
    80A : 04;
    80B : 05;
    80C : 03;
    80D : 04;
    80E : 04;
    80F : 04;
    810 : 00;
    811 : 00;
    812 : 02;
    813 : 04;
    814 : 04;
    815 : 04;
    816 : 05;
    817 : 04;
    818 : 03;
    819 : 05;
    81A : 05;
    81B : 06;
    81C : 07;
    81D : 07;
    81E : 08;
    81F : 07;
    820 : 0A;
    821 : 0A;
    822 : 0A;
    823 : 0A;
    824 : 0A;
    825 : 0A;
    826 : 0A;
    827 : 0A;
    828 : 0A;
    829 : 0A;
    82A : 0A;
    82B : 0A;
    82C : 0A;
    82D : 0A;
    82E : 07;
    82F : 0A;
    830 : 0C;
    831 : 0A;
    832 : 06;
    833 : 07;
    834 : 09;
    835 : 09;
    836 : 08;
    837 : 0E;
    838 : 0C;
    839 : 04;
    83A : 04;
    83B : 02;
    83C : 02;
    83D : 06;
    83E : 07;
    83F : 04;
    840 : 02;
    841 : 05;
    842 : 05;
    843 : 04;
    844 : 04;
    845 : 04;
    846 : 02;
    847 : 00;
    848 : 00;
    849 : 02;
    84A : 03;
    84B : 01;
    84C : 03;
    84D : 04;
    84E : 04;
    84F : 04;
    850 : 04;
    851 : 04;
    852 : 05;
    853 : 05;
    854 : 05;
    855 : 04;
    856 : 04;
    857 : 04;
    858 : 04;
    859 : 03;
    85A : 03;
    85B : 03;
    85C : 04;
    85D : 04;
    85E : 04;
    85F : 04;
    860 : 04;
    861 : 04;
    862 : 04;
    863 : 04;
    864 : 05;
    865 : 05;
    866 : 05;
    867 : 05;
    868 : 05;
    869 : 05;
    86A : 05;
    86B : 05;
    86C : 06;
    86D : 06;
    86E : 06;
    86F : 07;
    870 : 07;
    871 : 07;
    872 : 08;
    873 : 07;
    874 : 07;
    875 : 07;
    876 : 07;
    877 : 06;
    878 : 05;
    879 : 05;
    87A : 05;
    87B : 05;
    87C : 05;
    87D : 05;
    87E : 04;
    87F : 03;
    880 : 02;
    881 : 01;
    882 : 04;
    883 : 05;
    884 : 06;
    885 : 06;
    886 : 07;
    887 : 05;
    888 : 00;
    889 : 00;
    88A : 03;
    88B : 06;
    88C : 05;
    88D : 05;
    88E : 04;
    88F : 03;
    890 : 04;
    891 : 04;
    892 : 04;
    893 : 02;
    894 : 05;
    895 : 05;
    896 : 06;
    897 : 05;
    898 : 06;
    899 : 06;
    89A : 06;
    89B : 06;
    89C : 06;
    89D : 06;
    89E : 06;
    89F : 05;
    8A0 : 05;
    8A1 : 05;
    8A2 : 05;
    8A3 : 05;
    8A4 : 05;
    8A5 : 02;
    8A6 : 04;
    8A7 : 03;
    8A8 : 04;
    8A9 : 04;
    8AA : 04;
    8AB : 04;
    8AC : 03;
    8AD : 04;
    8AE : 05;
    8AF : 02;
    8B0 : 00;
    8B1 : 02;
    8B2 : 04;
    8B3 : 04;
    8B4 : 05;
    8B5 : 03;
    8B6 : 01;
    8B7 : 03;
    8B8 : 03;
    8B9 : 06;
    8BA : 05;
    8BB : 05;
    8BC : 06;
    8BD : 07;
    8BE : 06;
    8BF : 07;
    8C0 : 0A;
    8C1 : 0A;
    8C2 : 0A;
    8C3 : 0A;
    8C4 : 0A;
    8C5 : 0A;
    8C6 : 0A;
    8C7 : 0A;
    8C8 : 0A;
    8C9 : 0A;
    8CA : 0A;
    8CB : 0A;
    8CC : 0A;
    8CD : 0A;
    8CE : 08;
    8CF : 07;
    8D0 : 0A;
    8D1 : 09;
    8D2 : 05;
    8D3 : 07;
    8D4 : 07;
    8D5 : 06;
    8D6 : 06;
    8D7 : 09;
    8D8 : 0D;
    8D9 : 04;
    8DA : 04;
    8DB : 02;
    8DC : 01;
    8DD : 06;
    8DE : 07;
    8DF : 05;
    8E0 : 02;
    8E1 : 03;
    8E2 : 03;
    8E3 : 04;
    8E4 : 04;
    8E5 : 03;
    8E6 : 02;
    8E7 : 01;
    8E8 : 02;
    8E9 : 03;
    8EA : 01;
    8EB : 02;
    8EC : 03;
    8ED : 04;
    8EE : 04;
    8EF : 04;
    8F0 : 04;
    8F1 : 05;
    8F2 : 05;
    8F3 : 05;
    8F4 : 04;
    8F5 : 04;
    8F6 : 04;
    8F7 : 03;
    8F8 : 03;
    8F9 : 04;
    8FA : 04;
    8FB : 04;
    8FC : 04;
    8FD : 04;
    8FE : 03;
    8FF : 04;
    900 : 04;
    901 : 04;
    902 : 04;
    903 : 04;
    904 : 05;
    905 : 05;
    906 : 05;
    907 : 06;
    908 : 05;
    909 : 06;
    90A : 06;
    90B : 06;
    90C : 06;
    90D : 06;
    90E : 06;
    90F : 06;
    910 : 06;
    911 : 06;
    912 : 07;
    913 : 07;
    914 : 07;
    915 : 07;
    916 : 07;
    917 : 07;
    918 : 06;
    919 : 05;
    91A : 05;
    91B : 06;
    91C : 06;
    91D : 06;
    91E : 05;
    91F : 04;
    920 : 05;
    921 : 06;
    922 : 06;
    923 : 06;
    924 : 07;
    925 : 07;
    926 : 04;
    927 : 00;
    928 : 00;
    929 : 01;
    92A : 05;
    92B : 05;
    92C : 04;
    92D : 05;
    92E : 03;
    92F : 03;
    930 : 04;
    931 : 04;
    932 : 03;
    933 : 00;
    934 : 02;
    935 : 06;
    936 : 05;
    937 : 05;
    938 : 06;
    939 : 06;
    93A : 06;
    93B : 06;
    93C : 06;
    93D : 06;
    93E : 06;
    93F : 06;
    940 : 05;
    941 : 06;
    942 : 06;
    943 : 06;
    944 : 04;
    945 : 03;
    946 : 04;
    947 : 04;
    948 : 04;
    949 : 04;
    94A : 05;
    94B : 03;
    94C : 04;
    94D : 04;
    94E : 04;
    94F : 01;
    950 : 01;
    951 : 04;
    952 : 05;
    953 : 05;
    954 : 03;
    955 : 00;
    956 : 00;
    957 : 00;
    958 : 03;
    959 : 05;
    95A : 05;
    95B : 05;
    95C : 05;
    95D : 05;
    95E : 05;
    95F : 07;
    960 : 0A;
    961 : 0A;
    962 : 0A;
    963 : 0A;
    964 : 0A;
    965 : 0A;
    966 : 0A;
    967 : 0A;
    968 : 0A;
    969 : 0A;
    96A : 0A;
    96B : 0A;
    96C : 0A;
    96D : 0A;
    96E : 0A;
    96F : 08;
    970 : 08;
    971 : 08;
    972 : 04;
    973 : 05;
    974 : 04;
    975 : 04;
    976 : 04;
    977 : 04;
    978 : 0A;
    979 : 04;
    97A : 04;
    97B : 04;
    97C : 01;
    97D : 03;
    97E : 00;
    97F : 02;
    980 : 05;
    981 : 04;
    982 : 04;
    983 : 03;
    984 : 03;
    985 : 03;
    986 : 04;
    987 : 04;
    988 : 03;
    989 : 02;
    98A : 02;
    98B : 03;
    98C : 04;
    98D : 04;
    98E : 04;
    98F : 04;
    990 : 04;
    991 : 05;
    992 : 04;
    993 : 05;
    994 : 04;
    995 : 03;
    996 : 04;
    997 : 04;
    998 : 04;
    999 : 04;
    99A : 04;
    99B : 05;
    99C : 04;
    99D : 04;
    99E : 04;
    99F : 04;
    9A0 : 04;
    9A1 : 04;
    9A2 : 04;
    9A3 : 05;
    9A4 : 06;
    9A5 : 06;
    9A6 : 07;
    9A7 : 07;
    9A8 : 06;
    9A9 : 06;
    9AA : 06;
    9AB : 06;
    9AC : 06;
    9AD : 05;
    9AE : 05;
    9AF : 05;
    9B0 : 05;
    9B1 : 07;
    9B2 : 07;
    9B3 : 08;
    9B4 : 07;
    9B5 : 06;
    9B6 : 06;
    9B7 : 06;
    9B8 : 06;
    9B9 : 06;
    9BA : 06;
    9BB : 06;
    9BC : 05;
    9BD : 05;
    9BE : 05;
    9BF : 05;
    9C0 : 05;
    9C1 : 05;
    9C2 : 05;
    9C3 : 05;
    9C4 : 05;
    9C5 : 03;
    9C6 : 01;
    9C7 : 00;
    9C8 : 00;
    9C9 : 05;
    9CA : 06;
    9CB : 05;
    9CC : 04;
    9CD : 03;
    9CE : 03;
    9CF : 04;
    9D0 : 05;
    9D1 : 05;
    9D2 : 00;
    9D3 : 00;
    9D4 : 02;
    9D5 : 03;
    9D6 : 05;
    9D7 : 06;
    9D8 : 06;
    9D9 : 06;
    9DA : 05;
    9DB : 06;
    9DC : 06;
    9DD : 06;
    9DE : 06;
    9DF : 06;
    9E0 : 06;
    9E1 : 06;
    9E2 : 06;
    9E3 : 05;
    9E4 : 04;
    9E5 : 03;
    9E6 : 04;
    9E7 : 04;
    9E8 : 04;
    9E9 : 04;
    9EA : 04;
    9EB : 02;
    9EC : 04;
    9ED : 04;
    9EE : 02;
    9EF : 00;
    9F0 : 04;
    9F1 : 04;
    9F2 : 05;
    9F3 : 04;
    9F4 : 01;
    9F5 : 01;
    9F6 : 00;
    9F7 : 01;
    9F8 : 03;
    9F9 : 04;
    9FA : 04;
    9FB : 05;
    9FC : 05;
    9FD : 05;
    9FE : 05;
    9FF : 05;
    A00 : 0A;
    A01 : 0A;
    A02 : 0A;
    A03 : 0A;
    A04 : 0A;
    A05 : 0A;
    A06 : 0A;
    A07 : 0A;
    A08 : 0A;
    A09 : 0A;
    A0A : 0A;
    A0B : 0A;
    A0C : 0A;
    A0D : 0A;
    A0E : 0B;
    A0F : 0A;
    A10 : 05;
    A11 : 06;
    A12 : 03;
    A13 : 03;
    A14 : 04;
    A15 : 03;
    A16 : 03;
    A17 : 02;
    A18 : 07;
    A19 : 04;
    A1A : 03;
    A1B : 04;
    A1C : 03;
    A1D : 02;
    A1E : 00;
    A1F : 00;
    A20 : 01;
    A21 : 04;
    A22 : 05;
    A23 : 05;
    A24 : 06;
    A25 : 06;
    A26 : 04;
    A27 : 01;
    A28 : 01;
    A29 : 03;
    A2A : 03;
    A2B : 04;
    A2C : 04;
    A2D : 04;
    A2E : 04;
    A2F : 05;
    A30 : 05;
    A31 : 04;
    A32 : 04;
    A33 : 04;
    A34 : 03;
    A35 : 03;
    A36 : 04;
    A37 : 04;
    A38 : 05;
    A39 : 04;
    A3A : 05;
    A3B : 05;
    A3C : 04;
    A3D : 04;
    A3E : 04;
    A3F : 04;
    A40 : 05;
    A41 : 05;
    A42 : 06;
    A43 : 06;
    A44 : 07;
    A45 : 07;
    A46 : 07;
    A47 : 07;
    A48 : 06;
    A49 : 06;
    A4A : 06;
    A4B : 06;
    A4C : 05;
    A4D : 06;
    A4E : 05;
    A4F : 07;
    A50 : 09;
    A51 : 09;
    A52 : 08;
    A53 : 07;
    A54 : 07;
    A55 : 07;
    A56 : 07;
    A57 : 07;
    A58 : 06;
    A59 : 06;
    A5A : 05;
    A5B : 06;
    A5C : 05;
    A5D : 05;
    A5E : 05;
    A5F : 05;
    A60 : 05;
    A61 : 04;
    A62 : 04;
    A63 : 04;
    A64 : 04;
    A65 : 03;
    A66 : 04;
    A67 : 03;
    A68 : 06;
    A69 : 05;
    A6A : 05;
    A6B : 04;
    A6C : 03;
    A6D : 03;
    A6E : 05;
    A6F : 06;
    A70 : 05;
    A71 : 02;
    A72 : 00;
    A73 : 00;
    A74 : 00;
    A75 : 02;
    A76 : 02;
    A77 : 05;
    A78 : 06;
    A79 : 06;
    A7A : 06;
    A7B : 06;
    A7C : 06;
    A7D : 06;
    A7E : 05;
    A7F : 06;
    A80 : 06;
    A81 : 06;
    A82 : 05;
    A83 : 05;
    A84 : 03;
    A85 : 03;
    A86 : 04;
    A87 : 05;
    A88 : 04;
    A89 : 04;
    A8A : 03;
    A8B : 03;
    A8C : 04;
    A8D : 05;
    A8E : 01;
    A8F : 01;
    A90 : 05;
    A91 : 05;
    A92 : 05;
    A93 : 00;
    A94 : 00;
    A95 : 00;
    A96 : 00;
    A97 : 03;
    A98 : 04;
    A99 : 04;
    A9A : 04;
    A9B : 04;
    A9C : 04;
    A9D : 05;
    A9E : 05;
    A9F : 05;
    AA0 : 0A;
    AA1 : 0B;
    AA2 : 0A;
    AA3 : 0A;
    AA4 : 0B;
    AA5 : 0A;
    AA6 : 0A;
    AA7 : 0A;
    AA8 : 0A;
    AA9 : 0A;
    AAA : 0A;
    AAB : 0A;
    AAC : 0A;
    AAD : 09;
    AAE : 0E;
    AAF : 0C;
    AB0 : 04;
    AB1 : 05;
    AB2 : 03;
    AB3 : 02;
    AB4 : 03;
    AB5 : 04;
    AB6 : 04;
    AB7 : 01;
    AB8 : 04;
    AB9 : 04;
    ABA : 04;
    ABB : 04;
    ABC : 04;
    ABD : 03;
    ABE : 03;
    ABF : 00;
    AC0 : 00;
    AC1 : 01;
    AC2 : 01;
    AC3 : 02;
    AC4 : 02;
    AC5 : 01;
    AC6 : 00;
    AC7 : 00;
    AC8 : 02;
    AC9 : 04;
    ACA : 04;
    ACB : 04;
    ACC : 05;
    ACD : 04;
    ACE : 04;
    ACF : 04;
    AD0 : 04;
    AD1 : 04;
    AD2 : 05;
    AD3 : 04;
    AD4 : 04;
    AD5 : 04;
    AD6 : 04;
    AD7 : 04;
    AD8 : 04;
    AD9 : 05;
    ADA : 05;
    ADB : 05;
    ADC : 05;
    ADD : 04;
    ADE : 04;
    ADF : 04;
    AE0 : 05;
    AE1 : 05;
    AE2 : 06;
    AE3 : 07;
    AE4 : 07;
    AE5 : 08;
    AE6 : 08;
    AE7 : 07;
    AE8 : 06;
    AE9 : 06;
    AEA : 05;
    AEB : 05;
    AEC : 07;
    AED : 09;
    AEE : 09;
    AEF : 0A;
    AF0 : 0A;
    AF1 : 0A;
    AF2 : 0A;
    AF3 : 0B;
    AF4 : 0B;
    AF5 : 0A;
    AF6 : 0A;
    AF7 : 09;
    AF8 : 08;
    AF9 : 08;
    AFA : 07;
    AFB : 07;
    AFC : 06;
    AFD : 05;
    AFE : 04;
    AFF : 04;
    B00 : 04;
    B01 : 05;
    B02 : 05;
    B03 : 05;
    B04 : 05;
    B05 : 05;
    B06 : 05;
    B07 : 05;
    B08 : 05;
    B09 : 05;
    B0A : 05;
    B0B : 05;
    B0C : 05;
    B0D : 06;
    B0E : 05;
    B0F : 03;
    B10 : 01;
    B11 : 02;
    B12 : 00;
    B13 : 00;
    B14 : 02;
    B15 : 04;
    B16 : 03;
    B17 : 03;
    B18 : 04;
    B19 : 05;
    B1A : 06;
    B1B : 06;
    B1C : 07;
    B1D : 06;
    B1E : 06;
    B1F : 06;
    B20 : 06;
    B21 : 05;
    B22 : 04;
    B23 : 05;
    B24 : 01;
    B25 : 03;
    B26 : 04;
    B27 : 04;
    B28 : 04;
    B29 : 04;
    B2A : 03;
    B2B : 04;
    B2C : 05;
    B2D : 04;
    B2E : 00;
    B2F : 04;
    B30 : 05;
    B31 : 05;
    B32 : 03;
    B33 : 00;
    B34 : 01;
    B35 : 00;
    B36 : 00;
    B37 : 03;
    B38 : 04;
    B39 : 04;
    B3A : 04;
    B3B : 04;
    B3C : 05;
    B3D : 04;
    B3E : 04;
    B3F : 05;
    B40 : 0A;
    B41 : 0B;
    B42 : 0A;
    B43 : 0A;
    B44 : 0B;
    B45 : 0A;
    B46 : 0A;
    B47 : 0A;
    B48 : 0A;
    B49 : 0A;
    B4A : 0A;
    B4B : 0A;
    B4C : 0A;
    B4D : 0B;
    B4E : 0F;
    B4F : 0A;
    B50 : 02;
    B51 : 03;
    B52 : 02;
    B53 : 02;
    B54 : 02;
    B55 : 04;
    B56 : 03;
    B57 : 03;
    B58 : 04;
    B59 : 04;
    B5A : 04;
    B5B : 04;
    B5C : 04;
    B5D : 03;
    B5E : 05;
    B5F : 02;
    B60 : 00;
    B61 : 00;
    B62 : 00;
    B63 : 00;
    B64 : 00;
    B65 : 00;
    B66 : 01;
    B67 : 03;
    B68 : 04;
    B69 : 04;
    B6A : 04;
    B6B : 04;
    B6C : 04;
    B6D : 03;
    B6E : 03;
    B6F : 03;
    B70 : 04;
    B71 : 04;
    B72 : 04;
    B73 : 04;
    B74 : 04;
    B75 : 05;
    B76 : 05;
    B77 : 05;
    B78 : 05;
    B79 : 05;
    B7A : 06;
    B7B : 06;
    B7C : 05;
    B7D : 05;
    B7E : 04;
    B7F : 05;
    B80 : 05;
    B81 : 06;
    B82 : 08;
    B83 : 07;
    B84 : 07;
    B85 : 09;
    B86 : 08;
    B87 : 07;
    B88 : 07;
    B89 : 05;
    B8A : 05;
    B8B : 08;
    B8C : 0A;
    B8D : 0A;
    B8E : 0B;
    B8F : 0B;
    B90 : 0B;
    B91 : 0B;
    B92 : 0B;
    B93 : 09;
    B94 : 09;
    B95 : 09;
    B96 : 08;
    B97 : 07;
    B98 : 07;
    B99 : 06;
    B9A : 08;
    B9B : 08;
    B9C : 08;
    B9D : 07;
    B9E : 06;
    B9F : 05;
    BA0 : 04;
    BA1 : 04;
    BA2 : 04;
    BA3 : 04;
    BA4 : 05;
    BA5 : 05;
    BA6 : 05;
    BA7 : 04;
    BA8 : 04;
    BA9 : 05;
    BAA : 05;
    BAB : 04;
    BAC : 04;
    BAD : 03;
    BAE : 02;
    BAF : 02;
    BB0 : 02;
    BB1 : 02;
    BB2 : 00;
    BB3 : 00;
    BB4 : 05;
    BB5 : 05;
    BB6 : 05;
    BB7 : 04;
    BB8 : 04;
    BB9 : 03;
    BBA : 02;
    BBB : 03;
    BBC : 04;
    BBD : 04;
    BBE : 04;
    BBF : 03;
    BC0 : 02;
    BC1 : 03;
    BC2 : 04;
    BC3 : 06;
    BC4 : 03;
    BC5 : 02;
    BC6 : 04;
    BC7 : 00;
    BC8 : 02;
    BC9 : 04;
    BCA : 03;
    BCB : 05;
    BCC : 04;
    BCD : 00;
    BCE : 01;
    BCF : 04;
    BD0 : 04;
    BD1 : 05;
    BD2 : 00;
    BD3 : 00;
    BD4 : 00;
    BD5 : 00;
    BD6 : 02;
    BD7 : 04;
    BD8 : 04;
    BD9 : 04;
    BDA : 04;
    BDB : 04;
    BDC : 04;
    BDD : 04;
    BDE : 04;
    BDF : 05;
    BE0 : 0B;
    BE1 : 0B;
    BE2 : 0A;
    BE3 : 0A;
    BE4 : 0B;
    BE5 : 0A;
    BE6 : 0A;
    BE7 : 0A;
    BE8 : 0A;
    BE9 : 0A;
    BEA : 0A;
    BEB : 0A;
    BEC : 09;
    BED : 0D;
    BEE : 0D;
    BEF : 0B;
    BF0 : 06;
    BF1 : 01;
    BF2 : 01;
    BF3 : 02;
    BF4 : 02;
    BF5 : 02;
    BF6 : 03;
    BF7 : 04;
    BF8 : 03;
    BF9 : 04;
    BFA : 05;
    BFB : 05;
    BFC : 04;
    BFD : 04;
    BFE : 05;
    BFF : 03;
    C00 : 00;
    C01 : 01;
    C02 : 00;
    C03 : 00;
    C04 : 00;
    C05 : 00;
    C06 : 03;
    C07 : 04;
    C08 : 04;
    C09 : 04;
    C0A : 04;
    C0B : 04;
    C0C : 04;
    C0D : 04;
    C0E : 04;
    C0F : 04;
    C10 : 04;
    C11 : 04;
    C12 : 04;
    C13 : 05;
    C14 : 06;
    C15 : 05;
    C16 : 05;
    C17 : 05;
    C18 : 05;
    C19 : 06;
    C1A : 06;
    C1B : 06;
    C1C : 05;
    C1D : 04;
    C1E : 04;
    C1F : 05;
    C20 : 07;
    C21 : 08;
    C22 : 09;
    C23 : 07;
    C24 : 07;
    C25 : 09;
    C26 : 08;
    C27 : 08;
    C28 : 09;
    C29 : 09;
    C2A : 0A;
    C2B : 0B;
    C2C : 0B;
    C2D : 0B;
    C2E : 0C;
    C2F : 0C;
    C30 : 0B;
    C31 : 0B;
    C32 : 0A;
    C33 : 09;
    C34 : 06;
    C35 : 06;
    C36 : 06;
    C37 : 07;
    C38 : 06;
    C39 : 05;
    C3A : 07;
    C3B : 07;
    C3C : 07;
    C3D : 07;
    C3E : 07;
    C3F : 07;
    C40 : 06;
    C41 : 05;
    C42 : 04;
    C43 : 04;
    C44 : 04;
    C45 : 05;
    C46 : 05;
    C47 : 04;
    C48 : 04;
    C49 : 04;
    C4A : 04;
    C4B : 04;
    C4C : 03;
    C4D : 03;
    C4E : 03;
    C4F : 02;
    C50 : 02;
    C51 : 01;
    C52 : 00;
    C53 : 02;
    C54 : 02;
    C55 : 01;
    C56 : 04;
    C57 : 05;
    C58 : 05;
    C59 : 03;
    C5A : 04;
    C5B : 04;
    C5C : 03;
    C5D : 02;
    C5E : 03;
    C5F : 02;
    C60 : 00;
    C61 : 04;
    C62 : 05;
    C63 : 06;
    C64 : 04;
    C65 : 01;
    C66 : 01;
    C67 : 02;
    C68 : 01;
    C69 : 05;
    C6A : 04;
    C6B : 03;
    C6C : 00;
    C6D : 00;
    C6E : 03;
    C6F : 04;
    C70 : 04;
    C71 : 04;
    C72 : 00;
    C73 : 00;
    C74 : 02;
    C75 : 00;
    C76 : 03;
    C77 : 04;
    C78 : 04;
    C79 : 04;
    C7A : 04;
    C7B : 04;
    C7C : 04;
    C7D : 03;
    C7E : 04;
    C7F : 02;
    C80 : 0B;
    C81 : 0A;
    C82 : 0B;
    C83 : 0B;
    C84 : 0B;
    C85 : 0B;
    C86 : 0B;
    C87 : 0B;
    C88 : 0B;
    C89 : 0A;
    C8A : 0A;
    C8B : 0A;
    C8C : 0A;
    C8D : 0E;
    C8E : 0D;
    C8F : 0C;
    C90 : 09;
    C91 : 07;
    C92 : 02;
    C93 : 03;
    C94 : 03;
    C95 : 03;
    C96 : 03;
    C97 : 03;
    C98 : 03;
    C99 : 04;
    C9A : 05;
    C9B : 05;
    C9C : 04;
    C9D : 04;
    C9E : 05;
    C9F : 05;
    CA0 : 01;
    CA1 : 02;
    CA2 : 02;
    CA3 : 00;
    CA4 : 00;
    CA5 : 00;
    CA6 : 02;
    CA7 : 04;
    CA8 : 05;
    CA9 : 04;
    CAA : 04;
    CAB : 04;
    CAC : 04;
    CAD : 04;
    CAE : 04;
    CAF : 04;
    CB0 : 04;
    CB1 : 04;
    CB2 : 04;
    CB3 : 05;
    CB4 : 06;
    CB5 : 06;
    CB6 : 07;
    CB7 : 06;
    CB8 : 06;
    CB9 : 07;
    CBA : 07;
    CBB : 07;
    CBC : 06;
    CBD : 04;
    CBE : 06;
    CBF : 07;
    CC0 : 08;
    CC1 : 09;
    CC2 : 09;
    CC3 : 08;
    CC4 : 07;
    CC5 : 09;
    CC6 : 0A;
    CC7 : 0A;
    CC8 : 0A;
    CC9 : 0B;
    CCA : 0C;
    CCB : 0B;
    CCC : 0B;
    CCD : 0B;
    CCE : 0B;
    CCF : 0A;
    CD0 : 08;
    CD1 : 07;
    CD2 : 07;
    CD3 : 08;
    CD4 : 07;
    CD5 : 06;
    CD6 : 06;
    CD7 : 06;
    CD8 : 06;
    CD9 : 07;
    CDA : 06;
    CDB : 06;
    CDC : 06;
    CDD : 06;
    CDE : 07;
    CDF : 07;
    CE0 : 07;
    CE1 : 06;
    CE2 : 06;
    CE3 : 05;
    CE4 : 05;
    CE5 : 05;
    CE6 : 05;
    CE7 : 05;
    CE8 : 05;
    CE9 : 05;
    CEA : 05;
    CEB : 04;
    CEC : 04;
    CED : 03;
    CEE : 03;
    CEF : 01;
    CF0 : 01;
    CF1 : 00;
    CF2 : 00;
    CF3 : 01;
    CF4 : 01;
    CF5 : 01;
    CF6 : 04;
    CF7 : 05;
    CF8 : 05;
    CF9 : 05;
    CFA : 05;
    CFB : 06;
    CFC : 05;
    CFD : 04;
    CFE : 04;
    CFF : 02;
    D00 : 03;
    D01 : 05;
    D02 : 05;
    D03 : 06;
    D04 : 01;
    D05 : 00;
    D06 : 01;
    D07 : 03;
    D08 : 02;
    D09 : 04;
    D0A : 04;
    D0B : 00;
    D0C : 00;
    D0D : 01;
    D0E : 02;
    D0F : 04;
    D10 : 04;
    D11 : 03;
    D12 : 00;
    D13 : 00;
    D14 : 00;
    D15 : 00;
    D16 : 04;
    D17 : 04;
    D18 : 04;
    D19 : 04;
    D1A : 04;
    D1B : 04;
    D1C : 03;
    D1D : 02;
    D1E : 04;
    D1F : 00;
    D20 : 0B;
    D21 : 0B;
    D22 : 0B;
    D23 : 0B;
    D24 : 0B;
    D25 : 0A;
    D26 : 0B;
    D27 : 0B;
    D28 : 0B;
    D29 : 0A;
    D2A : 0A;
    D2B : 0A;
    D2C : 0B;
    D2D : 0E;
    D2E : 0C;
    D2F : 0A;
    D30 : 07;
    D31 : 09;
    D32 : 05;
    D33 : 04;
    D34 : 04;
    D35 : 04;
    D36 : 03;
    D37 : 03;
    D38 : 04;
    D39 : 03;
    D3A : 04;
    D3B : 05;
    D3C : 02;
    D3D : 04;
    D3E : 03;
    D3F : 04;
    D40 : 03;
    D41 : 01;
    D42 : 04;
    D43 : 04;
    D44 : 04;
    D45 : 03;
    D46 : 02;
    D47 : 04;
    D48 : 05;
    D49 : 05;
    D4A : 04;
    D4B : 05;
    D4C : 05;
    D4D : 05;
    D4E : 05;
    D4F : 05;
    D50 : 05;
    D51 : 05;
    D52 : 06;
    D53 : 07;
    D54 : 07;
    D55 : 07;
    D56 : 08;
    D57 : 07;
    D58 : 06;
    D59 : 07;
    D5A : 07;
    D5B : 07;
    D5C : 06;
    D5D : 06;
    D5E : 07;
    D5F : 07;
    D60 : 09;
    D61 : 0A;
    D62 : 09;
    D63 : 09;
    D64 : 09;
    D65 : 0B;
    D66 : 0B;
    D67 : 0B;
    D68 : 0C;
    D69 : 0B;
    D6A : 0B;
    D6B : 0A;
    D6C : 09;
    D6D : 09;
    D6E : 08;
    D6F : 07;
    D70 : 07;
    D71 : 06;
    D72 : 06;
    D73 : 07;
    D74 : 07;
    D75 : 07;
    D76 : 06;
    D77 : 06;
    D78 : 06;
    D79 : 06;
    D7A : 06;
    D7B : 06;
    D7C : 06;
    D7D : 06;
    D7E : 06;
    D7F : 07;
    D80 : 06;
    D81 : 06;
    D82 : 06;
    D83 : 06;
    D84 : 05;
    D85 : 05;
    D86 : 05;
    D87 : 05;
    D88 : 04;
    D89 : 05;
    D8A : 04;
    D8B : 04;
    D8C : 04;
    D8D : 03;
    D8E : 02;
    D8F : 01;
    D90 : 01;
    D91 : 01;
    D92 : 01;
    D93 : 02;
    D94 : 01;
    D95 : 02;
    D96 : 05;
    D97 : 06;
    D98 : 06;
    D99 : 06;
    D9A : 06;
    D9B : 05;
    D9C : 04;
    D9D : 05;
    D9E : 04;
    D9F : 01;
    DA0 : 04;
    DA1 : 06;
    DA2 : 06;
    DA3 : 06;
    DA4 : 00;
    DA5 : 00;
    DA6 : 02;
    DA7 : 03;
    DA8 : 03;
    DA9 : 00;
    DAA : 00;
    DAB : 00;
    DAC : 00;
    DAD : 00;
    DAE : 02;
    DAF : 03;
    DB0 : 04;
    DB1 : 03;
    DB2 : 00;
    DB3 : 00;
    DB4 : 00;
    DB5 : 00;
    DB6 : 03;
    DB7 : 04;
    DB8 : 03;
    DB9 : 04;
    DBA : 04;
    DBB : 04;
    DBC : 03;
    DBD : 02;
    DBE : 02;
    DBF : 00;
    DC0 : 0B;
    DC1 : 0B;
    DC2 : 0B;
    DC3 : 0B;
    DC4 : 0B;
    DC5 : 0B;
    DC6 : 0B;
    DC7 : 0B;
    DC8 : 0B;
    DC9 : 0A;
    DCA : 0B;
    DCB : 0A;
    DCC : 0B;
    DCD : 0D;
    DCE : 0B;
    DCF : 08;
    DD0 : 0C;
    DD1 : 0B;
    DD2 : 07;
    DD3 : 04;
    DD4 : 04;
    DD5 : 02;
    DD6 : 02;
    DD7 : 02;
    DD8 : 03;
    DD9 : 04;
    DDA : 04;
    DDB : 03;
    DDC : 03;
    DDD : 05;
    DDE : 04;
    DDF : 04;
    DE0 : 04;
    DE1 : 01;
    DE2 : 02;
    DE3 : 05;
    DE4 : 05;
    DE5 : 05;
    DE6 : 03;
    DE7 : 04;
    DE8 : 05;
    DE9 : 05;
    DEA : 04;
    DEB : 05;
    DEC : 05;
    DED : 05;
    DEE : 05;
    DEF : 05;
    DF0 : 05;
    DF1 : 05;
    DF2 : 06;
    DF3 : 08;
    DF4 : 08;
    DF5 : 07;
    DF6 : 08;
    DF7 : 08;
    DF8 : 07;
    DF9 : 07;
    DFA : 06;
    DFB : 08;
    DFC : 08;
    DFD : 08;
    DFE : 08;
    DFF : 09;
    E00 : 09;
    E01 : 0A;
    E02 : 0A;
    E03 : 0A;
    E04 : 0A;
    E05 : 0A;
    E06 : 0A;
    E07 : 0A;
    E08 : 0A;
    E09 : 09;
    E0A : 07;
    E0B : 07;
    E0C : 07;
    E0D : 07;
    E0E : 06;
    E0F : 06;
    E10 : 06;
    E11 : 06;
    E12 : 06;
    E13 : 06;
    E14 : 06;
    E15 : 06;
    E16 : 07;
    E17 : 07;
    E18 : 07;
    E19 : 07;
    E1A : 06;
    E1B : 07;
    E1C : 06;
    E1D : 06;
    E1E : 06;
    E1F : 07;
    E20 : 06;
    E21 : 06;
    E22 : 06;
    E23 : 06;
    E24 : 05;
    E25 : 05;
    E26 : 05;
    E27 : 05;
    E28 : 05;
    E29 : 05;
    E2A : 04;
    E2B : 03;
    E2C : 03;
    E2D : 02;
    E2E : 02;
    E2F : 02;
    E30 : 02;
    E31 : 01;
    E32 : 02;
    E33 : 03;
    E34 : 02;
    E35 : 05;
    E36 : 05;
    E37 : 06;
    E38 : 06;
    E39 : 06;
    E3A : 05;
    E3B : 04;
    E3C : 05;
    E3D : 05;
    E3E : 03;
    E3F : 02;
    E40 : 05;
    E41 : 06;
    E42 : 06;
    E43 : 06;
    E44 : 04;
    E45 : 01;
    E46 : 01;
    E47 : 04;
    E48 : 02;
    E49 : 02;
    E4A : 03;
    E4B : 02;
    E4C : 01;
    E4D : 00;
    E4E : 01;
    E4F : 04;
    E50 : 04;
    E51 : 03;
    E52 : 02;
    E53 : 00;
    E54 : 01;
    E55 : 01;
    E56 : 03;
    E57 : 03;
    E58 : 03;
    E59 : 04;
    E5A : 04;
    E5B : 04;
    E5C : 02;
    E5D : 02;
    E5E : 02;
    E5F : 03;
    E60 : 0B;
    E61 : 0B;
    E62 : 0B;
    E63 : 0B;
    E64 : 0B;
    E65 : 0B;
    E66 : 0B;
    E67 : 0B;
    E68 : 0B;
    E69 : 0A;
    E6A : 0B;
    E6B : 0B;
    E6C : 0A;
    E6D : 0B;
    E6E : 08;
    E6F : 09;
    E70 : 0E;
    E71 : 0A;
    E72 : 08;
    E73 : 05;
    E74 : 05;
    E75 : 01;
    E76 : 01;
    E77 : 02;
    E78 : 03;
    E79 : 04;
    E7A : 04;
    E7B : 04;
    E7C : 03;
    E7D : 04;
    E7E : 04;
    E7F : 04;
    E80 : 04;
    E81 : 02;
    E82 : 01;
    E83 : 03;
    E84 : 04;
    E85 : 03;
    E86 : 04;
    E87 : 05;
    E88 : 06;
    E89 : 05;
    E8A : 05;
    E8B : 05;
    E8C : 05;
    E8D : 05;
    E8E : 06;
    E8F : 07;
    E90 : 08;
    E91 : 06;
    E92 : 07;
    E93 : 09;
    E94 : 08;
    E95 : 07;
    E96 : 08;
    E97 : 09;
    E98 : 08;
    E99 : 07;
    E9A : 06;
    E9B : 08;
    E9C : 08;
    E9D : 09;
    E9E : 09;
    E9F : 0A;
    EA0 : 09;
    EA1 : 0A;
    EA2 : 09;
    EA3 : 0A;
    EA4 : 0A;
    EA5 : 09;
    EA6 : 09;
    EA7 : 07;
    EA8 : 06;
    EA9 : 06;
    EAA : 06;
    EAB : 07;
    EAC : 07;
    EAD : 07;
    EAE : 06;
    EAF : 06;
    EB0 : 06;
    EB1 : 07;
    EB2 : 07;
    EB3 : 07;
    EB4 : 06;
    EB5 : 06;
    EB6 : 06;
    EB7 : 06;
    EB8 : 06;
    EB9 : 06;
    EBA : 06;
    EBB : 06;
    EBC : 06;
    EBD : 07;
    EBE : 07;
    EBF : 07;
    EC0 : 07;
    EC1 : 07;
    EC2 : 06;
    EC3 : 06;
    EC4 : 06;
    EC5 : 06;
    EC6 : 05;
    EC7 : 05;
    EC8 : 05;
    EC9 : 05;
    ECA : 05;
    ECB : 06;
    ECC : 05;
    ECD : 05;
    ECE : 06;
    ECF : 05;
    ED0 : 06;
    ED1 : 06;
    ED2 : 07;
    ED3 : 03;
    ED4 : 04;
    ED5 : 06;
    ED6 : 05;
    ED7 : 06;
    ED8 : 06;
    ED9 : 06;
    EDA : 05;
    EDB : 04;
    EDC : 04;
    EDD : 04;
    EDE : 03;
    EDF : 03;
    EE0 : 06;
    EE1 : 06;
    EE2 : 06;
    EE3 : 05;
    EE4 : 04;
    EE5 : 03;
    EE6 : 04;
    EE7 : 05;
    EE8 : 04;
    EE9 : 04;
    EEA : 02;
    EEB : 01;
    EEC : 02;
    EED : 00;
    EEE : 00;
    EEF : 03;
    EF0 : 05;
    EF1 : 03;
    EF2 : 01;
    EF3 : 00;
    EF4 : 00;
    EF5 : 01;
    EF6 : 03;
    EF7 : 03;
    EF8 : 03;
    EF9 : 03;
    EFA : 03;
    EFB : 04;
    EFC : 00;
    EFD : 02;
    EFE : 01;
    EFF : 04;
    F00 : 0B;
    F01 : 0B;
    F02 : 0B;
    F03 : 0B;
    F04 : 0B;
    F05 : 0B;
    F06 : 0B;
    F07 : 0B;
    F08 : 0B;
    F09 : 0A;
    F0A : 0A;
    F0B : 0A;
    F0C : 0B;
    F0D : 0C;
    F0E : 07;
    F0F : 0C;
    F10 : 0C;
    F11 : 0A;
    F12 : 09;
    F13 : 04;
    F14 : 05;
    F15 : 04;
    F16 : 01;
    F17 : 00;
    F18 : 03;
    F19 : 03;
    F1A : 04;
    F1B : 03;
    F1C : 03;
    F1D : 04;
    F1E : 04;
    F1F : 04;
    F20 : 04;
    F21 : 02;
    F22 : 00;
    F23 : 00;
    F24 : 00;
    F25 : 03;
    F26 : 05;
    F27 : 06;
    F28 : 07;
    F29 : 05;
    F2A : 06;
    F2B : 06;
    F2C : 05;
    F2D : 07;
    F2E : 09;
    F2F : 09;
    F30 : 09;
    F31 : 07;
    F32 : 09;
    F33 : 09;
    F34 : 07;
    F35 : 07;
    F36 : 08;
    F37 : 08;
    F38 : 08;
    F39 : 08;
    F3A : 06;
    F3B : 08;
    F3C : 08;
    F3D : 09;
    F3E : 09;
    F3F : 09;
    F40 : 09;
    F41 : 09;
    F42 : 08;
    F43 : 09;
    F44 : 07;
    F45 : 07;
    F46 : 06;
    F47 : 06;
    F48 : 06;
    F49 : 07;
    F4A : 07;
    F4B : 07;
    F4C : 07;
    F4D : 07;
    F4E : 06;
    F4F : 07;
    F50 : 07;
    F51 : 06;
    F52 : 06;
    F53 : 06;
    F54 : 06;
    F55 : 06;
    F56 : 06;
    F57 : 06;
    F58 : 07;
    F59 : 07;
    F5A : 08;
    F5B : 07;
    F5C : 07;
    F5D : 07;
    F5E : 07;
    F5F : 07;
    F60 : 07;
    F61 : 07;
    F62 : 06;
    F63 : 06;
    F64 : 06;
    F65 : 06;
    F66 : 06;
    F67 : 05;
    F68 : 05;
    F69 : 05;
    F6A : 05;
    F6B : 06;
    F6C : 07;
    F6D : 07;
    F6E : 07;
    F6F : 07;
    F70 : 04;
    F71 : 06;
    F72 : 06;
    F73 : 04;
    F74 : 04;
    F75 : 05;
    F76 : 06;
    F77 : 06;
    F78 : 05;
    F79 : 05;
    F7A : 05;
    F7B : 05;
    F7C : 05;
    F7D : 05;
    F7E : 02;
    F7F : 03;
    F80 : 05;
    F81 : 06;
    F82 : 06;
    F83 : 05;
    F84 : 06;
    F85 : 05;
    F86 : 05;
    F87 : 05;
    F88 : 04;
    F89 : 01;
    F8A : 02;
    F8B : 01;
    F8C : 02;
    F8D : 02;
    F8E : 00;
    F8F : 00;
    F90 : 03;
    F91 : 05;
    F92 : 04;
    F93 : 02;
    F94 : 01;
    F95 : 01;
    F96 : 03;
    F97 : 04;
    F98 : 03;
    F99 : 03;
    F9A : 04;
    F9B : 04;
    F9C : 01;
    F9D : 02;
    F9E : 02;
    F9F : 03;
    FA0 : 0B;
    FA1 : 0B;
    FA2 : 0B;
    FA3 : 0B;
    FA4 : 0B;
    FA5 : 0B;
    FA6 : 0B;
    FA7 : 0B;
    FA8 : 0B;
    FA9 : 0B;
    FAA : 0B;
    FAB : 0A;
    FAC : 0B;
    FAD : 0A;
    FAE : 06;
    FAF : 0D;
    FB0 : 0C;
    FB1 : 0B;
    FB2 : 07;
    FB3 : 05;
    FB4 : 06;
    FB5 : 03;
    FB6 : 04;
    FB7 : 01;
    FB8 : 01;
    FB9 : 03;
    FBA : 03;
    FBB : 02;
    FBC : 02;
    FBD : 04;
    FBE : 04;
    FBF : 04;
    FC0 : 05;
    FC1 : 01;
    FC2 : 00;
    FC3 : 00;
    FC4 : 00;
    FC5 : 04;
    FC6 : 06;
    FC7 : 08;
    FC8 : 07;
    FC9 : 07;
    FCA : 06;
    FCB : 06;
    FCC : 08;
    FCD : 0A;
    FCE : 0A;
    FCF : 0A;
    FD0 : 09;
    FD1 : 08;
    FD2 : 09;
    FD3 : 09;
    FD4 : 07;
    FD5 : 07;
    FD6 : 08;
    FD7 : 09;
    FD8 : 09;
    FD9 : 08;
    FDA : 07;
    FDB : 08;
    FDC : 09;
    FDD : 09;
    FDE : 08;
    FDF : 08;
    FE0 : 08;
    FE1 : 08;
    FE2 : 07;
    FE3 : 07;
    FE4 : 06;
    FE5 : 06;
    FE6 : 06;
    FE7 : 07;
    FE8 : 07;
    FE9 : 07;
    FEA : 07;
    FEB : 07;
    FEC : 07;
    FED : 07;
    FEE : 07;
    FEF : 06;
    FF0 : 05;
    FF1 : 05;
    FF2 : 05;
    FF3 : 06;
    FF4 : 06;
    FF5 : 06;
    FF6 : 06;
    FF7 : 07;
    FF8 : 08;
    FF9 : 08;
    FFA : 09;
    FFB : 08;
    FFC : 08;
    FFD : 07;
    FFE : 07;
    FFF : 07;
    1000 : 07;
    1001 : 07;
    1002 : 07;
    1003 : 06;
    1004 : 06;
    1005 : 07;
    1006 : 07;
    1007 : 06;
    1008 : 05;
    1009 : 05;
    100A : 06;
    100B : 05;
    100C : 06;
    100D : 06;
    100E : 07;
    100F : 07;
    1010 : 04;
    1011 : 02;
    1012 : 03;
    1013 : 06;
    1014 : 06;
    1015 : 06;
    1016 : 06;
    1017 : 05;
    1018 : 04;
    1019 : 04;
    101A : 05;
    101B : 05;
    101C : 05;
    101D : 03;
    101E : 00;
    101F : 03;
    1020 : 05;
    1021 : 06;
    1022 : 05;
    1023 : 05;
    1024 : 06;
    1025 : 06;
    1026 : 05;
    1027 : 05;
    1028 : 05;
    1029 : 01;
    102A : 00;
    102B : 00;
    102C : 00;
    102D : 01;
    102E : 04;
    102F : 01;
    1030 : 00;
    1031 : 00;
    1032 : 01;
    1033 : 03;
    1034 : 04;
    1035 : 01;
    1036 : 03;
    1037 : 03;
    1038 : 03;
    1039 : 03;
    103A : 04;
    103B : 05;
    103C : 03;
    103D : 02;
    103E : 02;
    103F : 00;
    1040 : 0B;
    1041 : 0B;
    1042 : 0B;
    1043 : 0B;
    1044 : 0B;
    1045 : 0B;
    1046 : 0B;
    1047 : 0B;
    1048 : 0B;
    1049 : 0B;
    104A : 0A;
    104B : 0A;
    104C : 0B;
    104D : 0A;
    104E : 07;
    104F : 0D;
    1050 : 0D;
    1051 : 0B;
    1052 : 05;
    1053 : 07;
    1054 : 06;
    1055 : 03;
    1056 : 04;
    1057 : 02;
    1058 : 02;
    1059 : 00;
    105A : 04;
    105B : 04;
    105C : 02;
    105D : 04;
    105E : 04;
    105F : 04;
    1060 : 04;
    1061 : 00;
    1062 : 00;
    1063 : 00;
    1064 : 02;
    1065 : 05;
    1066 : 08;
    1067 : 09;
    1068 : 09;
    1069 : 08;
    106A : 07;
    106B : 09;
    106C : 0B;
    106D : 0B;
    106E : 0B;
    106F : 0A;
    1070 : 0A;
    1071 : 09;
    1072 : 09;
    1073 : 09;
    1074 : 06;
    1075 : 06;
    1076 : 08;
    1077 : 09;
    1078 : 09;
    1079 : 09;
    107A : 07;
    107B : 07;
    107C : 08;
    107D : 08;
    107E : 08;
    107F : 07;
    1080 : 07;
    1081 : 07;
    1082 : 06;
    1083 : 06;
    1084 : 07;
    1085 : 07;
    1086 : 07;
    1087 : 07;
    1088 : 07;
    1089 : 07;
    108A : 07;
    108B : 07;
    108C : 07;
    108D : 07;
    108E : 06;
    108F : 05;
    1090 : 05;
    1091 : 05;
    1092 : 06;
    1093 : 07;
    1094 : 07;
    1095 : 07;
    1096 : 08;
    1097 : 09;
    1098 : 09;
    1099 : 09;
    109A : 08;
    109B : 07;
    109C : 07;
    109D : 07;
    109E : 07;
    109F : 07;
    10A0 : 07;
    10A1 : 07;
    10A2 : 06;
    10A3 : 06;
    10A4 : 06;
    10A5 : 07;
    10A6 : 07;
    10A7 : 07;
    10A8 : 07;
    10A9 : 05;
    10AA : 06;
    10AB : 05;
    10AC : 05;
    10AD : 05;
    10AE : 06;
    10AF : 06;
    10B0 : 07;
    10B1 : 06;
    10B2 : 06;
    10B3 : 06;
    10B4 : 06;
    10B5 : 06;
    10B6 : 05;
    10B7 : 04;
    10B8 : 05;
    10B9 : 04;
    10BA : 05;
    10BB : 05;
    10BC : 04;
    10BD : 03;
    10BE : 01;
    10BF : 02;
    10C0 : 05;
    10C1 : 05;
    10C2 : 05;
    10C3 : 05;
    10C4 : 05;
    10C5 : 06;
    10C6 : 05;
    10C7 : 05;
    10C8 : 03;
    10C9 : 01;
    10CA : 03;
    10CB : 05;
    10CC : 03;
    10CD : 00;
    10CE : 01;
    10CF : 04;
    10D0 : 00;
    10D1 : 00;
    10D2 : 00;
    10D3 : 02;
    10D4 : 03;
    10D5 : 00;
    10D6 : 02;
    10D7 : 04;
    10D8 : 02;
    10D9 : 03;
    10DA : 04;
    10DB : 04;
    10DC : 03;
    10DD : 00;
    10DE : 00;
    10DF : 00;
    10E0 : 0B;
    10E1 : 0B;
    10E2 : 0B;
    10E3 : 0B;
    10E4 : 0B;
    10E5 : 0B;
    10E6 : 0B;
    10E7 : 0B;
    10E8 : 0B;
    10E9 : 0B;
    10EA : 0A;
    10EB : 0A;
    10EC : 0B;
    10ED : 09;
    10EE : 06;
    10EF : 0C;
    10F0 : 0D;
    10F1 : 0C;
    10F2 : 07;
    10F3 : 09;
    10F4 : 09;
    10F5 : 03;
    10F6 : 04;
    10F7 : 03;
    10F8 : 03;
    10F9 : 01;
    10FA : 03;
    10FB : 04;
    10FC : 03;
    10FD : 02;
    10FE : 05;
    10FF : 05;
    1100 : 02;
    1101 : 02;
    1102 : 00;
    1103 : 00;
    1104 : 02;
    1105 : 05;
    1106 : 09;
    1107 : 0A;
    1108 : 09;
    1109 : 09;
    110A : 09;
    110B : 0A;
    110C : 0B;
    110D : 0B;
    110E : 0B;
    110F : 0A;
    1110 : 0A;
    1111 : 09;
    1112 : 09;
    1113 : 08;
    1114 : 06;
    1115 : 07;
    1116 : 08;
    1117 : 09;
    1118 : 09;
    1119 : 09;
    111A : 08;
    111B : 07;
    111C : 07;
    111D : 08;
    111E : 08;
    111F : 07;
    1120 : 07;
    1121 : 07;
    1122 : 07;
    1123 : 06;
    1124 : 07;
    1125 : 07;
    1126 : 07;
    1127 : 07;
    1128 : 07;
    1129 : 07;
    112A : 08;
    112B : 07;
    112C : 06;
    112D : 06;
    112E : 05;
    112F : 06;
    1130 : 06;
    1131 : 05;
    1132 : 06;
    1133 : 07;
    1134 : 07;
    1135 : 07;
    1136 : 07;
    1137 : 08;
    1138 : 08;
    1139 : 07;
    113A : 07;
    113B : 07;
    113C : 07;
    113D : 07;
    113E : 07;
    113F : 07;
    1140 : 07;
    1141 : 07;
    1142 : 07;
    1143 : 07;
    1144 : 06;
    1145 : 04;
    1146 : 07;
    1147 : 07;
    1148 : 07;
    1149 : 06;
    114A : 06;
    114B : 05;
    114C : 05;
    114D : 05;
    114E : 05;
    114F : 05;
    1150 : 06;
    1151 : 07;
    1152 : 06;
    1153 : 06;
    1154 : 06;
    1155 : 05;
    1156 : 05;
    1157 : 05;
    1158 : 05;
    1159 : 05;
    115A : 04;
    115B : 04;
    115C : 04;
    115D : 04;
    115E : 04;
    115F : 03;
    1160 : 05;
    1161 : 05;
    1162 : 06;
    1163 : 06;
    1164 : 06;
    1165 : 06;
    1166 : 06;
    1167 : 05;
    1168 : 03;
    1169 : 04;
    116A : 05;
    116B : 04;
    116C : 03;
    116D : 01;
    116E : 00;
    116F : 04;
    1170 : 02;
    1171 : 00;
    1172 : 00;
    1173 : 02;
    1174 : 04;
    1175 : 02;
    1176 : 01;
    1177 : 04;
    1178 : 04;
    1179 : 03;
    117A : 03;
    117B : 04;
    117C : 05;
    117D : 01;
    117E : 00;
    117F : 00;
    1180 : 0B;
    1181 : 0B;
    1182 : 0B;
    1183 : 0B;
    1184 : 0B;
    1185 : 0B;
    1186 : 0B;
    1187 : 0B;
    1188 : 0B;
    1189 : 0B;
    118A : 0B;
    118B : 0B;
    118C : 0B;
    118D : 07;
    118E : 05;
    118F : 0D;
    1190 : 0D;
    1191 : 0C;
    1192 : 0B;
    1193 : 0C;
    1194 : 0E;
    1195 : 07;
    1196 : 03;
    1197 : 03;
    1198 : 04;
    1199 : 03;
    119A : 03;
    119B : 03;
    119C : 04;
    119D : 03;
    119E : 01;
    119F : 01;
    11A0 : 00;
    11A1 : 00;
    11A2 : 00;
    11A3 : 00;
    11A4 : 01;
    11A5 : 05;
    11A6 : 0A;
    11A7 : 0A;
    11A8 : 09;
    11A9 : 09;
    11AA : 0A;
    11AB : 09;
    11AC : 0A;
    11AD : 0B;
    11AE : 0A;
    11AF : 09;
    11B0 : 09;
    11B1 : 09;
    11B2 : 08;
    11B3 : 08;
    11B4 : 07;
    11B5 : 07;
    11B6 : 09;
    11B7 : 09;
    11B8 : 0A;
    11B9 : 09;
    11BA : 09;
    11BB : 07;
    11BC : 07;
    11BD : 08;
    11BE : 07;
    11BF : 07;
    11C0 : 06;
    11C1 : 07;
    11C2 : 07;
    11C3 : 07;
    11C4 : 07;
    11C5 : 07;
    11C6 : 07;
    11C7 : 07;
    11C8 : 07;
    11C9 : 07;
    11CA : 07;
    11CB : 07;
    11CC : 06;
    11CD : 06;
    11CE : 06;
    11CF : 07;
    11D0 : 07;
    11D1 : 07;
    11D2 : 07;
    11D3 : 07;
    11D4 : 07;
    11D5 : 07;
    11D6 : 07;
    11D7 : 07;
    11D8 : 07;
    11D9 : 07;
    11DA : 07;
    11DB : 06;
    11DC : 07;
    11DD : 07;
    11DE : 07;
    11DF : 07;
    11E0 : 08;
    11E1 : 07;
    11E2 : 07;
    11E3 : 07;
    11E4 : 06;
    11E5 : 05;
    11E6 : 07;
    11E7 : 07;
    11E8 : 07;
    11E9 : 06;
    11EA : 07;
    11EB : 06;
    11EC : 06;
    11ED : 05;
    11EE : 05;
    11EF : 05;
    11F0 : 05;
    11F1 : 05;
    11F2 : 05;
    11F3 : 05;
    11F4 : 05;
    11F5 : 04;
    11F6 : 04;
    11F7 : 04;
    11F8 : 04;
    11F9 : 04;
    11FA : 04;
    11FB : 05;
    11FC : 05;
    11FD : 04;
    11FE : 06;
    11FF : 05;
    1200 : 03;
    1201 : 03;
    1202 : 06;
    1203 : 06;
    1204 : 06;
    1205 : 05;
    1206 : 05;
    1207 : 04;
    1208 : 05;
    1209 : 06;
    120A : 04;
    120B : 03;
    120C : 03;
    120D : 02;
    120E : 00;
    120F : 02;
    1210 : 03;
    1211 : 00;
    1212 : 00;
    1213 : 00;
    1214 : 01;
    1215 : 03;
    1216 : 03;
    1217 : 01;
    1218 : 04;
    1219 : 03;
    121A : 04;
    121B : 05;
    121C : 05;
    121D : 02;
    121E : 01;
    121F : 01;
    1220 : 0B;
    1221 : 0B;
    1222 : 0B;
    1223 : 0B;
    1224 : 0B;
    1225 : 0B;
    1226 : 0B;
    1227 : 0B;
    1228 : 0B;
    1229 : 0B;
    122A : 0B;
    122B : 0B;
    122C : 0B;
    122D : 08;
    122E : 04;
    122F : 0B;
    1230 : 0D;
    1231 : 0E;
    1232 : 0D;
    1233 : 0E;
    1234 : 0F;
    1235 : 08;
    1236 : 03;
    1237 : 03;
    1238 : 04;
    1239 : 04;
    123A : 02;
    123B : 02;
    123C : 01;
    123D : 05;
    123E : 04;
    123F : 03;
    1240 : 02;
    1241 : 02;
    1242 : 04;
    1243 : 02;
    1244 : 03;
    1245 : 07;
    1246 : 0D;
    1247 : 0B;
    1248 : 0B;
    1249 : 0B;
    124A : 0B;
    124B : 0B;
    124C : 09;
    124D : 0A;
    124E : 0A;
    124F : 09;
    1250 : 09;
    1251 : 08;
    1252 : 08;
    1253 : 07;
    1254 : 06;
    1255 : 06;
    1256 : 09;
    1257 : 09;
    1258 : 09;
    1259 : 09;
    125A : 09;
    125B : 08;
    125C : 07;
    125D : 07;
    125E : 07;
    125F : 06;
    1260 : 06;
    1261 : 07;
    1262 : 07;
    1263 : 07;
    1264 : 06;
    1265 : 06;
    1266 : 07;
    1267 : 07;
    1268 : 06;
    1269 : 06;
    126A : 07;
    126B : 07;
    126C : 06;
    126D : 07;
    126E : 06;
    126F : 06;
    1270 : 07;
    1271 : 07;
    1272 : 07;
    1273 : 07;
    1274 : 07;
    1275 : 08;
    1276 : 08;
    1277 : 08;
    1278 : 08;
    1279 : 08;
    127A : 08;
    127B : 08;
    127C : 07;
    127D : 07;
    127E : 08;
    127F : 07;
    1280 : 07;
    1281 : 07;
    1282 : 07;
    1283 : 07;
    1284 : 07;
    1285 : 06;
    1286 : 07;
    1287 : 07;
    1288 : 07;
    1289 : 07;
    128A : 07;
    128B : 06;
    128C : 06;
    128D : 06;
    128E : 05;
    128F : 05;
    1290 : 05;
    1291 : 05;
    1292 : 05;
    1293 : 04;
    1294 : 04;
    1295 : 04;
    1296 : 04;
    1297 : 04;
    1298 : 04;
    1299 : 05;
    129A : 05;
    129B : 05;
    129C : 05;
    129D : 04;
    129E : 05;
    129F : 06;
    12A0 : 06;
    12A1 : 04;
    12A2 : 04;
    12A3 : 05;
    12A4 : 05;
    12A5 : 05;
    12A6 : 04;
    12A7 : 04;
    12A8 : 06;
    12A9 : 04;
    12AA : 02;
    12AB : 02;
    12AC : 02;
    12AD : 01;
    12AE : 00;
    12AF : 03;
    12B0 : 02;
    12B1 : 00;
    12B2 : 00;
    12B3 : 00;
    12B4 : 00;
    12B5 : 00;
    12B6 : 02;
    12B7 : 03;
    12B8 : 01;
    12B9 : 01;
    12BA : 01;
    12BB : 04;
    12BC : 05;
    12BD : 01;
    12BE : 00;
    12BF : 02;
    12C0 : 0B;
    12C1 : 0B;
    12C2 : 0B;
    12C3 : 0B;
    12C4 : 0B;
    12C5 : 0B;
    12C6 : 0B;
    12C7 : 0B;
    12C8 : 0B;
    12C9 : 0B;
    12CA : 0B;
    12CB : 0B;
    12CC : 0B;
    12CD : 0A;
    12CE : 04;
    12CF : 08;
    12D0 : 0E;
    12D1 : 0F;
    12D2 : 0F;
    12D3 : 0F;
    12D4 : 0C;
    12D5 : 02;
    12D6 : 03;
    12D7 : 03;
    12D8 : 04;
    12D9 : 03;
    12DA : 01;
    12DB : 01;
    12DC : 00;
    12DD : 02;
    12DE : 04;
    12DF : 05;
    12E0 : 04;
    12E1 : 04;
    12E2 : 05;
    12E3 : 03;
    12E4 : 05;
    12E5 : 0A;
    12E6 : 0D;
    12E7 : 0D;
    12E8 : 0D;
    12E9 : 0B;
    12EA : 0A;
    12EB : 0A;
    12EC : 0A;
    12ED : 09;
    12EE : 08;
    12EF : 07;
    12F0 : 08;
    12F1 : 07;
    12F2 : 07;
    12F3 : 07;
    12F4 : 06;
    12F5 : 06;
    12F6 : 0A;
    12F7 : 09;
    12F8 : 09;
    12F9 : 09;
    12FA : 09;
    12FB : 09;
    12FC : 07;
    12FD : 06;
    12FE : 06;
    12FF : 07;
    1300 : 07;
    1301 : 07;
    1302 : 07;
    1303 : 07;
    1304 : 06;
    1305 : 06;
    1306 : 07;
    1307 : 07;
    1308 : 07;
    1309 : 07;
    130A : 07;
    130B : 07;
    130C : 07;
    130D : 07;
    130E : 07;
    130F : 07;
    1310 : 08;
    1311 : 08;
    1312 : 08;
    1313 : 08;
    1314 : 08;
    1315 : 07;
    1316 : 06;
    1317 : 05;
    1318 : 04;
    1319 : 04;
    131A : 04;
    131B : 05;
    131C : 07;
    131D : 08;
    131E : 08;
    131F : 08;
    1320 : 08;
    1321 : 07;
    1322 : 07;
    1323 : 07;
    1324 : 07;
    1325 : 07;
    1326 : 07;
    1327 : 07;
    1328 : 07;
    1329 : 07;
    132A : 07;
    132B : 06;
    132C : 06;
    132D : 07;
    132E : 06;
    132F : 05;
    1330 : 06;
    1331 : 06;
    1332 : 05;
    1333 : 04;
    1334 : 04;
    1335 : 04;
    1336 : 04;
    1337 : 04;
    1338 : 04;
    1339 : 04;
    133A : 05;
    133B : 05;
    133C : 04;
    133D : 05;
    133E : 05;
    133F : 05;
    1340 : 06;
    1341 : 06;
    1342 : 05;
    1343 : 04;
    1344 : 05;
    1345 : 05;
    1346 : 05;
    1347 : 04;
    1348 : 06;
    1349 : 04;
    134A : 02;
    134B : 04;
    134C : 01;
    134D : 00;
    134E : 01;
    134F : 02;
    1350 : 00;
    1351 : 00;
    1352 : 00;
    1353 : 00;
    1354 : 00;
    1355 : 00;
    1356 : 00;
    1357 : 00;
    1358 : 00;
    1359 : 02;
    135A : 00;
    135B : 00;
    135C : 02;
    135D : 01;
    135E : 00;
    135F : 03;
    1360 : 0B;
    1361 : 0B;
    1362 : 0B;
    1363 : 0B;
    1364 : 0B;
    1365 : 0B;
    1366 : 0B;
    1367 : 0B;
    1368 : 0B;
    1369 : 0B;
    136A : 0B;
    136B : 0B;
    136C : 0B;
    136D : 0C;
    136E : 07;
    136F : 04;
    1370 : 0C;
    1371 : 0E;
    1372 : 0E;
    1373 : 0A;
    1374 : 02;
    1375 : 01;
    1376 : 02;
    1377 : 03;
    1378 : 04;
    1379 : 02;
    137A : 00;
    137B : 01;
    137C : 01;
    137D : 00;
    137E : 00;
    137F : 02;
    1380 : 03;
    1381 : 02;
    1382 : 01;
    1383 : 04;
    1384 : 06;
    1385 : 0D;
    1386 : 0E;
    1387 : 0C;
    1388 : 0B;
    1389 : 0B;
    138A : 08;
    138B : 08;
    138C : 08;
    138D : 08;
    138E : 06;
    138F : 06;
    1390 : 06;
    1391 : 06;
    1392 : 07;
    1393 : 06;
    1394 : 06;
    1395 : 05;
    1396 : 0A;
    1397 : 09;
    1398 : 09;
    1399 : 08;
    139A : 09;
    139B : 09;
    139C : 08;
    139D : 07;
    139E : 06;
    139F : 07;
    13A0 : 06;
    13A1 : 06;
    13A2 : 07;
    13A3 : 07;
    13A4 : 07;
    13A5 : 06;
    13A6 : 07;
    13A7 : 07;
    13A8 : 06;
    13A9 : 07;
    13AA : 07;
    13AB : 07;
    13AC : 07;
    13AD : 07;
    13AE : 06;
    13AF : 06;
    13B0 : 04;
    13B1 : 02;
    13B2 : 01;
    13B3 : 00;
    13B4 : 00;
    13B5 : 00;
    13B6 : 00;
    13B7 : 02;
    13B8 : 02;
    13B9 : 02;
    13BA : 02;
    13BB : 02;
    13BC : 01;
    13BD : 02;
    13BE : 04;
    13BF : 06;
    13C0 : 08;
    13C1 : 08;
    13C2 : 07;
    13C3 : 07;
    13C4 : 07;
    13C5 : 07;
    13C6 : 07;
    13C7 : 07;
    13C8 : 06;
    13C9 : 07;
    13CA : 07;
    13CB : 06;
    13CC : 07;
    13CD : 06;
    13CE : 06;
    13CF : 05;
    13D0 : 05;
    13D1 : 05;
    13D2 : 05;
    13D3 : 05;
    13D4 : 04;
    13D5 : 04;
    13D6 : 04;
    13D7 : 04;
    13D8 : 04;
    13D9 : 04;
    13DA : 03;
    13DB : 04;
    13DC : 05;
    13DD : 05;
    13DE : 05;
    13DF : 05;
    13E0 : 06;
    13E1 : 06;
    13E2 : 05;
    13E3 : 05;
    13E4 : 06;
    13E5 : 06;
    13E6 : 04;
    13E7 : 04;
    13E8 : 06;
    13E9 : 03;
    13EA : 01;
    13EB : 01;
    13EC : 00;
    13ED : 00;
    13EE : 00;
    13EF : 00;
    13F0 : 00;
    13F1 : 00;
    13F2 : 01;
    13F3 : 02;
    13F4 : 02;
    13F5 : 03;
    13F6 : 02;
    13F7 : 02;
    13F8 : 00;
    13F9 : 00;
    13FA : 00;
    13FB : 02;
    13FC : 02;
    13FD : 02;
    13FE : 01;
    13FF : 04;
    1400 : 0B;
    1401 : 0B;
    1402 : 0B;
    1403 : 0B;
    1404 : 0B;
    1405 : 0B;
    1406 : 0B;
    1407 : 0B;
    1408 : 0B;
    1409 : 0B;
    140A : 0B;
    140B : 0B;
    140C : 0B;
    140D : 0B;
    140E : 0B;
    140F : 05;
    1410 : 06;
    1411 : 0D;
    1412 : 0C;
    1413 : 04;
    1414 : 02;
    1415 : 04;
    1416 : 04;
    1417 : 02;
    1418 : 03;
    1419 : 04;
    141A : 03;
    141B : 01;
    141C : 02;
    141D : 00;
    141E : 00;
    141F : 00;
    1420 : 00;
    1421 : 00;
    1422 : 00;
    1423 : 05;
    1424 : 0B;
    1425 : 0C;
    1426 : 0B;
    1427 : 08;
    1428 : 08;
    1429 : 08;
    142A : 08;
    142B : 07;
    142C : 06;
    142D : 06;
    142E : 06;
    142F : 06;
    1430 : 06;
    1431 : 06;
    1432 : 06;
    1433 : 06;
    1434 : 06;
    1435 : 05;
    1436 : 09;
    1437 : 08;
    1438 : 08;
    1439 : 07;
    143A : 08;
    143B : 08;
    143C : 08;
    143D : 08;
    143E : 07;
    143F : 06;
    1440 : 07;
    1441 : 07;
    1442 : 07;
    1443 : 07;
    1444 : 06;
    1445 : 06;
    1446 : 07;
    1447 : 07;
    1448 : 07;
    1449 : 07;
    144A : 07;
    144B : 06;
    144C : 05;
    144D : 05;
    144E : 04;
    144F : 02;
    1450 : 00;
    1451 : 00;
    1452 : 00;
    1453 : 02;
    1454 : 04;
    1455 : 05;
    1456 : 07;
    1457 : 08;
    1458 : 07;
    1459 : 07;
    145A : 07;
    145B : 07;
    145C : 06;
    145D : 04;
    145E : 02;
    145F : 01;
    1460 : 02;
    1461 : 05;
    1462 : 05;
    1463 : 07;
    1464 : 07;
    1465 : 07;
    1466 : 06;
    1467 : 07;
    1468 : 06;
    1469 : 07;
    146A : 07;
    146B : 06;
    146C : 07;
    146D : 06;
    146E : 06;
    146F : 06;
    1470 : 05;
    1471 : 05;
    1472 : 05;
    1473 : 05;
    1474 : 05;
    1475 : 04;
    1476 : 04;
    1477 : 04;
    1478 : 04;
    1479 : 04;
    147A : 03;
    147B : 02;
    147C : 04;
    147D : 05;
    147E : 06;
    147F : 05;
    1480 : 06;
    1481 : 06;
    1482 : 05;
    1483 : 06;
    1484 : 06;
    1485 : 05;
    1486 : 03;
    1487 : 05;
    1488 : 04;
    1489 : 02;
    148A : 00;
    148B : 00;
    148C : 00;
    148D : 00;
    148E : 00;
    148F : 00;
    1490 : 02;
    1491 : 03;
    1492 : 04;
    1493 : 04;
    1494 : 05;
    1495 : 05;
    1496 : 04;
    1497 : 05;
    1498 : 04;
    1499 : 02;
    149A : 00;
    149B : 00;
    149C : 00;
    149D : 02;
    149E : 01;
    149F : 04;
    14A0 : 0C;
    14A1 : 0B;
    14A2 : 0B;
    14A3 : 0B;
    14A4 : 0B;
    14A5 : 0B;
    14A6 : 0B;
    14A7 : 0B;
    14A8 : 0B;
    14A9 : 0B;
    14AA : 0B;
    14AB : 0B;
    14AC : 0B;
    14AD : 0B;
    14AE : 0B;
    14AF : 0A;
    14B0 : 04;
    14B1 : 05;
    14B2 : 04;
    14B3 : 04;
    14B4 : 04;
    14B5 : 04;
    14B6 : 04;
    14B7 : 02;
    14B8 : 03;
    14B9 : 01;
    14BA : 02;
    14BB : 03;
    14BC : 03;
    14BD : 03;
    14BE : 00;
    14BF : 00;
    14C0 : 00;
    14C1 : 00;
    14C2 : 03;
    14C3 : 07;
    14C4 : 0B;
    14C5 : 09;
    14C6 : 09;
    14C7 : 08;
    14C8 : 07;
    14C9 : 06;
    14CA : 05;
    14CB : 06;
    14CC : 06;
    14CD : 06;
    14CE : 06;
    14CF : 06;
    14D0 : 06;
    14D1 : 06;
    14D2 : 07;
    14D3 : 07;
    14D4 : 07;
    14D5 : 05;
    14D6 : 08;
    14D7 : 08;
    14D8 : 06;
    14D9 : 07;
    14DA : 08;
    14DB : 08;
    14DC : 08;
    14DD : 08;
    14DE : 07;
    14DF : 07;
    14E0 : 07;
    14E1 : 07;
    14E2 : 07;
    14E3 : 07;
    14E4 : 07;
    14E5 : 07;
    14E6 : 07;
    14E7 : 07;
    14E8 : 07;
    14E9 : 07;
    14EA : 07;
    14EB : 06;
    14EC : 05;
    14ED : 05;
    14EE : 04;
    14EF : 01;
    14F0 : 00;
    14F1 : 02;
    14F2 : 05;
    14F3 : 07;
    14F4 : 07;
    14F5 : 07;
    14F6 : 06;
    14F7 : 05;
    14F8 : 04;
    14F9 : 04;
    14FA : 05;
    14FB : 05;
    14FC : 06;
    14FD : 07;
    14FE : 07;
    14FF : 05;
    1500 : 02;
    1501 : 01;
    1502 : 03;
    1503 : 06;
    1504 : 07;
    1505 : 07;
    1506 : 07;
    1507 : 07;
    1508 : 07;
    1509 : 06;
    150A : 06;
    150B : 06;
    150C : 07;
    150D : 06;
    150E : 06;
    150F : 04;
    1510 : 05;
    1511 : 05;
    1512 : 05;
    1513 : 05;
    1514 : 05;
    1515 : 04;
    1516 : 04;
    1517 : 05;
    1518 : 04;
    1519 : 04;
    151A : 04;
    151B : 04;
    151C : 03;
    151D : 03;
    151E : 04;
    151F : 05;
    1520 : 05;
    1521 : 06;
    1522 : 06;
    1523 : 06;
    1524 : 07;
    1525 : 05;
    1526 : 05;
    1527 : 06;
    1528 : 02;
    1529 : 01;
    152A : 00;
    152B : 00;
    152C : 00;
    152D : 01;
    152E : 02;
    152F : 03;
    1530 : 04;
    1531 : 04;
    1532 : 05;
    1533 : 06;
    1534 : 05;
    1535 : 05;
    1536 : 05;
    1537 : 06;
    1538 : 06;
    1539 : 05;
    153A : 04;
    153B : 01;
    153C : 00;
    153D : 02;
    153E : 01;
    153F : 03;
    1540 : 0C;
    1541 : 0B;
    1542 : 0B;
    1543 : 0B;
    1544 : 0B;
    1545 : 0B;
    1546 : 0B;
    1547 : 0B;
    1548 : 0B;
    1549 : 0B;
    154A : 0B;
    154B : 0B;
    154C : 0B;
    154D : 0B;
    154E : 0B;
    154F : 0B;
    1550 : 0A;
    1551 : 04;
    1552 : 03;
    1553 : 04;
    1554 : 04;
    1555 : 05;
    1556 : 02;
    1557 : 00;
    1558 : 00;
    1559 : 00;
    155A : 02;
    155B : 04;
    155C : 03;
    155D : 03;
    155E : 03;
    155F : 00;
    1560 : 00;
    1561 : 01;
    1562 : 06;
    1563 : 08;
    1564 : 09;
    1565 : 06;
    1566 : 06;
    1567 : 05;
    1568 : 04;
    1569 : 05;
    156A : 06;
    156B : 05;
    156C : 06;
    156D : 06;
    156E : 06;
    156F : 06;
    1570 : 06;
    1571 : 06;
    1572 : 07;
    1573 : 07;
    1574 : 06;
    1575 : 06;
    1576 : 07;
    1577 : 07;
    1578 : 07;
    1579 : 09;
    157A : 09;
    157B : 09;
    157C : 09;
    157D : 09;
    157E : 07;
    157F : 07;
    1580 : 06;
    1581 : 06;
    1582 : 07;
    1583 : 07;
    1584 : 07;
    1585 : 07;
    1586 : 06;
    1587 : 07;
    1588 : 07;
    1589 : 07;
    158A : 06;
    158B : 06;
    158C : 05;
    158D : 04;
    158E : 02;
    158F : 00;
    1590 : 02;
    1591 : 07;
    1592 : 08;
    1593 : 05;
    1594 : 02;
    1595 : 02;
    1596 : 02;
    1597 : 02;
    1598 : 02;
    1599 : 03;
    159A : 03;
    159B : 04;
    159C : 03;
    159D : 02;
    159E : 03;
    159F : 07;
    15A0 : 07;
    15A1 : 04;
    15A2 : 01;
    15A3 : 02;
    15A4 : 06;
    15A5 : 07;
    15A6 : 07;
    15A7 : 07;
    15A8 : 07;
    15A9 : 07;
    15AA : 07;
    15AB : 06;
    15AC : 06;
    15AD : 05;
    15AE : 05;
    15AF : 04;
    15B0 : 04;
    15B1 : 05;
    15B2 : 05;
    15B3 : 05;
    15B4 : 05;
    15B5 : 04;
    15B6 : 04;
    15B7 : 04;
    15B8 : 04;
    15B9 : 04;
    15BA : 04;
    15BB : 04;
    15BC : 05;
    15BD : 04;
    15BE : 03;
    15BF : 04;
    15C0 : 04;
    15C1 : 05;
    15C2 : 05;
    15C3 : 06;
    15C4 : 06;
    15C5 : 04;
    15C6 : 05;
    15C7 : 04;
    15C8 : 02;
    15C9 : 01;
    15CA : 00;
    15CB : 00;
    15CC : 01;
    15CD : 03;
    15CE : 04;
    15CF : 03;
    15D0 : 05;
    15D1 : 06;
    15D2 : 04;
    15D3 : 02;
    15D4 : 03;
    15D5 : 04;
    15D6 : 03;
    15D7 : 04;
    15D8 : 05;
    15D9 : 06;
    15DA : 06;
    15DB : 04;
    15DC : 02;
    15DD : 01;
    15DE : 01;
    15DF : 03;
    15E0 : 0B;
    15E1 : 0B;
    15E2 : 0B;
    15E3 : 0B;
    15E4 : 0B;
    15E5 : 0B;
    15E6 : 0B;
    15E7 : 0B;
    15E8 : 0B;
    15E9 : 0B;
    15EA : 0B;
    15EB : 0B;
    15EC : 0B;
    15ED : 0B;
    15EE : 0B;
    15EF : 0B;
    15F0 : 0B;
    15F1 : 0B;
    15F2 : 05;
    15F3 : 02;
    15F4 : 01;
    15F5 : 00;
    15F6 : 00;
    15F7 : 00;
    15F8 : 01;
    15F9 : 03;
    15FA : 04;
    15FB : 03;
    15FC : 04;
    15FD : 04;
    15FE : 04;
    15FF : 03;
    1600 : 03;
    1601 : 05;
    1602 : 06;
    1603 : 08;
    1604 : 06;
    1605 : 05;
    1606 : 06;
    1607 : 06;
    1608 : 05;
    1609 : 05;
    160A : 05;
    160B : 05;
    160C : 06;
    160D : 06;
    160E : 06;
    160F : 05;
    1610 : 05;
    1611 : 05;
    1612 : 05;
    1613 : 05;
    1614 : 06;
    1615 : 05;
    1616 : 06;
    1617 : 06;
    1618 : 0A;
    1619 : 0A;
    161A : 0B;
    161B : 0B;
    161C : 0B;
    161D : 08;
    161E : 07;
    161F : 07;
    1620 : 07;
    1621 : 06;
    1622 : 07;
    1623 : 07;
    1624 : 06;
    1625 : 07;
    1626 : 07;
    1627 : 07;
    1628 : 07;
    1629 : 07;
    162A : 07;
    162B : 06;
    162C : 05;
    162D : 03;
    162E : 01;
    162F : 01;
    1630 : 04;
    1631 : 04;
    1632 : 04;
    1633 : 02;
    1634 : 02;
    1635 : 03;
    1636 : 03;
    1637 : 04;
    1638 : 04;
    1639 : 05;
    163A : 04;
    163B : 04;
    163C : 06;
    163D : 06;
    163E : 02;
    163F : 02;
    1640 : 06;
    1641 : 07;
    1642 : 05;
    1643 : 01;
    1644 : 02;
    1645 : 05;
    1646 : 07;
    1647 : 07;
    1648 : 06;
    1649 : 04;
    164A : 07;
    164B : 06;
    164C : 06;
    164D : 06;
    164E : 05;
    164F : 05;
    1650 : 05;
    1651 : 05;
    1652 : 05;
    1653 : 06;
    1654 : 05;
    1655 : 05;
    1656 : 05;
    1657 : 05;
    1658 : 04;
    1659 : 04;
    165A : 04;
    165B : 04;
    165C : 04;
    165D : 05;
    165E : 05;
    165F : 05;
    1660 : 05;
    1661 : 05;
    1662 : 05;
    1663 : 06;
    1664 : 05;
    1665 : 04;
    1666 : 06;
    1667 : 04;
    1668 : 03;
    1669 : 04;
    166A : 01;
    166B : 02;
    166C : 03;
    166D : 04;
    166E : 04;
    166F : 04;
    1670 : 05;
    1671 : 03;
    1672 : 04;
    1673 : 03;
    1674 : 02;
    1675 : 02;
    1676 : 04;
    1677 : 03;
    1678 : 03;
    1679 : 01;
    167A : 04;
    167B : 06;
    167C : 05;
    167D : 02;
    167E : 03;
    167F : 03;
    1680 : 0B;
    1681 : 0B;
    1682 : 0B;
    1683 : 0B;
    1684 : 0B;
    1685 : 0B;
    1686 : 0B;
    1687 : 0B;
    1688 : 0B;
    1689 : 0B;
    168A : 0B;
    168B : 0B;
    168C : 0B;
    168D : 0B;
    168E : 0B;
    168F : 0B;
    1690 : 0B;
    1691 : 0C;
    1692 : 0C;
    1693 : 09;
    1694 : 04;
    1695 : 04;
    1696 : 04;
    1697 : 03;
    1698 : 02;
    1699 : 04;
    169A : 04;
    169B : 03;
    169C : 04;
    169D : 05;
    169E : 05;
    169F : 04;
    16A0 : 04;
    16A1 : 06;
    16A2 : 06;
    16A3 : 07;
    16A4 : 06;
    16A5 : 05;
    16A6 : 05;
    16A7 : 05;
    16A8 : 04;
    16A9 : 05;
    16AA : 05;
    16AB : 06;
    16AC : 06;
    16AD : 06;
    16AE : 06;
    16AF : 05;
    16B0 : 05;
    16B1 : 05;
    16B2 : 06;
    16B3 : 06;
    16B4 : 05;
    16B5 : 05;
    16B6 : 05;
    16B7 : 07;
    16B8 : 0B;
    16B9 : 0B;
    16BA : 0B;
    16BB : 0B;
    16BC : 0A;
    16BD : 07;
    16BE : 07;
    16BF : 07;
    16C0 : 07;
    16C1 : 06;
    16C2 : 07;
    16C3 : 06;
    16C4 : 06;
    16C5 : 06;
    16C6 : 07;
    16C7 : 07;
    16C8 : 07;
    16C9 : 07;
    16CA : 06;
    16CB : 06;
    16CC : 05;
    16CD : 04;
    16CE : 01;
    16CF : 02;
    16D0 : 03;
    16D1 : 02;
    16D2 : 02;
    16D3 : 04;
    16D4 : 05;
    16D5 : 03;
    16D6 : 05;
    16D7 : 05;
    16D8 : 00;
    16D9 : 02;
    16DA : 04;
    16DB : 01;
    16DC : 03;
    16DD : 07;
    16DE : 05;
    16DF : 05;
    16E0 : 03;
    16E1 : 04;
    16E2 : 07;
    16E3 : 06;
    16E4 : 03;
    16E5 : 03;
    16E6 : 05;
    16E7 : 06;
    16E8 : 06;
    16E9 : 06;
    16EA : 06;
    16EB : 06;
    16EC : 06;
    16ED : 05;
    16EE : 05;
    16EF : 05;
    16F0 : 05;
    16F1 : 05;
    16F2 : 05;
    16F3 : 05;
    16F4 : 05;
    16F5 : 05;
    16F6 : 05;
    16F7 : 05;
    16F8 : 04;
    16F9 : 04;
    16FA : 04;
    16FB : 04;
    16FC : 05;
    16FD : 04;
    16FE : 04;
    16FF : 04;
    1700 : 05;
    1701 : 05;
    1702 : 05;
    1703 : 04;
    1704 : 04;
    1705 : 04;
    1706 : 06;
    1707 : 05;
    1708 : 04;
    1709 : 04;
    170A : 04;
    170B : 04;
    170C : 03;
    170D : 04;
    170E : 05;
    170F : 05;
    1710 : 05;
    1711 : 04;
    1712 : 04;
    1713 : 03;
    1714 : 03;
    1715 : 03;
    1716 : 02;
    1717 : 05;
    1718 : 03;
    1719 : 03;
    171A : 01;
    171B : 04;
    171C : 06;
    171D : 04;
    171E : 03;
    171F : 04;
    1720 : 0C;
    1721 : 0B;
    1722 : 0B;
    1723 : 0B;
    1724 : 0B;
    1725 : 0B;
    1726 : 0B;
    1727 : 0B;
    1728 : 0B;
    1729 : 0B;
    172A : 0B;
    172B : 0B;
    172C : 0B;
    172D : 0B;
    172E : 0B;
    172F : 0B;
    1730 : 0B;
    1731 : 0B;
    1732 : 0B;
    1733 : 0A;
    1734 : 05;
    1735 : 02;
    1736 : 03;
    1737 : 03;
    1738 : 05;
    1739 : 02;
    173A : 02;
    173B : 05;
    173C : 04;
    173D : 05;
    173E : 05;
    173F : 05;
    1740 : 05;
    1741 : 06;
    1742 : 06;
    1743 : 08;
    1744 : 07;
    1745 : 06;
    1746 : 05;
    1747 : 06;
    1748 : 04;
    1749 : 05;
    174A : 05;
    174B : 06;
    174C : 07;
    174D : 06;
    174E : 06;
    174F : 06;
    1750 : 06;
    1751 : 06;
    1752 : 06;
    1753 : 06;
    1754 : 05;
    1755 : 06;
    1756 : 05;
    1757 : 07;
    1758 : 0B;
    1759 : 0B;
    175A : 0A;
    175B : 0B;
    175C : 0A;
    175D : 08;
    175E : 07;
    175F : 07;
    1760 : 07;
    1761 : 06;
    1762 : 06;
    1763 : 06;
    1764 : 06;
    1765 : 06;
    1766 : 06;
    1767 : 06;
    1768 : 06;
    1769 : 06;
    176A : 06;
    176B : 06;
    176C : 05;
    176D : 02;
    176E : 02;
    176F : 03;
    1770 : 02;
    1771 : 01;
    1772 : 03;
    1773 : 05;
    1774 : 06;
    1775 : 05;
    1776 : 06;
    1777 : 03;
    1778 : 00;
    1779 : 00;
    177A : 00;
    177B : 00;
    177C : 00;
    177D : 07;
    177E : 05;
    177F : 05;
    1780 : 07;
    1781 : 03;
    1782 : 02;
    1783 : 07;
    1784 : 07;
    1785 : 05;
    1786 : 04;
    1787 : 04;
    1788 : 06;
    1789 : 06;
    178A : 06;
    178B : 06;
    178C : 06;
    178D : 06;
    178E : 06;
    178F : 06;
    1790 : 06;
    1791 : 05;
    1792 : 05;
    1793 : 06;
    1794 : 06;
    1795 : 05;
    1796 : 04;
    1797 : 05;
    1798 : 05;
    1799 : 05;
    179A : 04;
    179B : 04;
    179C : 04;
    179D : 03;
    179E : 04;
    179F : 04;
    17A0 : 04;
    17A1 : 04;
    17A2 : 04;
    17A3 : 03;
    17A4 : 05;
    17A5 : 05;
    17A6 : 06;
    17A7 : 05;
    17A8 : 04;
    17A9 : 04;
    17AA : 03;
    17AB : 03;
    17AC : 04;
    17AD : 04;
    17AE : 05;
    17AF : 06;
    17B0 : 04;
    17B1 : 04;
    17B2 : 04;
    17B3 : 04;
    17B4 : 04;
    17B5 : 05;
    17B6 : 04;
    17B7 : 03;
    17B8 : 04;
    17B9 : 04;
    17BA : 00;
    17BB : 02;
    17BC : 06;
    17BD : 05;
    17BE : 04;
    17BF : 02;
    17C0 : 0C;
    17C1 : 0C;
    17C2 : 0C;
    17C3 : 0C;
    17C4 : 0C;
    17C5 : 0B;
    17C6 : 0B;
    17C7 : 0B;
    17C8 : 0B;
    17C9 : 0B;
    17CA : 0B;
    17CB : 0B;
    17CC : 0B;
    17CD : 0B;
    17CE : 0B;
    17CF : 0B;
    17D0 : 0B;
    17D1 : 0B;
    17D2 : 0B;
    17D3 : 09;
    17D4 : 05;
    17D5 : 02;
    17D6 : 03;
    17D7 : 03;
    17D8 : 05;
    17D9 : 00;
    17DA : 00;
    17DB : 04;
    17DC : 04;
    17DD : 05;
    17DE : 06;
    17DF : 05;
    17E0 : 05;
    17E1 : 06;
    17E2 : 05;
    17E3 : 07;
    17E4 : 07;
    17E5 : 07;
    17E6 : 06;
    17E7 : 06;
    17E8 : 06;
    17E9 : 06;
    17EA : 06;
    17EB : 06;
    17EC : 06;
    17ED : 06;
    17EE : 07;
    17EF : 07;
    17F0 : 06;
    17F1 : 07;
    17F2 : 06;
    17F3 : 06;
    17F4 : 06;
    17F5 : 05;
    17F6 : 05;
    17F7 : 05;
    17F8 : 0C;
    17F9 : 0B;
    17FA : 0B;
    17FB : 0C;
    17FC : 0B;
    17FD : 08;
    17FE : 07;
    17FF : 07;
    1800 : 06;
    1801 : 06;
    1802 : 06;
    1803 : 06;
    1804 : 06;
    1805 : 06;
    1806 : 06;
    1807 : 06;
    1808 : 06;
    1809 : 06;
    180A : 06;
    180B : 05;
    180C : 04;
    180D : 02;
    180E : 03;
    180F : 03;
    1810 : 00;
    1811 : 02;
    1812 : 06;
    1813 : 06;
    1814 : 07;
    1815 : 06;
    1816 : 07;
    1817 : 07;
    1818 : 00;
    1819 : 00;
    181A : 02;
    181B : 00;
    181C : 05;
    181D : 08;
    181E : 06;
    181F : 05;
    1820 : 07;
    1821 : 05;
    1822 : 00;
    1823 : 03;
    1824 : 05;
    1825 : 06;
    1826 : 07;
    1827 : 06;
    1828 : 06;
    1829 : 06;
    182A : 06;
    182B : 06;
    182C : 06;
    182D : 06;
    182E : 06;
    182F : 06;
    1830 : 06;
    1831 : 05;
    1832 : 06;
    1833 : 06;
    1834 : 06;
    1835 : 06;
    1836 : 05;
    1837 : 05;
    1838 : 06;
    1839 : 04;
    183A : 04;
    183B : 05;
    183C : 04;
    183D : 04;
    183E : 04;
    183F : 03;
    1840 : 05;
    1841 : 06;
    1842 : 06;
    1843 : 05;
    1844 : 04;
    1845 : 04;
    1846 : 06;
    1847 : 05;
    1848 : 05;
    1849 : 03;
    184A : 03;
    184B : 04;
    184C : 05;
    184D : 04;
    184E : 06;
    184F : 05;
    1850 : 04;
    1851 : 04;
    1852 : 05;
    1853 : 05;
    1854 : 05;
    1855 : 05;
    1856 : 05;
    1857 : 04;
    1858 : 03;
    1859 : 04;
    185A : 04;
    185B : 02;
    185C : 05;
    185D : 06;
    185E : 05;
    185F : 03;
    1860 : 0C;
    1861 : 0C;
    1862 : 0C;
    1863 : 0C;
    1864 : 0C;
    1865 : 0B;
    1866 : 0B;
    1867 : 0B;
    1868 : 0B;
    1869 : 0B;
    186A : 0B;
    186B : 0B;
    186C : 0B;
    186D : 0B;
    186E : 0B;
    186F : 0B;
    1870 : 0B;
    1871 : 0B;
    1872 : 0B;
    1873 : 09;
    1874 : 03;
    1875 : 04;
    1876 : 04;
    1877 : 04;
    1878 : 05;
    1879 : 03;
    187A : 00;
    187B : 00;
    187C : 05;
    187D : 05;
    187E : 05;
    187F : 05;
    1880 : 05;
    1881 : 06;
    1882 : 05;
    1883 : 06;
    1884 : 07;
    1885 : 06;
    1886 : 07;
    1887 : 0A;
    1888 : 09;
    1889 : 06;
    188A : 05;
    188B : 06;
    188C : 06;
    188D : 07;
    188E : 06;
    188F : 06;
    1890 : 05;
    1891 : 06;
    1892 : 06;
    1893 : 05;
    1894 : 05;
    1895 : 04;
    1896 : 05;
    1897 : 04;
    1898 : 0B;
    1899 : 0C;
    189A : 0D;
    189B : 0D;
    189C : 0B;
    189D : 08;
    189E : 07;
    189F : 06;
    18A0 : 06;
    18A1 : 06;
    18A2 : 06;
    18A3 : 06;
    18A4 : 06;
    18A5 : 06;
    18A6 : 06;
    18A7 : 05;
    18A8 : 06;
    18A9 : 06;
    18AA : 05;
    18AB : 05;
    18AC : 04;
    18AD : 03;
    18AE : 02;
    18AF : 00;
    18B0 : 00;
    18B1 : 04;
    18B2 : 06;
    18B3 : 06;
    18B4 : 07;
    18B5 : 06;
    18B6 : 07;
    18B7 : 07;
    18B8 : 07;
    18B9 : 04;
    18BA : 04;
    18BB : 06;
    18BC : 08;
    18BD : 08;
    18BE : 05;
    18BF : 06;
    18C0 : 06;
    18C1 : 02;
    18C2 : 02;
    18C3 : 05;
    18C4 : 03;
    18C5 : 04;
    18C6 : 05;
    18C7 : 07;
    18C8 : 07;
    18C9 : 07;
    18CA : 07;
    18CB : 07;
    18CC : 07;
    18CD : 07;
    18CE : 07;
    18CF : 07;
    18D0 : 06;
    18D1 : 06;
    18D2 : 06;
    18D3 : 06;
    18D4 : 06;
    18D5 : 06;
    18D6 : 06;
    18D7 : 06;
    18D8 : 05;
    18D9 : 06;
    18DA : 05;
    18DB : 05;
    18DC : 05;
    18DD : 04;
    18DE : 05;
    18DF : 04;
    18E0 : 06;
    18E1 : 07;
    18E2 : 05;
    18E3 : 05;
    18E4 : 05;
    18E5 : 04;
    18E6 : 05;
    18E7 : 05;
    18E8 : 05;
    18E9 : 04;
    18EA : 03;
    18EB : 04;
    18EC : 04;
    18ED : 04;
    18EE : 06;
    18EF : 04;
    18F0 : 04;
    18F1 : 04;
    18F2 : 04;
    18F3 : 05;
    18F4 : 05;
    18F5 : 05;
    18F6 : 05;
    18F7 : 05;
    18F8 : 04;
    18F9 : 04;
    18FA : 04;
    18FB : 03;
    18FC : 03;
    18FD : 06;
    18FE : 05;
    18FF : 05;
    1900 : 0C;
    1901 : 0C;
    1902 : 0C;
    1903 : 0C;
    1904 : 0C;
    1905 : 0C;
    1906 : 0C;
    1907 : 0B;
    1908 : 0B;
    1909 : 0B;
    190A : 0B;
    190B : 0B;
    190C : 0B;
    190D : 0B;
    190E : 0B;
    190F : 0B;
    1910 : 0B;
    1911 : 0B;
    1912 : 0B;
    1913 : 0B;
    1914 : 03;
    1915 : 03;
    1916 : 04;
    1917 : 04;
    1918 : 03;
    1919 : 02;
    191A : 02;
    191B : 00;
    191C : 00;
    191D : 04;
    191E : 05;
    191F : 05;
    1920 : 05;
    1921 : 05;
    1922 : 04;
    1923 : 06;
    1924 : 06;
    1925 : 04;
    1926 : 09;
    1927 : 0B;
    1928 : 07;
    1929 : 05;
    192A : 06;
    192B : 06;
    192C : 07;
    192D : 06;
    192E : 06;
    192F : 06;
    1930 : 05;
    1931 : 03;
    1932 : 01;
    1933 : 01;
    1934 : 01;
    1935 : 02;
    1936 : 03;
    1937 : 03;
    1938 : 0D;
    1939 : 0D;
    193A : 0D;
    193B : 0D;
    193C : 0B;
    193D : 09;
    193E : 07;
    193F : 07;
    1940 : 06;
    1941 : 06;
    1942 : 05;
    1943 : 06;
    1944 : 06;
    1945 : 06;
    1946 : 05;
    1947 : 05;
    1948 : 05;
    1949 : 05;
    194A : 04;
    194B : 02;
    194C : 03;
    194D : 03;
    194E : 01;
    194F : 00;
    1950 : 00;
    1951 : 05;
    1952 : 05;
    1953 : 06;
    1954 : 07;
    1955 : 06;
    1956 : 06;
    1957 : 07;
    1958 : 07;
    1959 : 08;
    195A : 08;
    195B : 08;
    195C : 07;
    195D : 07;
    195E : 05;
    195F : 04;
    1960 : 04;
    1961 : 05;
    1962 : 07;
    1963 : 06;
    1964 : 06;
    1965 : 07;
    1966 : 06;
    1967 : 07;
    1968 : 07;
    1969 : 08;
    196A : 08;
    196B : 08;
    196C : 07;
    196D : 07;
    196E : 07;
    196F : 07;
    1970 : 06;
    1971 : 06;
    1972 : 06;
    1973 : 06;
    1974 : 06;
    1975 : 06;
    1976 : 06;
    1977 : 05;
    1978 : 06;
    1979 : 06;
    197A : 06;
    197B : 05;
    197C : 05;
    197D : 05;
    197E : 05;
    197F : 05;
    1980 : 07;
    1981 : 06;
    1982 : 04;
    1983 : 04;
    1984 : 04;
    1985 : 05;
    1986 : 05;
    1987 : 06;
    1988 : 05;
    1989 : 04;
    198A : 03;
    198B : 03;
    198C : 05;
    198D : 06;
    198E : 06;
    198F : 04;
    1990 : 04;
    1991 : 04;
    1992 : 04;
    1993 : 04;
    1994 : 04;
    1995 : 04;
    1996 : 05;
    1997 : 05;
    1998 : 05;
    1999 : 04;
    199A : 03;
    199B : 02;
    199C : 03;
    199D : 06;
    199E : 05;
    199F : 05;
    19A0 : 0C;
    19A1 : 0C;
    19A2 : 0C;
    19A3 : 0C;
    19A4 : 0C;
    19A5 : 0C;
    19A6 : 0C;
    19A7 : 0C;
    19A8 : 0C;
    19A9 : 0B;
    19AA : 0B;
    19AB : 0B;
    19AC : 0B;
    19AD : 0B;
    19AE : 0B;
    19AF : 0B;
    19B0 : 0B;
    19B1 : 0B;
    19B2 : 0B;
    19B3 : 0C;
    19B4 : 06;
    19B5 : 03;
    19B6 : 02;
    19B7 : 02;
    19B8 : 01;
    19B9 : 00;
    19BA : 00;
    19BB : 00;
    19BC : 00;
    19BD : 00;
    19BE : 01;
    19BF : 03;
    19C0 : 04;
    19C1 : 05;
    19C2 : 05;
    19C3 : 04;
    19C4 : 06;
    19C5 : 08;
    19C6 : 0C;
    19C7 : 09;
    19C8 : 04;
    19C9 : 05;
    19CA : 07;
    19CB : 07;
    19CC : 06;
    19CD : 06;
    19CE : 04;
    19CF : 02;
    19D0 : 00;
    19D1 : 00;
    19D2 : 00;
    19D3 : 00;
    19D4 : 00;
    19D5 : 00;
    19D6 : 01;
    19D7 : 03;
    19D8 : 0F;
    19D9 : 0E;
    19DA : 0E;
    19DB : 0D;
    19DC : 0C;
    19DD : 0A;
    19DE : 08;
    19DF : 07;
    19E0 : 07;
    19E1 : 06;
    19E2 : 05;
    19E3 : 05;
    19E4 : 06;
    19E5 : 06;
    19E6 : 06;
    19E7 : 05;
    19E8 : 04;
    19E9 : 04;
    19EA : 02;
    19EB : 03;
    19EC : 05;
    19ED : 02;
    19EE : 00;
    19EF : 00;
    19F0 : 00;
    19F1 : 05;
    19F2 : 05;
    19F3 : 06;
    19F4 : 07;
    19F5 : 06;
    19F6 : 05;
    19F7 : 05;
    19F8 : 05;
    19F9 : 05;
    19FA : 05;
    19FB : 05;
    19FC : 06;
    19FD : 06;
    19FE : 07;
    19FF : 07;
    1A00 : 08;
    1A01 : 08;
    1A02 : 07;
    1A03 : 07;
    1A04 : 07;
    1A05 : 08;
    1A06 : 07;
    1A07 : 07;
    1A08 : 09;
    1A09 : 08;
    1A0A : 09;
    1A0B : 08;
    1A0C : 08;
    1A0D : 07;
    1A0E : 07;
    1A0F : 07;
    1A10 : 06;
    1A11 : 07;
    1A12 : 07;
    1A13 : 06;
    1A14 : 06;
    1A15 : 06;
    1A16 : 06;
    1A17 : 06;
    1A18 : 06;
    1A19 : 06;
    1A1A : 06;
    1A1B : 05;
    1A1C : 06;
    1A1D : 05;
    1A1E : 05;
    1A1F : 05;
    1A20 : 07;
    1A21 : 05;
    1A22 : 04;
    1A23 : 04;
    1A24 : 05;
    1A25 : 05;
    1A26 : 04;
    1A27 : 05;
    1A28 : 06;
    1A29 : 05;
    1A2A : 03;
    1A2B : 02;
    1A2C : 05;
    1A2D : 06;
    1A2E : 06;
    1A2F : 04;
    1A30 : 03;
    1A31 : 03;
    1A32 : 04;
    1A33 : 04;
    1A34 : 04;
    1A35 : 04;
    1A36 : 04;
    1A37 : 05;
    1A38 : 05;
    1A39 : 04;
    1A3A : 03;
    1A3B : 03;
    1A3C : 03;
    1A3D : 05;
    1A3E : 05;
    1A3F : 05;
    1A40 : 0C;
    1A41 : 0C;
    1A42 : 0C;
    1A43 : 0C;
    1A44 : 0C;
    1A45 : 0C;
    1A46 : 0C;
    1A47 : 0C;
    1A48 : 0C;
    1A49 : 0C;
    1A4A : 0B;
    1A4B : 0B;
    1A4C : 0B;
    1A4D : 0B;
    1A4E : 0B;
    1A4F : 0B;
    1A50 : 0B;
    1A51 : 0B;
    1A52 : 0B;
    1A53 : 0C;
    1A54 : 0B;
    1A55 : 04;
    1A56 : 04;
    1A57 : 02;
    1A58 : 00;
    1A59 : 02;
    1A5A : 03;
    1A5B : 02;
    1A5C : 00;
    1A5D : 00;
    1A5E : 00;
    1A5F : 00;
    1A60 : 00;
    1A61 : 00;
    1A62 : 00;
    1A63 : 01;
    1A64 : 08;
    1A65 : 0B;
    1A66 : 0B;
    1A67 : 07;
    1A68 : 05;
    1A69 : 05;
    1A6A : 06;
    1A6B : 06;
    1A6C : 05;
    1A6D : 01;
    1A6E : 00;
    1A6F : 00;
    1A70 : 01;
    1A71 : 01;
    1A72 : 00;
    1A73 : 00;
    1A74 : 00;
    1A75 : 00;
    1A76 : 00;
    1A77 : 06;
    1A78 : 0F;
    1A79 : 0E;
    1A7A : 0E;
    1A7B : 0E;
    1A7C : 0C;
    1A7D : 0A;
    1A7E : 09;
    1A7F : 07;
    1A80 : 07;
    1A81 : 07;
    1A82 : 06;
    1A83 : 05;
    1A84 : 06;
    1A85 : 06;
    1A86 : 06;
    1A87 : 05;
    1A88 : 04;
    1A89 : 04;
    1A8A : 05;
    1A8B : 04;
    1A8C : 02;
    1A8D : 00;
    1A8E : 00;
    1A8F : 00;
    1A90 : 00;
    1A91 : 02;
    1A92 : 04;
    1A93 : 04;
    1A94 : 04;
    1A95 : 04;
    1A96 : 04;
    1A97 : 04;
    1A98 : 05;
    1A99 : 07;
    1A9A : 08;
    1A9B : 09;
    1A9C : 09;
    1A9D : 09;
    1A9E : 08;
    1A9F : 08;
    1AA0 : 08;
    1AA1 : 08;
    1AA2 : 08;
    1AA3 : 09;
    1AA4 : 09;
    1AA5 : 09;
    1AA6 : 09;
    1AA7 : 09;
    1AA8 : 09;
    1AA9 : 09;
    1AAA : 09;
    1AAB : 08;
    1AAC : 08;
    1AAD : 08;
    1AAE : 07;
    1AAF : 07;
    1AB0 : 07;
    1AB1 : 07;
    1AB2 : 07;
    1AB3 : 06;
    1AB4 : 06;
    1AB5 : 06;
    1AB6 : 07;
    1AB7 : 06;
    1AB8 : 06;
    1AB9 : 06;
    1ABA : 07;
    1ABB : 05;
    1ABC : 06;
    1ABD : 06;
    1ABE : 05;
    1ABF : 06;
    1AC0 : 06;
    1AC1 : 05;
    1AC2 : 05;
    1AC3 : 05;
    1AC4 : 05;
    1AC5 : 06;
    1AC6 : 05;
    1AC7 : 05;
    1AC8 : 05;
    1AC9 : 06;
    1ACA : 04;
    1ACB : 02;
    1ACC : 04;
    1ACD : 06;
    1ACE : 06;
    1ACF : 03;
    1AD0 : 00;
    1AD1 : 01;
    1AD2 : 02;
    1AD3 : 01;
    1AD4 : 02;
    1AD5 : 02;
    1AD6 : 02;
    1AD7 : 04;
    1AD8 : 05;
    1AD9 : 05;
    1ADA : 04;
    1ADB : 02;
    1ADC : 02;
    1ADD : 05;
    1ADE : 06;
    1ADF : 05;
    1AE0 : 0C;
    1AE1 : 0C;
    1AE2 : 0C;
    1AE3 : 0C;
    1AE4 : 0C;
    1AE5 : 0C;
    1AE6 : 0C;
    1AE7 : 0C;
    1AE8 : 0C;
    1AE9 : 0C;
    1AEA : 0B;
    1AEB : 0B;
    1AEC : 0B;
    1AED : 0B;
    1AEE : 0B;
    1AEF : 0B;
    1AF0 : 0B;
    1AF1 : 0B;
    1AF2 : 0B;
    1AF3 : 0C;
    1AF4 : 0A;
    1AF5 : 03;
    1AF6 : 02;
    1AF7 : 02;
    1AF8 : 07;
    1AF9 : 06;
    1AFA : 05;
    1AFB : 04;
    1AFC : 03;
    1AFD : 00;
    1AFE : 00;
    1AFF : 00;
    1B00 : 00;
    1B01 : 00;
    1B02 : 00;
    1B03 : 00;
    1B04 : 07;
    1B05 : 0B;
    1B06 : 09;
    1B07 : 06;
    1B08 : 05;
    1B09 : 05;
    1B0A : 06;
    1B0B : 04;
    1B0C : 00;
    1B0D : 03;
    1B0E : 05;
    1B0F : 05;
    1B10 : 05;
    1B11 : 05;
    1B12 : 05;
    1B13 : 03;
    1B14 : 01;
    1B15 : 01;
    1B16 : 00;
    1B17 : 09;
    1B18 : 0F;
    1B19 : 0F;
    1B1A : 0F;
    1B1B : 0E;
    1B1C : 0C;
    1B1D : 0A;
    1B1E : 09;
    1B1F : 07;
    1B20 : 07;
    1B21 : 08;
    1B22 : 07;
    1B23 : 06;
    1B24 : 06;
    1B25 : 05;
    1B26 : 06;
    1B27 : 05;
    1B28 : 05;
    1B29 : 05;
    1B2A : 06;
    1B2B : 06;
    1B2C : 03;
    1B2D : 02;
    1B2E : 05;
    1B2F : 05;
    1B30 : 02;
    1B31 : 04;
    1B32 : 05;
    1B33 : 05;
    1B34 : 05;
    1B35 : 06;
    1B36 : 07;
    1B37 : 07;
    1B38 : 08;
    1B39 : 08;
    1B3A : 07;
    1B3B : 07;
    1B3C : 07;
    1B3D : 08;
    1B3E : 08;
    1B3F : 09;
    1B40 : 09;
    1B41 : 09;
    1B42 : 09;
    1B43 : 0A;
    1B44 : 0A;
    1B45 : 0A;
    1B46 : 0A;
    1B47 : 0A;
    1B48 : 0A;
    1B49 : 09;
    1B4A : 09;
    1B4B : 09;
    1B4C : 08;
    1B4D : 08;
    1B4E : 08;
    1B4F : 07;
    1B50 : 07;
    1B51 : 07;
    1B52 : 07;
    1B53 : 07;
    1B54 : 06;
    1B55 : 07;
    1B56 : 07;
    1B57 : 07;
    1B58 : 06;
    1B59 : 07;
    1B5A : 07;
    1B5B : 06;
    1B5C : 05;
    1B5D : 06;
    1B5E : 06;
    1B5F : 06;
    1B60 : 06;
    1B61 : 05;
    1B62 : 06;
    1B63 : 06;
    1B64 : 06;
    1B65 : 06;
    1B66 : 05;
    1B67 : 05;
    1B68 : 05;
    1B69 : 07;
    1B6A : 06;
    1B6B : 03;
    1B6C : 04;
    1B6D : 05;
    1B6E : 06;
    1B6F : 04;
    1B70 : 02;
    1B71 : 02;
    1B72 : 03;
    1B73 : 04;
    1B74 : 03;
    1B75 : 04;
    1B76 : 04;
    1B77 : 05;
    1B78 : 05;
    1B79 : 05;
    1B7A : 05;
    1B7B : 04;
    1B7C : 02;
    1B7D : 04;
    1B7E : 06;
    1B7F : 06;
    1B80 : 0C;
    1B81 : 0C;
    1B82 : 0C;
    1B83 : 0C;
    1B84 : 0C;
    1B85 : 0C;
    1B86 : 0C;
    1B87 : 0C;
    1B88 : 0C;
    1B89 : 0C;
    1B8A : 0B;
    1B8B : 0B;
    1B8C : 0C;
    1B8D : 0B;
    1B8E : 0B;
    1B8F : 0B;
    1B90 : 0B;
    1B91 : 0B;
    1B92 : 0B;
    1B93 : 0C;
    1B94 : 0B;
    1B95 : 05;
    1B96 : 03;
    1B97 : 0A;
    1B98 : 06;
    1B99 : 04;
    1B9A : 03;
    1B9B : 00;
    1B9C : 00;
    1B9D : 01;
    1B9E : 01;
    1B9F : 01;
    1BA0 : 00;
    1BA1 : 00;
    1BA2 : 00;
    1BA3 : 00;
    1BA4 : 05;
    1BA5 : 0B;
    1BA6 : 07;
    1BA7 : 06;
    1BA8 : 06;
    1BA9 : 06;
    1BAA : 04;
    1BAB : 01;
    1BAC : 05;
    1BAD : 06;
    1BAE : 04;
    1BAF : 03;
    1BB0 : 03;
    1BB1 : 03;
    1BB2 : 03;
    1BB3 : 05;
    1BB4 : 05;
    1BB5 : 03;
    1BB6 : 00;
    1BB7 : 0E;
    1BB8 : 0F;
    1BB9 : 0F;
    1BBA : 0F;
    1BBB : 0E;
    1BBC : 0C;
    1BBD : 0A;
    1BBE : 09;
    1BBF : 09;
    1BC0 : 08;
    1BC1 : 08;
    1BC2 : 08;
    1BC3 : 06;
    1BC4 : 06;
    1BC5 : 06;
    1BC6 : 06;
    1BC7 : 07;
    1BC8 : 06;
    1BC9 : 05;
    1BCA : 07;
    1BCB : 07;
    1BCC : 06;
    1BCD : 05;
    1BCE : 04;
    1BCF : 04;
    1BD0 : 04;
    1BD1 : 05;
    1BD2 : 06;
    1BD3 : 06;
    1BD4 : 07;
    1BD5 : 07;
    1BD6 : 07;
    1BD7 : 08;
    1BD8 : 07;
    1BD9 : 08;
    1BDA : 08;
    1BDB : 09;
    1BDC : 08;
    1BDD : 07;
    1BDE : 08;
    1BDF : 09;
    1BE0 : 09;
    1BE1 : 09;
    1BE2 : 09;
    1BE3 : 0A;
    1BE4 : 0A;
    1BE5 : 0A;
    1BE6 : 0A;
    1BE7 : 0A;
    1BE8 : 0A;
    1BE9 : 0A;
    1BEA : 0A;
    1BEB : 09;
    1BEC : 09;
    1BED : 08;
    1BEE : 08;
    1BEF : 07;
    1BF0 : 07;
    1BF1 : 07;
    1BF2 : 07;
    1BF3 : 07;
    1BF4 : 07;
    1BF5 : 07;
    1BF6 : 07;
    1BF7 : 07;
    1BF8 : 07;
    1BF9 : 07;
    1BFA : 07;
    1BFB : 06;
    1BFC : 06;
    1BFD : 06;
    1BFE : 06;
    1BFF : 06;
    1C00 : 06;
    1C01 : 06;
    1C02 : 06;
    1C03 : 06;
    1C04 : 07;
    1C05 : 06;
    1C06 : 05;
    1C07 : 05;
    1C08 : 05;
    1C09 : 06;
    1C0A : 06;
    1C0B : 05;
    1C0C : 04;
    1C0D : 05;
    1C0E : 06;
    1C0F : 06;
    1C10 : 00;
    1C11 : 00;
    1C12 : 01;
    1C13 : 03;
    1C14 : 05;
    1C15 : 06;
    1C16 : 06;
    1C17 : 05;
    1C18 : 05;
    1C19 : 06;
    1C1A : 06;
    1C1B : 04;
    1C1C : 04;
    1C1D : 04;
    1C1E : 06;
    1C1F : 06;
    1C20 : 0C;
    1C21 : 0C;
    1C22 : 0C;
    1C23 : 0C;
    1C24 : 0C;
    1C25 : 0C;
    1C26 : 0C;
    1C27 : 0C;
    1C28 : 0C;
    1C29 : 0C;
    1C2A : 0C;
    1C2B : 0C;
    1C2C : 0C;
    1C2D : 0B;
    1C2E : 0C;
    1C2F : 0B;
    1C30 : 0C;
    1C31 : 0C;
    1C32 : 0B;
    1C33 : 0B;
    1C34 : 0C;
    1C35 : 05;
    1C36 : 07;
    1C37 : 07;
    1C38 : 05;
    1C39 : 05;
    1C3A : 03;
    1C3B : 00;
    1C3C : 02;
    1C3D : 06;
    1C3E : 06;
    1C3F : 05;
    1C40 : 04;
    1C41 : 01;
    1C42 : 00;
    1C43 : 00;
    1C44 : 02;
    1C45 : 09;
    1C46 : 06;
    1C47 : 05;
    1C48 : 06;
    1C49 : 05;
    1C4A : 02;
    1C4B : 06;
    1C4C : 07;
    1C4D : 06;
    1C4E : 03;
    1C4F : 02;
    1C50 : 02;
    1C51 : 01;
    1C52 : 01;
    1C53 : 00;
    1C54 : 03;
    1C55 : 05;
    1C56 : 03;
    1C57 : 0F;
    1C58 : 0F;
    1C59 : 0F;
    1C5A : 0F;
    1C5B : 0D;
    1C5C : 0B;
    1C5D : 0A;
    1C5E : 09;
    1C5F : 09;
    1C60 : 08;
    1C61 : 08;
    1C62 : 08;
    1C63 : 06;
    1C64 : 06;
    1C65 : 06;
    1C66 : 06;
    1C67 : 07;
    1C68 : 07;
    1C69 : 05;
    1C6A : 05;
    1C6B : 05;
    1C6C : 05;
    1C6D : 04;
    1C6E : 04;
    1C6F : 04;
    1C70 : 04;
    1C71 : 05;
    1C72 : 06;
    1C73 : 07;
    1C74 : 07;
    1C75 : 07;
    1C76 : 07;
    1C77 : 08;
    1C78 : 08;
    1C79 : 08;
    1C7A : 09;
    1C7B : 08;
    1C7C : 08;
    1C7D : 08;
    1C7E : 07;
    1C7F : 07;
    1C80 : 07;
    1C81 : 08;
    1C82 : 09;
    1C83 : 0B;
    1C84 : 0B;
    1C85 : 0B;
    1C86 : 0B;
    1C87 : 0B;
    1C88 : 0A;
    1C89 : 0A;
    1C8A : 0A;
    1C8B : 09;
    1C8C : 09;
    1C8D : 08;
    1C8E : 08;
    1C8F : 08;
    1C90 : 07;
    1C91 : 07;
    1C92 : 07;
    1C93 : 07;
    1C94 : 07;
    1C95 : 07;
    1C96 : 07;
    1C97 : 07;
    1C98 : 07;
    1C99 : 07;
    1C9A : 07;
    1C9B : 07;
    1C9C : 06;
    1C9D : 06;
    1C9E : 06;
    1C9F : 06;
    1CA0 : 06;
    1CA1 : 06;
    1CA2 : 06;
    1CA3 : 06;
    1CA4 : 07;
    1CA5 : 06;
    1CA6 : 05;
    1CA7 : 06;
    1CA8 : 05;
    1CA9 : 05;
    1CAA : 06;
    1CAB : 05;
    1CAC : 06;
    1CAD : 05;
    1CAE : 04;
    1CAF : 06;
    1CB0 : 01;
    1CB1 : 00;
    1CB2 : 01;
    1CB3 : 01;
    1CB4 : 01;
    1CB5 : 03;
    1CB6 : 05;
    1CB7 : 05;
    1CB8 : 06;
    1CB9 : 05;
    1CBA : 06;
    1CBB : 05;
    1CBC : 04;
    1CBD : 04;
    1CBE : 06;
    1CBF : 06;
    1CC0 : 0C;
    1CC1 : 0C;
    1CC2 : 0C;
    1CC3 : 0C;
    1CC4 : 0C;
    1CC5 : 0C;
    1CC6 : 0C;
    1CC7 : 0C;
    1CC8 : 0C;
    1CC9 : 0C;
    1CCA : 0C;
    1CCB : 0C;
    1CCC : 0C;
    1CCD : 0C;
    1CCE : 0C;
    1CCF : 0C;
    1CD0 : 0C;
    1CD1 : 0C;
    1CD2 : 0C;
    1CD3 : 0C;
    1CD4 : 0C;
    1CD5 : 07;
    1CD6 : 09;
    1CD7 : 05;
    1CD8 : 06;
    1CD9 : 05;
    1CDA : 03;
    1CDB : 01;
    1CDC : 07;
    1CDD : 08;
    1CDE : 05;
    1CDF : 04;
    1CE0 : 04;
    1CE1 : 05;
    1CE2 : 04;
    1CE3 : 01;
    1CE4 : 00;
    1CE5 : 06;
    1CE6 : 07;
    1CE7 : 06;
    1CE8 : 05;
    1CE9 : 04;
    1CEA : 06;
    1CEB : 07;
    1CEC : 06;
    1CED : 03;
    1CEE : 02;
    1CEF : 04;
    1CF0 : 05;
    1CF1 : 05;
    1CF2 : 05;
    1CF3 : 03;
    1CF4 : 01;
    1CF5 : 00;
    1CF6 : 04;
    1CF7 : 0F;
    1CF8 : 0F;
    1CF9 : 0F;
    1CFA : 0F;
    1CFB : 0D;
    1CFC : 0B;
    1CFD : 0A;
    1CFE : 09;
    1CFF : 08;
    1D00 : 09;
    1D01 : 08;
    1D02 : 09;
    1D03 : 08;
    1D04 : 07;
    1D05 : 07;
    1D06 : 07;
    1D07 : 06;
    1D08 : 06;
    1D09 : 06;
    1D0A : 05;
    1D0B : 04;
    1D0C : 03;
    1D0D : 03;
    1D0E : 03;
    1D0F : 04;
    1D10 : 04;
    1D11 : 04;
    1D12 : 05;
    1D13 : 05;
    1D14 : 06;
    1D15 : 06;
    1D16 : 06;
    1D17 : 07;
    1D18 : 07;
    1D19 : 06;
    1D1A : 07;
    1D1B : 06;
    1D1C : 06;
    1D1D : 07;
    1D1E : 07;
    1D1F : 08;
    1D20 : 0A;
    1D21 : 0C;
    1D22 : 0C;
    1D23 : 0C;
    1D24 : 0B;
    1D25 : 0B;
    1D26 : 0B;
    1D27 : 0B;
    1D28 : 0A;
    1D29 : 0A;
    1D2A : 0A;
    1D2B : 09;
    1D2C : 09;
    1D2D : 09;
    1D2E : 09;
    1D2F : 08;
    1D30 : 08;
    1D31 : 08;
    1D32 : 07;
    1D33 : 08;
    1D34 : 07;
    1D35 : 07;
    1D36 : 07;
    1D37 : 07;
    1D38 : 07;
    1D39 : 07;
    1D3A : 07;
    1D3B : 07;
    1D3C : 07;
    1D3D : 07;
    1D3E : 06;
    1D3F : 06;
    1D40 : 07;
    1D41 : 06;
    1D42 : 06;
    1D43 : 05;
    1D44 : 06;
    1D45 : 06;
    1D46 : 06;
    1D47 : 06;
    1D48 : 05;
    1D49 : 06;
    1D4A : 07;
    1D4B : 05;
    1D4C : 05;
    1D4D : 06;
    1D4E : 04;
    1D4F : 05;
    1D50 : 03;
    1D51 : 00;
    1D52 : 01;
    1D53 : 02;
    1D54 : 02;
    1D55 : 03;
    1D56 : 03;
    1D57 : 04;
    1D58 : 05;
    1D59 : 05;
    1D5A : 06;
    1D5B : 06;
    1D5C : 04;
    1D5D : 04;
    1D5E : 05;
    1D5F : 07;
    1D60 : 0C;
    1D61 : 0C;
    1D62 : 0C;
    1D63 : 0C;
    1D64 : 0C;
    1D65 : 0C;
    1D66 : 0C;
    1D67 : 0C;
    1D68 : 0C;
    1D69 : 0C;
    1D6A : 0C;
    1D6B : 0C;
    1D6C : 0C;
    1D6D : 0C;
    1D6E : 0C;
    1D6F : 0C;
    1D70 : 0C;
    1D71 : 0C;
    1D72 : 0C;
    1D73 : 0B;
    1D74 : 0C;
    1D75 : 0B;
    1D76 : 07;
    1D77 : 04;
    1D78 : 06;
    1D79 : 04;
    1D7A : 03;
    1D7B : 05;
    1D7C : 09;
    1D7D : 08;
    1D7E : 07;
    1D7F : 05;
    1D80 : 05;
    1D81 : 04;
    1D82 : 04;
    1D83 : 04;
    1D84 : 02;
    1D85 : 02;
    1D86 : 07;
    1D87 : 06;
    1D88 : 05;
    1D89 : 04;
    1D8A : 07;
    1D8B : 06;
    1D8C : 02;
    1D8D : 04;
    1D8E : 05;
    1D8F : 04;
    1D90 : 03;
    1D91 : 02;
    1D92 : 04;
    1D93 : 04;
    1D94 : 04;
    1D95 : 02;
    1D96 : 07;
    1D97 : 0F;
    1D98 : 0F;
    1D99 : 0F;
    1D9A : 0F;
    1D9B : 0C;
    1D9C : 0B;
    1D9D : 0A;
    1D9E : 08;
    1D9F : 09;
    1DA0 : 09;
    1DA1 : 09;
    1DA2 : 08;
    1DA3 : 09;
    1DA4 : 09;
    1DA5 : 07;
    1DA6 : 08;
    1DA7 : 07;
    1DA8 : 06;
    1DA9 : 07;
    1DAA : 06;
    1DAB : 05;
    1DAC : 03;
    1DAD : 03;
    1DAE : 05;
    1DAF : 06;
    1DB0 : 06;
    1DB1 : 06;
    1DB2 : 05;
    1DB3 : 05;
    1DB4 : 05;
    1DB5 : 05;
    1DB6 : 06;
    1DB7 : 07;
    1DB8 : 06;
    1DB9 : 07;
    1DBA : 08;
    1DBB : 09;
    1DBC : 0A;
    1DBD : 0B;
    1DBE : 0C;
    1DBF : 0B;
    1DC0 : 0B;
    1DC1 : 0C;
    1DC2 : 0C;
    1DC3 : 0C;
    1DC4 : 0B;
    1DC5 : 0B;
    1DC6 : 0B;
    1DC7 : 0A;
    1DC8 : 0A;
    1DC9 : 0A;
    1DCA : 0A;
    1DCB : 09;
    1DCC : 09;
    1DCD : 09;
    1DCE : 09;
    1DCF : 09;
    1DD0 : 08;
    1DD1 : 07;
    1DD2 : 07;
    1DD3 : 08;
    1DD4 : 08;
    1DD5 : 08;
    1DD6 : 07;
    1DD7 : 07;
    1DD8 : 07;
    1DD9 : 07;
    1DDA : 07;
    1DDB : 07;
    1DDC : 07;
    1DDD : 07;
    1DDE : 07;
    1DDF : 07;
    1DE0 : 07;
    1DE1 : 06;
    1DE2 : 06;
    1DE3 : 06;
    1DE4 : 06;
    1DE5 : 07;
    1DE6 : 06;
    1DE7 : 06;
    1DE8 : 06;
    1DE9 : 07;
    1DEA : 06;
    1DEB : 05;
    1DEC : 04;
    1DED : 05;
    1DEE : 05;
    1DEF : 05;
    1DF0 : 05;
    1DF1 : 01;
    1DF2 : 03;
    1DF3 : 02;
    1DF4 : 01;
    1DF5 : 01;
    1DF6 : 00;
    1DF7 : 01;
    1DF8 : 02;
    1DF9 : 03;
    1DFA : 04;
    1DFB : 06;
    1DFC : 06;
    1DFD : 03;
    1DFE : 03;
    1DFF : 07;
    1E00 : 0C;
    1E01 : 0C;
    1E02 : 0C;
    1E03 : 0C;
    1E04 : 0C;
    1E05 : 0C;
    1E06 : 0C;
    1E07 : 0C;
    1E08 : 0C;
    1E09 : 0C;
    1E0A : 0C;
    1E0B : 0C;
    1E0C : 0C;
    1E0D : 0C;
    1E0E : 0C;
    1E0F : 0C;
    1E10 : 0C;
    1E11 : 0C;
    1E12 : 0C;
    1E13 : 0B;
    1E14 : 0B;
    1E15 : 0C;
    1E16 : 07;
    1E17 : 05;
    1E18 : 05;
    1E19 : 04;
    1E1A : 03;
    1E1B : 0B;
    1E1C : 09;
    1E1D : 08;
    1E1E : 07;
    1E1F : 05;
    1E20 : 04;
    1E21 : 04;
    1E22 : 04;
    1E23 : 04;
    1E24 : 05;
    1E25 : 03;
    1E26 : 05;
    1E27 : 06;
    1E28 : 05;
    1E29 : 06;
    1E2A : 06;
    1E2B : 03;
    1E2C : 03;
    1E2D : 06;
    1E2E : 02;
    1E2F : 00;
    1E30 : 00;
    1E31 : 00;
    1E32 : 00;
    1E33 : 03;
    1E34 : 03;
    1E35 : 02;
    1E36 : 0A;
    1E37 : 0F;
    1E38 : 0F;
    1E39 : 0F;
    1E3A : 0F;
    1E3B : 0C;
    1E3C : 0B;
    1E3D : 09;
    1E3E : 08;
    1E3F : 08;
    1E40 : 09;
    1E41 : 09;
    1E42 : 09;
    1E43 : 09;
    1E44 : 09;
    1E45 : 09;
    1E46 : 08;
    1E47 : 09;
    1E48 : 08;
    1E49 : 08;
    1E4A : 07;
    1E4B : 05;
    1E4C : 04;
    1E4D : 04;
    1E4E : 04;
    1E4F : 06;
    1E50 : 07;
    1E51 : 06;
    1E52 : 06;
    1E53 : 06;
    1E54 : 07;
    1E55 : 08;
    1E56 : 0A;
    1E57 : 0A;
    1E58 : 0A;
    1E59 : 0C;
    1E5A : 0C;
    1E5B : 0D;
    1E5C : 0C;
    1E5D : 0C;
    1E5E : 0B;
    1E5F : 0B;
    1E60 : 0C;
    1E61 : 0C;
    1E62 : 0B;
    1E63 : 0B;
    1E64 : 0B;
    1E65 : 0B;
    1E66 : 0A;
    1E67 : 0A;
    1E68 : 0A;
    1E69 : 0A;
    1E6A : 0A;
    1E6B : 09;
    1E6C : 09;
    1E6D : 09;
    1E6E : 09;
    1E6F : 09;
    1E70 : 08;
    1E71 : 08;
    1E72 : 07;
    1E73 : 08;
    1E74 : 08;
    1E75 : 07;
    1E76 : 07;
    1E77 : 07;
    1E78 : 07;
    1E79 : 08;
    1E7A : 08;
    1E7B : 08;
    1E7C : 07;
    1E7D : 07;
    1E7E : 07;
    1E7F : 06;
    1E80 : 06;
    1E81 : 07;
    1E82 : 06;
    1E83 : 06;
    1E84 : 06;
    1E85 : 07;
    1E86 : 06;
    1E87 : 06;
    1E88 : 06;
    1E89 : 06;
    1E8A : 06;
    1E8B : 05;
    1E8C : 05;
    1E8D : 03;
    1E8E : 04;
    1E8F : 05;
    1E90 : 04;
    1E91 : 01;
    1E92 : 02;
    1E93 : 01;
    1E94 : 02;
    1E95 : 01;
    1E96 : 00;
    1E97 : 01;
    1E98 : 00;
    1E99 : 01;
    1E9A : 02;
    1E9B : 05;
    1E9C : 07;
    1E9D : 04;
    1E9E : 03;
    1E9F : 06;
    1EA0 : 0C;
    1EA1 : 0C;
    1EA2 : 0C;
    1EA3 : 0C;
    1EA4 : 0C;
    1EA5 : 0C;
    1EA6 : 0C;
    1EA7 : 0C;
    1EA8 : 0C;
    1EA9 : 0C;
    1EAA : 0C;
    1EAB : 0C;
    1EAC : 0C;
    1EAD : 0C;
    1EAE : 0C;
    1EAF : 0C;
    1EB0 : 0C;
    1EB1 : 0C;
    1EB2 : 0C;
    1EB3 : 0B;
    1EB4 : 0B;
    1EB5 : 0C;
    1EB6 : 07;
    1EB7 : 05;
    1EB8 : 05;
    1EB9 : 03;
    1EBA : 05;
    1EBB : 0B;
    1EBC : 05;
    1EBD : 05;
    1EBE : 05;
    1EBF : 05;
    1EC0 : 04;
    1EC1 : 03;
    1EC2 : 04;
    1EC3 : 04;
    1EC4 : 04;
    1EC5 : 05;
    1EC6 : 04;
    1EC7 : 06;
    1EC8 : 05;
    1EC9 : 06;
    1ECA : 05;
    1ECB : 03;
    1ECC : 06;
    1ECD : 08;
    1ECE : 02;
    1ECF : 00;
    1ED0 : 01;
    1ED1 : 00;
    1ED2 : 01;
    1ED3 : 04;
    1ED4 : 05;
    1ED5 : 02;
    1ED6 : 0C;
    1ED7 : 0F;
    1ED8 : 0F;
    1ED9 : 0F;
    1EDA : 0E;
    1EDB : 0B;
    1EDC : 0A;
    1EDD : 09;
    1EDE : 08;
    1EDF : 09;
    1EE0 : 09;
    1EE1 : 09;
    1EE2 : 09;
    1EE3 : 09;
    1EE4 : 09;
    1EE5 : 0A;
    1EE6 : 0A;
    1EE7 : 09;
    1EE8 : 09;
    1EE9 : 09;
    1EEA : 08;
    1EEB : 07;
    1EEC : 06;
    1EED : 05;
    1EEE : 04;
    1EEF : 04;
    1EF0 : 06;
    1EF1 : 07;
    1EF2 : 07;
    1EF3 : 08;
    1EF4 : 09;
    1EF5 : 0A;
    1EF6 : 0B;
    1EF7 : 0A;
    1EF8 : 0B;
    1EF9 : 0B;
    1EFA : 0C;
    1EFB : 0C;
    1EFC : 0C;
    1EFD : 0C;
    1EFE : 0B;
    1EFF : 0C;
    1F00 : 0C;
    1F01 : 0B;
    1F02 : 0B;
    1F03 : 0B;
    1F04 : 0B;
    1F05 : 0B;
    1F06 : 0A;
    1F07 : 0A;
    1F08 : 0A;
    1F09 : 0A;
    1F0A : 0A;
    1F0B : 0A;
    1F0C : 0A;
    1F0D : 08;
    1F0E : 09;
    1F0F : 09;
    1F10 : 08;
    1F11 : 08;
    1F12 : 08;
    1F13 : 08;
    1F14 : 08;
    1F15 : 08;
    1F16 : 07;
    1F17 : 07;
    1F18 : 07;
    1F19 : 08;
    1F1A : 07;
    1F1B : 07;
    1F1C : 07;
    1F1D : 07;
    1F1E : 06;
    1F1F : 06;
    1F20 : 07;
    1F21 : 07;
    1F22 : 07;
    1F23 : 07;
    1F24 : 06;
    1F25 : 07;
    1F26 : 07;
    1F27 : 06;
    1F28 : 06;
    1F29 : 06;
    1F2A : 06;
    1F2B : 05;
    1F2C : 05;
    1F2D : 04;
    1F2E : 04;
    1F2F : 05;
    1F30 : 04;
    1F31 : 01;
    1F32 : 02;
    1F33 : 02;
    1F34 : 02;
    1F35 : 01;
    1F36 : 01;
    1F37 : 01;
    1F38 : 00;
    1F39 : 00;
    1F3A : 00;
    1F3B : 04;
    1F3C : 06;
    1F3D : 05;
    1F3E : 03;
    1F3F : 05;
    1F40 : 0C;
    1F41 : 0C;
    1F42 : 0C;
    1F43 : 0C;
    1F44 : 0C;
    1F45 : 0C;
    1F46 : 0C;
    1F47 : 0C;
    1F48 : 0C;
    1F49 : 0C;
    1F4A : 0C;
    1F4B : 0C;
    1F4C : 0C;
    1F4D : 0C;
    1F4E : 0C;
    1F4F : 0C;
    1F50 : 0C;
    1F51 : 0C;
    1F52 : 0B;
    1F53 : 0B;
    1F54 : 0C;
    1F55 : 0C;
    1F56 : 07;
    1F57 : 05;
    1F58 : 05;
    1F59 : 03;
    1F5A : 05;
    1F5B : 06;
    1F5C : 04;
    1F5D : 05;
    1F5E : 05;
    1F5F : 06;
    1F60 : 06;
    1F61 : 06;
    1F62 : 05;
    1F63 : 04;
    1F64 : 05;
    1F65 : 05;
    1F66 : 04;
    1F67 : 05;
    1F68 : 06;
    1F69 : 06;
    1F6A : 05;
    1F6B : 04;
    1F6C : 09;
    1F6D : 09;
    1F6E : 07;
    1F6F : 02;
    1F70 : 02;
    1F71 : 04;
    1F72 : 05;
    1F73 : 05;
    1F74 : 04;
    1F75 : 01;
    1F76 : 0D;
    1F77 : 0F;
    1F78 : 0F;
    1F79 : 0F;
    1F7A : 0E;
    1F7B : 0A;
    1F7C : 09;
    1F7D : 08;
    1F7E : 08;
    1F7F : 08;
    1F80 : 08;
    1F81 : 09;
    1F82 : 09;
    1F83 : 0A;
    1F84 : 0A;
    1F85 : 0A;
    1F86 : 0A;
    1F87 : 0A;
    1F88 : 0A;
    1F89 : 0A;
    1F8A : 0A;
    1F8B : 09;
    1F8C : 08;
    1F8D : 07;
    1F8E : 06;
    1F8F : 05;
    1F90 : 05;
    1F91 : 06;
    1F92 : 07;
    1F93 : 09;
    1F94 : 0A;
    1F95 : 0A;
    1F96 : 0B;
    1F97 : 0B;
    1F98 : 0B;
    1F99 : 0C;
    1F9A : 0C;
    1F9B : 0C;
    1F9C : 0C;
    1F9D : 0B;
    1F9E : 0B;
    1F9F : 0C;
    1FA0 : 0B;
    1FA1 : 0C;
    1FA2 : 0C;
    1FA3 : 0B;
    1FA4 : 0B;
    1FA5 : 0B;
    1FA6 : 0A;
    1FA7 : 0A;
    1FA8 : 0A;
    1FA9 : 0A;
    1FAA : 0A;
    1FAB : 0A;
    1FAC : 0A;
    1FAD : 09;
    1FAE : 09;
    1FAF : 08;
    1FB0 : 08;
    1FB1 : 08;
    1FB2 : 08;
    1FB3 : 08;
    1FB4 : 08;
    1FB5 : 08;
    1FB6 : 07;
    1FB7 : 08;
    1FB8 : 07;
    1FB9 : 07;
    1FBA : 07;
    1FBB : 07;
    1FBC : 08;
    1FBD : 07;
    1FBE : 06;
    1FBF : 07;
    1FC0 : 07;
    1FC1 : 07;
    1FC2 : 07;
    1FC3 : 07;
    1FC4 : 07;
    1FC5 : 06;
    1FC6 : 07;
    1FC7 : 06;
    1FC8 : 06;
    1FC9 : 06;
    1FCA : 06;
    1FCB : 06;
    1FCC : 06;
    1FCD : 06;
    1FCE : 04;
    1FCF : 04;
    1FD0 : 04;
    1FD1 : 01;
    1FD2 : 01;
    1FD3 : 03;
    1FD4 : 02;
    1FD5 : 01;
    1FD6 : 01;
    1FD7 : 01;
    1FD8 : 00;
    1FD9 : 00;
    1FDA : 01;
    1FDB : 05;
    1FDC : 06;
    1FDD : 06;
    1FDE : 03;
    1FDF : 05;
    1FE0 : 0C;
    1FE1 : 0C;
    1FE2 : 0C;
    1FE3 : 0C;
    1FE4 : 0C;
    1FE5 : 0C;
    1FE6 : 0C;
    1FE7 : 0C;
    1FE8 : 0C;
    1FE9 : 0C;
    1FEA : 0C;
    1FEB : 0C;
    1FEC : 0C;
    1FED : 0C;
    1FEE : 0C;
    1FEF : 0C;
    1FF0 : 0C;
    1FF1 : 0C;
    1FF2 : 0C;
    1FF3 : 0C;
    1FF4 : 0C;
    1FF5 : 0C;
    1FF6 : 08;
    1FF7 : 05;
    1FF8 : 05;
    1FF9 : 04;
    1FFA : 04;
    1FFB : 05;
    1FFC : 05;
    1FFD : 05;
    1FFE : 05;
    1FFF : 05;
    2000 : 05;
    2001 : 06;
    2002 : 06;
    2003 : 05;
    2004 : 05;
    2005 : 05;
    2006 : 04;
    2007 : 04;
    2008 : 06;
    2009 : 06;
    200A : 05;
    200B : 07;
    200C : 0B;
    200D : 09;
    200E : 09;
    200F : 09;
    2010 : 08;
    2011 : 07;
    2012 : 06;
    2013 : 05;
    2014 : 04;
    2015 : 04;
    2016 : 0D;
    2017 : 0F;
    2018 : 0F;
    2019 : 0F;
    201A : 0D;
    201B : 0A;
    201C : 08;
    201D : 08;
    201E : 08;
    201F : 08;
    2020 : 09;
    2021 : 09;
    2022 : 0A;
    2023 : 0A;
    2024 : 0A;
    2025 : 0A;
    2026 : 0A;
    2027 : 0A;
    2028 : 0A;
    2029 : 0A;
    202A : 0A;
    202B : 0A;
    202C : 0A;
    202D : 0A;
    202E : 0A;
    202F : 09;
    2030 : 09;
    2031 : 07;
    2032 : 08;
    2033 : 09;
    2034 : 0A;
    2035 : 0A;
    2036 : 0A;
    2037 : 0B;
    2038 : 0B;
    2039 : 0C;
    203A : 0C;
    203B : 0C;
    203C : 0C;
    203D : 0B;
    203E : 0B;
    203F : 0B;
    2040 : 0C;
    2041 : 0C;
    2042 : 0B;
    2043 : 0B;
    2044 : 0B;
    2045 : 0B;
    2046 : 0A;
    2047 : 0A;
    2048 : 07;
    2049 : 0A;
    204A : 0A;
    204B : 0A;
    204C : 0A;
    204D : 09;
    204E : 09;
    204F : 08;
    2050 : 08;
    2051 : 08;
    2052 : 08;
    2053 : 08;
    2054 : 08;
    2055 : 08;
    2056 : 08;
    2057 : 08;
    2058 : 08;
    2059 : 08;
    205A : 07;
    205B : 08;
    205C : 08;
    205D : 08;
    205E : 06;
    205F : 07;
    2060 : 06;
    2061 : 06;
    2062 : 07;
    2063 : 07;
    2064 : 07;
    2065 : 07;
    2066 : 06;
    2067 : 05;
    2068 : 06;
    2069 : 07;
    206A : 07;
    206B : 06;
    206C : 06;
    206D : 07;
    206E : 03;
    206F : 03;
    2070 : 03;
    2071 : 02;
    2072 : 01;
    2073 : 02;
    2074 : 01;
    2075 : 01;
    2076 : 00;
    2077 : 00;
    2078 : 00;
    2079 : 00;
    207A : 03;
    207B : 05;
    207C : 07;
    207D : 06;
    207E : 03;
    207F : 04;
    2080 : 0C;
    2081 : 0C;
    2082 : 0C;
    2083 : 0C;
    2084 : 0C;
    2085 : 0C;
    2086 : 0C;
    2087 : 0C;
    2088 : 0C;
    2089 : 0C;
    208A : 0C;
    208B : 0C;
    208C : 0C;
    208D : 0C;
    208E : 0C;
    208F : 0C;
    2090 : 0C;
    2091 : 0C;
    2092 : 0C;
    2093 : 0C;
    2094 : 0C;
    2095 : 0C;
    2096 : 09;
    2097 : 04;
    2098 : 05;
    2099 : 05;
    209A : 04;
    209B : 04;
    209C : 05;
    209D : 04;
    209E : 05;
    209F : 05;
    20A0 : 06;
    20A1 : 05;
    20A2 : 05;
    20A3 : 05;
    20A4 : 06;
    20A5 : 06;
    20A6 : 05;
    20A7 : 04;
    20A8 : 06;
    20A9 : 06;
    20AA : 05;
    20AB : 09;
    20AC : 0B;
    20AD : 09;
    20AE : 08;
    20AF : 07;
    20B0 : 05;
    20B1 : 05;
    20B2 : 05;
    20B3 : 06;
    20B4 : 07;
    20B5 : 05;
    20B6 : 0C;
    20B7 : 0F;
    20B8 : 0F;
    20B9 : 0F;
    20BA : 0D;
    20BB : 0B;
    20BC : 09;
    20BD : 09;
    20BE : 09;
    20BF : 09;
    20C0 : 0A;
    20C1 : 0A;
    20C2 : 0A;
    20C3 : 0A;
    20C4 : 0A;
    20C5 : 0A;
    20C6 : 0A;
    20C7 : 0A;
    20C8 : 0A;
    20C9 : 0A;
    20CA : 0A;
    20CB : 0A;
    20CC : 0A;
    20CD : 0A;
    20CE : 0B;
    20CF : 0A;
    20D0 : 0B;
    20D1 : 0B;
    20D2 : 0A;
    20D3 : 0B;
    20D4 : 0B;
    20D5 : 0B;
    20D6 : 0B;
    20D7 : 0B;
    20D8 : 0B;
    20D9 : 0C;
    20DA : 0C;
    20DB : 0C;
    20DC : 0C;
    20DD : 0B;
    20DE : 0C;
    20DF : 0C;
    20E0 : 0C;
    20E1 : 0C;
    20E2 : 0B;
    20E3 : 0B;
    20E4 : 0A;
    20E5 : 0A;
    20E6 : 0A;
    20E7 : 0A;
    20E8 : 0A;
    20E9 : 0A;
    20EA : 0A;
    20EB : 0A;
    20EC : 09;
    20ED : 09;
    20EE : 09;
    20EF : 08;
    20F0 : 08;
    20F1 : 08;
    20F2 : 08;
    20F3 : 08;
    20F4 : 08;
    20F5 : 08;
    20F6 : 08;
    20F7 : 08;
    20F8 : 08;
    20F9 : 08;
    20FA : 07;
    20FB : 07;
    20FC : 07;
    20FD : 07;
    20FE : 07;
    20FF : 06;
    2100 : 07;
    2101 : 07;
    2102 : 06;
    2103 : 06;
    2104 : 07;
    2105 : 07;
    2106 : 07;
    2107 : 06;
    2108 : 05;
    2109 : 07;
    210A : 07;
    210B : 05;
    210C : 06;
    210D : 07;
    210E : 01;
    210F : 02;
    2110 : 02;
    2111 : 01;
    2112 : 01;
    2113 : 01;
    2114 : 00;
    2115 : 00;
    2116 : 00;
    2117 : 00;
    2118 : 00;
    2119 : 00;
    211A : 04;
    211B : 05;
    211C : 07;
    211D : 07;
    211E : 03;
    211F : 04;
    2120 : 0C;
    2121 : 0C;
    2122 : 0C;
    2123 : 0C;
    2124 : 0C;
    2125 : 0C;
    2126 : 0C;
    2127 : 0C;
    2128 : 0C;
    2129 : 0C;
    212A : 0C;
    212B : 0C;
    212C : 0C;
    212D : 0C;
    212E : 0C;
    212F : 0C;
    2130 : 0C;
    2131 : 0C;
    2132 : 0C;
    2133 : 0C;
    2134 : 0C;
    2135 : 0C;
    2136 : 0C;
    2137 : 04;
    2138 : 04;
    2139 : 03;
    213A : 04;
    213B : 04;
    213C : 04;
    213D : 05;
    213E : 05;
    213F : 06;
    2140 : 06;
    2141 : 05;
    2142 : 04;
    2143 : 02;
    2144 : 02;
    2145 : 03;
    2146 : 05;
    2147 : 05;
    2148 : 06;
    2149 : 06;
    214A : 05;
    214B : 09;
    214C : 0A;
    214D : 0A;
    214E : 09;
    214F : 07;
    2150 : 05;
    2151 : 05;
    2152 : 08;
    2153 : 08;
    2154 : 07;
    2155 : 05;
    2156 : 0C;
    2157 : 0F;
    2158 : 0F;
    2159 : 0F;
    215A : 0D;
    215B : 0B;
    215C : 0A;
    215D : 0A;
    215E : 0A;
    215F : 0A;
    2160 : 0A;
    2161 : 0A;
    2162 : 0A;
    2163 : 0A;
    2164 : 0A;
    2165 : 0A;
    2166 : 0A;
    2167 : 0A;
    2168 : 0A;
    2169 : 0A;
    216A : 0B;
    216B : 0A;
    216C : 0A;
    216D : 0A;
    216E : 0B;
    216F : 0B;
    2170 : 0B;
    2171 : 0B;
    2172 : 0B;
    2173 : 0B;
    2174 : 0B;
    2175 : 0B;
    2176 : 0C;
    2177 : 0C;
    2178 : 0C;
    2179 : 0C;
    217A : 0C;
    217B : 0C;
    217C : 0C;
    217D : 0B;
    217E : 0B;
    217F : 0C;
    2180 : 0B;
    2181 : 0B;
    2182 : 0B;
    2183 : 0B;
    2184 : 0A;
    2185 : 0A;
    2186 : 0A;
    2187 : 0A;
    2188 : 0A;
    2189 : 0A;
    218A : 0A;
    218B : 0A;
    218C : 09;
    218D : 09;
    218E : 09;
    218F : 08;
    2190 : 08;
    2191 : 08;
    2192 : 08;
    2193 : 09;
    2194 : 09;
    2195 : 09;
    2196 : 08;
    2197 : 08;
    2198 : 08;
    2199 : 08;
    219A : 07;
    219B : 07;
    219C : 07;
    219D : 07;
    219E : 07;
    219F : 06;
    21A0 : 07;
    21A1 : 07;
    21A2 : 06;
    21A3 : 06;
    21A4 : 06;
    21A5 : 06;
    21A6 : 06;
    21A7 : 06;
    21A8 : 06;
    21A9 : 07;
    21AA : 06;
    21AB : 05;
    21AC : 06;
    21AD : 06;
    21AE : 00;
    21AF : 02;
    21B0 : 02;
    21B1 : 01;
    21B2 : 01;
    21B3 : 01;
    21B4 : 00;
    21B5 : 00;
    21B6 : 00;
    21B7 : 00;
    21B8 : 00;
    21B9 : 00;
    21BA : 05;
    21BB : 06;
    21BC : 07;
    21BD : 06;
    21BE : 03;
    21BF : 05;
    21C0 : 0C;
    21C1 : 0C;
    21C2 : 0D;
    21C3 : 0C;
    21C4 : 0C;
    21C5 : 0C;
    21C6 : 0C;
    21C7 : 0C;
    21C8 : 0C;
    21C9 : 0C;
    21CA : 0C;
    21CB : 0C;
    21CC : 0C;
    21CD : 0C;
    21CE : 0C;
    21CF : 0C;
    21D0 : 0C;
    21D1 : 0C;
    21D2 : 0C;
    21D3 : 0C;
    21D4 : 0C;
    21D5 : 0C;
    21D6 : 0D;
    21D7 : 08;
    21D8 : 03;
    21D9 : 03;
    21DA : 03;
    21DB : 04;
    21DC : 05;
    21DD : 04;
    21DE : 04;
    21DF : 05;
    21E0 : 06;
    21E1 : 05;
    21E2 : 05;
    21E3 : 04;
    21E4 : 04;
    21E5 : 02;
    21E6 : 04;
    21E7 : 03;
    21E8 : 05;
    21E9 : 07;
    21EA : 05;
    21EB : 09;
    21EC : 0A;
    21ED : 08;
    21EE : 07;
    21EF : 06;
    21F0 : 08;
    21F1 : 09;
    21F2 : 07;
    21F3 : 07;
    21F4 : 07;
    21F5 : 05;
    21F6 : 0C;
    21F7 : 0F;
    21F8 : 0F;
    21F9 : 0F;
    21FA : 0D;
    21FB : 0B;
    21FC : 0B;
    21FD : 0B;
    21FE : 0A;
    21FF : 0A;
    2200 : 0A;
    2201 : 0A;
    2202 : 0A;
    2203 : 0A;
    2204 : 0A;
    2205 : 0A;
    2206 : 0B;
    2207 : 0A;
    2208 : 0A;
    2209 : 0A;
    220A : 0B;
    220B : 0A;
    220C : 0A;
    220D : 0B;
    220E : 0B;
    220F : 0B;
    2210 : 0B;
    2211 : 0B;
    2212 : 0B;
    2213 : 0B;
    2214 : 0B;
    2215 : 0B;
    2216 : 0C;
    2217 : 0C;
    2218 : 0C;
    2219 : 0C;
    221A : 0C;
    221B : 0C;
    221C : 0C;
    221D : 0C;
    221E : 0B;
    221F : 0C;
    2220 : 0B;
    2221 : 0B;
    2222 : 0B;
    2223 : 0A;
    2224 : 0A;
    2225 : 0A;
    2226 : 0A;
    2227 : 0A;
    2228 : 0A;
    2229 : 0A;
    222A : 09;
    222B : 09;
    222C : 09;
    222D : 09;
    222E : 09;
    222F : 08;
    2230 : 08;
    2231 : 08;
    2232 : 08;
    2233 : 09;
    2234 : 09;
    2235 : 08;
    2236 : 08;
    2237 : 08;
    2238 : 08;
    2239 : 08;
    223A : 07;
    223B : 07;
    223C : 07;
    223D : 07;
    223E : 07;
    223F : 07;
    2240 : 06;
    2241 : 07;
    2242 : 06;
    2243 : 07;
    2244 : 07;
    2245 : 06;
    2246 : 07;
    2247 : 06;
    2248 : 06;
    2249 : 07;
    224A : 06;
    224B : 05;
    224C : 07;
    224D : 03;
    224E : 00;
    224F : 02;
    2250 : 01;
    2251 : 01;
    2252 : 00;
    2253 : 00;
    2254 : 00;
    2255 : 00;
    2256 : 00;
    2257 : 00;
    2258 : 00;
    2259 : 01;
    225A : 05;
    225B : 07;
    225C : 08;
    225D : 05;
    225E : 02;
    225F : 06;
    2260 : 0C;
    2261 : 0C;
    2262 : 0C;
    2263 : 0C;
    2264 : 0C;
    2265 : 0C;
    2266 : 0C;
    2267 : 0C;
    2268 : 0C;
    2269 : 0C;
    226A : 0C;
    226B : 0C;
    226C : 0C;
    226D : 0C;
    226E : 0C;
    226F : 0C;
    2270 : 0C;
    2271 : 0C;
    2272 : 0C;
    2273 : 0C;
    2274 : 0C;
    2275 : 0C;
    2276 : 0C;
    2277 : 0D;
    2278 : 06;
    2279 : 04;
    227A : 03;
    227B : 03;
    227C : 04;
    227D : 04;
    227E : 04;
    227F : 05;
    2280 : 05;
    2281 : 05;
    2282 : 06;
    2283 : 05;
    2284 : 05;
    2285 : 05;
    2286 : 05;
    2287 : 05;
    2288 : 06;
    2289 : 08;
    228A : 06;
    228B : 07;
    228C : 08;
    228D : 07;
    228E : 08;
    228F : 0B;
    2290 : 0B;
    2291 : 09;
    2292 : 06;
    2293 : 07;
    2294 : 06;
    2295 : 03;
    2296 : 0D;
    2297 : 0F;
    2298 : 0F;
    2299 : 0F;
    229A : 0C;
    229B : 0B;
    229C : 0A;
    229D : 0A;
    229E : 0B;
    229F : 0A;
    22A0 : 0A;
    22A1 : 0A;
    22A2 : 0A;
    22A3 : 0A;
    22A4 : 0A;
    22A5 : 0A;
    22A6 : 0A;
    22A7 : 0A;
    22A8 : 0A;
    22A9 : 0A;
    22AA : 0B;
    22AB : 0A;
    22AC : 0B;
    22AD : 0B;
    22AE : 0B;
    22AF : 0B;
    22B0 : 0B;
    22B1 : 0B;
    22B2 : 0B;
    22B3 : 0B;
    22B4 : 0B;
    22B5 : 0A;
    22B6 : 0C;
    22B7 : 0C;
    22B8 : 0C;
    22B9 : 0C;
    22BA : 0C;
    22BB : 0C;
    22BC : 0C;
    22BD : 0C;
    22BE : 0B;
    22BF : 0C;
    22C0 : 0C;
    22C1 : 0B;
    22C2 : 0B;
    22C3 : 0B;
    22C4 : 0A;
    22C5 : 0A;
    22C6 : 09;
    22C7 : 09;
    22C8 : 0A;
    22C9 : 0A;
    22CA : 09;
    22CB : 09;
    22CC : 09;
    22CD : 09;
    22CE : 09;
    22CF : 09;
    22D0 : 08;
    22D1 : 08;
    22D2 : 08;
    22D3 : 09;
    22D4 : 09;
    22D5 : 08;
    22D6 : 08;
    22D7 : 08;
    22D8 : 07;
    22D9 : 07;
    22DA : 07;
    22DB : 07;
    22DC : 07;
    22DD : 07;
    22DE : 06;
    22DF : 07;
    22E0 : 07;
    22E1 : 07;
    22E2 : 07;
    22E3 : 07;
    22E4 : 07;
    22E5 : 06;
    22E6 : 07;
    22E7 : 07;
    22E8 : 06;
    22E9 : 07;
    22EA : 07;
    22EB : 06;
    22EC : 06;
    22ED : 02;
    22EE : 01;
    22EF : 02;
    22F0 : 01;
    22F1 : 00;
    22F2 : 00;
    22F3 : 00;
    22F4 : 01;
    22F5 : 02;
    22F6 : 02;
    22F7 : 00;
    22F8 : 00;
    22F9 : 04;
    22FA : 06;
    22FB : 07;
    22FC : 09;
    22FD : 04;
    22FE : 03;
    22FF : 07;
    2300 : 0C;
    2301 : 0C;
    2302 : 0C;
    2303 : 0D;
    2304 : 0D;
    2305 : 0C;
    2306 : 0C;
    2307 : 0C;
    2308 : 0C;
    2309 : 0C;
    230A : 0C;
    230B : 0C;
    230C : 0C;
    230D : 0C;
    230E : 0C;
    230F : 0C;
    2310 : 0C;
    2311 : 0C;
    2312 : 0C;
    2313 : 0C;
    2314 : 0C;
    2315 : 0C;
    2316 : 0C;
    2317 : 0C;
    2318 : 0C;
    2319 : 06;
    231A : 04;
    231B : 03;
    231C : 04;
    231D : 04;
    231E : 04;
    231F : 04;
    2320 : 04;
    2321 : 05;
    2322 : 05;
    2323 : 05;
    2324 : 05;
    2325 : 04;
    2326 : 05;
    2327 : 04;
    2328 : 06;
    2329 : 08;
    232A : 06;
    232B : 08;
    232C : 0B;
    232D : 09;
    232E : 08;
    232F : 08;
    2330 : 08;
    2331 : 07;
    2332 : 08;
    2333 : 06;
    2334 : 05;
    2335 : 07;
    2336 : 0E;
    2337 : 0F;
    2338 : 0F;
    2339 : 0F;
    233A : 0D;
    233B : 0A;
    233C : 0B;
    233D : 0B;
    233E : 0A;
    233F : 0A;
    2340 : 0A;
    2341 : 0A;
    2342 : 0A;
    2343 : 09;
    2344 : 09;
    2345 : 0A;
    2346 : 0A;
    2347 : 0A;
    2348 : 0A;
    2349 : 0B;
    234A : 0B;
    234B : 0B;
    234C : 0B;
    234D : 0B;
    234E : 0B;
    234F : 0B;
    2350 : 0B;
    2351 : 0B;
    2352 : 0B;
    2353 : 0B;
    2354 : 0B;
    2355 : 0B;
    2356 : 0B;
    2357 : 0B;
    2358 : 0B;
    2359 : 0C;
    235A : 0C;
    235B : 0C;
    235C : 0C;
    235D : 0C;
    235E : 0C;
    235F : 0B;
    2360 : 0B;
    2361 : 0B;
    2362 : 0B;
    2363 : 0A;
    2364 : 0A;
    2365 : 0A;
    2366 : 0A;
    2367 : 09;
    2368 : 0A;
    2369 : 09;
    236A : 09;
    236B : 09;
    236C : 09;
    236D : 09;
    236E : 09;
    236F : 08;
    2370 : 08;
    2371 : 08;
    2372 : 08;
    2373 : 08;
    2374 : 09;
    2375 : 09;
    2376 : 09;
    2377 : 08;
    2378 : 08;
    2379 : 08;
    237A : 08;
    237B : 08;
    237C : 07;
    237D : 07;
    237E : 07;
    237F : 07;
    2380 : 06;
    2381 : 07;
    2382 : 07;
    2383 : 07;
    2384 : 07;
    2385 : 06;
    2386 : 07;
    2387 : 06;
    2388 : 07;
    2389 : 07;
    238A : 07;
    238B : 06;
    238C : 06;
    238D : 01;
    238E : 02;
    238F : 02;
    2390 : 01;
    2391 : 00;
    2392 : 01;
    2393 : 05;
    2394 : 06;
    2395 : 06;
    2396 : 06;
    2397 : 06;
    2398 : 06;
    2399 : 07;
    239A : 07;
    239B : 08;
    239C : 07;
    239D : 03;
    239E : 04;
    239F : 08;
    23A0 : 0C;
    23A1 : 0C;
    23A2 : 0C;
    23A3 : 0C;
    23A4 : 0D;
    23A5 : 0D;
    23A6 : 0C;
    23A7 : 0C;
    23A8 : 0C;
    23A9 : 0C;
    23AA : 0D;
    23AB : 0C;
    23AC : 0C;
    23AD : 0C;
    23AE : 0C;
    23AF : 0C;
    23B0 : 0C;
    23B1 : 0C;
    23B2 : 0C;
    23B3 : 0C;
    23B4 : 0C;
    23B5 : 0C;
    23B6 : 0C;
    23B7 : 0C;
    23B8 : 0C;
    23B9 : 0D;
    23BA : 08;
    23BB : 04;
    23BC : 03;
    23BD : 03;
    23BE : 03;
    23BF : 04;
    23C0 : 05;
    23C1 : 05;
    23C2 : 05;
    23C3 : 06;
    23C4 : 05;
    23C5 : 05;
    23C6 : 02;
    23C7 : 00;
    23C8 : 07;
    23C9 : 09;
    23CA : 09;
    23CB : 08;
    23CC : 06;
    23CD : 06;
    23CE : 06;
    23CF : 07;
    23D0 : 08;
    23D1 : 08;
    23D2 : 06;
    23D3 : 06;
    23D4 : 0A;
    23D5 : 0B;
    23D6 : 0F;
    23D7 : 0F;
    23D8 : 0F;
    23D9 : 0F;
    23DA : 0D;
    23DB : 0B;
    23DC : 0B;
    23DD : 0C;
    23DE : 0B;
    23DF : 0B;
    23E0 : 0A;
    23E1 : 0A;
    23E2 : 09;
    23E3 : 09;
    23E4 : 09;
    23E5 : 09;
    23E6 : 09;
    23E7 : 09;
    23E8 : 0A;
    23E9 : 0A;
    23EA : 0A;
    23EB : 0B;
    23EC : 0B;
    23ED : 0B;
    23EE : 0B;
    23EF : 0B;
    23F0 : 0B;
    23F1 : 0B;
    23F2 : 0B;
    23F3 : 0B;
    23F4 : 0C;
    23F5 : 0C;
    23F6 : 0B;
    23F7 : 0B;
    23F8 : 0B;
    23F9 : 0B;
    23FA : 0B;
    23FB : 0C;
    23FC : 0C;
    23FD : 0C;
    23FE : 0B;
    23FF : 0B;
    2400 : 0B;
    2401 : 0B;
    2402 : 0B;
    2403 : 0B;
    2404 : 0A;
    2405 : 0A;
    2406 : 09;
    2407 : 09;
    2408 : 0A;
    2409 : 09;
    240A : 09;
    240B : 09;
    240C : 09;
    240D : 08;
    240E : 08;
    240F : 08;
    2410 : 08;
    2411 : 08;
    2412 : 08;
    2413 : 08;
    2414 : 08;
    2415 : 08;
    2416 : 08;
    2417 : 08;
    2418 : 08;
    2419 : 08;
    241A : 08;
    241B : 08;
    241C : 08;
    241D : 07;
    241E : 07;
    241F : 07;
    2420 : 06;
    2421 : 07;
    2422 : 07;
    2423 : 07;
    2424 : 06;
    2425 : 06;
    2426 : 07;
    2427 : 07;
    2428 : 07;
    2429 : 07;
    242A : 07;
    242B : 06;
    242C : 07;
    242D : 03;
    242E : 01;
    242F : 01;
    2430 : 01;
    2431 : 03;
    2432 : 07;
    2433 : 07;
    2434 : 06;
    2435 : 06;
    2436 : 07;
    2437 : 07;
    2438 : 08;
    2439 : 07;
    243A : 08;
    243B : 08;
    243C : 05;
    243D : 03;
    243E : 06;
    243F : 07;
    2440 : 0C;
    2441 : 0C;
    2442 : 0C;
    2443 : 0C;
    2444 : 0D;
    2445 : 0D;
    2446 : 0C;
    2447 : 0D;
    2448 : 0D;
    2449 : 0D;
    244A : 0D;
    244B : 0D;
    244C : 0D;
    244D : 0C;
    244E : 0C;
    244F : 0C;
    2450 : 0C;
    2451 : 0C;
    2452 : 0C;
    2453 : 0C;
    2454 : 0C;
    2455 : 0C;
    2456 : 0C;
    2457 : 0C;
    2458 : 0C;
    2459 : 0C;
    245A : 0D;
    245B : 0B;
    245C : 06;
    245D : 04;
    245E : 04;
    245F : 04;
    2460 : 05;
    2461 : 05;
    2462 : 05;
    2463 : 05;
    2464 : 06;
    2465 : 06;
    2466 : 02;
    2467 : 00;
    2468 : 09;
    2469 : 09;
    246A : 09;
    246B : 0B;
    246C : 0A;
    246D : 08;
    246E : 07;
    246F : 08;
    2470 : 08;
    2471 : 05;
    2472 : 08;
    2473 : 0D;
    2474 : 0C;
    2475 : 0C;
    2476 : 0F;
    2477 : 0F;
    2478 : 0F;
    2479 : 0F;
    247A : 0E;
    247B : 0D;
    247C : 0D;
    247D : 0C;
    247E : 0B;
    247F : 0B;
    2480 : 0B;
    2481 : 0A;
    2482 : 09;
    2483 : 08;
    2484 : 08;
    2485 : 08;
    2486 : 08;
    2487 : 08;
    2488 : 08;
    2489 : 09;
    248A : 09;
    248B : 0A;
    248C : 0B;
    248D : 0C;
    248E : 0B;
    248F : 0B;
    2490 : 0C;
    2491 : 0B;
    2492 : 0B;
    2493 : 0B;
    2494 : 0B;
    2495 : 0C;
    2496 : 0C;
    2497 : 0C;
    2498 : 0B;
    2499 : 0C;
    249A : 0C;
    249B : 0C;
    249C : 0B;
    249D : 0C;
    249E : 0C;
    249F : 0B;
    24A0 : 0B;
    24A1 : 0B;
    24A2 : 0B;
    24A3 : 0A;
    24A4 : 0A;
    24A5 : 09;
    24A6 : 09;
    24A7 : 09;
    24A8 : 09;
    24A9 : 0A;
    24AA : 09;
    24AB : 08;
    24AC : 09;
    24AD : 08;
    24AE : 09;
    24AF : 08;
    24B0 : 08;
    24B1 : 08;
    24B2 : 08;
    24B3 : 08;
    24B4 : 08;
    24B5 : 08;
    24B6 : 08;
    24B7 : 08;
    24B8 : 08;
    24B9 : 08;
    24BA : 08;
    24BB : 07;
    24BC : 08;
    24BD : 07;
    24BE : 07;
    24BF : 06;
    24C0 : 06;
    24C1 : 08;
    24C2 : 07;
    24C3 : 07;
    24C4 : 06;
    24C5 : 06;
    24C6 : 07;
    24C7 : 07;
    24C8 : 07;
    24C9 : 07;
    24CA : 06;
    24CB : 07;
    24CC : 07;
    24CD : 07;
    24CE : 03;
    24CF : 02;
    24D0 : 05;
    24D1 : 06;
    24D2 : 06;
    24D3 : 06;
    24D4 : 06;
    24D5 : 07;
    24D6 : 07;
    24D7 : 07;
    24D8 : 07;
    24D9 : 07;
    24DA : 07;
    24DB : 06;
    24DC : 03;
    24DD : 03;
    24DE : 07;
    24DF : 07;
    24E0 : 0C;
    24E1 : 0D;
    24E2 : 0D;
    24E3 : 0D;
    24E4 : 0D;
    24E5 : 0C;
    24E6 : 0D;
    24E7 : 0D;
    24E8 : 0D;
    24E9 : 0C;
    24EA : 0C;
    24EB : 0C;
    24EC : 0C;
    24ED : 0C;
    24EE : 0C;
    24EF : 0C;
    24F0 : 0C;
    24F1 : 0C;
    24F2 : 0C;
    24F3 : 0C;
    24F4 : 0C;
    24F5 : 0C;
    24F6 : 0C;
    24F7 : 0C;
    24F8 : 0C;
    24F9 : 0C;
    24FA : 0C;
    24FB : 0C;
    24FC : 0D;
    24FD : 0B;
    24FE : 07;
    24FF : 04;
    2500 : 03;
    2501 : 04;
    2502 : 04;
    2503 : 05;
    2504 : 05;
    2505 : 06;
    2506 : 05;
    2507 : 03;
    2508 : 0A;
    2509 : 09;
    250A : 0B;
    250B : 0B;
    250C : 0A;
    250D : 08;
    250E : 07;
    250F : 07;
    2510 : 05;
    2511 : 0A;
    2512 : 0D;
    2513 : 0C;
    2514 : 0B;
    2515 : 0E;
    2516 : 0F;
    2517 : 0F;
    2518 : 0F;
    2519 : 0F;
    251A : 0F;
    251B : 0E;
    251C : 0D;
    251D : 0D;
    251E : 0C;
    251F : 0B;
    2520 : 0B;
    2521 : 0B;
    2522 : 0A;
    2523 : 0A;
    2524 : 08;
    2525 : 07;
    2526 : 07;
    2527 : 07;
    2528 : 07;
    2529 : 08;
    252A : 08;
    252B : 08;
    252C : 0A;
    252D : 0B;
    252E : 0C;
    252F : 0C;
    2530 : 0B;
    2531 : 0C;
    2532 : 0C;
    2533 : 0B;
    2534 : 0C;
    2535 : 0C;
    2536 : 0C;
    2537 : 0B;
    2538 : 0C;
    2539 : 0B;
    253A : 0B;
    253B : 0C;
    253C : 0B;
    253D : 0B;
    253E : 0B;
    253F : 0A;
    2540 : 0B;
    2541 : 0B;
    2542 : 0B;
    2543 : 0A;
    2544 : 0A;
    2545 : 09;
    2546 : 0A;
    2547 : 09;
    2548 : 09;
    2549 : 09;
    254A : 09;
    254B : 08;
    254C : 08;
    254D : 08;
    254E : 09;
    254F : 08;
    2550 : 08;
    2551 : 08;
    2552 : 08;
    2553 : 09;
    2554 : 09;
    2555 : 09;
    2556 : 08;
    2557 : 08;
    2558 : 08;
    2559 : 08;
    255A : 08;
    255B : 07;
    255C : 07;
    255D : 07;
    255E : 07;
    255F : 07;
    2560 : 06;
    2561 : 07;
    2562 : 07;
    2563 : 07;
    2564 : 07;
    2565 : 07;
    2566 : 07;
    2567 : 07;
    2568 : 07;
    2569 : 07;
    256A : 07;
    256B : 07;
    256C : 06;
    256D : 05;
    256E : 07;
    256F : 07;
    2570 : 07;
    2571 : 06;
    2572 : 06;
    2573 : 07;
    2574 : 07;
    2575 : 08;
    2576 : 07;
    2577 : 07;
    2578 : 06;
    2579 : 05;
    257A : 04;
    257B : 04;
    257C : 03;
    257D : 05;
    257E : 07;
    257F : 07;
    2580 : 0D;
    2581 : 0D;
    2582 : 0D;
    2583 : 0D;
    2584 : 0D;
    2585 : 0D;
    2586 : 0D;
    2587 : 0D;
    2588 : 0D;
    2589 : 0C;
    258A : 0C;
    258B : 0C;
    258C : 0C;
    258D : 0D;
    258E : 0C;
    258F : 0C;
    2590 : 0C;
    2591 : 0C;
    2592 : 0C;
    2593 : 0C;
    2594 : 0C;
    2595 : 0C;
    2596 : 0C;
    2597 : 0C;
    2598 : 0C;
    2599 : 0C;
    259A : 0C;
    259B : 0C;
    259C : 0C;
    259D : 0D;
    259E : 0D;
    259F : 0B;
    25A0 : 09;
    25A1 : 07;
    25A2 : 05;
    25A3 : 04;
    25A4 : 05;
    25A5 : 05;
    25A6 : 05;
    25A7 : 04;
    25A8 : 0B;
    25A9 : 0B;
    25AA : 0C;
    25AB : 0A;
    25AC : 08;
    25AD : 07;
    25AE : 06;
    25AF : 09;
    25B0 : 0C;
    25B1 : 0D;
    25B2 : 0C;
    25B3 : 0C;
    25B4 : 0C;
    25B5 : 0F;
    25B6 : 0F;
    25B7 : 0F;
    25B8 : 0F;
    25B9 : 0F;
    25BA : 0F;
    25BB : 0E;
    25BC : 0D;
    25BD : 0D;
    25BE : 0C;
    25BF : 0B;
    25C0 : 0B;
    25C1 : 0B;
    25C2 : 0B;
    25C3 : 0B;
    25C4 : 0B;
    25C5 : 09;
    25C6 : 07;
    25C7 : 05;
    25C8 : 05;
    25C9 : 05;
    25CA : 07;
    25CB : 07;
    25CC : 0A;
    25CD : 0B;
    25CE : 0B;
    25CF : 0B;
    25D0 : 0B;
    25D1 : 0C;
    25D2 : 0C;
    25D3 : 0C;
    25D4 : 0C;
    25D5 : 0C;
    25D6 : 0C;
    25D7 : 0C;
    25D8 : 0C;
    25D9 : 0B;
    25DA : 0B;
    25DB : 0B;
    25DC : 0B;
    25DD : 0B;
    25DE : 0B;
    25DF : 0B;
    25E0 : 0B;
    25E1 : 0B;
    25E2 : 0A;
    25E3 : 0A;
    25E4 : 0A;
    25E5 : 09;
    25E6 : 09;
    25E7 : 09;
    25E8 : 09;
    25E9 : 09;
    25EA : 09;
    25EB : 08;
    25EC : 08;
    25ED : 08;
    25EE : 09;
    25EF : 08;
    25F0 : 08;
    25F1 : 08;
    25F2 : 09;
    25F3 : 09;
    25F4 : 09;
    25F5 : 08;
    25F6 : 08;
    25F7 : 08;
    25F8 : 08;
    25F9 : 08;
    25FA : 08;
    25FB : 08;
    25FC : 08;
    25FD : 07;
    25FE : 07;
    25FF : 07;
    2600 : 07;
    2601 : 07;
    2602 : 07;
    2603 : 07;
    2604 : 07;
    2605 : 07;
    2606 : 07;
    2607 : 07;
    2608 : 07;
    2609 : 07;
    260A : 07;
    260B : 06;
    260C : 05;
    260D : 05;
    260E : 05;
    260F : 05;
    2610 : 06;
    2611 : 06;
    2612 : 06;
    2613 : 07;
    2614 : 07;
    2615 : 07;
    2616 : 08;
    2617 : 07;
    2618 : 04;
    2619 : 04;
    261A : 05;
    261B : 06;
    261C : 07;
    261D : 07;
    261E : 07;
    261F : 05;
    2620 : 0D;
    2621 : 0D;
    2622 : 0D;
    2623 : 0D;
    2624 : 0D;
    2625 : 0D;
    2626 : 0D;
    2627 : 0D;
    2628 : 0D;
    2629 : 0D;
    262A : 0D;
    262B : 0D;
    262C : 0D;
    262D : 0D;
    262E : 0C;
    262F : 0D;
    2630 : 0C;
    2631 : 0C;
    2632 : 0C;
    2633 : 0C;
    2634 : 0C;
    2635 : 0C;
    2636 : 0C;
    2637 : 0C;
    2638 : 0C;
    2639 : 0C;
    263A : 0C;
    263B : 0C;
    263C : 0C;
    263D : 0C;
    263E : 0C;
    263F : 0D;
    2640 : 0D;
    2641 : 0D;
    2642 : 0D;
    2643 : 09;
    2644 : 05;
    2645 : 05;
    2646 : 05;
    2647 : 04;
    2648 : 0C;
    2649 : 0C;
    264A : 0C;
    264B : 0B;
    264C : 0A;
    264D : 0A;
    264E : 0C;
    264F : 0F;
    2650 : 0E;
    2651 : 0E;
    2652 : 0D;
    2653 : 0D;
    2654 : 0E;
    2655 : 0F;
    2656 : 0F;
    2657 : 0F;
    2658 : 0F;
    2659 : 0F;
    265A : 0F;
    265B : 0E;
    265C : 0D;
    265D : 0D;
    265E : 0C;
    265F : 0C;
    2660 : 0B;
    2661 : 0B;
    2662 : 0B;
    2663 : 0D;
    2664 : 0E;
    2665 : 0E;
    2666 : 0E;
    2667 : 0D;
    2668 : 0C;
    2669 : 07;
    266A : 06;
    266B : 06;
    266C : 08;
    266D : 09;
    266E : 0B;
    266F : 0B;
    2670 : 0B;
    2671 : 0B;
    2672 : 0B;
    2673 : 0C;
    2674 : 0C;
    2675 : 0C;
    2676 : 0C;
    2677 : 0C;
    2678 : 0C;
    2679 : 0B;
    267A : 0C;
    267B : 0B;
    267C : 0B;
    267D : 0B;
    267E : 0B;
    267F : 0B;
    2680 : 0B;
    2681 : 0B;
    2682 : 0A;
    2683 : 0A;
    2684 : 0A;
    2685 : 09;
    2686 : 0A;
    2687 : 09;
    2688 : 09;
    2689 : 09;
    268A : 09;
    268B : 08;
    268C : 08;
    268D : 09;
    268E : 09;
    268F : 08;
    2690 : 08;
    2691 : 08;
    2692 : 08;
    2693 : 09;
    2694 : 09;
    2695 : 08;
    2696 : 08;
    2697 : 08;
    2698 : 08;
    2699 : 08;
    269A : 08;
    269B : 08;
    269C : 08;
    269D : 08;
    269E : 07;
    269F : 07;
    26A0 : 07;
    26A1 : 07;
    26A2 : 07;
    26A3 : 08;
    26A4 : 08;
    26A5 : 07;
    26A6 : 07;
    26A7 : 07;
    26A8 : 07;
    26A9 : 07;
    26AA : 07;
    26AB : 05;
    26AC : 05;
    26AD : 05;
    26AE : 05;
    26AF : 05;
    26B0 : 05;
    26B1 : 06;
    26B2 : 06;
    26B3 : 06;
    26B4 : 07;
    26B5 : 07;
    26B6 : 06;
    26B7 : 07;
    26B8 : 06;
    26B9 : 07;
    26BA : 07;
    26BB : 07;
    26BC : 07;
    26BD : 07;
    26BE : 07;
    26BF : 01;
    26C0 : 0D;
    26C1 : 0D;
    26C2 : 0D;
    26C3 : 0D;
    26C4 : 0D;
    26C5 : 0D;
    26C6 : 0D;
    26C7 : 0D;
    26C8 : 0D;
    26C9 : 0D;
    26CA : 0D;
    26CB : 0D;
    26CC : 0D;
    26CD : 0C;
    26CE : 0D;
    26CF : 0D;
    26D0 : 0C;
    26D1 : 0C;
    26D2 : 0D;
    26D3 : 0C;
    26D4 : 0C;
    26D5 : 0C;
    26D6 : 0C;
    26D7 : 0C;
    26D8 : 0C;
    26D9 : 0C;
    26DA : 0C;
    26DB : 0C;
    26DC : 0C;
    26DD : 0C;
    26DE : 0C;
    26DF : 0C;
    26E0 : 0C;
    26E1 : 0C;
    26E2 : 0C;
    26E3 : 0D;
    26E4 : 0B;
    26E5 : 06;
    26E6 : 04;
    26E7 : 05;
    26E8 : 0C;
    26E9 : 0C;
    26EA : 0D;
    26EB : 0D;
    26EC : 0F;
    26ED : 0F;
    26EE : 0F;
    26EF : 0E;
    26F0 : 0E;
    26F1 : 0D;
    26F2 : 0D;
    26F3 : 0E;
    26F4 : 0F;
    26F5 : 0F;
    26F6 : 0F;
    26F7 : 0F;
    26F8 : 0F;
    26F9 : 0E;
    26FA : 0E;
    26FB : 0C;
    26FC : 0D;
    26FD : 0C;
    26FE : 0C;
    26FF : 0B;
    2700 : 0B;
    2701 : 0C;
    2702 : 0D;
    2703 : 0D;
    2704 : 0D;
    2705 : 0D;
    2706 : 0D;
    2707 : 0C;
    2708 : 0C;
    2709 : 0C;
    270A : 07;
    270B : 06;
    270C : 06;
    270D : 08;
    270E : 0A;
    270F : 0B;
    2710 : 0B;
    2711 : 0B;
    2712 : 0B;
    2713 : 0B;
    2714 : 0C;
    2715 : 0C;
    2716 : 0C;
    2717 : 0B;
    2718 : 0B;
    2719 : 0B;
    271A : 0B;
    271B : 0B;
    271C : 0B;
    271D : 0B;
    271E : 0B;
    271F : 0B;
    2720 : 0B;
    2721 : 0B;
    2722 : 0A;
    2723 : 0A;
    2724 : 0A;
    2725 : 0A;
    2726 : 09;
    2727 : 0A;
    2728 : 09;
    2729 : 09;
    272A : 09;
    272B : 09;
    272C : 08;
    272D : 09;
    272E : 09;
    272F : 08;
    2730 : 09;
    2731 : 08;
    2732 : 08;
    2733 : 09;
    2734 : 09;
    2735 : 08;
    2736 : 08;
    2737 : 08;
    2738 : 08;
    2739 : 08;
    273A : 08;
    273B : 08;
    273C : 08;
    273D : 08;
    273E : 07;
    273F : 07;
    2740 : 06;
    2741 : 07;
    2742 : 08;
    2743 : 07;
    2744 : 07;
    2745 : 07;
    2746 : 07;
    2747 : 07;
    2748 : 07;
    2749 : 07;
    274A : 07;
    274B : 06;
    274C : 06;
    274D : 05;
    274E : 05;
    274F : 05;
    2750 : 05;
    2751 : 05;
    2752 : 06;
    2753 : 07;
    2754 : 07;
    2755 : 06;
    2756 : 07;
    2757 : 07;
    2758 : 07;
    2759 : 07;
    275A : 07;
    275B : 07;
    275C : 07;
    275D : 08;
    275E : 04;
    275F : 01;
    2760 : 0D;
    2761 : 0D;
    2762 : 0D;
    2763 : 0D;
    2764 : 0D;
    2765 : 0D;
    2766 : 0D;
    2767 : 0D;
    2768 : 0D;
    2769 : 0D;
    276A : 0D;
    276B : 0D;
    276C : 0D;
    276D : 0D;
    276E : 0D;
    276F : 0D;
    2770 : 0C;
    2771 : 0C;
    2772 : 0D;
    2773 : 0D;
    2774 : 0C;
    2775 : 0D;
    2776 : 0C;
    2777 : 0C;
    2778 : 0C;
    2779 : 0C;
    277A : 0C;
    277B : 0C;
    277C : 0C;
    277D : 0C;
    277E : 0C;
    277F : 0C;
    2780 : 0C;
    2781 : 0C;
    2782 : 0C;
    2783 : 0C;
    2784 : 0C;
    2785 : 0D;
    2786 : 0A;
    2787 : 09;
    2788 : 0C;
    2789 : 0D;
    278A : 0D;
    278B : 0D;
    278C : 0E;
    278D : 0E;
    278E : 0E;
    278F : 0D;
    2790 : 0D;
    2791 : 0D;
    2792 : 0E;
    2793 : 0E;
    2794 : 0F;
    2795 : 0F;
    2796 : 0F;
    2797 : 0F;
    2798 : 0E;
    2799 : 0D;
    279A : 0C;
    279B : 0B;
    279C : 0B;
    279D : 0B;
    279E : 0B;
    279F : 0B;
    27A0 : 0B;
    27A1 : 0D;
    27A2 : 0D;
    27A3 : 0D;
    27A4 : 0D;
    27A5 : 0D;
    27A6 : 0D;
    27A7 : 0C;
    27A8 : 0C;
    27A9 : 0B;
    27AA : 0A;
    27AB : 06;
    27AC : 06;
    27AD : 07;
    27AE : 08;
    27AF : 09;
    27B0 : 0B;
    27B1 : 0B;
    27B2 : 0B;
    27B3 : 0B;
    27B4 : 0B;
    27B5 : 0B;
    27B6 : 0B;
    27B7 : 0B;
    27B8 : 0B;
    27B9 : 0B;
    27BA : 0B;
    27BB : 0B;
    27BC : 0B;
    27BD : 0B;
    27BE : 0B;
    27BF : 0B;
    27C0 : 0B;
    27C1 : 0B;
    27C2 : 0A;
    27C3 : 0A;
    27C4 : 0A;
    27C5 : 0A;
    27C6 : 09;
    27C7 : 09;
    27C8 : 09;
    27C9 : 09;
    27CA : 09;
    27CB : 08;
    27CC : 08;
    27CD : 09;
    27CE : 09;
    27CF : 08;
    27D0 : 09;
    27D1 : 08;
    27D2 : 08;
    27D3 : 09;
    27D4 : 09;
    27D5 : 08;
    27D6 : 08;
    27D7 : 08;
    27D8 : 08;
    27D9 : 08;
    27DA : 08;
    27DB : 08;
    27DC : 07;
    27DD : 08;
    27DE : 07;
    27DF : 07;
    27E0 : 06;
    27E1 : 07;
    27E2 : 06;
    27E3 : 06;
    27E4 : 07;
    27E5 : 07;
    27E6 : 07;
    27E7 : 07;
    27E8 : 07;
    27E9 : 07;
    27EA : 06;
    27EB : 06;
    27EC : 06;
    27ED : 06;
    27EE : 06;
    27EF : 06;
    27F0 : 06;
    27F1 : 06;
    27F2 : 07;
    27F3 : 07;
    27F4 : 06;
    27F5 : 06;
    27F6 : 07;
    27F7 : 07;
    27F8 : 07;
    27F9 : 07;
    27FA : 06;
    27FB : 06;
    27FC : 07;
    27FD : 02;
    27FE : 01;
    27FF : 00;
    2800 : 0D;
    2801 : 0D;
    2802 : 0D;
    2803 : 0D;
    2804 : 0D;
    2805 : 0D;
    2806 : 0D;
    2807 : 0D;
    2808 : 0D;
    2809 : 0D;
    280A : 0D;
    280B : 0D;
    280C : 0D;
    280D : 0D;
    280E : 0D;
    280F : 0D;
    2810 : 0D;
    2811 : 0C;
    2812 : 0D;
    2813 : 0C;
    2814 : 0C;
    2815 : 0D;
    2816 : 0C;
    2817 : 0C;
    2818 : 0C;
    2819 : 0C;
    281A : 0C;
    281B : 0C;
    281C : 0C;
    281D : 0C;
    281E : 0C;
    281F : 0C;
    2820 : 0C;
    2821 : 0C;
    2822 : 0C;
    2823 : 0C;
    2824 : 0C;
    2825 : 0C;
    2826 : 0C;
    2827 : 0C;
    2828 : 0C;
    2829 : 0D;
    282A : 0D;
    282B : 0E;
    282C : 0E;
    282D : 0E;
    282E : 0E;
    282F : 0D;
    2830 : 0D;
    2831 : 0D;
    2832 : 0E;
    2833 : 0E;
    2834 : 0E;
    2835 : 0E;
    2836 : 0E;
    2837 : 0D;
    2838 : 0C;
    2839 : 0B;
    283A : 0A;
    283B : 0A;
    283C : 0A;
    283D : 0A;
    283E : 0A;
    283F : 0B;
    2840 : 0B;
    2841 : 0C;
    2842 : 0C;
    2843 : 0C;
    2844 : 0C;
    2845 : 0C;
    2846 : 0C;
    2847 : 0C;
    2848 : 0B;
    2849 : 0A;
    284A : 0A;
    284B : 06;
    284C : 07;
    284D : 06;
    284E : 08;
    284F : 09;
    2850 : 09;
    2851 : 0A;
    2852 : 0B;
    2853 : 0A;
    2854 : 0B;
    2855 : 0B;
    2856 : 0B;
    2857 : 0B;
    2858 : 0B;
    2859 : 0B;
    285A : 0A;
    285B : 0B;
    285C : 0B;
    285D : 0B;
    285E : 0B;
    285F : 0B;
    2860 : 0B;
    2861 : 0B;
    2862 : 0A;
    2863 : 0A;
    2864 : 0A;
    2865 : 09;
    2866 : 09;
    2867 : 09;
    2868 : 0A;
    2869 : 09;
    286A : 09;
    286B : 09;
    286C : 09;
    286D : 08;
    286E : 09;
    286F : 09;
    2870 : 09;
    2871 : 09;
    2872 : 09;
    2873 : 09;
    2874 : 08;
    2875 : 08;
    2876 : 08;
    2877 : 08;
    2878 : 08;
    2879 : 08;
    287A : 08;
    287B : 08;
    287C : 08;
    287D : 07;
    287E : 07;
    287F : 07;
    2880 : 07;
    2881 : 07;
    2882 : 06;
    2883 : 07;
    2884 : 08;
    2885 : 07;
    2886 : 07;
    2887 : 07;
    2888 : 07;
    2889 : 07;
    288A : 06;
    288B : 07;
    288C : 06;
    288D : 06;
    288E : 06;
    288F : 06;
    2890 : 06;
    2891 : 06;
    2892 : 07;
    2893 : 07;
    2894 : 07;
    2895 : 06;
    2896 : 07;
    2897 : 07;
    2898 : 06;
    2899 : 06;
    289A : 06;
    289B : 07;
    289C : 06;
    289D : 01;
    289E : 02;
    289F : 01;
    28A0 : 0D;
    28A1 : 0D;
    28A2 : 0D;
    28A3 : 0D;
    28A4 : 0D;
    28A5 : 0D;
    28A6 : 0D;
    28A7 : 0D;
    28A8 : 0D;
    28A9 : 0D;
    28AA : 0D;
    28AB : 0D;
    28AC : 0D;
    28AD : 0D;
    28AE : 0D;
    28AF : 0D;
    28B0 : 0C;
    28B1 : 0C;
    28B2 : 0C;
    28B3 : 0C;
    28B4 : 0D;
    28B5 : 0C;
    28B6 : 0C;
    28B7 : 0C;
    28B8 : 0C;
    28B9 : 0C;
    28BA : 0C;
    28BB : 0C;
    28BC : 0C;
    28BD : 0C;
    28BE : 0C;
    28BF : 0C;
    28C0 : 0C;
    28C1 : 0C;
    28C2 : 0C;
    28C3 : 0C;
    28C4 : 0C;
    28C5 : 0C;
    28C6 : 0C;
    28C7 : 0C;
    28C8 : 0C;
    28C9 : 0D;
    28CA : 0D;
    28CB : 0E;
    28CC : 0D;
    28CD : 0D;
    28CE : 0D;
    28CF : 0C;
    28D0 : 0D;
    28D1 : 0E;
    28D2 : 0D;
    28D3 : 0E;
    28D4 : 0E;
    28D5 : 0C;
    28D6 : 0C;
    28D7 : 0B;
    28D8 : 09;
    28D9 : 07;
    28DA : 07;
    28DB : 08;
    28DC : 07;
    28DD : 07;
    28DE : 08;
    28DF : 08;
    28E0 : 0A;
    28E1 : 0A;
    28E2 : 0A;
    28E3 : 0A;
    28E4 : 0B;
    28E5 : 0A;
    28E6 : 0C;
    28E7 : 0C;
    28E8 : 0C;
    28E9 : 0B;
    28EA : 0A;
    28EB : 08;
    28EC : 07;
    28ED : 09;
    28EE : 09;
    28EF : 07;
    28F0 : 09;
    28F1 : 0A;
    28F2 : 0A;
    28F3 : 0B;
    28F4 : 0B;
    28F5 : 0B;
    28F6 : 0B;
    28F7 : 0B;
    28F8 : 0B;
    28F9 : 0B;
    28FA : 0B;
    28FB : 0B;
    28FC : 0B;
    28FD : 0B;
    28FE : 0B;
    28FF : 0B;
    2900 : 0B;
    2901 : 0A;
    2902 : 0A;
    2903 : 0A;
    2904 : 09;
    2905 : 0A;
    2906 : 09;
    2907 : 09;
    2908 : 09;
    2909 : 09;
    290A : 09;
    290B : 09;
    290C : 09;
    290D : 08;
    290E : 09;
    290F : 09;
    2910 : 09;
    2911 : 09;
    2912 : 08;
    2913 : 09;
    2914 : 09;
    2915 : 08;
    2916 : 08;
    2917 : 08;
    2918 : 08;
    2919 : 08;
    291A : 08;
    291B : 08;
    291C : 08;
    291D : 08;
    291E : 07;
    291F : 07;
    2920 : 07;
    2921 : 07;
    2922 : 07;
    2923 : 08;
    2924 : 08;
    2925 : 07;
    2926 : 07;
    2927 : 07;
    2928 : 07;
    2929 : 07;
    292A : 05;
    292B : 07;
    292C : 07;
    292D : 06;
    292E : 06;
    292F : 06;
    2930 : 06;
    2931 : 06;
    2932 : 07;
    2933 : 07;
    2934 : 07;
    2935 : 07;
    2936 : 07;
    2937 : 07;
    2938 : 07;
    2939 : 06;
    293A : 06;
    293B : 03;
    293C : 02;
    293D : 04;
    293E : 03;
    293F : 02;
    2940 : 0D;
    2941 : 0D;
    2942 : 0D;
    2943 : 0D;
    2944 : 0D;
    2945 : 0D;
    2946 : 0D;
    2947 : 0D;
    2948 : 0D;
    2949 : 0D;
    294A : 0D;
    294B : 0D;
    294C : 0D;
    294D : 0D;
    294E : 0D;
    294F : 0D;
    2950 : 0C;
    2951 : 0C;
    2952 : 0C;
    2953 : 0C;
    2954 : 0D;
    2955 : 0C;
    2956 : 0C;
    2957 : 0C;
    2958 : 0C;
    2959 : 0C;
    295A : 0C;
    295B : 0C;
    295C : 0C;
    295D : 0C;
    295E : 0C;
    295F : 0C;
    2960 : 0C;
    2961 : 0C;
    2962 : 0C;
    2963 : 0C;
    2964 : 0C;
    2965 : 0C;
    2966 : 0C;
    2967 : 0C;
    2968 : 0C;
    2969 : 0D;
    296A : 0D;
    296B : 0E;
    296C : 0D;
    296D : 0D;
    296E : 0D;
    296F : 0D;
    2970 : 0B;
    2971 : 0C;
    2972 : 0E;
    2973 : 0D;
    2974 : 0C;
    2975 : 0B;
    2976 : 0A;
    2977 : 09;
    2978 : 08;
    2979 : 07;
    297A : 07;
    297B : 07;
    297C : 07;
    297D : 08;
    297E : 08;
    297F : 07;
    2980 : 07;
    2981 : 07;
    2982 : 07;
    2983 : 08;
    2984 : 08;
    2985 : 08;
    2986 : 09;
    2987 : 09;
    2988 : 09;
    2989 : 09;
    298A : 09;
    298B : 09;
    298C : 07;
    298D : 09;
    298E : 0A;
    298F : 0A;
    2990 : 0A;
    2991 : 0A;
    2992 : 0A;
    2993 : 0B;
    2994 : 0B;
    2995 : 0B;
    2996 : 0B;
    2997 : 0B;
    2998 : 0B;
    2999 : 0B;
    299A : 0B;
    299B : 0B;
    299C : 0B;
    299D : 0B;
    299E : 0B;
    299F : 0A;
    29A0 : 0A;
    29A1 : 0A;
    29A2 : 0A;
    29A3 : 0A;
    29A4 : 0A;
    29A5 : 09;
    29A6 : 09;
    29A7 : 08;
    29A8 : 08;
    29A9 : 09;
    29AA : 09;
    29AB : 09;
    29AC : 08;
    29AD : 08;
    29AE : 09;
    29AF : 09;
    29B0 : 09;
    29B1 : 09;
    29B2 : 09;
    29B3 : 09;
    29B4 : 09;
    29B5 : 08;
    29B6 : 08;
    29B7 : 09;
    29B8 : 08;
    29B9 : 08;
    29BA : 08;
    29BB : 08;
    29BC : 08;
    29BD : 08;
    29BE : 08;
    29BF : 07;
    29C0 : 07;
    29C1 : 07;
    29C2 : 07;
    29C3 : 07;
    29C4 : 08;
    29C5 : 07;
    29C6 : 07;
    29C7 : 07;
    29C8 : 07;
    29C9 : 07;
    29CA : 05;
    29CB : 06;
    29CC : 07;
    29CD : 06;
    29CE : 07;
    29CF : 07;
    29D0 : 07;
    29D1 : 07;
    29D2 : 07;
    29D3 : 07;
    29D4 : 07;
    29D5 : 07;
    29D6 : 07;
    29D7 : 07;
    29D8 : 06;
    29D9 : 05;
    29DA : 04;
    29DB : 02;
    29DC : 04;
    29DD : 05;
    29DE : 05;
    29DF : 04;
    29E0 : 0D;
    29E1 : 0D;
    29E2 : 0D;
    29E3 : 0D;
    29E4 : 0D;
    29E5 : 0D;
    29E6 : 0D;
    29E7 : 0D;
    29E8 : 0D;
    29E9 : 0D;
    29EA : 0D;
    29EB : 0D;
    29EC : 0D;
    29ED : 0D;
    29EE : 0D;
    29EF : 0D;
    29F0 : 0C;
    29F1 : 0C;
    29F2 : 0D;
    29F3 : 0C;
    29F4 : 0D;
    29F5 : 0D;
    29F6 : 0C;
    29F7 : 0C;
    29F8 : 0C;
    29F9 : 0C;
    29FA : 0C;
    29FB : 0C;
    29FC : 0C;
    29FD : 0C;
    29FE : 0C;
    29FF : 0C;
    2A00 : 0C;
    2A01 : 0C;
    2A02 : 0C;
    2A03 : 0C;
    2A04 : 0C;
    2A05 : 0C;
    2A06 : 0C;
    2A07 : 0C;
    2A08 : 0C;
    2A09 : 0E;
    2A0A : 0D;
    2A0B : 0D;
    2A0C : 0D;
    2A0D : 0D;
    2A0E : 0D;
    2A0F : 0D;
    2A10 : 0D;
    2A11 : 0D;
    2A12 : 0E;
    2A13 : 0B;
    2A14 : 09;
    2A15 : 09;
    2A16 : 08;
    2A17 : 07;
    2A18 : 07;
    2A19 : 08;
    2A1A : 08;
    2A1B : 08;
    2A1C : 08;
    2A1D : 08;
    2A1E : 07;
    2A1F : 08;
    2A20 : 08;
    2A21 : 09;
    2A22 : 08;
    2A23 : 07;
    2A24 : 07;
    2A25 : 06;
    2A26 : 06;
    2A27 : 07;
    2A28 : 07;
    2A29 : 07;
    2A2A : 06;
    2A2B : 07;
    2A2C : 06;
    2A2D : 09;
    2A2E : 0B;
    2A2F : 0B;
    2A30 : 0A;
    2A31 : 0A;
    2A32 : 0A;
    2A33 : 0B;
    2A34 : 0B;
    2A35 : 0B;
    2A36 : 0B;
    2A37 : 0B;
    2A38 : 0B;
    2A39 : 0A;
    2A3A : 0B;
    2A3B : 0A;
    2A3C : 0A;
    2A3D : 0B;
    2A3E : 0A;
    2A3F : 0A;
    2A40 : 0A;
    2A41 : 0A;
    2A42 : 0A;
    2A43 : 09;
    2A44 : 09;
    2A45 : 09;
    2A46 : 09;
    2A47 : 09;
    2A48 : 09;
    2A49 : 09;
    2A4A : 09;
    2A4B : 09;
    2A4C : 08;
    2A4D : 09;
    2A4E : 09;
    2A4F : 09;
    2A50 : 09;
    2A51 : 09;
    2A52 : 08;
    2A53 : 09;
    2A54 : 09;
    2A55 : 08;
    2A56 : 08;
    2A57 : 09;
    2A58 : 08;
    2A59 : 08;
    2A5A : 08;
    2A5B : 08;
    2A5C : 08;
    2A5D : 08;
    2A5E : 08;
    2A5F : 07;
    2A60 : 07;
    2A61 : 07;
    2A62 : 07;
    2A63 : 07;
    2A64 : 08;
    2A65 : 07;
    2A66 : 07;
    2A67 : 07;
    2A68 : 07;
    2A69 : 07;
    2A6A : 05;
    2A6B : 06;
    2A6C : 06;
    2A6D : 06;
    2A6E : 07;
    2A6F : 07;
    2A70 : 07;
    2A71 : 07;
    2A72 : 07;
    2A73 : 07;
    2A74 : 07;
    2A75 : 07;
    2A76 : 06;
    2A77 : 05;
    2A78 : 05;
    2A79 : 05;
    2A7A : 02;
    2A7B : 01;
    2A7C : 04;
    2A7D : 05;
    2A7E : 05;
    2A7F : 03;
    2A80 : 0D;
    2A81 : 0D;
    2A82 : 0D;
    2A83 : 0D;
    2A84 : 0D;
    2A85 : 0D;
    2A86 : 0D;
    2A87 : 0D;
    2A88 : 0D;
    2A89 : 0D;
    2A8A : 0D;
    2A8B : 0D;
    2A8C : 0D;
    2A8D : 0D;
    2A8E : 0D;
    2A8F : 0D;
    2A90 : 0D;
    2A91 : 0D;
    2A92 : 0D;
    2A93 : 0C;
    2A94 : 0C;
    2A95 : 0C;
    2A96 : 0C;
    2A97 : 0C;
    2A98 : 0C;
    2A99 : 0C;
    2A9A : 0C;
    2A9B : 0C;
    2A9C : 0C;
    2A9D : 0C;
    2A9E : 0C;
    2A9F : 0C;
    2AA0 : 0C;
    2AA1 : 0C;
    2AA2 : 0C;
    2AA3 : 0C;
    2AA4 : 0C;
    2AA5 : 0C;
    2AA6 : 0C;
    2AA7 : 0C;
    2AA8 : 0C;
    2AA9 : 0D;
    2AAA : 0D;
    2AAB : 0D;
    2AAC : 0D;
    2AAD : 0D;
    2AAE : 0D;
    2AAF : 0D;
    2AB0 : 0D;
    2AB1 : 0D;
    2AB2 : 0D;
    2AB3 : 0D;
    2AB4 : 05;
    2AB5 : 07;
    2AB6 : 07;
    2AB7 : 07;
    2AB8 : 06;
    2AB9 : 07;
    2ABA : 07;
    2ABB : 08;
    2ABC : 08;
    2ABD : 07;
    2ABE : 08;
    2ABF : 09;
    2AC0 : 06;
    2AC1 : 04;
    2AC2 : 03;
    2AC3 : 04;
    2AC4 : 03;
    2AC5 : 01;
    2AC6 : 03;
    2AC7 : 03;
    2AC8 : 05;
    2AC9 : 07;
    2ACA : 07;
    2ACB : 08;
    2ACC : 06;
    2ACD : 09;
    2ACE : 0B;
    2ACF : 0B;
    2AD0 : 0B;
    2AD1 : 0B;
    2AD2 : 0B;
    2AD3 : 0B;
    2AD4 : 0B;
    2AD5 : 0B;
    2AD6 : 0A;
    2AD7 : 0A;
    2AD8 : 0B;
    2AD9 : 0B;
    2ADA : 0B;
    2ADB : 0B;
    2ADC : 0A;
    2ADD : 0B;
    2ADE : 0B;
    2ADF : 0B;
    2AE0 : 0A;
    2AE1 : 0A;
    2AE2 : 0A;
    2AE3 : 0A;
    2AE4 : 09;
    2AE5 : 09;
    2AE6 : 09;
    2AE7 : 09;
    2AE8 : 09;
    2AE9 : 09;
    2AEA : 09;
    2AEB : 09;
    2AEC : 09;
    2AED : 09;
    2AEE : 09;
    2AEF : 09;
    2AF0 : 09;
    2AF1 : 08;
    2AF2 : 07;
    2AF3 : 09;
    2AF4 : 08;
    2AF5 : 08;
    2AF6 : 08;
    2AF7 : 08;
    2AF8 : 08;
    2AF9 : 08;
    2AFA : 08;
    2AFB : 08;
    2AFC : 08;
    2AFD : 08;
    2AFE : 08;
    2AFF : 07;
    2B00 : 07;
    2B01 : 07;
    2B02 : 07;
    2B03 : 07;
    2B04 : 08;
    2B05 : 07;
    2B06 : 07;
    2B07 : 07;
    2B08 : 07;
    2B09 : 08;
    2B0A : 05;
    2B0B : 06;
    2B0C : 05;
    2B0D : 05;
    2B0E : 06;
    2B0F : 07;
    2B10 : 07;
    2B11 : 06;
    2B12 : 07;
    2B13 : 06;
    2B14 : 07;
    2B15 : 05;
    2B16 : 03;
    2B17 : 04;
    2B18 : 05;
    2B19 : 05;
    2B1A : 03;
    2B1B : 02;
    2B1C : 04;
    2B1D : 04;
    2B1E : 05;
    2B1F : 04;
    2B20 : 0D;
    2B21 : 0D;
    2B22 : 0D;
    2B23 : 0D;
    2B24 : 0D;
    2B25 : 0D;
    2B26 : 0D;
    2B27 : 0D;
    2B28 : 0D;
    2B29 : 0D;
    2B2A : 0D;
    2B2B : 0D;
    2B2C : 0D;
    2B2D : 0D;
    2B2E : 0D;
    2B2F : 0D;
    2B30 : 0D;
    2B31 : 0C;
    2B32 : 0C;
    2B33 : 0C;
    2B34 : 0C;
    2B35 : 0C;
    2B36 : 0C;
    2B37 : 0C;
    2B38 : 0C;
    2B39 : 0C;
    2B3A : 0C;
    2B3B : 0C;
    2B3C : 0C;
    2B3D : 0C;
    2B3E : 0C;
    2B3F : 0C;
    2B40 : 0C;
    2B41 : 0C;
    2B42 : 0C;
    2B43 : 0C;
    2B44 : 0C;
    2B45 : 0C;
    2B46 : 0C;
    2B47 : 0C;
    2B48 : 0C;
    2B49 : 0D;
    2B4A : 0D;
    2B4B : 0D;
    2B4C : 0D;
    2B4D : 0D;
    2B4E : 0D;
    2B4F : 0D;
    2B50 : 0D;
    2B51 : 0D;
    2B52 : 0D;
    2B53 : 0D;
    2B54 : 0A;
    2B55 : 05;
    2B56 : 06;
    2B57 : 07;
    2B58 : 07;
    2B59 : 07;
    2B5A : 07;
    2B5B : 08;
    2B5C : 08;
    2B5D : 08;
    2B5E : 09;
    2B5F : 03;
    2B60 : 00;
    2B61 : 00;
    2B62 : 02;
    2B63 : 03;
    2B64 : 02;
    2B65 : 02;
    2B66 : 04;
    2B67 : 02;
    2B68 : 02;
    2B69 : 06;
    2B6A : 08;
    2B6B : 08;
    2B6C : 05;
    2B6D : 08;
    2B6E : 0B;
    2B6F : 0B;
    2B70 : 0B;
    2B71 : 0B;
    2B72 : 0B;
    2B73 : 0B;
    2B74 : 0B;
    2B75 : 0B;
    2B76 : 0A;
    2B77 : 0B;
    2B78 : 0B;
    2B79 : 0B;
    2B7A : 0B;
    2B7B : 0B;
    2B7C : 0A;
    2B7D : 0B;
    2B7E : 0A;
    2B7F : 0A;
    2B80 : 0A;
    2B81 : 0A;
    2B82 : 0A;
    2B83 : 09;
    2B84 : 09;
    2B85 : 09;
    2B86 : 09;
    2B87 : 09;
    2B88 : 09;
    2B89 : 09;
    2B8A : 09;
    2B8B : 09;
    2B8C : 09;
    2B8D : 09;
    2B8E : 09;
    2B8F : 09;
    2B90 : 09;
    2B91 : 08;
    2B92 : 08;
    2B93 : 09;
    2B94 : 09;
    2B95 : 09;
    2B96 : 08;
    2B97 : 09;
    2B98 : 08;
    2B99 : 08;
    2B9A : 08;
    2B9B : 08;
    2B9C : 09;
    2B9D : 08;
    2B9E : 07;
    2B9F : 07;
    2BA0 : 08;
    2BA1 : 08;
    2BA2 : 07;
    2BA3 : 07;
    2BA4 : 07;
    2BA5 : 07;
    2BA6 : 07;
    2BA7 : 07;
    2BA8 : 07;
    2BA9 : 08;
    2BAA : 06;
    2BAB : 05;
    2BAC : 06;
    2BAD : 06;
    2BAE : 06;
    2BAF : 06;
    2BB0 : 06;
    2BB1 : 07;
    2BB2 : 07;
    2BB3 : 06;
    2BB4 : 04;
    2BB5 : 03;
    2BB6 : 04;
    2BB7 : 04;
    2BB8 : 04;
    2BB9 : 03;
    2BBA : 01;
    2BBB : 03;
    2BBC : 05;
    2BBD : 05;
    2BBE : 06;
    2BBF : 05;
    2BC0 : 0D;
    2BC1 : 0D;
    2BC2 : 0D;
    2BC3 : 0D;
    2BC4 : 0D;
    2BC5 : 0D;
    2BC6 : 0D;
    2BC7 : 0D;
    2BC8 : 0D;
    2BC9 : 0D;
    2BCA : 0D;
    2BCB : 0D;
    2BCC : 0D;
    2BCD : 0D;
    2BCE : 0D;
    2BCF : 0D;
    2BD0 : 0C;
    2BD1 : 0C;
    2BD2 : 0D;
    2BD3 : 0D;
    2BD4 : 0C;
    2BD5 : 0C;
    2BD6 : 0C;
    2BD7 : 0C;
    2BD8 : 0C;
    2BD9 : 0C;
    2BDA : 0C;
    2BDB : 0C;
    2BDC : 0C;
    2BDD : 0C;
    2BDE : 0C;
    2BDF : 0C;
    2BE0 : 0C;
    2BE1 : 0C;
    2BE2 : 0C;
    2BE3 : 0C;
    2BE4 : 0C;
    2BE5 : 0C;
    2BE6 : 0C;
    2BE7 : 0C;
    2BE8 : 0C;
    2BE9 : 0C;
    2BEA : 0D;
    2BEB : 0D;
    2BEC : 0D;
    2BED : 0D;
    2BEE : 0D;
    2BEF : 0D;
    2BF0 : 0D;
    2BF1 : 0D;
    2BF2 : 0D;
    2BF3 : 0D;
    2BF4 : 0D;
    2BF5 : 09;
    2BF6 : 06;
    2BF7 : 07;
    2BF8 : 07;
    2BF9 : 07;
    2BFA : 07;
    2BFB : 08;
    2BFC : 09;
    2BFD : 09;
    2BFE : 07;
    2BFF : 00;
    2C00 : 02;
    2C01 : 05;
    2C02 : 05;
    2C03 : 02;
    2C04 : 01;
    2C05 : 01;
    2C06 : 01;
    2C07 : 00;
    2C08 : 03;
    2C09 : 08;
    2C0A : 08;
    2C0B : 07;
    2C0C : 04;
    2C0D : 07;
    2C0E : 0A;
    2C0F : 0B;
    2C10 : 0C;
    2C11 : 0C;
    2C12 : 0B;
    2C13 : 0B;
    2C14 : 0B;
    2C15 : 0B;
    2C16 : 0B;
    2C17 : 0B;
    2C18 : 0B;
    2C19 : 0B;
    2C1A : 0A;
    2C1B : 0B;
    2C1C : 0A;
    2C1D : 0B;
    2C1E : 0A;
    2C1F : 0A;
    2C20 : 0A;
    2C21 : 0A;
    2C22 : 09;
    2C23 : 09;
    2C24 : 09;
    2C25 : 09;
    2C26 : 09;
    2C27 : 08;
    2C28 : 09;
    2C29 : 09;
    2C2A : 09;
    2C2B : 09;
    2C2C : 09;
    2C2D : 09;
    2C2E : 09;
    2C2F : 09;
    2C30 : 09;
    2C31 : 09;
    2C32 : 09;
    2C33 : 09;
    2C34 : 09;
    2C35 : 09;
    2C36 : 09;
    2C37 : 09;
    2C38 : 08;
    2C39 : 08;
    2C3A : 09;
    2C3B : 08;
    2C3C : 08;
    2C3D : 08;
    2C3E : 08;
    2C3F : 07;
    2C40 : 07;
    2C41 : 08;
    2C42 : 07;
    2C43 : 07;
    2C44 : 07;
    2C45 : 07;
    2C46 : 08;
    2C47 : 07;
    2C48 : 07;
    2C49 : 08;
    2C4A : 07;
    2C4B : 05;
    2C4C : 05;
    2C4D : 06;
    2C4E : 06;
    2C4F : 06;
    2C50 : 06;
    2C51 : 06;
    2C52 : 05;
    2C53 : 04;
    2C54 : 04;
    2C55 : 04;
    2C56 : 01;
    2C57 : 01;
    2C58 : 02;
    2C59 : 03;
    2C5A : 03;
    2C5B : 03;
    2C5C : 06;
    2C5D : 06;
    2C5E : 06;
    2C5F : 01;
    2C60 : 0D;
    2C61 : 0D;
    2C62 : 0D;
    2C63 : 0D;
    2C64 : 0D;
    2C65 : 0D;
    2C66 : 0D;
    2C67 : 0D;
    2C68 : 0D;
    2C69 : 0D;
    2C6A : 0D;
    2C6B : 0D;
    2C6C : 0D;
    2C6D : 0D;
    2C6E : 0D;
    2C6F : 0D;
    2C70 : 0D;
    2C71 : 0D;
    2C72 : 0D;
    2C73 : 0D;
    2C74 : 0C;
    2C75 : 0C;
    2C76 : 0C;
    2C77 : 0C;
    2C78 : 0C;
    2C79 : 0C;
    2C7A : 0C;
    2C7B : 0C;
    2C7C : 0C;
    2C7D : 0C;
    2C7E : 0C;
    2C7F : 0C;
    2C80 : 0C;
    2C81 : 0C;
    2C82 : 0C;
    2C83 : 0C;
    2C84 : 0C;
    2C85 : 0C;
    2C86 : 0C;
    2C87 : 0C;
    2C88 : 0C;
    2C89 : 0C;
    2C8A : 0C;
    2C8B : 0C;
    2C8C : 0C;
    2C8D : 0D;
    2C8E : 0D;
    2C8F : 0D;
    2C90 : 0D;
    2C91 : 0D;
    2C92 : 0D;
    2C93 : 0D;
    2C94 : 0C;
    2C95 : 0B;
    2C96 : 06;
    2C97 : 06;
    2C98 : 07;
    2C99 : 07;
    2C9A : 08;
    2C9B : 08;
    2C9C : 08;
    2C9D : 08;
    2C9E : 07;
    2C9F : 05;
    2CA0 : 06;
    2CA1 : 06;
    2CA2 : 06;
    2CA3 : 06;
    2CA4 : 04;
    2CA5 : 01;
    2CA6 : 01;
    2CA7 : 04;
    2CA8 : 07;
    2CA9 : 08;
    2CAA : 07;
    2CAB : 05;
    2CAC : 04;
    2CAD : 07;
    2CAE : 0A;
    2CAF : 0B;
    2CB0 : 0B;
    2CB1 : 0B;
    2CB2 : 0B;
    2CB3 : 0B;
    2CB4 : 0C;
    2CB5 : 0B;
    2CB6 : 0B;
    2CB7 : 0B;
    2CB8 : 0B;
    2CB9 : 0B;
    2CBA : 0A;
    2CBB : 0B;
    2CBC : 0B;
    2CBD : 0B;
    2CBE : 0B;
    2CBF : 0A;
    2CC0 : 0A;
    2CC1 : 0A;
    2CC2 : 0A;
    2CC3 : 09;
    2CC4 : 09;
    2CC5 : 09;
    2CC6 : 09;
    2CC7 : 09;
    2CC8 : 09;
    2CC9 : 09;
    2CCA : 09;
    2CCB : 09;
    2CCC : 09;
    2CCD : 09;
    2CCE : 09;
    2CCF : 09;
    2CD0 : 09;
    2CD1 : 09;
    2CD2 : 09;
    2CD3 : 09;
    2CD4 : 08;
    2CD5 : 08;
    2CD6 : 09;
    2CD7 : 09;
    2CD8 : 08;
    2CD9 : 08;
    2CDA : 08;
    2CDB : 08;
    2CDC : 08;
    2CDD : 08;
    2CDE : 08;
    2CDF : 08;
    2CE0 : 08;
    2CE1 : 08;
    2CE2 : 07;
    2CE3 : 07;
    2CE4 : 08;
    2CE5 : 07;
    2CE6 : 08;
    2CE7 : 07;
    2CE8 : 07;
    2CE9 : 07;
    2CEA : 07;
    2CEB : 06;
    2CEC : 04;
    2CED : 05;
    2CEE : 06;
    2CEF : 06;
    2CF0 : 05;
    2CF1 : 05;
    2CF2 : 05;
    2CF3 : 04;
    2CF4 : 02;
    2CF5 : 01;
    2CF6 : 04;
    2CF7 : 05;
    2CF8 : 06;
    2CF9 : 06;
    2CFA : 06;
    2CFB : 06;
    2CFC : 05;
    2CFD : 06;
    2CFE : 06;
    2CFF : 01;
    2D00 : 0D;
    2D01 : 0D;
    2D02 : 0D;
    2D03 : 0D;
    2D04 : 0D;
    2D05 : 0D;
    2D06 : 0D;
    2D07 : 0D;
    2D08 : 0D;
    2D09 : 0D;
    2D0A : 0D;
    2D0B : 0D;
    2D0C : 0D;
    2D0D : 0D;
    2D0E : 0D;
    2D0F : 0D;
    2D10 : 0D;
    2D11 : 0D;
    2D12 : 0D;
    2D13 : 0D;
    2D14 : 0D;
    2D15 : 0D;
    2D16 : 0D;
    2D17 : 0C;
    2D18 : 0C;
    2D19 : 0C;
    2D1A : 0D;
    2D1B : 0D;
    2D1C : 0C;
    2D1D : 0C;
    2D1E : 0C;
    2D1F : 0C;
    2D20 : 0C;
    2D21 : 0C;
    2D22 : 0C;
    2D23 : 0C;
    2D24 : 0C;
    2D25 : 0C;
    2D26 : 0C;
    2D27 : 0C;
    2D28 : 0C;
    2D29 : 0C;
    2D2A : 0C;
    2D2B : 0C;
    2D2C : 0C;
    2D2D : 0D;
    2D2E : 0D;
    2D2F : 0D;
    2D30 : 0D;
    2D31 : 0D;
    2D32 : 0C;
    2D33 : 0D;
    2D34 : 0C;
    2D35 : 0C;
    2D36 : 07;
    2D37 : 06;
    2D38 : 05;
    2D39 : 07;
    2D3A : 08;
    2D3B : 08;
    2D3C : 08;
    2D3D : 08;
    2D3E : 08;
    2D3F : 08;
    2D40 : 07;
    2D41 : 07;
    2D42 : 07;
    2D43 : 07;
    2D44 : 07;
    2D45 : 07;
    2D46 : 07;
    2D47 : 08;
    2D48 : 08;
    2D49 : 08;
    2D4A : 05;
    2D4B : 04;
    2D4C : 05;
    2D4D : 07;
    2D4E : 0A;
    2D4F : 0B;
    2D50 : 0B;
    2D51 : 0B;
    2D52 : 0C;
    2D53 : 0C;
    2D54 : 0C;
    2D55 : 0C;
    2D56 : 0C;
    2D57 : 0C;
    2D58 : 0C;
    2D59 : 0C;
    2D5A : 0B;
    2D5B : 0B;
    2D5C : 0A;
    2D5D : 0B;
    2D5E : 0A;
    2D5F : 0A;
    2D60 : 0A;
    2D61 : 0A;
    2D62 : 09;
    2D63 : 09;
    2D64 : 09;
    2D65 : 09;
    2D66 : 09;
    2D67 : 09;
    2D68 : 09;
    2D69 : 09;
    2D6A : 09;
    2D6B : 09;
    2D6C : 09;
    2D6D : 09;
    2D6E : 09;
    2D6F : 09;
    2D70 : 09;
    2D71 : 09;
    2D72 : 09;
    2D73 : 09;
    2D74 : 09;
    2D75 : 09;
    2D76 : 09;
    2D77 : 09;
    2D78 : 09;
    2D79 : 08;
    2D7A : 08;
    2D7B : 08;
    2D7C : 08;
    2D7D : 08;
    2D7E : 08;
    2D7F : 08;
    2D80 : 08;
    2D81 : 08;
    2D82 : 08;
    2D83 : 07;
    2D84 : 08;
    2D85 : 08;
    2D86 : 08;
    2D87 : 07;
    2D88 : 07;
    2D89 : 07;
    2D8A : 07;
    2D8B : 07;
    2D8C : 05;
    2D8D : 06;
    2D8E : 06;
    2D8F : 06;
    2D90 : 05;
    2D91 : 05;
    2D92 : 05;
    2D93 : 01;
    2D94 : 01;
    2D95 : 06;
    2D96 : 07;
    2D97 : 07;
    2D98 : 06;
    2D99 : 06;
    2D9A : 06;
    2D9B : 06;
    2D9C : 05;
    2D9D : 07;
    2D9E : 06;
    2D9F : 00;
    2DA0 : 0D;
    2DA1 : 0D;
    2DA2 : 0D;
    2DA3 : 0D;
    2DA4 : 0D;
    2DA5 : 0D;
    2DA6 : 0D;
    2DA7 : 0D;
    2DA8 : 0D;
    2DA9 : 0D;
    2DAA : 0D;
    2DAB : 0D;
    2DAC : 0D;
    2DAD : 0D;
    2DAE : 0D;
    2DAF : 0D;
    2DB0 : 0D;
    2DB1 : 0D;
    2DB2 : 0D;
    2DB3 : 0D;
    2DB4 : 0D;
    2DB5 : 0D;
    2DB6 : 0D;
    2DB7 : 0D;
    2DB8 : 0D;
    2DB9 : 0D;
    2DBA : 0C;
    2DBB : 0C;
    2DBC : 0C;
    2DBD : 0C;
    2DBE : 0C;
    2DBF : 0C;
    2DC0 : 0C;
    2DC1 : 0C;
    2DC2 : 0C;
    2DC3 : 0C;
    2DC4 : 0C;
    2DC5 : 0C;
    2DC6 : 0C;
    2DC7 : 0C;
    2DC8 : 0C;
    2DC9 : 0B;
    2DCA : 0B;
    2DCB : 0C;
    2DCC : 0C;
    2DCD : 0D;
    2DCE : 0D;
    2DCF : 0D;
    2DD0 : 0D;
    2DD1 : 0D;
    2DD2 : 0C;
    2DD3 : 0C;
    2DD4 : 0C;
    2DD5 : 0B;
    2DD6 : 0A;
    2DD7 : 07;
    2DD8 : 05;
    2DD9 : 02;
    2DDA : 03;
    2DDB : 06;
    2DDC : 07;
    2DDD : 07;
    2DDE : 07;
    2DDF : 07;
    2DE0 : 07;
    2DE1 : 07;
    2DE2 : 07;
    2DE3 : 07;
    2DE4 : 07;
    2DE5 : 07;
    2DE6 : 07;
    2DE7 : 07;
    2DE8 : 07;
    2DE9 : 06;
    2DEA : 05;
    2DEB : 05;
    2DEC : 06;
    2DED : 08;
    2DEE : 0A;
    2DEF : 0B;
    2DF0 : 0C;
    2DF1 : 0C;
    2DF2 : 0C;
    2DF3 : 0B;
    2DF4 : 0C;
    2DF5 : 0C;
    2DF6 : 0C;
    2DF7 : 0C;
    2DF8 : 0C;
    2DF9 : 0C;
    2DFA : 0B;
    2DFB : 0B;
    2DFC : 0B;
    2DFD : 0B;
    2DFE : 0B;
    2DFF : 0A;
    2E00 : 0A;
    2E01 : 09;
    2E02 : 09;
    2E03 : 09;
    2E04 : 09;
    2E05 : 09;
    2E06 : 09;
    2E07 : 09;
    2E08 : 09;
    2E09 : 09;
    2E0A : 09;
    2E0B : 09;
    2E0C : 09;
    2E0D : 09;
    2E0E : 09;
    2E0F : 09;
    2E10 : 09;
    2E11 : 09;
    2E12 : 09;
    2E13 : 09;
    2E14 : 09;
    2E15 : 09;
    2E16 : 09;
    2E17 : 09;
    2E18 : 09;
    2E19 : 09;
    2E1A : 09;
    2E1B : 08;
    2E1C : 08;
    2E1D : 09;
    2E1E : 08;
    2E1F : 08;
    2E20 : 09;
    2E21 : 09;
    2E22 : 08;
    2E23 : 08;
    2E24 : 07;
    2E25 : 07;
    2E26 : 08;
    2E27 : 07;
    2E28 : 07;
    2E29 : 07;
    2E2A : 07;
    2E2B : 07;
    2E2C : 06;
    2E2D : 07;
    2E2E : 07;
    2E2F : 06;
    2E30 : 05;
    2E31 : 05;
    2E32 : 02;
    2E33 : 03;
    2E34 : 06;
    2E35 : 06;
    2E36 : 05;
    2E37 : 05;
    2E38 : 05;
    2E39 : 05;
    2E3A : 05;
    2E3B : 05;
    2E3C : 05;
    2E3D : 06;
    2E3E : 07;
    2E3F : 01;
    2E40 : 0D;
    2E41 : 0D;
    2E42 : 0D;
    2E43 : 0D;
    2E44 : 0D;
    2E45 : 0D;
    2E46 : 0D;
    2E47 : 0D;
    2E48 : 0D;
    2E49 : 0D;
    2E4A : 0D;
    2E4B : 0D;
    2E4C : 0D;
    2E4D : 0D;
    2E4E : 0D;
    2E4F : 0D;
    2E50 : 0D;
    2E51 : 0D;
    2E52 : 0D;
    2E53 : 0D;
    2E54 : 0D;
    2E55 : 0D;
    2E56 : 0D;
    2E57 : 0D;
    2E58 : 0D;
    2E59 : 0D;
    2E5A : 0C;
    2E5B : 0C;
    2E5C : 0C;
    2E5D : 0C;
    2E5E : 0C;
    2E5F : 0C;
    2E60 : 0C;
    2E61 : 0C;
    2E62 : 0C;
    2E63 : 0C;
    2E64 : 0C;
    2E65 : 0C;
    2E66 : 0C;
    2E67 : 0C;
    2E68 : 0C;
    2E69 : 0B;
    2E6A : 0B;
    2E6B : 0C;
    2E6C : 0C;
    2E6D : 0C;
    2E6E : 0D;
    2E6F : 0D;
    2E70 : 0C;
    2E71 : 0C;
    2E72 : 0C;
    2E73 : 0C;
    2E74 : 0C;
    2E75 : 0B;
    2E76 : 0B;
    2E77 : 09;
    2E78 : 06;
    2E79 : 04;
    2E7A : 01;
    2E7B : 00;
    2E7C : 04;
    2E7D : 07;
    2E7E : 06;
    2E7F : 07;
    2E80 : 07;
    2E81 : 07;
    2E82 : 06;
    2E83 : 06;
    2E84 : 05;
    2E85 : 06;
    2E86 : 06;
    2E87 : 06;
    2E88 : 06;
    2E89 : 06;
    2E8A : 06;
    2E8B : 06;
    2E8C : 07;
    2E8D : 09;
    2E8E : 0A;
    2E8F : 0B;
    2E90 : 0C;
    2E91 : 0C;
    2E92 : 0C;
    2E93 : 0A;
    2E94 : 0C;
    2E95 : 0D;
    2E96 : 0D;
    2E97 : 0C;
    2E98 : 0C;
    2E99 : 0B;
    2E9A : 0B;
    2E9B : 0B;
    2E9C : 0B;
    2E9D : 0B;
    2E9E : 0B;
    2E9F : 0A;
    2EA0 : 0A;
    2EA1 : 0A;
    2EA2 : 09;
    2EA3 : 09;
    2EA4 : 09;
    2EA5 : 08;
    2EA6 : 09;
    2EA7 : 09;
    2EA8 : 09;
    2EA9 : 09;
    2EAA : 09;
    2EAB : 09;
    2EAC : 09;
    2EAD : 09;
    2EAE : 09;
    2EAF : 09;
    2EB0 : 09;
    2EB1 : 09;
    2EB2 : 09;
    2EB3 : 09;
    2EB4 : 09;
    2EB5 : 09;
    2EB6 : 09;
    2EB7 : 09;
    2EB8 : 09;
    2EB9 : 08;
    2EBA : 09;
    2EBB : 09;
    2EBC : 09;
    2EBD : 09;
    2EBE : 08;
    2EBF : 08;
    2EC0 : 09;
    2EC1 : 09;
    2EC2 : 08;
    2EC3 : 08;
    2EC4 : 08;
    2EC5 : 07;
    2EC6 : 08;
    2EC7 : 08;
    2EC8 : 08;
    2EC9 : 07;
    2ECA : 07;
    2ECB : 07;
    2ECC : 06;
    2ECD : 07;
    2ECE : 07;
    2ECF : 07;
    2ED0 : 05;
    2ED1 : 03;
    2ED2 : 03;
    2ED3 : 06;
    2ED4 : 04;
    2ED5 : 04;
    2ED6 : 04;
    2ED7 : 05;
    2ED8 : 05;
    2ED9 : 05;
    2EDA : 05;
    2EDB : 05;
    2EDC : 06;
    2EDD : 06;
    2EDE : 07;
    2EDF : 04;
    2EE0 : 0D;
    2EE1 : 0D;
    2EE2 : 0D;
    2EE3 : 0D;
    2EE4 : 0D;
    2EE5 : 0D;
    2EE6 : 0D;
    2EE7 : 0D;
    2EE8 : 0D;
    2EE9 : 0D;
    2EEA : 0D;
    2EEB : 0D;
    2EEC : 0D;
    2EED : 0D;
    2EEE : 0D;
    2EEF : 0D;
    2EF0 : 0D;
    2EF1 : 0D;
    2EF2 : 0D;
    2EF3 : 0D;
    2EF4 : 0D;
    2EF5 : 0D;
    2EF6 : 0D;
    2EF7 : 0D;
    2EF8 : 0C;
    2EF9 : 0C;
    2EFA : 0D;
    2EFB : 0C;
    2EFC : 0C;
    2EFD : 0C;
    2EFE : 0C;
    2EFF : 0C;
    2F00 : 0D;
    2F01 : 0C;
    2F02 : 0C;
    2F03 : 0C;
    2F04 : 0C;
    2F05 : 0C;
    2F06 : 0C;
    2F07 : 0C;
    2F08 : 0C;
    2F09 : 0B;
    2F0A : 0B;
    2F0B : 0B;
    2F0C : 0C;
    2F0D : 0C;
    2F0E : 0C;
    2F0F : 0C;
    2F10 : 0C;
    2F11 : 0C;
    2F12 : 0C;
    2F13 : 0C;
    2F14 : 0C;
    2F15 : 0B;
    2F16 : 0B;
    2F17 : 0B;
    2F18 : 0C;
    2F19 : 0A;
    2F1A : 07;
    2F1B : 04;
    2F1C : 06;
    2F1D : 07;
    2F1E : 06;
    2F1F : 06;
    2F20 : 07;
    2F21 : 06;
    2F22 : 05;
    2F23 : 05;
    2F24 : 05;
    2F25 : 06;
    2F26 : 06;
    2F27 : 06;
    2F28 : 06;
    2F29 : 06;
    2F2A : 06;
    2F2B : 07;
    2F2C : 07;
    2F2D : 09;
    2F2E : 0B;
    2F2F : 0B;
    2F30 : 0C;
    2F31 : 0C;
    2F32 : 0C;
    2F33 : 0B;
    2F34 : 0C;
    2F35 : 0D;
    2F36 : 0D;
    2F37 : 0C;
    2F38 : 0C;
    2F39 : 0B;
    2F3A : 0B;
    2F3B : 0B;
    2F3C : 0B;
    2F3D : 0A;
    2F3E : 0B;
    2F3F : 0A;
    2F40 : 0A;
    2F41 : 0A;
    2F42 : 0A;
    2F43 : 09;
    2F44 : 09;
    2F45 : 09;
    2F46 : 09;
    2F47 : 09;
    2F48 : 09;
    2F49 : 09;
    2F4A : 09;
    2F4B : 09;
    2F4C : 09;
    2F4D : 07;
    2F4E : 09;
    2F4F : 09;
    2F50 : 09;
    2F51 : 09;
    2F52 : 09;
    2F53 : 09;
    2F54 : 09;
    2F55 : 09;
    2F56 : 09;
    2F57 : 09;
    2F58 : 09;
    2F59 : 08;
    2F5A : 08;
    2F5B : 08;
    2F5C : 08;
    2F5D : 08;
    2F5E : 08;
    2F5F : 08;
    2F60 : 08;
    2F61 : 09;
    2F62 : 08;
    2F63 : 08;
    2F64 : 08;
    2F65 : 08;
    2F66 : 08;
    2F67 : 08;
    2F68 : 08;
    2F69 : 08;
    2F6A : 07;
    2F6B : 07;
    2F6C : 06;
    2F6D : 07;
    2F6E : 07;
    2F6F : 06;
    2F70 : 05;
    2F71 : 03;
    2F72 : 05;
    2F73 : 03;
    2F74 : 04;
    2F75 : 05;
    2F76 : 05;
    2F77 : 05;
    2F78 : 05;
    2F79 : 05;
    2F7A : 06;
    2F7B : 05;
    2F7C : 05;
    2F7D : 06;
    2F7E : 07;
    2F7F : 02;
    2F80 : 0D;
    2F81 : 0D;
    2F82 : 0D;
    2F83 : 0D;
    2F84 : 0D;
    2F85 : 0D;
    2F86 : 0D;
    2F87 : 0D;
    2F88 : 0D;
    2F89 : 0D;
    2F8A : 0D;
    2F8B : 0D;
    2F8C : 0D;
    2F8D : 0D;
    2F8E : 0D;
    2F8F : 0D;
    2F90 : 0D;
    2F91 : 0D;
    2F92 : 0D;
    2F93 : 0D;
    2F94 : 0D;
    2F95 : 0D;
    2F96 : 0D;
    2F97 : 0D;
    2F98 : 0D;
    2F99 : 0D;
    2F9A : 0D;
    2F9B : 0D;
    2F9C : 0D;
    2F9D : 0D;
    2F9E : 0D;
    2F9F : 0D;
    2FA0 : 0D;
    2FA1 : 0C;
    2FA2 : 0C;
    2FA3 : 0C;
    2FA4 : 0C;
    2FA5 : 0C;
    2FA6 : 0C;
    2FA7 : 0C;
    2FA8 : 0C;
    2FA9 : 0B;
    2FAA : 0A;
    2FAB : 0B;
    2FAC : 0C;
    2FAD : 0C;
    2FAE : 0C;
    2FAF : 0C;
    2FB0 : 0C;
    2FB1 : 0C;
    2FB2 : 0C;
    2FB3 : 0C;
    2FB4 : 0C;
    2FB5 : 0B;
    2FB6 : 0B;
    2FB7 : 0C;
    2FB8 : 0F;
    2FB9 : 0F;
    2FBA : 0F;
    2FBB : 06;
    2FBC : 06;
    2FBD : 07;
    2FBE : 07;
    2FBF : 06;
    2FC0 : 07;
    2FC1 : 06;
    2FC2 : 04;
    2FC3 : 04;
    2FC4 : 05;
    2FC5 : 06;
    2FC6 : 06;
    2FC7 : 06;
    2FC8 : 06;
    2FC9 : 06;
    2FCA : 06;
    2FCB : 07;
    2FCC : 08;
    2FCD : 0A;
    2FCE : 0A;
    2FCF : 0A;
    2FD0 : 0B;
    2FD1 : 0C;
    2FD2 : 0C;
    2FD3 : 0C;
    2FD4 : 0B;
    2FD5 : 0C;
    2FD6 : 0C;
    2FD7 : 0C;
    2FD8 : 0C;
    2FD9 : 0B;
    2FDA : 0B;
    2FDB : 0B;
    2FDC : 0B;
    2FDD : 0B;
    2FDE : 0B;
    2FDF : 0A;
    2FE0 : 0A;
    2FE1 : 0A;
    2FE2 : 09;
    2FE3 : 09;
    2FE4 : 09;
    2FE5 : 09;
    2FE6 : 08;
    2FE7 : 08;
    2FE8 : 09;
    2FE9 : 09;
    2FEA : 09;
    2FEB : 09;
    2FEC : 09;
    2FED : 08;
    2FEE : 09;
    2FEF : 09;
    2FF0 : 09;
    2FF1 : 09;
    2FF2 : 09;
    2FF3 : 09;
    2FF4 : 09;
    2FF5 : 09;
    2FF6 : 09;
    2FF7 : 09;
    2FF8 : 09;
    2FF9 : 09;
    2FFA : 09;
    2FFB : 09;
    2FFC : 08;
    2FFD : 08;
    2FFE : 08;
    2FFF : 08;
    3000 : 09;
    3001 : 09;
    3002 : 08;
    3003 : 08;
    3004 : 08;
    3005 : 08;
    3006 : 08;
    3007 : 08;
    3008 : 08;
    3009 : 07;
    300A : 07;
    300B : 07;
    300C : 06;
    300D : 07;
    300E : 07;
    300F : 06;
    3010 : 02;
    3011 : 03;
    3012 : 04;
    3013 : 05;
    3014 : 04;
    3015 : 05;
    3016 : 05;
    3017 : 05;
    3018 : 05;
    3019 : 05;
    301A : 06;
    301B : 06;
    301C : 05;
    301D : 06;
    301E : 07;
    301F : 04;
    3020 : 0D;
    3021 : 0D;
    3022 : 0D;
    3023 : 0D;
    3024 : 0D;
    3025 : 0D;
    3026 : 0D;
    3027 : 0D;
    3028 : 0D;
    3029 : 0D;
    302A : 0D;
    302B : 0D;
    302C : 0D;
    302D : 0D;
    302E : 0D;
    302F : 0D;
    3030 : 0D;
    3031 : 0D;
    3032 : 0D;
    3033 : 0D;
    3034 : 0D;
    3035 : 0D;
    3036 : 0D;
    3037 : 0D;
    3038 : 0D;
    3039 : 0D;
    303A : 0D;
    303B : 0D;
    303C : 0D;
    303D : 0D;
    303E : 0D;
    303F : 0D;
    3040 : 0C;
    3041 : 0C;
    3042 : 0C;
    3043 : 0C;
    3044 : 0C;
    3045 : 0C;
    3046 : 0C;
    3047 : 0C;
    3048 : 0C;
    3049 : 0C;
    304A : 09;
    304B : 0B;
    304C : 0B;
    304D : 0C;
    304E : 0C;
    304F : 0C;
    3050 : 0C;
    3051 : 0B;
    3052 : 0B;
    3053 : 0B;
    3054 : 0B;
    3055 : 0B;
    3056 : 0B;
    3057 : 0D;
    3058 : 0E;
    3059 : 0F;
    305A : 0E;
    305B : 07;
    305C : 06;
    305D : 07;
    305E : 06;
    305F : 06;
    3060 : 06;
    3061 : 05;
    3062 : 04;
    3063 : 04;
    3064 : 04;
    3065 : 05;
    3066 : 05;
    3067 : 06;
    3068 : 06;
    3069 : 06;
    306A : 06;
    306B : 07;
    306C : 09;
    306D : 09;
    306E : 0A;
    306F : 0A;
    3070 : 0B;
    3071 : 0C;
    3072 : 0C;
    3073 : 0C;
    3074 : 0B;
    3075 : 0C;
    3076 : 0C;
    3077 : 0C;
    3078 : 0C;
    3079 : 0B;
    307A : 0B;
    307B : 0B;
    307C : 0B;
    307D : 0B;
    307E : 0A;
    307F : 0A;
    3080 : 0A;
    3081 : 0A;
    3082 : 09;
    3083 : 09;
    3084 : 09;
    3085 : 09;
    3086 : 08;
    3087 : 08;
    3088 : 09;
    3089 : 09;
    308A : 09;
    308B : 09;
    308C : 09;
    308D : 09;
    308E : 09;
    308F : 09;
    3090 : 08;
    3091 : 08;
    3092 : 09;
    3093 : 09;
    3094 : 09;
    3095 : 09;
    3096 : 09;
    3097 : 08;
    3098 : 09;
    3099 : 08;
    309A : 09;
    309B : 09;
    309C : 09;
    309D : 08;
    309E : 08;
    309F : 08;
    30A0 : 09;
    30A1 : 08;
    30A2 : 08;
    30A3 : 08;
    30A4 : 08;
    30A5 : 08;
    30A6 : 08;
    30A7 : 08;
    30A8 : 07;
    30A9 : 07;
    30AA : 07;
    30AB : 07;
    30AC : 06;
    30AD : 07;
    30AE : 06;
    30AF : 06;
    30B0 : 02;
    30B1 : 03;
    30B2 : 05;
    30B3 : 05;
    30B4 : 05;
    30B5 : 06;
    30B6 : 06;
    30B7 : 07;
    30B8 : 07;
    30B9 : 06;
    30BA : 06;
    30BB : 06;
    30BC : 06;
    30BD : 06;
    30BE : 07;
    30BF : 05;
    30C0 : 0D;
    30C1 : 0D;
    30C2 : 0D;
    30C3 : 0D;
    30C4 : 0D;
    30C5 : 0D;
    30C6 : 0D;
    30C7 : 0D;
    30C8 : 0D;
    30C9 : 0D;
    30CA : 0D;
    30CB : 0D;
    30CC : 0D;
    30CD : 0D;
    30CE : 0D;
    30CF : 0D;
    30D0 : 0D;
    30D1 : 0D;
    30D2 : 0D;
    30D3 : 0D;
    30D4 : 0D;
    30D5 : 0D;
    30D6 : 0D;
    30D7 : 0D;
    30D8 : 0D;
    30D9 : 0D;
    30DA : 0D;
    30DB : 0D;
    30DC : 0D;
    30DD : 0D;
    30DE : 0D;
    30DF : 0D;
    30E0 : 0C;
    30E1 : 0C;
    30E2 : 0C;
    30E3 : 0C;
    30E4 : 0C;
    30E5 : 0C;
    30E6 : 0C;
    30E7 : 0C;
    30E8 : 0C;
    30E9 : 0D;
    30EA : 09;
    30EB : 0A;
    30EC : 0B;
    30ED : 0B;
    30EE : 0C;
    30EF : 0C;
    30F0 : 0B;
    30F1 : 0B;
    30F2 : 0C;
    30F3 : 0B;
    30F4 : 0B;
    30F5 : 0B;
    30F6 : 0C;
    30F7 : 0D;
    30F8 : 0E;
    30F9 : 0F;
    30FA : 0D;
    30FB : 08;
    30FC : 07;
    30FD : 07;
    30FE : 06;
    30FF : 06;
    3100 : 06;
    3101 : 04;
    3102 : 04;
    3103 : 04;
    3104 : 04;
    3105 : 05;
    3106 : 05;
    3107 : 05;
    3108 : 06;
    3109 : 07;
    310A : 07;
    310B : 08;
    310C : 0A;
    310D : 09;
    310E : 0A;
    310F : 0B;
    3110 : 0B;
    3111 : 0B;
    3112 : 0B;
    3113 : 0C;
    3114 : 0B;
    3115 : 0B;
    3116 : 0C;
    3117 : 0B;
    3118 : 0B;
    3119 : 0B;
    311A : 0B;
    311B : 0B;
    311C : 0A;
    311D : 0A;
    311E : 0A;
    311F : 0A;
    3120 : 0A;
    3121 : 0A;
    3122 : 09;
    3123 : 09;
    3124 : 09;
    3125 : 09;
    3126 : 09;
    3127 : 08;
    3128 : 09;
    3129 : 09;
    312A : 09;
    312B : 09;
    312C : 09;
    312D : 09;
    312E : 09;
    312F : 08;
    3130 : 08;
    3131 : 08;
    3132 : 09;
    3133 : 09;
    3134 : 09;
    3135 : 08;
    3136 : 09;
    3137 : 08;
    3138 : 09;
    3139 : 09;
    313A : 09;
    313B : 09;
    313C : 09;
    313D : 08;
    313E : 08;
    313F : 08;
    3140 : 08;
    3141 : 08;
    3142 : 08;
    3143 : 08;
    3144 : 08;
    3145 : 08;
    3146 : 08;
    3147 : 08;
    3148 : 08;
    3149 : 08;
    314A : 07;
    314B : 07;
    314C : 07;
    314D : 07;
    314E : 07;
    314F : 06;
    3150 : 04;
    3151 : 05;
    3152 : 06;
    3153 : 06;
    3154 : 06;
    3155 : 07;
    3156 : 07;
    3157 : 06;
    3158 : 04;
    3159 : 02;
    315A : 04;
    315B : 07;
    315C : 06;
    315D : 05;
    315E : 07;
    315F : 06;
    3160 : 0D;
    3161 : 0D;
    3162 : 0D;
    3163 : 0D;
    3164 : 0D;
    3165 : 0D;
    3166 : 0D;
    3167 : 0D;
    3168 : 0D;
    3169 : 0D;
    316A : 0D;
    316B : 0D;
    316C : 0D;
    316D : 0D;
    316E : 0D;
    316F : 0D;
    3170 : 0D;
    3171 : 0D;
    3172 : 0D;
    3173 : 0D;
    3174 : 0D;
    3175 : 0D;
    3176 : 0D;
    3177 : 0D;
    3178 : 0D;
    3179 : 0D;
    317A : 0D;
    317B : 0D;
    317C : 0D;
    317D : 0D;
    317E : 0D;
    317F : 0C;
    3180 : 0D;
    3181 : 0C;
    3182 : 0C;
    3183 : 0D;
    3184 : 0C;
    3185 : 0C;
    3186 : 0C;
    3187 : 0D;
    3188 : 0C;
    3189 : 0D;
    318A : 0B;
    318B : 09;
    318C : 0B;
    318D : 0B;
    318E : 0B;
    318F : 0C;
    3190 : 0B;
    3191 : 0B;
    3192 : 0B;
    3193 : 0B;
    3194 : 0B;
    3195 : 0B;
    3196 : 0D;
    3197 : 0D;
    3198 : 0E;
    3199 : 0F;
    319A : 0D;
    319B : 0B;
    319C : 0A;
    319D : 07;
    319E : 05;
    319F : 06;
    31A0 : 04;
    31A1 : 05;
    31A2 : 06;
    31A3 : 06;
    31A4 : 07;
    31A5 : 07;
    31A6 : 07;
    31A7 : 07;
    31A8 : 08;
    31A9 : 09;
    31AA : 0A;
    31AB : 0A;
    31AC : 0B;
    31AD : 0A;
    31AE : 0A;
    31AF : 0A;
    31B0 : 0A;
    31B1 : 0A;
    31B2 : 0B;
    31B3 : 0B;
    31B4 : 0B;
    31B5 : 0B;
    31B6 : 0B;
    31B7 : 0B;
    31B8 : 0B;
    31B9 : 0B;
    31BA : 0A;
    31BB : 0B;
    31BC : 0A;
    31BD : 0A;
    31BE : 0A;
    31BF : 0A;
    31C0 : 0A;
    31C1 : 09;
    31C2 : 09;
    31C3 : 08;
    31C4 : 09;
    31C5 : 09;
    31C6 : 09;
    31C7 : 08;
    31C8 : 09;
    31C9 : 09;
    31CA : 09;
    31CB : 09;
    31CC : 09;
    31CD : 09;
    31CE : 09;
    31CF : 09;
    31D0 : 09;
    31D1 : 08;
    31D2 : 09;
    31D3 : 09;
    31D4 : 09;
    31D5 : 09;
    31D6 : 09;
    31D7 : 09;
    31D8 : 09;
    31D9 : 09;
    31DA : 08;
    31DB : 09;
    31DC : 08;
    31DD : 08;
    31DE : 08;
    31DF : 08;
    31E0 : 08;
    31E1 : 08;
    31E2 : 08;
    31E3 : 08;
    31E4 : 08;
    31E5 : 08;
    31E6 : 08;
    31E7 : 08;
    31E8 : 07;
    31E9 : 08;
    31EA : 07;
    31EB : 07;
    31EC : 07;
    31ED : 07;
    31EE : 07;
    31EF : 05;
    31F0 : 04;
    31F1 : 05;
    31F2 : 06;
    31F3 : 06;
    31F4 : 07;
    31F5 : 06;
    31F6 : 04;
    31F7 : 02;
    31F8 : 01;
    31F9 : 01;
    31FA : 02;
    31FB : 06;
    31FC : 07;
    31FD : 06;
    31FE : 06;
    31FF : 07;
    3200 : 0D;
    3201 : 0D;
    3202 : 0D;
    3203 : 0D;
    3204 : 0D;
    3205 : 0D;
    3206 : 0D;
    3207 : 0D;
    3208 : 0D;
    3209 : 0D;
    320A : 0D;
    320B : 0D;
    320C : 0D;
    320D : 0D;
    320E : 0D;
    320F : 0D;
    3210 : 0D;
    3211 : 0D;
    3212 : 0D;
    3213 : 0D;
    3214 : 0D;
    3215 : 0D;
    3216 : 0D;
    3217 : 0D;
    3218 : 0D;
    3219 : 0D;
    321A : 0D;
    321B : 0D;
    321C : 0D;
    321D : 0D;
    321E : 0D;
    321F : 0D;
    3220 : 0D;
    3221 : 0C;
    3222 : 0C;
    3223 : 0D;
    3224 : 0D;
    3225 : 0C;
    3226 : 0C;
    3227 : 0D;
    3228 : 0C;
    3229 : 0C;
    322A : 0C;
    322B : 09;
    322C : 0B;
    322D : 0B;
    322E : 0B;
    322F : 0B;
    3230 : 0B;
    3231 : 0B;
    3232 : 0B;
    3233 : 0B;
    3234 : 0B;
    3235 : 0C;
    3236 : 0D;
    3237 : 0D;
    3238 : 0E;
    3239 : 0F;
    323A : 0E;
    323B : 0C;
    323C : 0C;
    323D : 08;
    323E : 06;
    323F : 05;
    3240 : 06;
    3241 : 07;
    3242 : 07;
    3243 : 07;
    3244 : 07;
    3245 : 07;
    3246 : 08;
    3247 : 08;
    3248 : 07;
    3249 : 07;
    324A : 09;
    324B : 09;
    324C : 0A;
    324D : 0A;
    324E : 0A;
    324F : 0A;
    3250 : 0A;
    3251 : 0A;
    3252 : 0A;
    3253 : 0A;
    3254 : 0A;
    3255 : 0B;
    3256 : 0B;
    3257 : 0B;
    3258 : 0B;
    3259 : 0A;
    325A : 0B;
    325B : 0A;
    325C : 0A;
    325D : 0A;
    325E : 0A;
    325F : 0A;
    3260 : 0A;
    3261 : 09;
    3262 : 09;
    3263 : 08;
    3264 : 08;
    3265 : 08;
    3266 : 08;
    3267 : 09;
    3268 : 08;
    3269 : 09;
    326A : 09;
    326B : 09;
    326C : 09;
    326D : 09;
    326E : 09;
    326F : 09;
    3270 : 08;
    3271 : 08;
    3272 : 09;
    3273 : 09;
    3274 : 09;
    3275 : 09;
    3276 : 09;
    3277 : 09;
    3278 : 09;
    3279 : 09;
    327A : 08;
    327B : 08;
    327C : 08;
    327D : 08;
    327E : 08;
    327F : 08;
    3280 : 08;
    3281 : 08;
    3282 : 08;
    3283 : 08;
    3284 : 08;
    3285 : 09;
    3286 : 08;
    3287 : 08;
    3288 : 07;
    3289 : 08;
    328A : 07;
    328B : 07;
    328C : 07;
    328D : 07;
    328E : 06;
    328F : 06;
    3290 : 05;
    3291 : 05;
    3292 : 05;
    3293 : 07;
    3294 : 06;
    3295 : 04;
    3296 : 02;
    3297 : 01;
    3298 : 01;
    3299 : 03;
    329A : 04;
    329B : 04;
    329C : 06;
    329D : 07;
    329E : 07;
    329F : 06;
    32A0 : 0D;
    32A1 : 0D;
    32A2 : 0D;
    32A3 : 0D;
    32A4 : 0D;
    32A5 : 0D;
    32A6 : 0D;
    32A7 : 0D;
    32A8 : 0D;
    32A9 : 0D;
    32AA : 0D;
    32AB : 0D;
    32AC : 0D;
    32AD : 0D;
    32AE : 0D;
    32AF : 0D;
    32B0 : 0D;
    32B1 : 0D;
    32B2 : 0D;
    32B3 : 0D;
    32B4 : 0D;
    32B5 : 0D;
    32B6 : 0D;
    32B7 : 0D;
    32B8 : 0D;
    32B9 : 0D;
    32BA : 0D;
    32BB : 0D;
    32BC : 0D;
    32BD : 0D;
    32BE : 0D;
    32BF : 0D;
    32C0 : 0D;
    32C1 : 0D;
    32C2 : 0D;
    32C3 : 0D;
    32C4 : 0D;
    32C5 : 0C;
    32C6 : 0D;
    32C7 : 0D;
    32C8 : 0C;
    32C9 : 0C;
    32CA : 0D;
    32CB : 0A;
    32CC : 0A;
    32CD : 0B;
    32CE : 0B;
    32CF : 0B;
    32D0 : 0B;
    32D1 : 0B;
    32D2 : 0B;
    32D3 : 0B;
    32D4 : 0B;
    32D5 : 0C;
    32D6 : 0D;
    32D7 : 0E;
    32D8 : 0E;
    32D9 : 0F;
    32DA : 0F;
    32DB : 0D;
    32DC : 0B;
    32DD : 0A;
    32DE : 0A;
    32DF : 08;
    32E0 : 07;
    32E1 : 08;
    32E2 : 07;
    32E3 : 07;
    32E4 : 07;
    32E5 : 08;
    32E6 : 08;
    32E7 : 08;
    32E8 : 07;
    32E9 : 06;
    32EA : 06;
    32EB : 06;
    32EC : 08;
    32ED : 08;
    32EE : 09;
    32EF : 09;
    32F0 : 09;
    32F1 : 08;
    32F2 : 09;
    32F3 : 09;
    32F4 : 09;
    32F5 : 0A;
    32F6 : 0A;
    32F7 : 0A;
    32F8 : 0B;
    32F9 : 0A;
    32FA : 0B;
    32FB : 0A;
    32FC : 0A;
    32FD : 0A;
    32FE : 0A;
    32FF : 0A;
    3300 : 0A;
    3301 : 09;
    3302 : 09;
    3303 : 08;
    3304 : 06;
    3305 : 08;
    3306 : 08;
    3307 : 09;
    3308 : 09;
    3309 : 09;
    330A : 09;
    330B : 09;
    330C : 09;
    330D : 09;
    330E : 09;
    330F : 08;
    3310 : 09;
    3311 : 09;
    3312 : 09;
    3313 : 09;
    3314 : 09;
    3315 : 09;
    3316 : 09;
    3317 : 09;
    3318 : 09;
    3319 : 08;
    331A : 08;
    331B : 08;
    331C : 08;
    331D : 08;
    331E : 08;
    331F : 08;
    3320 : 08;
    3321 : 08;
    3322 : 08;
    3323 : 08;
    3324 : 08;
    3325 : 09;
    3326 : 08;
    3327 : 08;
    3328 : 07;
    3329 : 07;
    332A : 07;
    332B : 07;
    332C : 07;
    332D : 07;
    332E : 06;
    332F : 06;
    3330 : 05;
    3331 : 06;
    3332 : 06;
    3333 : 05;
    3334 : 04;
    3335 : 02;
    3336 : 01;
    3337 : 01;
    3338 : 02;
    3339 : 04;
    333A : 06;
    333B : 05;
    333C : 06;
    333D : 05;
    333E : 07;
    333F : 06;
    3340 : 0D;
    3341 : 0D;
    3342 : 0D;
    3343 : 0D;
    3344 : 0D;
    3345 : 0D;
    3346 : 0D;
    3347 : 0D;
    3348 : 0D;
    3349 : 0D;
    334A : 0D;
    334B : 0D;
    334C : 0D;
    334D : 0D;
    334E : 0D;
    334F : 0D;
    3350 : 0D;
    3351 : 0D;
    3352 : 0D;
    3353 : 0D;
    3354 : 0D;
    3355 : 0D;
    3356 : 0D;
    3357 : 0D;
    3358 : 0D;
    3359 : 0D;
    335A : 0D;
    335B : 0D;
    335C : 0D;
    335D : 0D;
    335E : 0D;
    335F : 0D;
    3360 : 0D;
    3361 : 0D;
    3362 : 0D;
    3363 : 0D;
    3364 : 0D;
    3365 : 0C;
    3366 : 0C;
    3367 : 0D;
    3368 : 0C;
    3369 : 0C;
    336A : 0D;
    336B : 0C;
    336C : 09;
    336D : 0B;
    336E : 0B;
    336F : 0B;
    3370 : 0B;
    3371 : 0B;
    3372 : 0B;
    3373 : 0B;
    3374 : 0C;
    3375 : 0C;
    3376 : 0D;
    3377 : 0E;
    3378 : 0E;
    3379 : 0E;
    337A : 0E;
    337B : 0A;
    337C : 09;
    337D : 09;
    337E : 08;
    337F : 07;
    3380 : 08;
    3381 : 08;
    3382 : 08;
    3383 : 08;
    3384 : 07;
    3385 : 08;
    3386 : 08;
    3387 : 08;
    3388 : 07;
    3389 : 07;
    338A : 07;
    338B : 07;
    338C : 08;
    338D : 07;
    338E : 08;
    338F : 08;
    3390 : 08;
    3391 : 08;
    3392 : 09;
    3393 : 09;
    3394 : 09;
    3395 : 09;
    3396 : 0A;
    3397 : 0A;
    3398 : 0A;
    3399 : 0A;
    339A : 0A;
    339B : 0A;
    339C : 0A;
    339D : 09;
    339E : 09;
    339F : 0A;
    33A0 : 09;
    33A1 : 09;
    33A2 : 09;
    33A3 : 09;
    33A4 : 07;
    33A5 : 09;
    33A6 : 09;
    33A7 : 09;
    33A8 : 09;
    33A9 : 08;
    33AA : 09;
    33AB : 09;
    33AC : 09;
    33AD : 09;
    33AE : 09;
    33AF : 09;
    33B0 : 09;
    33B1 : 09;
    33B2 : 09;
    33B3 : 09;
    33B4 : 09;
    33B5 : 09;
    33B6 : 09;
    33B7 : 09;
    33B8 : 09;
    33B9 : 08;
    33BA : 08;
    33BB : 09;
    33BC : 08;
    33BD : 08;
    33BE : 08;
    33BF : 08;
    33C0 : 08;
    33C1 : 08;
    33C2 : 08;
    33C3 : 08;
    33C4 : 08;
    33C5 : 09;
    33C6 : 09;
    33C7 : 08;
    33C8 : 07;
    33C9 : 07;
    33CA : 07;
    33CB : 07;
    33CC : 07;
    33CD : 07;
    33CE : 06;
    33CF : 05;
    33D0 : 05;
    33D1 : 06;
    33D2 : 07;
    33D3 : 04;
    33D4 : 04;
    33D5 : 01;
    33D6 : 01;
    33D7 : 01;
    33D8 : 03;
    33D9 : 05;
    33DA : 05;
    33DB : 06;
    33DC : 06;
    33DD : 05;
    33DE : 07;
    33DF : 05;
    33E0 : 0D;
    33E1 : 0D;
    33E2 : 0D;
    33E3 : 0D;
    33E4 : 0D;
    33E5 : 0D;
    33E6 : 0D;
    33E7 : 0D;
    33E8 : 0D;
    33E9 : 0D;
    33EA : 0D;
    33EB : 0D;
    33EC : 0D;
    33ED : 0D;
    33EE : 0D;
    33EF : 0D;
    33F0 : 0D;
    33F1 : 0D;
    33F2 : 0D;
    33F3 : 0D;
    33F4 : 0D;
    33F5 : 0D;
    33F6 : 0D;
    33F7 : 0D;
    33F8 : 0D;
    33F9 : 0D;
    33FA : 0D;
    33FB : 0D;
    33FC : 0D;
    33FD : 0D;
    33FE : 0D;
    33FF : 0D;
    3400 : 0D;
    3401 : 0D;
    3402 : 0D;
    3403 : 0D;
    3404 : 0D;
    3405 : 0D;
    3406 : 0C;
    3407 : 0D;
    3408 : 0D;
    3409 : 0D;
    340A : 0D;
    340B : 0D;
    340C : 0A;
    340D : 0A;
    340E : 0B;
    340F : 0B;
    3410 : 0B;
    3411 : 0B;
    3412 : 0B;
    3413 : 0B;
    3414 : 0C;
    3415 : 0D;
    3416 : 0D;
    3417 : 0E;
    3418 : 0D;
    3419 : 0E;
    341A : 0D;
    341B : 0C;
    341C : 0B;
    341D : 09;
    341E : 07;
    341F : 08;
    3420 : 08;
    3421 : 08;
    3422 : 08;
    3423 : 08;
    3424 : 08;
    3425 : 08;
    3426 : 09;
    3427 : 09;
    3428 : 09;
    3429 : 09;
    342A : 08;
    342B : 08;
    342C : 09;
    342D : 08;
    342E : 08;
    342F : 08;
    3430 : 08;
    3431 : 08;
    3432 : 08;
    3433 : 08;
    3434 : 08;
    3435 : 09;
    3436 : 09;
    3437 : 0A;
    3438 : 0A;
    3439 : 0A;
    343A : 0A;
    343B : 0A;
    343C : 0A;
    343D : 09;
    343E : 0A;
    343F : 0A;
    3440 : 09;
    3441 : 09;
    3442 : 09;
    3443 : 09;
    3444 : 09;
    3445 : 09;
    3446 : 09;
    3447 : 09;
    3448 : 09;
    3449 : 09;
    344A : 09;
    344B : 09;
    344C : 09;
    344D : 09;
    344E : 08;
    344F : 09;
    3450 : 09;
    3451 : 09;
    3452 : 09;
    3453 : 09;
    3454 : 09;
    3455 : 09;
    3456 : 09;
    3457 : 09;
    3458 : 09;
    3459 : 08;
    345A : 09;
    345B : 09;
    345C : 08;
    345D : 08;
    345E : 08;
    345F : 08;
    3460 : 08;
    3461 : 08;
    3462 : 08;
    3463 : 08;
    3464 : 08;
    3465 : 09;
    3466 : 08;
    3467 : 08;
    3468 : 07;
    3469 : 07;
    346A : 07;
    346B : 07;
    346C : 07;
    346D : 07;
    346E : 06;
    346F : 05;
    3470 : 05;
    3471 : 07;
    3472 : 06;
    3473 : 04;
    3474 : 02;
    3475 : 01;
    3476 : 01;
    3477 : 01;
    3478 : 02;
    3479 : 03;
    347A : 04;
    347B : 04;
    347C : 04;
    347D : 05;
    347E : 07;
    347F : 05;
    3480 : 0D;
    3481 : 0D;
    3482 : 0D;
    3483 : 0D;
    3484 : 0D;
    3485 : 0D;
    3486 : 0D;
    3487 : 0D;
    3488 : 0D;
    3489 : 0D;
    348A : 0D;
    348B : 0D;
    348C : 0D;
    348D : 0D;
    348E : 0D;
    348F : 0D;
    3490 : 0D;
    3491 : 0D;
    3492 : 0D;
    3493 : 0D;
    3494 : 0D;
    3495 : 0D;
    3496 : 0D;
    3497 : 0D;
    3498 : 0D;
    3499 : 0D;
    349A : 0D;
    349B : 0D;
    349C : 0D;
    349D : 0D;
    349E : 0D;
    349F : 0D;
    34A0 : 0D;
    34A1 : 0D;
    34A2 : 0D;
    34A3 : 0D;
    34A4 : 0D;
    34A5 : 0C;
    34A6 : 0C;
    34A7 : 0D;
    34A8 : 0D;
    34A9 : 0D;
    34AA : 0D;
    34AB : 0D;
    34AC : 0C;
    34AD : 09;
    34AE : 0A;
    34AF : 0A;
    34B0 : 0B;
    34B1 : 0B;
    34B2 : 0B;
    34B3 : 0C;
    34B4 : 0C;
    34B5 : 0C;
    34B6 : 0D;
    34B7 : 0D;
    34B8 : 0D;
    34B9 : 0E;
    34BA : 0D;
    34BB : 0B;
    34BC : 09;
    34BD : 08;
    34BE : 08;
    34BF : 08;
    34C0 : 08;
    34C1 : 09;
    34C2 : 08;
    34C3 : 08;
    34C4 : 07;
    34C5 : 07;
    34C6 : 08;
    34C7 : 08;
    34C8 : 08;
    34C9 : 07;
    34CA : 08;
    34CB : 09;
    34CC : 09;
    34CD : 08;
    34CE : 09;
    34CF : 09;
    34D0 : 09;
    34D1 : 08;
    34D2 : 08;
    34D3 : 07;
    34D4 : 07;
    34D5 : 08;
    34D6 : 09;
    34D7 : 0A;
    34D8 : 09;
    34D9 : 0A;
    34DA : 0A;
    34DB : 0A;
    34DC : 09;
    34DD : 09;
    34DE : 09;
    34DF : 09;
    34E0 : 08;
    34E1 : 09;
    34E2 : 09;
    34E3 : 09;
    34E4 : 09;
    34E5 : 09;
    34E6 : 09;
    34E7 : 09;
    34E8 : 09;
    34E9 : 09;
    34EA : 09;
    34EB : 09;
    34EC : 09;
    34ED : 09;
    34EE : 09;
    34EF : 09;
    34F0 : 09;
    34F1 : 09;
    34F2 : 09;
    34F3 : 09;
    34F4 : 09;
    34F5 : 09;
    34F6 : 09;
    34F7 : 09;
    34F8 : 08;
    34F9 : 09;
    34FA : 09;
    34FB : 09;
    34FC : 09;
    34FD : 08;
    34FE : 08;
    34FF : 08;
    3500 : 08;
    3501 : 08;
    3502 : 08;
    3503 : 08;
    3504 : 08;
    3505 : 08;
    3506 : 08;
    3507 : 08;
    3508 : 08;
    3509 : 07;
    350A : 07;
    350B : 07;
    350C : 07;
    350D : 07;
    350E : 06;
    350F : 06;
    3510 : 06;
    3511 : 07;
    3512 : 06;
    3513 : 03;
    3514 : 01;
    3515 : 01;
    3516 : 01;
    3517 : 01;
    3518 : 01;
    3519 : 02;
    351A : 02;
    351B : 04;
    351C : 05;
    351D : 05;
    351E : 07;
    351F : 05;
    3520 : 0D;
    3521 : 0D;
    3522 : 0D;
    3523 : 0D;
    3524 : 0D;
    3525 : 0D;
    3526 : 0D;
    3527 : 0D;
    3528 : 0D;
    3529 : 0D;
    352A : 0D;
    352B : 0D;
    352C : 0D;
    352D : 0D;
    352E : 0D;
    352F : 0D;
    3530 : 0D;
    3531 : 0D;
    3532 : 0D;
    3533 : 0D;
    3534 : 0D;
    3535 : 0D;
    3536 : 0D;
    3537 : 0D;
    3538 : 0D;
    3539 : 0D;
    353A : 0D;
    353B : 0D;
    353C : 0D;
    353D : 0D;
    353E : 0D;
    353F : 0D;
    3540 : 0D;
    3541 : 0D;
    3542 : 0D;
    3543 : 0D;
    3544 : 0D;
    3545 : 0D;
    3546 : 0D;
    3547 : 0D;
    3548 : 0D;
    3549 : 0D;
    354A : 0D;
    354B : 0D;
    354C : 0D;
    354D : 0A;
    354E : 0A;
    354F : 0A;
    3550 : 0B;
    3551 : 0B;
    3552 : 0A;
    3553 : 0C;
    3554 : 0C;
    3555 : 0C;
    3556 : 0D;
    3557 : 0C;
    3558 : 0C;
    3559 : 0D;
    355A : 0B;
    355B : 09;
    355C : 08;
    355D : 07;
    355E : 08;
    355F : 09;
    3560 : 09;
    3561 : 09;
    3562 : 08;
    3563 : 07;
    3564 : 05;
    3565 : 03;
    3566 : 03;
    3567 : 03;
    3568 : 03;
    3569 : 04;
    356A : 05;
    356B : 05;
    356C : 05;
    356D : 05;
    356E : 05;
    356F : 05;
    3570 : 06;
    3571 : 06;
    3572 : 05;
    3573 : 06;
    3574 : 07;
    3575 : 09;
    3576 : 09;
    3577 : 09;
    3578 : 09;
    3579 : 09;
    357A : 0A;
    357B : 0A;
    357C : 09;
    357D : 09;
    357E : 09;
    357F : 09;
    3580 : 09;
    3581 : 09;
    3582 : 09;
    3583 : 09;
    3584 : 09;
    3585 : 08;
    3586 : 09;
    3587 : 09;
    3588 : 09;
    3589 : 09;
    358A : 09;
    358B : 09;
    358C : 09;
    358D : 09;
    358E : 09;
    358F : 09;
    3590 : 09;
    3591 : 09;
    3592 : 09;
    3593 : 09;
    3594 : 09;
    3595 : 09;
    3596 : 09;
    3597 : 09;
    3598 : 09;
    3599 : 09;
    359A : 09;
    359B : 08;
    359C : 09;
    359D : 08;
    359E : 08;
    359F : 08;
    35A0 : 08;
    35A1 : 08;
    35A2 : 08;
    35A3 : 08;
    35A4 : 08;
    35A5 : 09;
    35A6 : 08;
    35A7 : 08;
    35A8 : 07;
    35A9 : 08;
    35AA : 07;
    35AB : 07;
    35AC : 07;
    35AD : 07;
    35AE : 06;
    35AF : 06;
    35B0 : 05;
    35B1 : 06;
    35B2 : 06;
    35B3 : 04;
    35B4 : 01;
    35B5 : 01;
    35B6 : 01;
    35B7 : 03;
    35B8 : 03;
    35B9 : 02;
    35BA : 03;
    35BB : 06;
    35BC : 07;
    35BD : 07;
    35BE : 06;
    35BF : 04;
    35C0 : 0D;
    35C1 : 0D;
    35C2 : 0D;
    35C3 : 0D;
    35C4 : 0D;
    35C5 : 0D;
    35C6 : 0D;
    35C7 : 0D;
    35C8 : 0D;
    35C9 : 0D;
    35CA : 0E;
    35CB : 0E;
    35CC : 0D;
    35CD : 0D;
    35CE : 0D;
    35CF : 0D;
    35D0 : 0D;
    35D1 : 0D;
    35D2 : 0D;
    35D3 : 0D;
    35D4 : 0D;
    35D5 : 0D;
    35D6 : 0D;
    35D7 : 0D;
    35D8 : 0D;
    35D9 : 0D;
    35DA : 0D;
    35DB : 0D;
    35DC : 0D;
    35DD : 0D;
    35DE : 0D;
    35DF : 0D;
    35E0 : 0D;
    35E1 : 0D;
    35E2 : 0D;
    35E3 : 0D;
    35E4 : 0D;
    35E5 : 0D;
    35E6 : 0D;
    35E7 : 0D;
    35E8 : 0D;
    35E9 : 0D;
    35EA : 0D;
    35EB : 0D;
    35EC : 0D;
    35ED : 0B;
    35EE : 09;
    35EF : 0A;
    35F0 : 0B;
    35F1 : 0B;
    35F2 : 0A;
    35F3 : 0C;
    35F4 : 0C;
    35F5 : 0C;
    35F6 : 0D;
    35F7 : 0C;
    35F8 : 0C;
    35F9 : 0C;
    35FA : 08;
    35FB : 07;
    35FC : 08;
    35FD : 07;
    35FE : 07;
    35FF : 07;
    3600 : 07;
    3601 : 06;
    3602 : 05;
    3603 : 04;
    3604 : 03;
    3605 : 05;
    3606 : 07;
    3607 : 08;
    3608 : 09;
    3609 : 09;
    360A : 09;
    360B : 08;
    360C : 07;
    360D : 06;
    360E : 07;
    360F : 06;
    3610 : 05;
    3611 : 04;
    3612 : 03;
    3613 : 05;
    3614 : 08;
    3615 : 09;
    3616 : 09;
    3617 : 09;
    3618 : 0A;
    3619 : 09;
    361A : 09;
    361B : 0A;
    361C : 09;
    361D : 09;
    361E : 09;
    361F : 09;
    3620 : 09;
    3621 : 09;
    3622 : 09;
    3623 : 08;
    3624 : 08;
    3625 : 08;
    3626 : 09;
    3627 : 09;
    3628 : 09;
    3629 : 09;
    362A : 09;
    362B : 09;
    362C : 09;
    362D : 09;
    362E : 09;
    362F : 09;
    3630 : 09;
    3631 : 08;
    3632 : 09;
    3633 : 09;
    3634 : 09;
    3635 : 09;
    3636 : 09;
    3637 : 09;
    3638 : 08;
    3639 : 09;
    363A : 08;
    363B : 09;
    363C : 09;
    363D : 08;
    363E : 08;
    363F : 08;
    3640 : 08;
    3641 : 08;
    3642 : 08;
    3643 : 08;
    3644 : 08;
    3645 : 08;
    3646 : 08;
    3647 : 07;
    3648 : 07;
    3649 : 08;
    364A : 07;
    364B : 08;
    364C : 08;
    364D : 07;
    364E : 06;
    364F : 07;
    3650 : 05;
    3651 : 06;
    3652 : 06;
    3653 : 03;
    3654 : 05;
    3655 : 05;
    3656 : 06;
    3657 : 07;
    3658 : 07;
    3659 : 07;
    365A : 07;
    365B : 07;
    365C : 06;
    365D : 06;
    365E : 06;
    365F : 05;
    3660 : 0D;
    3661 : 0D;
    3662 : 0D;
    3663 : 0D;
    3664 : 0D;
    3665 : 0D;
    3666 : 0D;
    3667 : 0E;
    3668 : 0D;
    3669 : 0D;
    366A : 0D;
    366B : 0D;
    366C : 0E;
    366D : 0D;
    366E : 0D;
    366F : 0D;
    3670 : 0D;
    3671 : 0D;
    3672 : 0D;
    3673 : 0D;
    3674 : 0D;
    3675 : 0D;
    3676 : 0D;
    3677 : 0D;
    3678 : 0D;
    3679 : 0D;
    367A : 0D;
    367B : 0D;
    367C : 0D;
    367D : 0D;
    367E : 0D;
    367F : 0D;
    3680 : 0D;
    3681 : 0D;
    3682 : 0D;
    3683 : 0D;
    3684 : 0D;
    3685 : 0D;
    3686 : 0D;
    3687 : 0D;
    3688 : 0D;
    3689 : 0D;
    368A : 0D;
    368B : 0D;
    368C : 0D;
    368D : 0D;
    368E : 09;
    368F : 0A;
    3690 : 0A;
    3691 : 0B;
    3692 : 0B;
    3693 : 0C;
    3694 : 0D;
    3695 : 0C;
    3696 : 0C;
    3697 : 0B;
    3698 : 0B;
    3699 : 0A;
    369A : 07;
    369B : 08;
    369C : 07;
    369D : 04;
    369E : 02;
    369F : 01;
    36A0 : 02;
    36A1 : 03;
    36A2 : 05;
    36A3 : 07;
    36A4 : 07;
    36A5 : 08;
    36A6 : 09;
    36A7 : 0A;
    36A8 : 0A;
    36A9 : 0A;
    36AA : 0A;
    36AB : 0B;
    36AC : 0B;
    36AD : 09;
    36AE : 09;
    36AF : 08;
    36B0 : 08;
    36B1 : 06;
    36B2 : 06;
    36B3 : 09;
    36B4 : 0A;
    36B5 : 0A;
    36B6 : 0A;
    36B7 : 0A;
    36B8 : 0A;
    36B9 : 09;
    36BA : 09;
    36BB : 09;
    36BC : 0A;
    36BD : 0A;
    36BE : 09;
    36BF : 09;
    36C0 : 09;
    36C1 : 0A;
    36C2 : 09;
    36C3 : 09;
    36C4 : 09;
    36C5 : 08;
    36C6 : 08;
    36C7 : 09;
    36C8 : 09;
    36C9 : 09;
    36CA : 09;
    36CB : 09;
    36CC : 09;
    36CD : 09;
    36CE : 09;
    36CF : 09;
    36D0 : 09;
    36D1 : 08;
    36D2 : 09;
    36D3 : 09;
    36D4 : 09;
    36D5 : 09;
    36D6 : 09;
    36D7 : 08;
    36D8 : 09;
    36D9 : 09;
    36DA : 09;
    36DB : 09;
    36DC : 08;
    36DD : 08;
    36DE : 08;
    36DF : 08;
    36E0 : 08;
    36E1 : 08;
    36E2 : 08;
    36E3 : 09;
    36E4 : 09;
    36E5 : 08;
    36E6 : 08;
    36E7 : 07;
    36E8 : 07;
    36E9 : 07;
    36EA : 07;
    36EB : 08;
    36EC : 08;
    36ED : 06;
    36EE : 06;
    36EF : 06;
    36F0 : 05;
    36F1 : 05;
    36F2 : 06;
    36F3 : 03;
    36F4 : 04;
    36F5 : 07;
    36F6 : 05;
    36F7 : 05;
    36F8 : 05;
    36F9 : 05;
    36FA : 07;
    36FB : 07;
    36FC : 07;
    36FD : 08;
    36FE : 07;
    36FF : 06;
    3700 : 0D;
    3701 : 0D;
    3702 : 0D;
    3703 : 0D;
    3704 : 0D;
    3705 : 0D;
    3706 : 0D;
    3707 : 0E;
    3708 : 0D;
    3709 : 0D;
    370A : 0D;
    370B : 0D;
    370C : 0E;
    370D : 0D;
    370E : 0D;
    370F : 0D;
    3710 : 0D;
    3711 : 0D;
    3712 : 0D;
    3713 : 0D;
    3714 : 0D;
    3715 : 0D;
    3716 : 0D;
    3717 : 0D;
    3718 : 0D;
    3719 : 0D;
    371A : 0D;
    371B : 0D;
    371C : 0D;
    371D : 0D;
    371E : 0D;
    371F : 0D;
    3720 : 0D;
    3721 : 0D;
    3722 : 0D;
    3723 : 0D;
    3724 : 0D;
    3725 : 0D;
    3726 : 0D;
    3727 : 0D;
    3728 : 0D;
    3729 : 0D;
    372A : 0D;
    372B : 0D;
    372C : 0D;
    372D : 0D;
    372E : 0B;
    372F : 09;
    3730 : 0A;
    3731 : 0B;
    3732 : 0B;
    3733 : 0C;
    3734 : 0C;
    3735 : 0C;
    3736 : 0C;
    3737 : 0B;
    3738 : 0A;
    3739 : 09;
    373A : 07;
    373B : 08;
    373C : 05;
    373D : 06;
    373E : 09;
    373F : 0A;
    3740 : 09;
    3741 : 09;
    3742 : 09;
    3743 : 07;
    3744 : 08;
    3745 : 08;
    3746 : 08;
    3747 : 08;
    3748 : 08;
    3749 : 07;
    374A : 08;
    374B : 08;
    374C : 08;
    374D : 08;
    374E : 08;
    374F : 09;
    3750 : 08;
    3751 : 09;
    3752 : 0A;
    3753 : 0B;
    3754 : 0B;
    3755 : 0B;
    3756 : 0A;
    3757 : 0A;
    3758 : 0A;
    3759 : 0A;
    375A : 0A;
    375B : 0A;
    375C : 0A;
    375D : 0A;
    375E : 09;
    375F : 09;
    3760 : 09;
    3761 : 09;
    3762 : 09;
    3763 : 09;
    3764 : 08;
    3765 : 08;
    3766 : 09;
    3767 : 09;
    3768 : 07;
    3769 : 08;
    376A : 09;
    376B : 09;
    376C : 09;
    376D : 09;
    376E : 09;
    376F : 09;
    3770 : 09;
    3771 : 08;
    3772 : 08;
    3773 : 09;
    3774 : 09;
    3775 : 09;
    3776 : 09;
    3777 : 09;
    3778 : 09;
    3779 : 09;
    377A : 09;
    377B : 09;
    377C : 08;
    377D : 08;
    377E : 08;
    377F : 08;
    3780 : 08;
    3781 : 08;
    3782 : 08;
    3783 : 08;
    3784 : 09;
    3785 : 08;
    3786 : 08;
    3787 : 08;
    3788 : 07;
    3789 : 07;
    378A : 07;
    378B : 08;
    378C : 07;
    378D : 06;
    378E : 06;
    378F : 06;
    3790 : 05;
    3791 : 04;
    3792 : 05;
    3793 : 04;
    3794 : 06;
    3795 : 03;
    3796 : 00;
    3797 : 00;
    3798 : 00;
    3799 : 02;
    379A : 06;
    379B : 06;
    379C : 07;
    379D : 07;
    379E : 06;
    379F : 05;
    37A0 : 0D;
    37A1 : 0D;
    37A2 : 0D;
    37A3 : 0D;
    37A4 : 0E;
    37A5 : 0D;
    37A6 : 0D;
    37A7 : 0D;
    37A8 : 0E;
    37A9 : 0E;
    37AA : 0E;
    37AB : 0E;
    37AC : 0E;
    37AD : 0D;
    37AE : 0D;
    37AF : 0D;
    37B0 : 0D;
    37B1 : 0D;
    37B2 : 0D;
    37B3 : 0D;
    37B4 : 0D;
    37B5 : 0D;
    37B6 : 0D;
    37B7 : 0D;
    37B8 : 0D;
    37B9 : 0D;
    37BA : 0D;
    37BB : 0D;
    37BC : 0D;
    37BD : 0D;
    37BE : 0D;
    37BF : 0D;
    37C0 : 0D;
    37C1 : 0D;
    37C2 : 0D;
    37C3 : 0D;
    37C4 : 0D;
    37C5 : 0D;
    37C6 : 0D;
    37C7 : 0D;
    37C8 : 0D;
    37C9 : 0D;
    37CA : 0D;
    37CB : 0D;
    37CC : 0D;
    37CD : 0D;
    37CE : 0C;
    37CF : 09;
    37D0 : 0A;
    37D1 : 0B;
    37D2 : 0B;
    37D3 : 0C;
    37D4 : 0C;
    37D5 : 0C;
    37D6 : 0B;
    37D7 : 0A;
    37D8 : 09;
    37D9 : 08;
    37DA : 08;
    37DB : 06;
    37DC : 0A;
    37DD : 0F;
    37DE : 0D;
    37DF : 0C;
    37E0 : 0B;
    37E1 : 0A;
    37E2 : 09;
    37E3 : 08;
    37E4 : 08;
    37E5 : 08;
    37E6 : 08;
    37E7 : 08;
    37E8 : 08;
    37E9 : 08;
    37EA : 09;
    37EB : 09;
    37EC : 08;
    37ED : 08;
    37EE : 08;
    37EF : 08;
    37F0 : 09;
    37F1 : 0A;
    37F2 : 0B;
    37F3 : 0B;
    37F4 : 0B;
    37F5 : 0B;
    37F6 : 0B;
    37F7 : 0B;
    37F8 : 0A;
    37F9 : 0A;
    37FA : 09;
    37FB : 09;
    37FC : 0A;
    37FD : 0A;
    37FE : 09;
    37FF : 09;
    3800 : 09;
    3801 : 09;
    3802 : 09;
    3803 : 09;
    3804 : 09;
    3805 : 09;
    3806 : 09;
    3807 : 09;
    3808 : 05;
    3809 : 09;
    380A : 09;
    380B : 09;
    380C : 09;
    380D : 09;
    380E : 09;
    380F : 09;
    3810 : 09;
    3811 : 09;
    3812 : 09;
    3813 : 09;
    3814 : 09;
    3815 : 09;
    3816 : 09;
    3817 : 09;
    3818 : 09;
    3819 : 09;
    381A : 09;
    381B : 09;
    381C : 08;
    381D : 08;
    381E : 08;
    381F : 08;
    3820 : 08;
    3821 : 08;
    3822 : 08;
    3823 : 08;
    3824 : 08;
    3825 : 08;
    3826 : 08;
    3827 : 08;
    3828 : 08;
    3829 : 07;
    382A : 08;
    382B : 07;
    382C : 06;
    382D : 06;
    382E : 06;
    382F : 06;
    3830 : 05;
    3831 : 06;
    3832 : 05;
    3833 : 06;
    3834 : 03;
    3835 : 00;
    3836 : 00;
    3837 : 00;
    3838 : 03;
    3839 : 05;
    383A : 06;
    383B : 07;
    383C : 06;
    383D : 06;
    383E : 05;
    383F : 04;
    3840 : 0D;
    3841 : 0D;
    3842 : 0D;
    3843 : 0D;
    3844 : 0D;
    3845 : 0E;
    3846 : 0E;
    3847 : 0E;
    3848 : 0D;
    3849 : 0E;
    384A : 0E;
    384B : 0E;
    384C : 0E;
    384D : 0D;
    384E : 0D;
    384F : 0D;
    3850 : 0D;
    3851 : 0D;
    3852 : 0D;
    3853 : 0D;
    3854 : 0D;
    3855 : 0D;
    3856 : 0D;
    3857 : 0D;
    3858 : 0D;
    3859 : 0D;
    385A : 0D;
    385B : 0D;
    385C : 0D;
    385D : 0D;
    385E : 0D;
    385F : 0D;
    3860 : 0D;
    3861 : 0D;
    3862 : 0D;
    3863 : 0D;
    3864 : 0D;
    3865 : 0D;
    3866 : 0D;
    3867 : 0D;
    3868 : 0D;
    3869 : 0D;
    386A : 0D;
    386B : 0D;
    386C : 0D;
    386D : 0C;
    386E : 0D;
    386F : 0A;
    3870 : 09;
    3871 : 0A;
    3872 : 0B;
    3873 : 0C;
    3874 : 0C;
    3875 : 0C;
    3876 : 0A;
    3877 : 0A;
    3878 : 08;
    3879 : 08;
    387A : 07;
    387B : 09;
    387C : 0F;
    387D : 0C;
    387E : 0C;
    387F : 0B;
    3880 : 0B;
    3881 : 09;
    3882 : 08;
    3883 : 08;
    3884 : 08;
    3885 : 09;
    3886 : 09;
    3887 : 08;
    3888 : 09;
    3889 : 09;
    388A : 09;
    388B : 09;
    388C : 08;
    388D : 08;
    388E : 08;
    388F : 08;
    3890 : 09;
    3891 : 0A;
    3892 : 0B;
    3893 : 0B;
    3894 : 0B;
    3895 : 0B;
    3896 : 0B;
    3897 : 0B;
    3898 : 0A;
    3899 : 0A;
    389A : 0A;
    389B : 09;
    389C : 0A;
    389D : 09;
    389E : 09;
    389F : 09;
    38A0 : 09;
    38A1 : 09;
    38A2 : 09;
    38A3 : 09;
    38A4 : 09;
    38A5 : 09;
    38A6 : 09;
    38A7 : 09;
    38A8 : 08;
    38A9 : 09;
    38AA : 09;
    38AB : 09;
    38AC : 09;
    38AD : 09;
    38AE : 09;
    38AF : 09;
    38B0 : 09;
    38B1 : 09;
    38B2 : 09;
    38B3 : 09;
    38B4 : 09;
    38B5 : 09;
    38B6 : 09;
    38B7 : 09;
    38B8 : 09;
    38B9 : 09;
    38BA : 09;
    38BB : 08;
    38BC : 08;
    38BD : 08;
    38BE : 08;
    38BF : 08;
    38C0 : 08;
    38C1 : 08;
    38C2 : 08;
    38C3 : 09;
    38C4 : 08;
    38C5 : 08;
    38C6 : 07;
    38C7 : 07;
    38C8 : 08;
    38C9 : 08;
    38CA : 08;
    38CB : 05;
    38CC : 06;
    38CD : 06;
    38CE : 06;
    38CF : 07;
    38D0 : 05;
    38D1 : 05;
    38D2 : 05;
    38D3 : 02;
    38D4 : 00;
    38D5 : 00;
    38D6 : 03;
    38D7 : 06;
    38D8 : 06;
    38D9 : 07;
    38DA : 07;
    38DB : 07;
    38DC : 07;
    38DD : 07;
    38DE : 06;
    38DF : 04;
    38E0 : 0D;
    38E1 : 0D;
    38E2 : 0D;
    38E3 : 0D;
    38E4 : 0D;
    38E5 : 0E;
    38E6 : 0E;
    38E7 : 0E;
    38E8 : 0E;
    38E9 : 0E;
    38EA : 0E;
    38EB : 0E;
    38EC : 0E;
    38ED : 0D;
    38EE : 0D;
    38EF : 0D;
    38F0 : 0D;
    38F1 : 0D;
    38F2 : 0D;
    38F3 : 0D;
    38F4 : 0D;
    38F5 : 0D;
    38F6 : 0D;
    38F7 : 0D;
    38F8 : 0D;
    38F9 : 0D;
    38FA : 0D;
    38FB : 0D;
    38FC : 0D;
    38FD : 0D;
    38FE : 0D;
    38FF : 0D;
    3900 : 0D;
    3901 : 0D;
    3902 : 0D;
    3903 : 0D;
    3904 : 0D;
    3905 : 0D;
    3906 : 0D;
    3907 : 0D;
    3908 : 0D;
    3909 : 0D;
    390A : 0D;
    390B : 0D;
    390C : 0C;
    390D : 0C;
    390E : 0D;
    390F : 0C;
    3910 : 08;
    3911 : 0A;
    3912 : 0B;
    3913 : 0B;
    3914 : 0C;
    3915 : 0B;
    3916 : 0A;
    3917 : 0A;
    3918 : 09;
    3919 : 08;
    391A : 06;
    391B : 0D;
    391C : 0E;
    391D : 0C;
    391E : 0A;
    391F : 09;
    3920 : 08;
    3921 : 07;
    3922 : 08;
    3923 : 08;
    3924 : 08;
    3925 : 08;
    3926 : 09;
    3927 : 08;
    3928 : 09;
    3929 : 08;
    392A : 09;
    392B : 09;
    392C : 09;
    392D : 08;
    392E : 08;
    392F : 09;
    3930 : 09;
    3931 : 09;
    3932 : 0A;
    3933 : 0A;
    3934 : 0B;
    3935 : 0B;
    3936 : 0B;
    3937 : 0B;
    3938 : 0A;
    3939 : 0A;
    393A : 09;
    393B : 09;
    393C : 0A;
    393D : 09;
    393E : 09;
    393F : 09;
    3940 : 09;
    3941 : 09;
    3942 : 09;
    3943 : 09;
    3944 : 09;
    3945 : 09;
    3946 : 09;
    3947 : 09;
    3948 : 09;
    3949 : 09;
    394A : 09;
    394B : 09;
    394C : 09;
    394D : 09;
    394E : 09;
    394F : 09;
    3950 : 08;
    3951 : 09;
    3952 : 09;
    3953 : 09;
    3954 : 09;
    3955 : 09;
    3956 : 09;
    3957 : 09;
    3958 : 09;
    3959 : 09;
    395A : 09;
    395B : 08;
    395C : 08;
    395D : 08;
    395E : 08;
    395F : 08;
    3960 : 09;
    3961 : 08;
    3962 : 08;
    3963 : 09;
    3964 : 08;
    3965 : 08;
    3966 : 07;
    3967 : 08;
    3968 : 08;
    3969 : 09;
    396A : 05;
    396B : 05;
    396C : 06;
    396D : 06;
    396E : 06;
    396F : 06;
    3970 : 06;
    3971 : 05;
    3972 : 05;
    3973 : 01;
    3974 : 00;
    3975 : 03;
    3976 : 06;
    3977 : 05;
    3978 : 06;
    3979 : 07;
    397A : 07;
    397B : 07;
    397C : 07;
    397D : 07;
    397E : 07;
    397F : 06;
    3980 : 0E;
    3981 : 0E;
    3982 : 0E;
    3983 : 0D;
    3984 : 0E;
    3985 : 0E;
    3986 : 0E;
    3987 : 0E;
    3988 : 0E;
    3989 : 0E;
    398A : 0E;
    398B : 0E;
    398C : 0E;
    398D : 0E;
    398E : 0E;
    398F : 0D;
    3990 : 0E;
    3991 : 0D;
    3992 : 0D;
    3993 : 0D;
    3994 : 0D;
    3995 : 0D;
    3996 : 0D;
    3997 : 0D;
    3998 : 0D;
    3999 : 0D;
    399A : 0D;
    399B : 0D;
    399C : 0D;
    399D : 0D;
    399E : 0D;
    399F : 0D;
    39A0 : 0D;
    39A1 : 0D;
    39A2 : 0D;
    39A3 : 0D;
    39A4 : 0D;
    39A5 : 0D;
    39A6 : 0D;
    39A7 : 0D;
    39A8 : 0D;
    39A9 : 0D;
    39AA : 0D;
    39AB : 0D;
    39AC : 0D;
    39AD : 0D;
    39AE : 0D;
    39AF : 0D;
    39B0 : 0A;
    39B1 : 09;
    39B2 : 0A;
    39B3 : 0B;
    39B4 : 0B;
    39B5 : 0B;
    39B6 : 0A;
    39B7 : 09;
    39B8 : 08;
    39B9 : 08;
    39BA : 07;
    39BB : 0A;
    39BC : 08;
    39BD : 07;
    39BE : 07;
    39BF : 08;
    39C0 : 07;
    39C1 : 08;
    39C2 : 08;
    39C3 : 08;
    39C4 : 08;
    39C5 : 08;
    39C6 : 09;
    39C7 : 09;
    39C8 : 08;
    39C9 : 08;
    39CA : 09;
    39CB : 08;
    39CC : 08;
    39CD : 08;
    39CE : 08;
    39CF : 08;
    39D0 : 09;
    39D1 : 0A;
    39D2 : 0A;
    39D3 : 0B;
    39D4 : 0B;
    39D5 : 0B;
    39D6 : 0B;
    39D7 : 0B;
    39D8 : 0A;
    39D9 : 0A;
    39DA : 0A;
    39DB : 0A;
    39DC : 0A;
    39DD : 0A;
    39DE : 09;
    39DF : 0A;
    39E0 : 09;
    39E1 : 09;
    39E2 : 09;
    39E3 : 09;
    39E4 : 09;
    39E5 : 09;
    39E6 : 09;
    39E7 : 09;
    39E8 : 09;
    39E9 : 09;
    39EA : 09;
    39EB : 09;
    39EC : 09;
    39ED : 09;
    39EE : 09;
    39EF : 09;
    39F0 : 08;
    39F1 : 09;
    39F2 : 09;
    39F3 : 09;
    39F4 : 09;
    39F5 : 09;
    39F6 : 09;
    39F7 : 09;
    39F8 : 09;
    39F9 : 08;
    39FA : 08;
    39FB : 08;
    39FC : 08;
    39FD : 09;
    39FE : 09;
    39FF : 09;
    3A00 : 09;
    3A01 : 08;
    3A02 : 09;
    3A03 : 08;
    3A04 : 08;
    3A05 : 08;
    3A06 : 08;
    3A07 : 08;
    3A08 : 09;
    3A09 : 07;
    3A0A : 05;
    3A0B : 06;
    3A0C : 06;
    3A0D : 06;
    3A0E : 06;
    3A0F : 06;
    3A10 : 06;
    3A11 : 05;
    3A12 : 03;
    3A13 : 00;
    3A14 : 01;
    3A15 : 06;
    3A16 : 06;
    3A17 : 06;
    3A18 : 07;
    3A19 : 07;
    3A1A : 07;
    3A1B : 07;
    3A1C : 07;
    3A1D : 07;
    3A1E : 07;
    3A1F : 06;
    3A20 : 0E;
    3A21 : 0E;
    3A22 : 0D;
    3A23 : 0D;
    3A24 : 0E;
    3A25 : 0E;
    3A26 : 0D;
    3A27 : 0E;
    3A28 : 0E;
    3A29 : 0E;
    3A2A : 0E;
    3A2B : 0E;
    3A2C : 0E;
    3A2D : 0E;
    3A2E : 0D;
    3A2F : 0D;
    3A30 : 0D;
    3A31 : 0D;
    3A32 : 0D;
    3A33 : 0D;
    3A34 : 0D;
    3A35 : 0D;
    3A36 : 0D;
    3A37 : 0D;
    3A38 : 0D;
    3A39 : 0D;
    3A3A : 0D;
    3A3B : 0D;
    3A3C : 0D;
    3A3D : 0D;
    3A3E : 0D;
    3A3F : 0D;
    3A40 : 0D;
    3A41 : 0D;
    3A42 : 0D;
    3A43 : 0D;
    3A44 : 0D;
    3A45 : 0D;
    3A46 : 0D;
    3A47 : 0D;
    3A48 : 0D;
    3A49 : 0D;
    3A4A : 0D;
    3A4B : 0D;
    3A4C : 0D;
    3A4D : 0D;
    3A4E : 0C;
    3A4F : 0D;
    3A50 : 0C;
    3A51 : 08;
    3A52 : 0A;
    3A53 : 0B;
    3A54 : 0B;
    3A55 : 0B;
    3A56 : 0A;
    3A57 : 09;
    3A58 : 08;
    3A59 : 09;
    3A5A : 08;
    3A5B : 07;
    3A5C : 07;
    3A5D : 07;
    3A5E : 07;
    3A5F : 08;
    3A60 : 08;
    3A61 : 08;
    3A62 : 07;
    3A63 : 08;
    3A64 : 08;
    3A65 : 07;
    3A66 : 08;
    3A67 : 08;
    3A68 : 08;
    3A69 : 08;
    3A6A : 08;
    3A6B : 08;
    3A6C : 08;
    3A6D : 08;
    3A6E : 08;
    3A6F : 08;
    3A70 : 09;
    3A71 : 0A;
    3A72 : 0B;
    3A73 : 0B;
    3A74 : 0B;
    3A75 : 0B;
    3A76 : 0B;
    3A77 : 0B;
    3A78 : 0A;
    3A79 : 0A;
    3A7A : 0A;
    3A7B : 0A;
    3A7C : 0A;
    3A7D : 09;
    3A7E : 09;
    3A7F : 0A;
    3A80 : 0A;
    3A81 : 09;
    3A82 : 09;
    3A83 : 09;
    3A84 : 09;
    3A85 : 09;
    3A86 : 09;
    3A87 : 09;
    3A88 : 09;
    3A89 : 09;
    3A8A : 09;
    3A8B : 0A;
    3A8C : 09;
    3A8D : 09;
    3A8E : 09;
    3A8F : 09;
    3A90 : 09;
    3A91 : 09;
    3A92 : 09;
    3A93 : 09;
    3A94 : 09;
    3A95 : 09;
    3A96 : 09;
    3A97 : 09;
    3A98 : 09;
    3A99 : 08;
    3A9A : 08;
    3A9B : 08;
    3A9C : 08;
    3A9D : 08;
    3A9E : 09;
    3A9F : 08;
    3AA0 : 08;
    3AA1 : 08;
    3AA2 : 08;
    3AA3 : 08;
    3AA4 : 07;
    3AA5 : 07;
    3AA6 : 08;
    3AA7 : 08;
    3AA8 : 07;
    3AA9 : 04;
    3AAA : 05;
    3AAB : 06;
    3AAC : 06;
    3AAD : 06;
    3AAE : 06;
    3AAF : 07;
    3AB0 : 06;
    3AB1 : 06;
    3AB2 : 03;
    3AB3 : 00;
    3AB4 : 04;
    3AB5 : 07;
    3AB6 : 07;
    3AB7 : 07;
    3AB8 : 07;
    3AB9 : 08;
    3ABA : 07;
    3ABB : 07;
    3ABC : 07;
    3ABD : 07;
    3ABE : 07;
    3ABF : 06;
    3AC0 : 0E;
    3AC1 : 0D;
    3AC2 : 0E;
    3AC3 : 0E;
    3AC4 : 0E;
    3AC5 : 0E;
    3AC6 : 0E;
    3AC7 : 0E;
    3AC8 : 0E;
    3AC9 : 0E;
    3ACA : 0E;
    3ACB : 0E;
    3ACC : 0E;
    3ACD : 0E;
    3ACE : 0E;
    3ACF : 0E;
    3AD0 : 0E;
    3AD1 : 0D;
    3AD2 : 0D;
    3AD3 : 0E;
    3AD4 : 0D;
    3AD5 : 0D;
    3AD6 : 0D;
    3AD7 : 0D;
    3AD8 : 0D;
    3AD9 : 0D;
    3ADA : 0D;
    3ADB : 0D;
    3ADC : 0D;
    3ADD : 0D;
    3ADE : 0D;
    3ADF : 0D;
    3AE0 : 0D;
    3AE1 : 0D;
    3AE2 : 0D;
    3AE3 : 0D;
    3AE4 : 0D;
    3AE5 : 0D;
    3AE6 : 0D;
    3AE7 : 0D;
    3AE8 : 0D;
    3AE9 : 0D;
    3AEA : 0D;
    3AEB : 0D;
    3AEC : 0D;
    3AED : 0D;
    3AEE : 0D;
    3AEF : 0D;
    3AF0 : 0D;
    3AF1 : 0A;
    3AF2 : 09;
    3AF3 : 0A;
    3AF4 : 0B;
    3AF5 : 0B;
    3AF6 : 0B;
    3AF7 : 09;
    3AF8 : 09;
    3AF9 : 0A;
    3AFA : 0A;
    3AFB : 0C;
    3AFC : 09;
    3AFD : 07;
    3AFE : 07;
    3AFF : 07;
    3B00 : 08;
    3B01 : 08;
    3B02 : 07;
    3B03 : 07;
    3B04 : 07;
    3B05 : 06;
    3B06 : 07;
    3B07 : 07;
    3B08 : 07;
    3B09 : 07;
    3B0A : 08;
    3B0B : 08;
    3B0C : 08;
    3B0D : 08;
    3B0E : 08;
    3B0F : 08;
    3B10 : 0A;
    3B11 : 0A;
    3B12 : 0B;
    3B13 : 0B;
    3B14 : 0B;
    3B15 : 0B;
    3B16 : 0B;
    3B17 : 0B;
    3B18 : 0A;
    3B19 : 0A;
    3B1A : 0A;
    3B1B : 0A;
    3B1C : 0A;
    3B1D : 09;
    3B1E : 09;
    3B1F : 09;
    3B20 : 0A;
    3B21 : 09;
    3B22 : 09;
    3B23 : 0A;
    3B24 : 09;
    3B25 : 09;
    3B26 : 09;
    3B27 : 0A;
    3B28 : 0A;
    3B29 : 09;
    3B2A : 0A;
    3B2B : 0A;
    3B2C : 09;
    3B2D : 09;
    3B2E : 09;
    3B2F : 09;
    3B30 : 09;
    3B31 : 09;
    3B32 : 09;
    3B33 : 09;
    3B34 : 09;
    3B35 : 09;
    3B36 : 09;
    3B37 : 08;
    3B38 : 09;
    3B39 : 09;
    3B3A : 09;
    3B3B : 08;
    3B3C : 08;
    3B3D : 08;
    3B3E : 09;
    3B3F : 09;
    3B40 : 08;
    3B41 : 08;
    3B42 : 08;
    3B43 : 07;
    3B44 : 08;
    3B45 : 07;
    3B46 : 08;
    3B47 : 08;
    3B48 : 04;
    3B49 : 05;
    3B4A : 05;
    3B4B : 05;
    3B4C : 06;
    3B4D : 06;
    3B4E : 07;
    3B4F : 07;
    3B50 : 06;
    3B51 : 07;
    3B52 : 04;
    3B53 : 03;
    3B54 : 06;
    3B55 : 07;
    3B56 : 07;
    3B57 : 06;
    3B58 : 06;
    3B59 : 06;
    3B5A : 06;
    3B5B : 06;
    3B5C : 07;
    3B5D : 07;
    3B5E : 07;
    3B5F : 07;
    3B60 : 0E;
    3B61 : 0D;
    3B62 : 0E;
    3B63 : 0E;
    3B64 : 0E;
    3B65 : 0E;
    3B66 : 0E;
    3B67 : 0E;
    3B68 : 0E;
    3B69 : 0E;
    3B6A : 0E;
    3B6B : 0E;
    3B6C : 0E;
    3B6D : 0E;
    3B6E : 0E;
    3B6F : 0E;
    3B70 : 0E;
    3B71 : 0E;
    3B72 : 0D;
    3B73 : 0D;
    3B74 : 0D;
    3B75 : 0D;
    3B76 : 0D;
    3B77 : 0D;
    3B78 : 0D;
    3B79 : 0D;
    3B7A : 0D;
    3B7B : 0D;
    3B7C : 0D;
    3B7D : 0D;
    3B7E : 0D;
    3B7F : 0D;
    3B80 : 0D;
    3B81 : 0D;
    3B82 : 0D;
    3B83 : 0D;
    3B84 : 0D;
    3B85 : 0D;
    3B86 : 0D;
    3B87 : 0D;
    3B88 : 0D;
    3B89 : 0D;
    3B8A : 0D;
    3B8B : 0D;
    3B8C : 0D;
    3B8D : 0D;
    3B8E : 0D;
    3B8F : 0D;
    3B90 : 0D;
    3B91 : 0D;
    3B92 : 09;
    3B93 : 0A;
    3B94 : 0A;
    3B95 : 0B;
    3B96 : 0A;
    3B97 : 0A;
    3B98 : 0A;
    3B99 : 0B;
    3B9A : 0B;
    3B9B : 0D;
    3B9C : 0B;
    3B9D : 07;
    3B9E : 08;
    3B9F : 08;
    3BA0 : 08;
    3BA1 : 08;
    3BA2 : 07;
    3BA3 : 05;
    3BA4 : 05;
    3BA5 : 05;
    3BA6 : 05;
    3BA7 : 06;
    3BA8 : 05;
    3BA9 : 06;
    3BAA : 06;
    3BAB : 07;
    3BAC : 07;
    3BAD : 07;
    3BAE : 08;
    3BAF : 0A;
    3BB0 : 0B;
    3BB1 : 0C;
    3BB2 : 0C;
    3BB3 : 0C;
    3BB4 : 0C;
    3BB5 : 0B;
    3BB6 : 0B;
    3BB7 : 0B;
    3BB8 : 0A;
    3BB9 : 0A;
    3BBA : 0A;
    3BBB : 0A;
    3BBC : 09;
    3BBD : 09;
    3BBE : 09;
    3BBF : 09;
    3BC0 : 0A;
    3BC1 : 09;
    3BC2 : 0A;
    3BC3 : 0A;
    3BC4 : 09;
    3BC5 : 08;
    3BC6 : 09;
    3BC7 : 09;
    3BC8 : 0A;
    3BC9 : 0A;
    3BCA : 09;
    3BCB : 09;
    3BCC : 09;
    3BCD : 09;
    3BCE : 09;
    3BCF : 09;
    3BD0 : 09;
    3BD1 : 09;
    3BD2 : 09;
    3BD3 : 09;
    3BD4 : 09;
    3BD5 : 09;
    3BD6 : 09;
    3BD7 : 08;
    3BD8 : 09;
    3BD9 : 09;
    3BDA : 08;
    3BDB : 08;
    3BDC : 09;
    3BDD : 09;
    3BDE : 09;
    3BDF : 08;
    3BE0 : 08;
    3BE1 : 08;
    3BE2 : 07;
    3BE3 : 07;
    3BE4 : 08;
    3BE5 : 08;
    3BE6 : 07;
    3BE7 : 05;
    3BE8 : 05;
    3BE9 : 05;
    3BEA : 05;
    3BEB : 06;
    3BEC : 06;
    3BED : 06;
    3BEE : 06;
    3BEF : 07;
    3BF0 : 06;
    3BF1 : 07;
    3BF2 : 05;
    3BF3 : 04;
    3BF4 : 06;
    3BF5 : 07;
    3BF6 : 05;
    3BF7 : 07;
    3BF8 : 05;
    3BF9 : 04;
    3BFA : 06;
    3BFB : 06;
    3BFC : 07;
    3BFD : 07;
    3BFE : 07;
    3BFF : 07;
    3C00 : 0E;
    3C01 : 0D;
    3C02 : 0E;
    3C03 : 0E;
    3C04 : 0E;
    3C05 : 0E;
    3C06 : 0E;
    3C07 : 0E;
    3C08 : 0E;
    3C09 : 0E;
    3C0A : 0E;
    3C0B : 0E;
    3C0C : 0E;
    3C0D : 0E;
    3C0E : 0E;
    3C0F : 0E;
    3C10 : 0D;
    3C11 : 0E;
    3C12 : 0E;
    3C13 : 0D;
    3C14 : 0D;
    3C15 : 0D;
    3C16 : 0D;
    3C17 : 0D;
    3C18 : 0D;
    3C19 : 0D;
    3C1A : 0D;
    3C1B : 0D;
    3C1C : 0D;
    3C1D : 0D;
    3C1E : 0D;
    3C1F : 0D;
    3C20 : 0D;
    3C21 : 0D;
    3C22 : 0D;
    3C23 : 0D;
    3C24 : 0D;
    3C25 : 0D;
    3C26 : 0D;
    3C27 : 0D;
    3C28 : 0D;
    3C29 : 0D;
    3C2A : 0D;
    3C2B : 0D;
    3C2C : 0D;
    3C2D : 0D;
    3C2E : 0D;
    3C2F : 0D;
    3C30 : 0D;
    3C31 : 0D;
    3C32 : 0A;
    3C33 : 09;
    3C34 : 0A;
    3C35 : 0A;
    3C36 : 0A;
    3C37 : 0B;
    3C38 : 0A;
    3C39 : 0B;
    3C3A : 0C;
    3C3B : 0E;
    3C3C : 0D;
    3C3D : 08;
    3C3E : 08;
    3C3F : 08;
    3C40 : 08;
    3C41 : 07;
    3C42 : 05;
    3C43 : 05;
    3C44 : 06;
    3C45 : 07;
    3C46 : 08;
    3C47 : 07;
    3C48 : 08;
    3C49 : 07;
    3C4A : 06;
    3C4B : 06;
    3C4C : 06;
    3C4D : 07;
    3C4E : 0A;
    3C4F : 0B;
    3C50 : 0C;
    3C51 : 0C;
    3C52 : 0C;
    3C53 : 0C;
    3C54 : 0C;
    3C55 : 0B;
    3C56 : 0B;
    3C57 : 0B;
    3C58 : 0B;
    3C59 : 0A;
    3C5A : 0A;
    3C5B : 0A;
    3C5C : 0A;
    3C5D : 09;
    3C5E : 09;
    3C5F : 09;
    3C60 : 09;
    3C61 : 09;
    3C62 : 0A;
    3C63 : 0A;
    3C64 : 09;
    3C65 : 08;
    3C66 : 09;
    3C67 : 09;
    3C68 : 09;
    3C69 : 0A;
    3C6A : 09;
    3C6B : 09;
    3C6C : 09;
    3C6D : 09;
    3C6E : 09;
    3C6F : 09;
    3C70 : 08;
    3C71 : 09;
    3C72 : 09;
    3C73 : 09;
    3C74 : 09;
    3C75 : 09;
    3C76 : 09;
    3C77 : 09;
    3C78 : 09;
    3C79 : 08;
    3C7A : 08;
    3C7B : 08;
    3C7C : 09;
    3C7D : 09;
    3C7E : 08;
    3C7F : 08;
    3C80 : 08;
    3C81 : 08;
    3C82 : 08;
    3C83 : 07;
    3C84 : 08;
    3C85 : 08;
    3C86 : 05;
    3C87 : 05;
    3C88 : 06;
    3C89 : 06;
    3C8A : 06;
    3C8B : 06;
    3C8C : 06;
    3C8D : 07;
    3C8E : 07;
    3C8F : 08;
    3C90 : 07;
    3C91 : 07;
    3C92 : 06;
    3C93 : 05;
    3C94 : 07;
    3C95 : 06;
    3C96 : 01;
    3C97 : 02;
    3C98 : 03;
    3C99 : 05;
    3C9A : 07;
    3C9B : 07;
    3C9C : 07;
    3C9D : 07;
    3C9E : 07;
    3C9F : 07;
    3CA0 : 0E;
    3CA1 : 0D;
    3CA2 : 0E;
    3CA3 : 0E;
    3CA4 : 0E;
    3CA5 : 0E;
    3CA6 : 0E;
    3CA7 : 0E;
    3CA8 : 0E;
    3CA9 : 0E;
    3CAA : 0E;
    3CAB : 0E;
    3CAC : 0E;
    3CAD : 0E;
    3CAE : 0E;
    3CAF : 0E;
    3CB0 : 0D;
    3CB1 : 0D;
    3CB2 : 0D;
    3CB3 : 0E;
    3CB4 : 0D;
    3CB5 : 0D;
    3CB6 : 0D;
    3CB7 : 0D;
    3CB8 : 0D;
    3CB9 : 0D;
    3CBA : 0D;
    3CBB : 0D;
    3CBC : 0D;
    3CBD : 0D;
    3CBE : 0D;
    3CBF : 0D;
    3CC0 : 0D;
    3CC1 : 0D;
    3CC2 : 0D;
    3CC3 : 0D;
    3CC4 : 0D;
    3CC5 : 0D;
    3CC6 : 0D;
    3CC7 : 0D;
    3CC8 : 0D;
    3CC9 : 0D;
    3CCA : 0D;
    3CCB : 0D;
    3CCC : 0D;
    3CCD : 0D;
    3CCE : 0D;
    3CCF : 0D;
    3CD0 : 0D;
    3CD1 : 0D;
    3CD2 : 0C;
    3CD3 : 09;
    3CD4 : 0A;
    3CD5 : 0A;
    3CD6 : 0A;
    3CD7 : 0A;
    3CD8 : 0B;
    3CD9 : 0B;
    3CDA : 0C;
    3CDB : 0E;
    3CDC : 0C;
    3CDD : 0A;
    3CDE : 08;
    3CDF : 08;
    3CE0 : 07;
    3CE1 : 06;
    3CE2 : 06;
    3CE3 : 09;
    3CE4 : 0B;
    3CE5 : 0C;
    3CE6 : 0C;
    3CE7 : 0A;
    3CE8 : 0B;
    3CE9 : 0A;
    3CEA : 0A;
    3CEB : 0B;
    3CEC : 0A;
    3CED : 0B;
    3CEE : 0B;
    3CEF : 0C;
    3CF0 : 0C;
    3CF1 : 0C;
    3CF2 : 0C;
    3CF3 : 0C;
    3CF4 : 0B;
    3CF5 : 0B;
    3CF6 : 0B;
    3CF7 : 0B;
    3CF8 : 0A;
    3CF9 : 0A;
    3CFA : 0A;
    3CFB : 0A;
    3CFC : 09;
    3CFD : 09;
    3CFE : 09;
    3CFF : 09;
    3D00 : 09;
    3D01 : 0A;
    3D02 : 0A;
    3D03 : 0A;
    3D04 : 09;
    3D05 : 0A;
    3D06 : 09;
    3D07 : 09;
    3D08 : 0A;
    3D09 : 0A;
    3D0A : 0A;
    3D0B : 09;
    3D0C : 09;
    3D0D : 09;
    3D0E : 09;
    3D0F : 09;
    3D10 : 09;
    3D11 : 09;
    3D12 : 09;
    3D13 : 08;
    3D14 : 09;
    3D15 : 09;
    3D16 : 09;
    3D17 : 09;
    3D18 : 09;
    3D19 : 08;
    3D1A : 08;
    3D1B : 08;
    3D1C : 09;
    3D1D : 08;
    3D1E : 08;
    3D1F : 08;
    3D20 : 08;
    3D21 : 08;
    3D22 : 08;
    3D23 : 08;
    3D24 : 08;
    3D25 : 05;
    3D26 : 05;
    3D27 : 05;
    3D28 : 06;
    3D29 : 06;
    3D2A : 06;
    3D2B : 06;
    3D2C : 07;
    3D2D : 07;
    3D2E : 07;
    3D2F : 08;
    3D30 : 07;
    3D31 : 07;
    3D32 : 06;
    3D33 : 05;
    3D34 : 07;
    3D35 : 02;
    3D36 : 00;
    3D37 : 00;
    3D38 : 05;
    3D39 : 06;
    3D3A : 07;
    3D3B : 07;
    3D3C : 07;
    3D3D : 07;
    3D3E : 07;
    3D3F : 05;
    3D40 : 0E;
    3D41 : 0E;
    3D42 : 0E;
    3D43 : 0E;
    3D44 : 0E;
    3D45 : 0E;
    3D46 : 0E;
    3D47 : 0E;
    3D48 : 0E;
    3D49 : 0E;
    3D4A : 0E;
    3D4B : 0E;
    3D4C : 0E;
    3D4D : 0E;
    3D4E : 0E;
    3D4F : 0E;
    3D50 : 0E;
    3D51 : 0E;
    3D52 : 0D;
    3D53 : 0D;
    3D54 : 0D;
    3D55 : 0D;
    3D56 : 0D;
    3D57 : 0D;
    3D58 : 0D;
    3D59 : 0D;
    3D5A : 0D;
    3D5B : 0D;
    3D5C : 0D;
    3D5D : 0D;
    3D5E : 0D;
    3D5F : 0D;
    3D60 : 0D;
    3D61 : 0D;
    3D62 : 0D;
    3D63 : 0D;
    3D64 : 0D;
    3D65 : 0D;
    3D66 : 0D;
    3D67 : 0D;
    3D68 : 0D;
    3D69 : 0D;
    3D6A : 0D;
    3D6B : 0D;
    3D6C : 0D;
    3D6D : 0D;
    3D6E : 0D;
    3D6F : 0D;
    3D70 : 0D;
    3D71 : 0D;
    3D72 : 0D;
    3D73 : 0A;
    3D74 : 09;
    3D75 : 0A;
    3D76 : 09;
    3D77 : 09;
    3D78 : 0A;
    3D79 : 0B;
    3D7A : 0C;
    3D7B : 0D;
    3D7C : 0C;
    3D7D : 0A;
    3D7E : 09;
    3D7F : 09;
    3D80 : 08;
    3D81 : 0A;
    3D82 : 0D;
    3D83 : 0D;
    3D84 : 0E;
    3D85 : 0D;
    3D86 : 0D;
    3D87 : 0C;
    3D88 : 0D;
    3D89 : 0D;
    3D8A : 0D;
    3D8B : 0D;
    3D8C : 0C;
    3D8D : 0C;
    3D8E : 0C;
    3D8F : 0C;
    3D90 : 0C;
    3D91 : 0C;
    3D92 : 0C;
    3D93 : 0B;
    3D94 : 0B;
    3D95 : 0B;
    3D96 : 0B;
    3D97 : 0B;
    3D98 : 0A;
    3D99 : 0A;
    3D9A : 0A;
    3D9B : 09;
    3D9C : 09;
    3D9D : 09;
    3D9E : 09;
    3D9F : 09;
    3DA0 : 09;
    3DA1 : 09;
    3DA2 : 0A;
    3DA3 : 0A;
    3DA4 : 09;
    3DA5 : 08;
    3DA6 : 09;
    3DA7 : 09;
    3DA8 : 0A;
    3DA9 : 09;
    3DAA : 0A;
    3DAB : 0A;
    3DAC : 09;
    3DAD : 09;
    3DAE : 09;
    3DAF : 09;
    3DB0 : 09;
    3DB1 : 09;
    3DB2 : 09;
    3DB3 : 09;
    3DB4 : 09;
    3DB5 : 09;
    3DB6 : 09;
    3DB7 : 08;
    3DB8 : 09;
    3DB9 : 08;
    3DBA : 08;
    3DBB : 08;
    3DBC : 08;
    3DBD : 07;
    3DBE : 08;
    3DBF : 08;
    3DC0 : 08;
    3DC1 : 08;
    3DC2 : 09;
    3DC3 : 07;
    3DC4 : 05;
    3DC5 : 05;
    3DC6 : 05;
    3DC7 : 06;
    3DC8 : 06;
    3DC9 : 06;
    3DCA : 06;
    3DCB : 06;
    3DCC : 07;
    3DCD : 07;
    3DCE : 07;
    3DCF : 07;
    3DD0 : 07;
    3DD1 : 07;
    3DD2 : 06;
    3DD3 : 07;
    3DD4 : 04;
    3DD5 : 00;
    3DD6 : 00;
    3DD7 : 03;
    3DD8 : 07;
    3DD9 : 07;
    3DDA : 07;
    3DDB : 07;
    3DDC : 07;
    3DDD : 07;
    3DDE : 07;
    3DDF : 06;
    3DE0 : 0E;
    3DE1 : 0E;
    3DE2 : 0E;
    3DE3 : 0E;
    3DE4 : 0E;
    3DE5 : 0E;
    3DE6 : 0E;
    3DE7 : 0E;
    3DE8 : 0E;
    3DE9 : 0E;
    3DEA : 0E;
    3DEB : 0E;
    3DEC : 0E;
    3DED : 0E;
    3DEE : 0E;
    3DEF : 0E;
    3DF0 : 0E;
    3DF1 : 0E;
    3DF2 : 0E;
    3DF3 : 0E;
    3DF4 : 0E;
    3DF5 : 0E;
    3DF6 : 0D;
    3DF7 : 0D;
    3DF8 : 0D;
    3DF9 : 0D;
    3DFA : 0E;
    3DFB : 0D;
    3DFC : 0D;
    3DFD : 0D;
    3DFE : 0D;
    3DFF : 0D;
    3E00 : 0D;
    3E01 : 0D;
    3E02 : 0D;
    3E03 : 0D;
    3E04 : 0D;
    3E05 : 0D;
    3E06 : 0D;
    3E07 : 0D;
    3E08 : 0D;
    3E09 : 0D;
    3E0A : 0D;
    3E0B : 0D;
    3E0C : 0D;
    3E0D : 0D;
    3E0E : 0D;
    3E0F : 0D;
    3E10 : 0D;
    3E11 : 0D;
    3E12 : 0D;
    3E13 : 0C;
    3E14 : 09;
    3E15 : 09;
    3E16 : 09;
    3E17 : 09;
    3E18 : 0A;
    3E19 : 0B;
    3E1A : 0C;
    3E1B : 0D;
    3E1C : 0C;
    3E1D : 0B;
    3E1E : 0B;
    3E1F : 0B;
    3E20 : 0C;
    3E21 : 0E;
    3E22 : 0E;
    3E23 : 0E;
    3E24 : 0D;
    3E25 : 0D;
    3E26 : 0D;
    3E27 : 0D;
    3E28 : 0D;
    3E29 : 0D;
    3E2A : 0D;
    3E2B : 0D;
    3E2C : 0C;
    3E2D : 0C;
    3E2E : 0C;
    3E2F : 0C;
    3E30 : 0C;
    3E31 : 0B;
    3E32 : 0C;
    3E33 : 0B;
    3E34 : 0B;
    3E35 : 0B;
    3E36 : 0B;
    3E37 : 0B;
    3E38 : 0A;
    3E39 : 09;
    3E3A : 09;
    3E3B : 09;
    3E3C : 08;
    3E3D : 09;
    3E3E : 09;
    3E3F : 09;
    3E40 : 09;
    3E41 : 09;
    3E42 : 0A;
    3E43 : 0A;
    3E44 : 09;
    3E45 : 08;
    3E46 : 09;
    3E47 : 09;
    3E48 : 0A;
    3E49 : 09;
    3E4A : 0A;
    3E4B : 09;
    3E4C : 09;
    3E4D : 09;
    3E4E : 09;
    3E4F : 09;
    3E50 : 09;
    3E51 : 09;
    3E52 : 09;
    3E53 : 09;
    3E54 : 09;
    3E55 : 09;
    3E56 : 08;
    3E57 : 08;
    3E58 : 09;
    3E59 : 08;
    3E5A : 08;
    3E5B : 08;
    3E5C : 08;
    3E5D : 08;
    3E5E : 08;
    3E5F : 08;
    3E60 : 08;
    3E61 : 08;
    3E62 : 07;
    3E63 : 05;
    3E64 : 05;
    3E65 : 06;
    3E66 : 06;
    3E67 : 06;
    3E68 : 06;
    3E69 : 06;
    3E6A : 06;
    3E6B : 07;
    3E6C : 07;
    3E6D : 07;
    3E6E : 07;
    3E6F : 07;
    3E70 : 07;
    3E71 : 07;
    3E72 : 07;
    3E73 : 07;
    3E74 : 02;
    3E75 : 00;
    3E76 : 01;
    3E77 : 05;
    3E78 : 06;
    3E79 : 07;
    3E7A : 07;
    3E7B : 07;
    3E7C : 07;
    3E7D : 07;
    3E7E : 07;
    3E7F : 06;
    3E80 : 0E;
    3E81 : 0E;
    3E82 : 0E;
    3E83 : 0E;
    3E84 : 0E;
    3E85 : 0E;
    3E86 : 0E;
    3E87 : 0E;
    3E88 : 0E;
    3E89 : 0E;
    3E8A : 0E;
    3E8B : 0E;
    3E8C : 0E;
    3E8D : 0E;
    3E8E : 0E;
    3E8F : 0E;
    3E90 : 0E;
    3E91 : 0E;
    3E92 : 0E;
    3E93 : 0E;
    3E94 : 0E;
    3E95 : 0D;
    3E96 : 0D;
    3E97 : 0D;
    3E98 : 0D;
    3E99 : 0D;
    3E9A : 0E;
    3E9B : 0D;
    3E9C : 0D;
    3E9D : 0D;
    3E9E : 0D;
    3E9F : 0D;
    3EA0 : 0D;
    3EA1 : 0D;
    3EA2 : 0D;
    3EA3 : 0D;
    3EA4 : 0D;
    3EA5 : 0D;
    3EA6 : 0D;
    3EA7 : 0D;
    3EA8 : 0D;
    3EA9 : 0D;
    3EAA : 0D;
    3EAB : 0D;
    3EAC : 0D;
    3EAD : 0D;
    3EAE : 0D;
    3EAF : 0D;
    3EB0 : 0D;
    3EB1 : 0D;
    3EB2 : 0D;
    3EB3 : 0D;
    3EB4 : 09;
    3EB5 : 09;
    3EB6 : 09;
    3EB7 : 09;
    3EB8 : 09;
    3EB9 : 0B;
    3EBA : 0C;
    3EBB : 0D;
    3EBC : 0D;
    3EBD : 0C;
    3EBE : 0D;
    3EBF : 0E;
    3EC0 : 0F;
    3EC1 : 0F;
    3EC2 : 0E;
    3EC3 : 0D;
    3EC4 : 0C;
    3EC5 : 0C;
    3EC6 : 0D;
    3EC7 : 0C;
    3EC8 : 0C;
    3EC9 : 0C;
    3ECA : 0C;
    3ECB : 0C;
    3ECC : 0C;
    3ECD : 0C;
    3ECE : 0C;
    3ECF : 0B;
    3ED0 : 0B;
    3ED1 : 0B;
    3ED2 : 0B;
    3ED3 : 0B;
    3ED4 : 0B;
    3ED5 : 0B;
    3ED6 : 0B;
    3ED7 : 0B;
    3ED8 : 09;
    3ED9 : 09;
    3EDA : 09;
    3EDB : 09;
    3EDC : 08;
    3EDD : 09;
    3EDE : 09;
    3EDF : 09;
    3EE0 : 0A;
    3EE1 : 09;
    3EE2 : 0A;
    3EE3 : 0A;
    3EE4 : 09;
    3EE5 : 0A;
    3EE6 : 09;
    3EE7 : 09;
    3EE8 : 09;
    3EE9 : 09;
    3EEA : 09;
    3EEB : 09;
    3EEC : 09;
    3EED : 09;
    3EEE : 09;
    3EEF : 09;
    3EF0 : 08;
    3EF1 : 09;
    3EF2 : 09;
    3EF3 : 09;
    3EF4 : 09;
    3EF5 : 09;
    3EF6 : 09;
    3EF7 : 09;
    3EF8 : 09;
    3EF9 : 08;
    3EFA : 08;
    3EFB : 08;
    3EFC : 08;
    3EFD : 08;
    3EFE : 08;
    3EFF : 07;
    3F00 : 08;
    3F01 : 06;
    3F02 : 05;
    3F03 : 05;
    3F04 : 05;
    3F05 : 06;
    3F06 : 06;
    3F07 : 06;
    3F08 : 06;
    3F09 : 06;
    3F0A : 06;
    3F0B : 07;
    3F0C : 07;
    3F0D : 07;
    3F0E : 07;
    3F0F : 07;
    3F10 : 07;
    3F11 : 07;
    3F12 : 07;
    3F13 : 06;
    3F14 : 03;
    3F15 : 00;
    3F16 : 04;
    3F17 : 06;
    3F18 : 07;
    3F19 : 07;
    3F1A : 07;
    3F1B : 07;
    3F1C : 07;
    3F1D : 08;
    3F1E : 07;
    3F1F : 06;
    3F20 : 0E;
    3F21 : 0E;
    3F22 : 0E;
    3F23 : 0E;
    3F24 : 0E;
    3F25 : 0E;
    3F26 : 0E;
    3F27 : 0E;
    3F28 : 0E;
    3F29 : 0E;
    3F2A : 0E;
    3F2B : 0E;
    3F2C : 0E;
    3F2D : 0E;
    3F2E : 0E;
    3F2F : 0E;
    3F30 : 0E;
    3F31 : 0E;
    3F32 : 0E;
    3F33 : 0E;
    3F34 : 0E;
    3F35 : 0E;
    3F36 : 0E;
    3F37 : 0D;
    3F38 : 0D;
    3F39 : 0D;
    3F3A : 0E;
    3F3B : 0D;
    3F3C : 0D;
    3F3D : 0D;
    3F3E : 0D;
    3F3F : 0D;
    3F40 : 0D;
    3F41 : 0D;
    3F42 : 0D;
    3F43 : 0D;
    3F44 : 0D;
    3F45 : 0D;
    3F46 : 0D;
    3F47 : 0D;
    3F48 : 0D;
    3F49 : 0D;
    3F4A : 0D;
    3F4B : 0D;
    3F4C : 0D;
    3F4D : 0D;
    3F4E : 0D;
    3F4F : 0D;
    3F50 : 0D;
    3F51 : 0D;
    3F52 : 0D;
    3F53 : 0D;
    3F54 : 0B;
    3F55 : 08;
    3F56 : 09;
    3F57 : 09;
    3F58 : 09;
    3F59 : 0A;
    3F5A : 0B;
    3F5B : 0D;
    3F5C : 0D;
    3F5D : 0D;
    3F5E : 0E;
    3F5F : 0E;
    3F60 : 0F;
    3F61 : 0E;
    3F62 : 0D;
    3F63 : 0C;
    3F64 : 0B;
    3F65 : 0B;
    3F66 : 0B;
    3F67 : 0C;
    3F68 : 0C;
    3F69 : 0B;
    3F6A : 0C;
    3F6B : 0C;
    3F6C : 0B;
    3F6D : 0B;
    3F6E : 0B;
    3F6F : 0B;
    3F70 : 0B;
    3F71 : 0B;
    3F72 : 0B;
    3F73 : 0B;
    3F74 : 0A;
    3F75 : 0A;
    3F76 : 0A;
    3F77 : 0A;
    3F78 : 08;
    3F79 : 08;
    3F7A : 09;
    3F7B : 09;
    3F7C : 09;
    3F7D : 09;
    3F7E : 09;
    3F7F : 09;
    3F80 : 09;
    3F81 : 09;
    3F82 : 0A;
    3F83 : 09;
    3F84 : 09;
    3F85 : 09;
    3F86 : 09;
    3F87 : 09;
    3F88 : 09;
    3F89 : 09;
    3F8A : 09;
    3F8B : 09;
    3F8C : 09;
    3F8D : 09;
    3F8E : 09;
    3F8F : 09;
    3F90 : 09;
    3F91 : 09;
    3F92 : 09;
    3F93 : 09;
    3F94 : 09;
    3F95 : 09;
    3F96 : 09;
    3F97 : 08;
    3F98 : 08;
    3F99 : 08;
    3F9A : 09;
    3F9B : 08;
    3F9C : 08;
    3F9D : 08;
    3F9E : 08;
    3F9F : 07;
    3FA0 : 06;
    3FA1 : 05;
    3FA2 : 05;
    3FA3 : 05;
    3FA4 : 05;
    3FA5 : 06;
    3FA6 : 06;
    3FA7 : 06;
    3FA8 : 06;
    3FA9 : 07;
    3FAA : 07;
    3FAB : 07;
    3FAC : 07;
    3FAD : 07;
    3FAE : 07;
    3FAF : 07;
    3FB0 : 07;
    3FB1 : 08;
    3FB2 : 07;
    3FB3 : 07;
    3FB4 : 01;
    3FB5 : 01;
    3FB6 : 05;
    3FB7 : 05;
    3FB8 : 07;
    3FB9 : 07;
    3FBA : 07;
    3FBB : 07;
    3FBC : 07;
    3FBD : 07;
    3FBE : 07;
    3FBF : 06;
    3FC0 : 0E;
    3FC1 : 0E;
    3FC2 : 0E;
    3FC3 : 0E;
    3FC4 : 0E;
    3FC5 : 0E;
    3FC6 : 0E;
    3FC7 : 0E;
    3FC8 : 0E;
    3FC9 : 0E;
    3FCA : 0E;
    3FCB : 0E;
    3FCC : 0E;
    3FCD : 0E;
    3FCE : 0E;
    3FCF : 0E;
    3FD0 : 0E;
    3FD1 : 0E;
    3FD2 : 0E;
    3FD3 : 0E;
    3FD4 : 0E;
    3FD5 : 0E;
    3FD6 : 0E;
    3FD7 : 0D;
    3FD8 : 0E;
    3FD9 : 0D;
    3FDA : 0D;
    3FDB : 0D;
    3FDC : 0D;
    3FDD : 0D;
    3FDE : 0D;
    3FDF : 0D;
    3FE0 : 0D;
    3FE1 : 0D;
    3FE2 : 0D;
    3FE3 : 0D;
    3FE4 : 0D;
    3FE5 : 0D;
    3FE6 : 0D;
    3FE7 : 0D;
    3FE8 : 0D;
    3FE9 : 0D;
    3FEA : 0D;
    3FEB : 0D;
    3FEC : 0D;
    3FED : 0D;
    3FEE : 0D;
    3FEF : 0D;
    3FF0 : 0D;
    3FF1 : 0D;
    3FF2 : 0D;
    3FF3 : 0D;
    3FF4 : 0E;
    3FF5 : 09;
    3FF6 : 09;
    3FF7 : 09;
    3FF8 : 09;
    3FF9 : 0A;
    3FFA : 0B;
    3FFB : 0C;
    3FFC : 0D;
    3FFD : 0E;
    3FFE : 0E;
    3FFF : 0F;
    4000 : 0E;
    4001 : 0D;
    4002 : 0C;
    4003 : 0B;
    4004 : 0B;
    4005 : 0B;
    4006 : 09;
    4007 : 0B;
    4008 : 0B;
    4009 : 0B;
    400A : 0B;
    400B : 0B;
    400C : 0B;
    400D : 0A;
    400E : 0B;
    400F : 0B;
    4010 : 0A;
    4011 : 0A;
    4012 : 0A;
    4013 : 0A;
    4014 : 0A;
    4015 : 09;
    4016 : 09;
    4017 : 09;
    4018 : 09;
    4019 : 09;
    401A : 09;
    401B : 09;
    401C : 09;
    401D : 09;
    401E : 09;
    401F : 09;
    4020 : 09;
    4021 : 09;
    4022 : 0A;
    4023 : 09;
    4024 : 09;
    4025 : 09;
    4026 : 09;
    4027 : 09;
    4028 : 09;
    4029 : 09;
    402A : 09;
    402B : 09;
    402C : 09;
    402D : 09;
    402E : 09;
    402F : 09;
    4030 : 09;
    4031 : 09;
    4032 : 09;
    4033 : 09;
    4034 : 09;
    4035 : 09;
    4036 : 09;
    4037 : 08;
    4038 : 08;
    4039 : 08;
    403A : 08;
    403B : 08;
    403C : 08;
    403D : 08;
    403E : 07;
    403F : 06;
    4040 : 05;
    4041 : 05;
    4042 : 05;
    4043 : 06;
    4044 : 06;
    4045 : 06;
    4046 : 06;
    4047 : 06;
    4048 : 07;
    4049 : 07;
    404A : 07;
    404B : 07;
    404C : 07;
    404D : 07;
    404E : 07;
    404F : 07;
    4050 : 07;
    4051 : 07;
    4052 : 07;
    4053 : 07;
    4054 : 03;
    4055 : 02;
    4056 : 06;
    4057 : 06;
    4058 : 07;
    4059 : 07;
    405A : 07;
    405B : 07;
    405C : 07;
    405D : 07;
    405E : 07;
    405F : 06;
    4060 : 0E;
    4061 : 0E;
    4062 : 0E;
    4063 : 0E;
    4064 : 0E;
    4065 : 0E;
    4066 : 0E;
    4067 : 0E;
    4068 : 0E;
    4069 : 0E;
    406A : 0E;
    406B : 0E;
    406C : 0E;
    406D : 0E;
    406E : 0E;
    406F : 0E;
    4070 : 0E;
    4071 : 0E;
    4072 : 0E;
    4073 : 0E;
    4074 : 0E;
    4075 : 0E;
    4076 : 0E;
    4077 : 0E;
    4078 : 0E;
    4079 : 0D;
    407A : 0D;
    407B : 0D;
    407C : 0D;
    407D : 0D;
    407E : 0D;
    407F : 0D;
    4080 : 0D;
    4081 : 0D;
    4082 : 0D;
    4083 : 0D;
    4084 : 0D;
    4085 : 0D;
    4086 : 0D;
    4087 : 0D;
    4088 : 0D;
    4089 : 0D;
    408A : 0D;
    408B : 0D;
    408C : 0D;
    408D : 0D;
    408E : 0D;
    408F : 0D;
    4090 : 0D;
    4091 : 0D;
    4092 : 0D;
    4093 : 0D;
    4094 : 0D;
    4095 : 0C;
    4096 : 08;
    4097 : 09;
    4098 : 09;
    4099 : 0A;
    409A : 0B;
    409B : 0C;
    409C : 0E;
    409D : 0F;
    409E : 0F;
    409F : 0E;
    40A0 : 0D;
    40A1 : 0C;
    40A2 : 0B;
    40A3 : 0A;
    40A4 : 0A;
    40A5 : 0A;
    40A6 : 0A;
    40A7 : 0A;
    40A8 : 0A;
    40A9 : 0A;
    40AA : 0A;
    40AB : 0A;
    40AC : 0A;
    40AD : 0A;
    40AE : 0A;
    40AF : 0A;
    40B0 : 0A;
    40B1 : 09;
    40B2 : 09;
    40B3 : 09;
    40B4 : 09;
    40B5 : 09;
    40B6 : 09;
    40B7 : 09;
    40B8 : 09;
    40B9 : 09;
    40BA : 09;
    40BB : 09;
    40BC : 09;
    40BD : 09;
    40BE : 09;
    40BF : 09;
    40C0 : 09;
    40C1 : 09;
    40C2 : 09;
    40C3 : 0A;
    40C4 : 09;
    40C5 : 09;
    40C6 : 0A;
    40C7 : 09;
    40C8 : 09;
    40C9 : 09;
    40CA : 09;
    40CB : 09;
    40CC : 09;
    40CD : 09;
    40CE : 09;
    40CF : 09;
    40D0 : 09;
    40D1 : 09;
    40D2 : 09;
    40D3 : 09;
    40D4 : 09;
    40D5 : 08;
    40D6 : 08;
    40D7 : 08;
    40D8 : 08;
    40D9 : 08;
    40DA : 08;
    40DB : 08;
    40DC : 08;
    40DD : 06;
    40DE : 05;
    40DF : 05;
    40E0 : 05;
    40E1 : 05;
    40E2 : 06;
    40E3 : 06;
    40E4 : 06;
    40E5 : 06;
    40E6 : 07;
    40E7 : 07;
    40E8 : 07;
    40E9 : 07;
    40EA : 07;
    40EB : 07;
    40EC : 07;
    40ED : 07;
    40EE : 07;
    40EF : 07;
    40F0 : 07;
    40F1 : 07;
    40F2 : 07;
    40F3 : 07;
    40F4 : 04;
    40F5 : 03;
    40F6 : 06;
    40F7 : 06;
    40F8 : 07;
    40F9 : 07;
    40FA : 07;
    40FB : 07;
    40FC : 07;
    40FD : 07;
    40FE : 07;
    40FF : 06;
    4100 : 0E;
    4101 : 0E;
    4102 : 0E;
    4103 : 0E;
    4104 : 0E;
    4105 : 0E;
    4106 : 0E;
    4107 : 0E;
    4108 : 0E;
    4109 : 0E;
    410A : 0E;
    410B : 0E;
    410C : 0E;
    410D : 0E;
    410E : 0E;
    410F : 0E;
    4110 : 0E;
    4111 : 0E;
    4112 : 0E;
    4113 : 0E;
    4114 : 0E;
    4115 : 0E;
    4116 : 0E;
    4117 : 0E;
    4118 : 0E;
    4119 : 0E;
    411A : 0E;
    411B : 0D;
    411C : 0D;
    411D : 0D;
    411E : 0D;
    411F : 0D;
    4120 : 0D;
    4121 : 0D;
    4122 : 0D;
    4123 : 0D;
    4124 : 0D;
    4125 : 0D;
    4126 : 0D;
    4127 : 0D;
    4128 : 0D;
    4129 : 0D;
    412A : 0D;
    412B : 0D;
    412C : 0D;
    412D : 0D;
    412E : 0D;
    412F : 0D;
    4130 : 0D;
    4131 : 0D;
    4132 : 0D;
    4133 : 0D;
    4134 : 0D;
    4135 : 0E;
    4136 : 09;
    4137 : 08;
    4138 : 09;
    4139 : 0A;
    413A : 0B;
    413B : 0C;
    413C : 0D;
    413D : 0F;
    413E : 0E;
    413F : 0E;
    4140 : 0C;
    4141 : 0B;
    4142 : 0A;
    4143 : 0A;
    4144 : 0A;
    4145 : 09;
    4146 : 09;
    4147 : 09;
    4148 : 0A;
    4149 : 09;
    414A : 09;
    414B : 09;
    414C : 09;
    414D : 09;
    414E : 09;
    414F : 09;
    4150 : 08;
    4151 : 08;
    4152 : 09;
    4153 : 09;
    4154 : 09;
    4155 : 09;
    4156 : 08;
    4157 : 09;
    4158 : 09;
    4159 : 09;
    415A : 09;
    415B : 09;
    415C : 09;
    415D : 09;
    415E : 09;
    415F : 09;
    4160 : 09;
    4161 : 09;
    4162 : 09;
    4163 : 09;
    4164 : 09;
    4165 : 09;
    4166 : 09;
    4167 : 09;
    4168 : 09;
    4169 : 09;
    416A : 09;
    416B : 09;
    416C : 09;
    416D : 09;
    416E : 09;
    416F : 09;
    4170 : 09;
    4171 : 09;
    4172 : 09;
    4173 : 08;
    4174 : 08;
    4175 : 08;
    4176 : 08;
    4177 : 08;
    4178 : 08;
    4179 : 08;
    417A : 08;
    417B : 08;
    417C : 06;
    417D : 05;
    417E : 05;
    417F : 05;
    4180 : 06;
    4181 : 06;
    4182 : 05;
    4183 : 05;
    4184 : 06;
    4185 : 06;
    4186 : 07;
    4187 : 07;
    4188 : 07;
    4189 : 07;
    418A : 07;
    418B : 07;
    418C : 07;
    418D : 08;
    418E : 07;
    418F : 07;
    4190 : 07;
    4191 : 07;
    4192 : 07;
    4193 : 07;
    4194 : 05;
    4195 : 04;
    4196 : 06;
    4197 : 06;
    4198 : 07;
    4199 : 07;
    419A : 07;
    419B : 07;
    419C : 07;
    419D : 07;
    419E : 07;
    419F : 05;
    41A0 : 0E;
    41A1 : 0E;
    41A2 : 0E;
    41A3 : 0E;
    41A4 : 0E;
    41A5 : 0E;
    41A6 : 0E;
    41A7 : 0E;
    41A8 : 0E;
    41A9 : 0E;
    41AA : 0E;
    41AB : 0E;
    41AC : 0E;
    41AD : 0E;
    41AE : 0E;
    41AF : 0E;
    41B0 : 0E;
    41B1 : 0E;
    41B2 : 0E;
    41B3 : 0E;
    41B4 : 0E;
    41B5 : 0E;
    41B6 : 0E;
    41B7 : 0E;
    41B8 : 0E;
    41B9 : 0E;
    41BA : 0E;
    41BB : 0D;
    41BC : 0D;
    41BD : 0D;
    41BE : 0D;
    41BF : 0D;
    41C0 : 0D;
    41C1 : 0D;
    41C2 : 0D;
    41C3 : 0D;
    41C4 : 0D;
    41C5 : 0D;
    41C6 : 0D;
    41C7 : 0D;
    41C8 : 0D;
    41C9 : 0D;
    41CA : 0D;
    41CB : 0D;
    41CC : 0D;
    41CD : 0D;
    41CE : 0D;
    41CF : 0D;
    41D0 : 0D;
    41D1 : 0D;
    41D2 : 0D;
    41D3 : 0D;
    41D4 : 0D;
    41D5 : 0D;
    41D6 : 0C;
    41D7 : 07;
    41D8 : 09;
    41D9 : 0A;
    41DA : 0A;
    41DB : 0B;
    41DC : 0D;
    41DD : 0E;
    41DE : 0E;
    41DF : 0D;
    41E0 : 0B;
    41E1 : 0A;
    41E2 : 09;
    41E3 : 09;
    41E4 : 09;
    41E5 : 09;
    41E6 : 09;
    41E7 : 09;
    41E8 : 09;
    41E9 : 08;
    41EA : 09;
    41EB : 08;
    41EC : 08;
    41ED : 08;
    41EE : 08;
    41EF : 08;
    41F0 : 08;
    41F1 : 08;
    41F2 : 09;
    41F3 : 09;
    41F4 : 08;
    41F5 : 09;
    41F6 : 08;
    41F7 : 09;
    41F8 : 09;
    41F9 : 09;
    41FA : 09;
    41FB : 09;
    41FC : 09;
    41FD : 09;
    41FE : 09;
    41FF : 09;
    4200 : 09;
    4201 : 09;
    4202 : 09;
    4203 : 09;
    4204 : 09;
    4205 : 09;
    4206 : 09;
    4207 : 09;
    4208 : 09;
    4209 : 09;
    420A : 08;
    420B : 09;
    420C : 09;
    420D : 08;
    420E : 09;
    420F : 08;
    4210 : 08;
    4211 : 08;
    4212 : 09;
    4213 : 08;
    4214 : 08;
    4215 : 08;
    4216 : 08;
    4217 : 08;
    4218 : 08;
    4219 : 08;
    421A : 08;
    421B : 06;
    421C : 05;
    421D : 05;
    421E : 05;
    421F : 05;
    4220 : 05;
    4221 : 05;
    4222 : 06;
    4223 : 06;
    4224 : 06;
    4225 : 06;
    4226 : 07;
    4227 : 07;
    4228 : 07;
    4229 : 07;
    422A : 07;
    422B : 07;
    422C : 07;
    422D : 08;
    422E : 07;
    422F : 07;
    4230 : 07;
    4231 : 07;
    4232 : 07;
    4233 : 07;
    4234 : 06;
    4235 : 04;
    4236 : 06;
    4237 : 06;
    4238 : 07;
    4239 : 07;
    423A : 07;
    423B : 07;
    423C : 07;
    423D : 07;
    423E : 06;
    423F : 04;
    4240 : 0E;
    4241 : 0E;
    4242 : 0E;
    4243 : 0E;
    4244 : 0E;
    4245 : 0E;
    4246 : 0E;
    4247 : 0E;
    4248 : 0E;
    4249 : 0E;
    424A : 0E;
    424B : 0E;
    424C : 0E;
    424D : 0E;
    424E : 0E;
    424F : 0E;
    4250 : 0E;
    4251 : 0E;
    4252 : 0E;
    4253 : 0E;
    4254 : 0E;
    4255 : 0E;
    4256 : 0E;
    4257 : 0E;
    4258 : 0E;
    4259 : 0D;
    425A : 0E;
    425B : 0E;
    425C : 0D;
    425D : 0D;
    425E : 0E;
    425F : 0D;
    4260 : 0E;
    4261 : 0D;
    4262 : 0D;
    4263 : 0D;
    4264 : 0D;
    4265 : 0D;
    4266 : 0D;
    4267 : 0D;
    4268 : 0D;
    4269 : 0D;
    426A : 0D;
    426B : 0D;
    426C : 0D;
    426D : 0D;
    426E : 0D;
    426F : 0D;
    4270 : 0D;
    4271 : 0D;
    4272 : 0D;
    4273 : 0D;
    4274 : 0D;
    4275 : 0D;
    4276 : 0E;
    4277 : 09;
    4278 : 08;
    4279 : 09;
    427A : 0A;
    427B : 0B;
    427C : 0D;
    427D : 0E;
    427E : 0D;
    427F : 0C;
    4280 : 0B;
    4281 : 0A;
    4282 : 09;
    4283 : 08;
    4284 : 08;
    4285 : 09;
    4286 : 09;
    4287 : 09;
    4288 : 09;
    4289 : 09;
    428A : 09;
    428B : 09;
    428C : 08;
    428D : 08;
    428E : 08;
    428F : 08;
    4290 : 08;
    4291 : 09;
    4292 : 09;
    4293 : 09;
    4294 : 09;
    4295 : 09;
    4296 : 09;
    4297 : 09;
    4298 : 09;
    4299 : 09;
    429A : 0A;
    429B : 07;
    429C : 08;
    429D : 09;
    429E : 09;
    429F : 09;
    42A0 : 08;
    42A1 : 09;
    42A2 : 08;
    42A3 : 09;
    42A4 : 09;
    42A5 : 09;
    42A6 : 09;
    42A7 : 09;
    42A8 : 09;
    42A9 : 09;
    42AA : 09;
    42AB : 09;
    42AC : 09;
    42AD : 08;
    42AE : 09;
    42AF : 08;
    42B0 : 09;
    42B1 : 09;
    42B2 : 08;
    42B3 : 08;
    42B4 : 08;
    42B5 : 08;
    42B6 : 08;
    42B7 : 08;
    42B8 : 07;
    42B9 : 07;
    42BA : 06;
    42BB : 05;
    42BC : 05;
    42BD : 05;
    42BE : 05;
    42BF : 05;
    42C0 : 06;
    42C1 : 06;
    42C2 : 06;
    42C3 : 06;
    42C4 : 06;
    42C5 : 07;
    42C6 : 07;
    42C7 : 07;
    42C8 : 07;
    42C9 : 07;
    42CA : 07;
    42CB : 08;
    42CC : 08;
    42CD : 08;
    42CE : 08;
    42CF : 08;
    42D0 : 07;
    42D1 : 07;
    42D2 : 07;
    42D3 : 08;
    42D4 : 06;
    42D5 : 05;
    42D6 : 06;
    42D7 : 07;
    42D8 : 07;
    42D9 : 07;
    42DA : 07;
    42DB : 07;
    42DC : 07;
    42DD : 07;
    42DE : 06;
    42DF : 05;
    42E0 : 0E;
    42E1 : 0E;
    42E2 : 0E;
    42E3 : 0E;
    42E4 : 0E;
    42E5 : 0E;
    42E6 : 0E;
    42E7 : 0E;
    42E8 : 0E;
    42E9 : 0E;
    42EA : 0E;
    42EB : 0E;
    42EC : 0E;
    42ED : 0E;
    42EE : 0E;
    42EF : 0E;
    42F0 : 0E;
    42F1 : 0E;
    42F2 : 0E;
    42F3 : 0E;
    42F4 : 0E;
    42F5 : 0E;
    42F6 : 0E;
    42F7 : 0E;
    42F8 : 0E;
    42F9 : 0D;
    42FA : 0E;
    42FB : 0E;
    42FC : 0E;
    42FD : 0D;
    42FE : 0E;
    42FF : 0D;
    4300 : 0D;
    4301 : 0D;
    4302 : 0D;
    4303 : 0D;
    4304 : 0D;
    4305 : 0D;
    4306 : 0D;
    4307 : 0D;
    4308 : 0D;
    4309 : 0D;
    430A : 0D;
    430B : 0D;
    430C : 0D;
    430D : 0D;
    430E : 0D;
    430F : 0D;
    4310 : 0D;
    4311 : 0D;
    4312 : 0D;
    4313 : 0D;
    4314 : 0D;
    4315 : 0D;
    4316 : 0D;
    4317 : 0C;
    4318 : 07;
    4319 : 09;
    431A : 0A;
    431B : 0B;
    431C : 0C;
    431D : 0D;
    431E : 0D;
    431F : 0C;
    4320 : 0A;
    4321 : 09;
    4322 : 09;
    4323 : 08;
    4324 : 09;
    4325 : 09;
    4326 : 09;
    4327 : 09;
    4328 : 09;
    4329 : 09;
    432A : 09;
    432B : 09;
    432C : 08;
    432D : 08;
    432E : 08;
    432F : 09;
    4330 : 09;
    4331 : 09;
    4332 : 09;
    4333 : 09;
    4334 : 09;
    4335 : 09;
    4336 : 09;
    4337 : 09;
    4338 : 09;
    4339 : 09;
    433A : 0A;
    433B : 08;
    433C : 09;
    433D : 09;
    433E : 09;
    433F : 09;
    4340 : 08;
    4341 : 09;
    4342 : 09;
    4343 : 09;
    4344 : 09;
    4345 : 09;
    4346 : 08;
    4347 : 08;
    4348 : 09;
    4349 : 09;
    434A : 09;
    434B : 09;
    434C : 08;
    434D : 08;
    434E : 08;
    434F : 09;
    4350 : 09;
    4351 : 08;
    4352 : 08;
    4353 : 08;
    4354 : 08;
    4355 : 08;
    4356 : 08;
    4357 : 08;
    4358 : 07;
    4359 : 05;
    435A : 05;
    435B : 05;
    435C : 05;
    435D : 05;
    435E : 05;
    435F : 05;
    4360 : 06;
    4361 : 06;
    4362 : 06;
    4363 : 07;
    4364 : 07;
    4365 : 07;
    4366 : 07;
    4367 : 07;
    4368 : 07;
    4369 : 07;
    436A : 07;
    436B : 07;
    436C : 08;
    436D : 08;
    436E : 08;
    436F : 08;
    4370 : 08;
    4371 : 07;
    4372 : 07;
    4373 : 08;
    4374 : 07;
    4375 : 05;
    4376 : 05;
    4377 : 06;
    4378 : 07;
    4379 : 07;
    437A : 07;
    437B : 07;
    437C : 07;
    437D : 07;
    437E : 06;
    437F : 05;
    4380 : 0E;
    4381 : 0E;
    4382 : 0E;
    4383 : 0E;
    4384 : 0E;
    4385 : 0E;
    4386 : 0E;
    4387 : 0E;
    4388 : 0E;
    4389 : 0E;
    438A : 0E;
    438B : 0E;
    438C : 0E;
    438D : 0E;
    438E : 0E;
    438F : 0E;
    4390 : 0E;
    4391 : 0E;
    4392 : 0E;
    4393 : 0E;
    4394 : 0E;
    4395 : 0E;
    4396 : 0E;
    4397 : 0E;
    4398 : 0E;
    4399 : 0D;
    439A : 0E;
    439B : 0E;
    439C : 0E;
    439D : 0E;
    439E : 0D;
    439F : 0D;
    43A0 : 0D;
    43A1 : 0D;
    43A2 : 0D;
    43A3 : 0D;
    43A4 : 0D;
    43A5 : 0D;
    43A6 : 0D;
    43A7 : 0D;
    43A8 : 0D;
    43A9 : 0D;
    43AA : 0D;
    43AB : 0D;
    43AC : 0D;
    43AD : 0D;
    43AE : 0D;
    43AF : 0D;
    43B0 : 0D;
    43B1 : 0D;
    43B2 : 0D;
    43B3 : 0D;
    43B4 : 0D;
    43B5 : 0D;
    43B6 : 0D;
    43B7 : 0E;
    43B8 : 0A;
    43B9 : 08;
    43BA : 09;
    43BB : 0A;
    43BC : 0B;
    43BD : 0C;
    43BE : 0C;
    43BF : 0B;
    43C0 : 09;
    43C1 : 08;
    43C2 : 08;
    43C3 : 08;
    43C4 : 08;
    43C5 : 08;
    43C6 : 09;
    43C7 : 08;
    43C8 : 08;
    43C9 : 09;
    43CA : 09;
    43CB : 09;
    43CC : 09;
    43CD : 08;
    43CE : 09;
    43CF : 09;
    43D0 : 09;
    43D1 : 09;
    43D2 : 09;
    43D3 : 09;
    43D4 : 0A;
    43D5 : 09;
    43D6 : 09;
    43D7 : 09;
    43D8 : 09;
    43D9 : 09;
    43DA : 09;
    43DB : 09;
    43DC : 09;
    43DD : 09;
    43DE : 09;
    43DF : 08;
    43E0 : 09;
    43E1 : 08;
    43E2 : 08;
    43E3 : 09;
    43E4 : 09;
    43E5 : 08;
    43E6 : 09;
    43E7 : 09;
    43E8 : 08;
    43E9 : 08;
    43EA : 08;
    43EB : 08;
    43EC : 08;
    43ED : 08;
    43EE : 08;
    43EF : 08;
    43F0 : 08;
    43F1 : 08;
    43F2 : 08;
    43F3 : 08;
    43F4 : 08;
    43F5 : 08;
    43F6 : 07;
    43F7 : 07;
    43F8 : 06;
    43F9 : 06;
    43FA : 05;
    43FB : 05;
    43FC : 05;
    43FD : 05;
    43FE : 05;
    43FF : 05;
    4400 : 06;
    4401 : 06;
    4402 : 06;
    4403 : 07;
    4404 : 07;
    4405 : 07;
    4406 : 07;
    4407 : 08;
    4408 : 08;
    4409 : 08;
    440A : 08;
    440B : 08;
    440C : 08;
    440D : 08;
    440E : 07;
    440F : 08;
    4410 : 07;
    4411 : 07;
    4412 : 07;
    4413 : 08;
    4414 : 07;
    4415 : 05;
    4416 : 05;
    4417 : 07;
    4418 : 07;
    4419 : 07;
    441A : 07;
    441B : 07;
    441C : 07;
    441D : 07;
    441E : 06;
    441F : 06;
    4420 : 0E;
    4421 : 0E;
    4422 : 0E;
    4423 : 0E;
    4424 : 0E;
    4425 : 0E;
    4426 : 0E;
    4427 : 0E;
    4428 : 0E;
    4429 : 0E;
    442A : 0E;
    442B : 0E;
    442C : 0E;
    442D : 0E;
    442E : 0E;
    442F : 0E;
    4430 : 0E;
    4431 : 0E;
    4432 : 0E;
    4433 : 0E;
    4434 : 0E;
    4435 : 0E;
    4436 : 0E;
    4437 : 0E;
    4438 : 0E;
    4439 : 0E;
    443A : 0E;
    443B : 0E;
    443C : 0E;
    443D : 0E;
    443E : 0D;
    443F : 0D;
    4440 : 0D;
    4441 : 0D;
    4442 : 0D;
    4443 : 0D;
    4444 : 0D;
    4445 : 0D;
    4446 : 0D;
    4447 : 0D;
    4448 : 0D;
    4449 : 0D;
    444A : 0D;
    444B : 0D;
    444C : 0D;
    444D : 0D;
    444E : 0D;
    444F : 0D;
    4450 : 0D;
    4451 : 0D;
    4452 : 0D;
    4453 : 0D;
    4454 : 0D;
    4455 : 0D;
    4456 : 0D;
    4457 : 0D;
    4458 : 0D;
    4459 : 08;
    445A : 08;
    445B : 09;
    445C : 0A;
    445D : 0B;
    445E : 0B;
    445F : 0A;
    4460 : 08;
    4461 : 08;
    4462 : 08;
    4463 : 08;
    4464 : 08;
    4465 : 08;
    4466 : 08;
    4467 : 08;
    4468 : 08;
    4469 : 08;
    446A : 08;
    446B : 09;
    446C : 09;
    446D : 09;
    446E : 08;
    446F : 08;
    4470 : 08;
    4471 : 09;
    4472 : 09;
    4473 : 09;
    4474 : 09;
    4475 : 09;
    4476 : 09;
    4477 : 09;
    4478 : 09;
    4479 : 09;
    447A : 09;
    447B : 08;
    447C : 08;
    447D : 08;
    447E : 09;
    447F : 08;
    4480 : 08;
    4481 : 09;
    4482 : 09;
    4483 : 09;
    4484 : 09;
    4485 : 08;
    4486 : 08;
    4487 : 08;
    4488 : 08;
    4489 : 08;
    448A : 08;
    448B : 08;
    448C : 08;
    448D : 08;
    448E : 08;
    448F : 08;
    4490 : 08;
    4491 : 08;
    4492 : 08;
    4493 : 08;
    4494 : 08;
    4495 : 07;
    4496 : 07;
    4497 : 06;
    4498 : 05;
    4499 : 06;
    449A : 06;
    449B : 06;
    449C : 06;
    449D : 05;
    449E : 06;
    449F : 05;
    44A0 : 06;
    44A1 : 07;
    44A2 : 07;
    44A3 : 07;
    44A4 : 07;
    44A5 : 07;
    44A6 : 08;
    44A7 : 08;
    44A8 : 08;
    44A9 : 07;
    44AA : 08;
    44AB : 08;
    44AC : 08;
    44AD : 07;
    44AE : 07;
    44AF : 08;
    44B0 : 07;
    44B1 : 07;
    44B2 : 07;
    44B3 : 07;
    44B4 : 07;
    44B5 : 05;
    44B6 : 04;
    44B7 : 06;
    44B8 : 07;
    44B9 : 07;
    44BA : 07;
    44BB : 07;
    44BC : 07;
    44BD : 06;
    44BE : 06;
    44BF : 06;
    44C0 : 0E;
    44C1 : 0E;
    44C2 : 0E;
    44C3 : 0E;
    44C4 : 0E;
    44C5 : 0E;
    44C6 : 0E;
    44C7 : 0E;
    44C8 : 0E;
    44C9 : 0E;
    44CA : 0E;
    44CB : 0E;
    44CC : 0E;
    44CD : 0E;
    44CE : 0E;
    44CF : 0E;
    44D0 : 0E;
    44D1 : 0E;
    44D2 : 0E;
    44D3 : 0E;
    44D4 : 0E;
    44D5 : 0E;
    44D6 : 0E;
    44D7 : 0E;
    44D8 : 0E;
    44D9 : 0E;
    44DA : 0E;
    44DB : 0E;
    44DC : 0E;
    44DD : 0E;
    44DE : 0D;
    44DF : 0D;
    44E0 : 0D;
    44E1 : 0D;
    44E2 : 0D;
    44E3 : 0D;
    44E4 : 0D;
    44E5 : 0D;
    44E6 : 0D;
    44E7 : 0D;
    44E8 : 0D;
    44E9 : 0D;
    44EA : 0D;
    44EB : 0D;
    44EC : 0D;
    44ED : 0D;
    44EE : 0D;
    44EF : 0D;
    44F0 : 0D;
    44F1 : 0D;
    44F2 : 0D;
    44F3 : 0D;
    44F4 : 0D;
    44F5 : 0D;
    44F6 : 0D;
    44F7 : 0D;
    44F8 : 0D;
    44F9 : 0B;
    44FA : 07;
    44FB : 08;
    44FC : 09;
    44FD : 0B;
    44FE : 0A;
    44FF : 09;
    4500 : 08;
    4501 : 08;
    4502 : 08;
    4503 : 08;
    4504 : 08;
    4505 : 08;
    4506 : 08;
    4507 : 08;
    4508 : 08;
    4509 : 08;
    450A : 09;
    450B : 08;
    450C : 09;
    450D : 09;
    450E : 08;
    450F : 08;
    4510 : 09;
    4511 : 09;
    4512 : 09;
    4513 : 09;
    4514 : 09;
    4515 : 09;
    4516 : 09;
    4517 : 09;
    4518 : 09;
    4519 : 09;
    451A : 09;
    451B : 09;
    451C : 09;
    451D : 08;
    451E : 08;
    451F : 08;
    4520 : 08;
    4521 : 08;
    4522 : 08;
    4523 : 09;
    4524 : 08;
    4525 : 08;
    4526 : 09;
    4527 : 08;
    4528 : 08;
    4529 : 08;
    452A : 08;
    452B : 08;
    452C : 08;
    452D : 08;
    452E : 08;
    452F : 08;
    4530 : 08;
    4531 : 08;
    4532 : 08;
    4533 : 08;
    4534 : 08;
    4535 : 06;
    4536 : 05;
    4537 : 05;
    4538 : 05;
    4539 : 06;
    453A : 06;
    453B : 06;
    453C : 06;
    453D : 06;
    453E : 06;
    453F : 05;
    4540 : 06;
    4541 : 07;
    4542 : 07;
    4543 : 07;
    4544 : 07;
    4545 : 07;
    4546 : 07;
    4547 : 08;
    4548 : 08;
    4549 : 07;
    454A : 07;
    454B : 08;
    454C : 08;
    454D : 08;
    454E : 07;
    454F : 08;
    4550 : 07;
    4551 : 08;
    4552 : 07;
    4553 : 07;
    4554 : 07;
    4555 : 06;
    4556 : 04;
    4557 : 05;
    4558 : 07;
    4559 : 07;
    455A : 07;
    455B : 07;
    455C : 07;
    455D : 06;
    455E : 06;
    455F : 07;
    4560 : 0E;
    4561 : 0E;
    4562 : 0E;
    4563 : 0E;
    4564 : 0E;
    4565 : 0E;
    4566 : 0E;
    4567 : 0E;
    4568 : 0E;
    4569 : 0E;
    456A : 0E;
    456B : 0E;
    456C : 0E;
    456D : 0E;
    456E : 0E;
    456F : 0E;
    4570 : 0E;
    4571 : 0E;
    4572 : 0E;
    4573 : 0E;
    4574 : 0E;
    4575 : 0E;
    4576 : 0E;
    4577 : 0E;
    4578 : 0E;
    4579 : 0E;
    457A : 0D;
    457B : 0E;
    457C : 0E;
    457D : 0E;
    457E : 0E;
    457F : 0D;
    4580 : 0E;
    4581 : 0E;
    4582 : 0E;
    4583 : 0D;
    4584 : 0E;
    4585 : 0E;
    4586 : 0D;
    4587 : 0D;
    4588 : 0D;
    4589 : 0D;
    458A : 0D;
    458B : 0D;
    458C : 0D;
    458D : 0D;
    458E : 0D;
    458F : 0D;
    4590 : 0D;
    4591 : 0D;
    4592 : 0D;
    4593 : 0D;
    4594 : 0D;
    4595 : 0D;
    4596 : 0D;
    4597 : 0D;
    4598 : 0D;
    4599 : 0E;
    459A : 09;
    459B : 07;
    459C : 08;
    459D : 09;
    459E : 0A;
    459F : 08;
    45A0 : 08;
    45A1 : 08;
    45A2 : 08;
    45A3 : 08;
    45A4 : 08;
    45A5 : 08;
    45A6 : 08;
    45A7 : 08;
    45A8 : 09;
    45A9 : 08;
    45AA : 09;
    45AB : 09;
    45AC : 09;
    45AD : 09;
    45AE : 08;
    45AF : 09;
    45B0 : 09;
    45B1 : 09;
    45B2 : 09;
    45B3 : 09;
    45B4 : 09;
    45B5 : 09;
    45B6 : 09;
    45B7 : 09;
    45B8 : 09;
    45B9 : 09;
    45BA : 09;
    45BB : 09;
    45BC : 09;
    45BD : 08;
    45BE : 08;
    45BF : 08;
    45C0 : 08;
    45C1 : 08;
    45C2 : 08;
    45C3 : 08;
    45C4 : 09;
    45C5 : 09;
    45C6 : 09;
    45C7 : 09;
    45C8 : 08;
    45C9 : 08;
    45CA : 08;
    45CB : 08;
    45CC : 08;
    45CD : 08;
    45CE : 08;
    45CF : 08;
    45D0 : 08;
    45D1 : 08;
    45D2 : 08;
    45D3 : 08;
    45D4 : 07;
    45D5 : 05;
    45D6 : 05;
    45D7 : 05;
    45D8 : 05;
    45D9 : 06;
    45DA : 05;
    45DB : 06;
    45DC : 06;
    45DD : 06;
    45DE : 06;
    45DF : 06;
    45E0 : 07;
    45E1 : 07;
    45E2 : 07;
    45E3 : 07;
    45E4 : 08;
    45E5 : 08;
    45E6 : 08;
    45E7 : 08;
    45E8 : 08;
    45E9 : 08;
    45EA : 08;
    45EB : 07;
    45EC : 08;
    45ED : 08;
    45EE : 08;
    45EF : 08;
    45F0 : 08;
    45F1 : 08;
    45F2 : 07;
    45F3 : 07;
    45F4 : 07;
    45F5 : 07;
    45F6 : 04;
    45F7 : 04;
    45F8 : 06;
    45F9 : 07;
    45FA : 07;
    45FB : 07;
    45FC : 07;
    45FD : 07;
    45FE : 07;
    45FF : 07;
    4600 : 0E;
    4601 : 0E;
    4602 : 0E;
    4603 : 0E;
    4604 : 0E;
    4605 : 0E;
    4606 : 0E;
    4607 : 0E;
    4608 : 0E;
    4609 : 0E;
    460A : 0E;
    460B : 0E;
    460C : 0E;
    460D : 0E;
    460E : 0E;
    460F : 0E;
    4610 : 0E;
    4611 : 0E;
    4612 : 0E;
    4613 : 0E;
    4614 : 0E;
    4615 : 0E;
    4616 : 0E;
    4617 : 0E;
    4618 : 0E;
    4619 : 0E;
    461A : 0E;
    461B : 0E;
    461C : 0E;
    461D : 0E;
    461E : 0E;
    461F : 0E;
    4620 : 0E;
    4621 : 0D;
    4622 : 0E;
    4623 : 0E;
    4624 : 0D;
    4625 : 0E;
    4626 : 0D;
    4627 : 0D;
    4628 : 0D;
    4629 : 0D;
    462A : 0D;
    462B : 0D;
    462C : 0D;
    462D : 0D;
    462E : 0D;
    462F : 0D;
    4630 : 0D;
    4631 : 0D;
    4632 : 0D;
    4633 : 0D;
    4634 : 0D;
    4635 : 0D;
    4636 : 0D;
    4637 : 0D;
    4638 : 0D;
    4639 : 0D;
    463A : 0D;
    463B : 07;
    463C : 07;
    463D : 07;
    463E : 08;
    463F : 07;
    4640 : 07;
    4641 : 08;
    4642 : 08;
    4643 : 08;
    4644 : 09;
    4645 : 08;
    4646 : 07;
    4647 : 08;
    4648 : 09;
    4649 : 08;
    464A : 09;
    464B : 09;
    464C : 09;
    464D : 09;
    464E : 09;
    464F : 09;
    4650 : 09;
    4651 : 09;
    4652 : 09;
    4653 : 09;
    4654 : 08;
    4655 : 09;
    4656 : 09;
    4657 : 09;
    4658 : 09;
    4659 : 09;
    465A : 09;
    465B : 09;
    465C : 08;
    465D : 08;
    465E : 08;
    465F : 08;
    4660 : 08;
    4661 : 08;
    4662 : 08;
    4663 : 09;
    4664 : 08;
    4665 : 08;
    4666 : 08;
    4667 : 08;
    4668 : 08;
    4669 : 08;
    466A : 08;
    466B : 08;
    466C : 08;
    466D : 08;
    466E : 08;
    466F : 07;
    4670 : 08;
    4671 : 08;
    4672 : 06;
    4673 : 06;
    4674 : 05;
    4675 : 05;
    4676 : 05;
    4677 : 05;
    4678 : 05;
    4679 : 06;
    467A : 06;
    467B : 06;
    467C : 06;
    467D : 07;
    467E : 07;
    467F : 07;
    4680 : 07;
    4681 : 07;
    4682 : 08;
    4683 : 08;
    4684 : 07;
    4685 : 08;
    4686 : 08;
    4687 : 08;
    4688 : 08;
    4689 : 08;
    468A : 07;
    468B : 07;
    468C : 08;
    468D : 08;
    468E : 08;
    468F : 08;
    4690 : 08;
    4691 : 08;
    4692 : 07;
    4693 : 07;
    4694 : 07;
    4695 : 07;
    4696 : 05;
    4697 : 04;
    4698 : 05;
    4699 : 07;
    469A : 07;
    469B : 07;
    469C : 06;
    469D : 06;
    469E : 07;
    469F : 06;
    46A0 : 0E;
    46A1 : 0E;
    46A2 : 0E;
    46A3 : 0E;
    46A4 : 0E;
    46A5 : 0E;
    46A6 : 0E;
    46A7 : 0E;
    46A8 : 0E;
    46A9 : 0E;
    46AA : 0E;
    46AB : 0E;
    46AC : 0E;
    46AD : 0E;
    46AE : 0E;
    46AF : 0E;
    46B0 : 0E;
    46B1 : 0E;
    46B2 : 0E;
    46B3 : 0E;
    46B4 : 0E;
    46B5 : 0E;
    46B6 : 0E;
    46B7 : 0E;
    46B8 : 0E;
    46B9 : 0E;
    46BA : 0E;
    46BB : 0E;
    46BC : 0E;
    46BD : 0E;
    46BE : 0E;
    46BF : 0E;
    46C0 : 0E;
    46C1 : 0D;
    46C2 : 0E;
    46C3 : 0E;
    46C4 : 0D;
    46C5 : 0D;
    46C6 : 0D;
    46C7 : 0D;
    46C8 : 0D;
    46C9 : 0D;
    46CA : 0D;
    46CB : 0D;
    46CC : 0D;
    46CD : 0D;
    46CE : 0D;
    46CF : 0D;
    46D0 : 0D;
    46D1 : 0D;
    46D2 : 0D;
    46D3 : 0D;
    46D4 : 0D;
    46D5 : 0D;
    46D6 : 0D;
    46D7 : 0D;
    46D8 : 0D;
    46D9 : 0D;
    46DA : 0D;
    46DB : 0C;
    46DC : 06;
    46DD : 07;
    46DE : 07;
    46DF : 07;
    46E0 : 07;
    46E1 : 08;
    46E2 : 08;
    46E3 : 08;
    46E4 : 08;
    46E5 : 08;
    46E6 : 07;
    46E7 : 08;
    46E8 : 08;
    46E9 : 09;
    46EA : 09;
    46EB : 08;
    46EC : 09;
    46ED : 09;
    46EE : 09;
    46EF : 09;
    46F0 : 09;
    46F1 : 09;
    46F2 : 09;
    46F3 : 0A;
    46F4 : 09;
    46F5 : 09;
    46F6 : 09;
    46F7 : 09;
    46F8 : 08;
    46F9 : 08;
    46FA : 08;
    46FB : 08;
    46FC : 08;
    46FD : 08;
    46FE : 08;
    46FF : 08;
    4700 : 08;
    4701 : 08;
    4702 : 08;
    4703 : 08;
    4704 : 08;
    4705 : 08;
    4706 : 08;
    4707 : 08;
    4708 : 08;
    4709 : 08;
    470A : 08;
    470B : 08;
    470C : 08;
    470D : 07;
    470E : 07;
    470F : 07;
    4710 : 08;
    4711 : 07;
    4712 : 04;
    4713 : 05;
    4714 : 05;
    4715 : 05;
    4716 : 05;
    4717 : 06;
    4718 : 06;
    4719 : 06;
    471A : 06;
    471B : 07;
    471C : 07;
    471D : 07;
    471E : 08;
    471F : 08;
    4720 : 08;
    4721 : 07;
    4722 : 08;
    4723 : 08;
    4724 : 08;
    4725 : 08;
    4726 : 08;
    4727 : 08;
    4728 : 08;
    4729 : 07;
    472A : 07;
    472B : 07;
    472C : 08;
    472D : 08;
    472E : 08;
    472F : 08;
    4730 : 07;
    4731 : 08;
    4732 : 07;
    4733 : 07;
    4734 : 07;
    4735 : 07;
    4736 : 05;
    4737 : 05;
    4738 : 04;
    4739 : 06;
    473A : 07;
    473B : 07;
    473C : 06;
    473D : 07;
    473E : 07;
    473F : 07;
    4740 : 0E;
    4741 : 0E;
    4742 : 0E;
    4743 : 0E;
    4744 : 0E;
    4745 : 0E;
    4746 : 0E;
    4747 : 0E;
    4748 : 0E;
    4749 : 0E;
    474A : 0E;
    474B : 0E;
    474C : 0E;
    474D : 0E;
    474E : 0E;
    474F : 0E;
    4750 : 0E;
    4751 : 0E;
    4752 : 0E;
    4753 : 0E;
    4754 : 0E;
    4755 : 0E;
    4756 : 0E;
    4757 : 0E;
    4758 : 0E;
    4759 : 0E;
    475A : 0E;
    475B : 0E;
    475C : 0E;
    475D : 0E;
    475E : 0E;
    475F : 0E;
    4760 : 0E;
    4761 : 0D;
    4762 : 0E;
    4763 : 0D;
    4764 : 0D;
    4765 : 0D;
    4766 : 0D;
    4767 : 0D;
    4768 : 0D;
    4769 : 0D;
    476A : 0D;
    476B : 0D;
    476C : 0D;
    476D : 0D;
    476E : 0D;
    476F : 0D;
    4770 : 0D;
    4771 : 0D;
    4772 : 0D;
    4773 : 0D;
    4774 : 0D;
    4775 : 0D;
    4776 : 0D;
    4777 : 0D;
    4778 : 0D;
    4779 : 0D;
    477A : 0D;
    477B : 0E;
    477C : 0B;
    477D : 06;
    477E : 07;
    477F : 07;
    4780 : 07;
    4781 : 07;
    4782 : 08;
    4783 : 08;
    4784 : 08;
    4785 : 08;
    4786 : 09;
    4787 : 09;
    4788 : 08;
    4789 : 09;
    478A : 09;
    478B : 09;
    478C : 08;
    478D : 09;
    478E : 09;
    478F : 0A;
    4790 : 08;
    4791 : 08;
    4792 : 09;
    4793 : 09;
    4794 : 09;
    4795 : 09;
    4796 : 08;
    4797 : 08;
    4798 : 08;
    4799 : 08;
    479A : 08;
    479B : 08;
    479C : 08;
    479D : 09;
    479E : 08;
    479F : 08;
    47A0 : 08;
    47A1 : 08;
    47A2 : 08;
    47A3 : 08;
    47A4 : 09;
    47A5 : 08;
    47A6 : 08;
    47A7 : 08;
    47A8 : 08;
    47A9 : 08;
    47AA : 08;
    47AB : 08;
    47AC : 08;
    47AD : 07;
    47AE : 07;
    47AF : 07;
    47B0 : 07;
    47B1 : 05;
    47B2 : 05;
    47B3 : 06;
    47B4 : 05;
    47B5 : 05;
    47B6 : 05;
    47B7 : 06;
    47B8 : 06;
    47B9 : 06;
    47BA : 07;
    47BB : 07;
    47BC : 07;
    47BD : 08;
    47BE : 08;
    47BF : 08;
    47C0 : 08;
    47C1 : 08;
    47C2 : 08;
    47C3 : 08;
    47C4 : 08;
    47C5 : 08;
    47C6 : 08;
    47C7 : 08;
    47C8 : 08;
    47C9 : 08;
    47CA : 08;
    47CB : 07;
    47CC : 08;
    47CD : 08;
    47CE : 08;
    47CF : 08;
    47D0 : 07;
    47D1 : 08;
    47D2 : 08;
    47D3 : 07;
    47D4 : 07;
    47D5 : 07;
    47D6 : 06;
    47D7 : 05;
    47D8 : 05;
    47D9 : 05;
    47DA : 07;
    47DB : 07;
    47DC : 06;
    47DD : 07;
    47DE : 07;
    47DF : 07;
    47E0 : 0E;
    47E1 : 0E;
    47E2 : 0E;
    47E3 : 0E;
    47E4 : 0E;
    47E5 : 0E;
    47E6 : 0E;
    47E7 : 0E;
    47E8 : 0E;
    47E9 : 0E;
    47EA : 0F;
    47EB : 0E;
    47EC : 0E;
    47ED : 0E;
    47EE : 0E;
    47EF : 0E;
    47F0 : 0E;
    47F1 : 0E;
    47F2 : 0E;
    47F3 : 0E;
    47F4 : 0E;
    47F5 : 0E;
    47F6 : 0E;
    47F7 : 0E;
    47F8 : 0E;
    47F9 : 0E;
    47FA : 0E;
    47FB : 0E;
    47FC : 0E;
    47FD : 0E;
    47FE : 0E;
    47FF : 0E;
    4800 : 0E;
    4801 : 0D;
    4802 : 0E;
    4803 : 0E;
    4804 : 0E;
    4805 : 0D;
    4806 : 0D;
    4807 : 0E;
    4808 : 0E;
    4809 : 0D;
    480A : 0D;
    480B : 0D;
    480C : 0D;
    480D : 0D;
    480E : 0D;
    480F : 0D;
    4810 : 0D;
    4811 : 0D;
    4812 : 0D;
    4813 : 0D;
    4814 : 0D;
    4815 : 0D;
    4816 : 0D;
    4817 : 0D;
    4818 : 0D;
    4819 : 0D;
    481A : 0D;
    481B : 0D;
    481C : 0E;
    481D : 0A;
    481E : 06;
    481F : 07;
    4820 : 07;
    4821 : 07;
    4822 : 07;
    4823 : 07;
    4824 : 08;
    4825 : 08;
    4826 : 08;
    4827 : 08;
    4828 : 08;
    4829 : 08;
    482A : 08;
    482B : 09;
    482C : 09;
    482D : 09;
    482E : 09;
    482F : 09;
    4830 : 07;
    4831 : 08;
    4832 : 08;
    4833 : 08;
    4834 : 08;
    4835 : 08;
    4836 : 08;
    4837 : 09;
    4838 : 08;
    4839 : 08;
    483A : 08;
    483B : 08;
    483C : 08;
    483D : 08;
    483E : 08;
    483F : 08;
    4840 : 08;
    4841 : 08;
    4842 : 08;
    4843 : 08;
    4844 : 08;
    4845 : 08;
    4846 : 08;
    4847 : 08;
    4848 : 08;
    4849 : 08;
    484A : 07;
    484B : 08;
    484C : 08;
    484D : 07;
    484E : 07;
    484F : 07;
    4850 : 05;
    4851 : 05;
    4852 : 06;
    4853 : 06;
    4854 : 06;
    4855 : 06;
    4856 : 06;
    4857 : 06;
    4858 : 06;
    4859 : 06;
    485A : 07;
    485B : 07;
    485C : 07;
    485D : 08;
    485E : 08;
    485F : 08;
    4860 : 09;
    4861 : 08;
    4862 : 08;
    4863 : 08;
    4864 : 08;
    4865 : 08;
    4866 : 08;
    4867 : 08;
    4868 : 08;
    4869 : 08;
    486A : 07;
    486B : 07;
    486C : 07;
    486D : 08;
    486E : 08;
    486F : 08;
    4870 : 08;
    4871 : 08;
    4872 : 08;
    4873 : 07;
    4874 : 07;
    4875 : 07;
    4876 : 07;
    4877 : 05;
    4878 : 05;
    4879 : 06;
    487A : 06;
    487B : 07;
    487C : 07;
    487D : 07;
    487E : 07;
    487F : 07;
    4880 : 0E;
    4881 : 0E;
    4882 : 0E;
    4883 : 0E;
    4884 : 0E;
    4885 : 0E;
    4886 : 0E;
    4887 : 0E;
    4888 : 0E;
    4889 : 0E;
    488A : 0F;
    488B : 0E;
    488C : 0E;
    488D : 0E;
    488E : 0E;
    488F : 0E;
    4890 : 0E;
    4891 : 0E;
    4892 : 0E;
    4893 : 0E;
    4894 : 0E;
    4895 : 0E;
    4896 : 0E;
    4897 : 0E;
    4898 : 0E;
    4899 : 0E;
    489A : 0E;
    489B : 0E;
    489C : 0E;
    489D : 0E;
    489E : 0E;
    489F : 0E;
    48A0 : 0E;
    48A1 : 0E;
    48A2 : 0E;
    48A3 : 0E;
    48A4 : 0E;
    48A5 : 0E;
    48A6 : 0D;
    48A7 : 0D;
    48A8 : 0D;
    48A9 : 0D;
    48AA : 0D;
    48AB : 0D;
    48AC : 0D;
    48AD : 0D;
    48AE : 0D;
    48AF : 0D;
    48B0 : 0D;
    48B1 : 0D;
    48B2 : 0D;
    48B3 : 0D;
    48B4 : 0D;
    48B5 : 0D;
    48B6 : 0D;
    48B7 : 0D;
    48B8 : 0D;
    48B9 : 0D;
    48BA : 0D;
    48BB : 0D;
    48BC : 0D;
    48BD : 0E;
    48BE : 0A;
    48BF : 06;
    48C0 : 07;
    48C1 : 07;
    48C2 : 07;
    48C3 : 07;
    48C4 : 07;
    48C5 : 08;
    48C6 : 08;
    48C7 : 08;
    48C8 : 08;
    48C9 : 08;
    48CA : 08;
    48CB : 08;
    48CC : 08;
    48CD : 08;
    48CE : 09;
    48CF : 08;
    48D0 : 09;
    48D1 : 08;
    48D2 : 08;
    48D3 : 08;
    48D4 : 09;
    48D5 : 09;
    48D6 : 09;
    48D7 : 08;
    48D8 : 08;
    48D9 : 09;
    48DA : 08;
    48DB : 08;
    48DC : 08;
    48DD : 08;
    48DE : 08;
    48DF : 08;
    48E0 : 08;
    48E1 : 08;
    48E2 : 08;
    48E3 : 08;
    48E4 : 08;
    48E5 : 08;
    48E6 : 08;
    48E7 : 08;
    48E8 : 08;
    48E9 : 08;
    48EA : 08;
    48EB : 08;
    48EC : 08;
    48ED : 07;
    48EE : 07;
    48EF : 05;
    48F0 : 05;
    48F1 : 06;
    48F2 : 06;
    48F3 : 06;
    48F4 : 06;
    48F5 : 07;
    48F6 : 06;
    48F7 : 06;
    48F8 : 06;
    48F9 : 07;
    48FA : 07;
    48FB : 08;
    48FC : 08;
    48FD : 08;
    48FE : 09;
    48FF : 09;
    4900 : 09;
    4901 : 09;
    4902 : 09;
    4903 : 08;
    4904 : 08;
    4905 : 09;
    4906 : 09;
    4907 : 08;
    4908 : 08;
    4909 : 08;
    490A : 08;
    490B : 08;
    490C : 07;
    490D : 08;
    490E : 08;
    490F : 08;
    4910 : 07;
    4911 : 08;
    4912 : 08;
    4913 : 07;
    4914 : 07;
    4915 : 07;
    4916 : 07;
    4917 : 06;
    4918 : 05;
    4919 : 06;
    491A : 06;
    491B : 07;
    491C : 07;
    491D : 07;
    491E : 07;
    491F : 07;
    4920 : 0E;
    4921 : 0E;
    4922 : 0E;
    4923 : 0E;
    4924 : 0E;
    4925 : 0E;
    4926 : 0E;
    4927 : 0E;
    4928 : 0E;
    4929 : 0E;
    492A : 0E;
    492B : 0E;
    492C : 0E;
    492D : 0E;
    492E : 0E;
    492F : 0E;
    4930 : 0E;
    4931 : 0E;
    4932 : 0E;
    4933 : 0E;
    4934 : 0E;
    4935 : 0E;
    4936 : 0E;
    4937 : 0E;
    4938 : 0E;
    4939 : 0E;
    493A : 0E;
    493B : 0E;
    493C : 0E;
    493D : 0E;
    493E : 0E;
    493F : 0E;
    4940 : 0E;
    4941 : 0E;
    4942 : 0E;
    4943 : 0E;
    4944 : 0E;
    4945 : 0E;
    4946 : 0E;
    4947 : 0E;
    4948 : 0E;
    4949 : 0D;
    494A : 0E;
    494B : 0E;
    494C : 0D;
    494D : 0D;
    494E : 0D;
    494F : 0D;
    4950 : 0D;
    4951 : 0D;
    4952 : 0D;
    4953 : 0D;
    4954 : 0D;
    4955 : 0D;
    4956 : 0D;
    4957 : 0D;
    4958 : 0D;
    4959 : 0D;
    495A : 0D;
    495B : 0D;
    495C : 0D;
    495D : 0D;
    495E : 0E;
    495F : 0B;
    4960 : 06;
    4961 : 07;
    4962 : 07;
    4963 : 08;
    4964 : 08;
    4965 : 07;
    4966 : 07;
    4967 : 08;
    4968 : 08;
    4969 : 07;
    496A : 08;
    496B : 08;
    496C : 08;
    496D : 08;
    496E : 08;
    496F : 08;
    4970 : 08;
    4971 : 09;
    4972 : 09;
    4973 : 09;
    4974 : 09;
    4975 : 09;
    4976 : 08;
    4977 : 09;
    4978 : 09;
    4979 : 09;
    497A : 08;
    497B : 08;
    497C : 08;
    497D : 08;
    497E : 08;
    497F : 08;
    4980 : 08;
    4981 : 08;
    4982 : 08;
    4983 : 08;
    4984 : 08;
    4985 : 08;
    4986 : 08;
    4987 : 08;
    4988 : 08;
    4989 : 08;
    498A : 08;
    498B : 08;
    498C : 07;
    498D : 06;
    498E : 05;
    498F : 06;
    4990 : 06;
    4991 : 06;
    4992 : 07;
    4993 : 06;
    4994 : 06;
    4995 : 06;
    4996 : 06;
    4997 : 06;
    4998 : 07;
    4999 : 08;
    499A : 08;
    499B : 09;
    499C : 09;
    499D : 09;
    499E : 09;
    499F : 09;
    49A0 : 09;
    49A1 : 09;
    49A2 : 09;
    49A3 : 08;
    49A4 : 08;
    49A5 : 08;
    49A6 : 08;
    49A7 : 08;
    49A8 : 08;
    49A9 : 08;
    49AA : 08;
    49AB : 07;
    49AC : 08;
    49AD : 08;
    49AE : 08;
    49AF : 08;
    49B0 : 08;
    49B1 : 08;
    49B2 : 08;
    49B3 : 07;
    49B4 : 08;
    49B5 : 07;
    49B6 : 07;
    49B7 : 07;
    49B8 : 06;
    49B9 : 06;
    49BA : 06;
    49BB : 06;
    49BC : 06;
    49BD : 05;
    49BE : 07;
    49BF : 07;
    49C0 : 0E;
    49C1 : 0E;
    49C2 : 0E;
    49C3 : 0E;
    49C4 : 0E;
    49C5 : 0E;
    49C6 : 0E;
    49C7 : 0E;
    49C8 : 0F;
    49C9 : 0F;
    49CA : 0F;
    49CB : 0F;
    49CC : 0E;
    49CD : 0E;
    49CE : 0E;
    49CF : 0E;
    49D0 : 0E;
    49D1 : 0E;
    49D2 : 0E;
    49D3 : 0E;
    49D4 : 0E;
    49D5 : 0E;
    49D6 : 0E;
    49D7 : 0E;
    49D8 : 0E;
    49D9 : 0E;
    49DA : 0F;
    49DB : 0F;
    49DC : 0F;
    49DD : 0F;
    49DE : 0F;
    49DF : 0F;
    49E0 : 0E;
    49E1 : 0E;
    49E2 : 0E;
    49E3 : 0D;
    49E4 : 0E;
    49E5 : 0D;
    49E6 : 0D;
    49E7 : 0E;
    49E8 : 0D;
    49E9 : 0E;
    49EA : 0D;
    49EB : 0D;
    49EC : 0D;
    49ED : 0D;
    49EE : 0D;
    49EF : 0E;
    49F0 : 0D;
    49F1 : 0D;
    49F2 : 0D;
    49F3 : 0D;
    49F4 : 0D;
    49F5 : 0D;
    49F6 : 0D;
    49F7 : 0D;
    49F8 : 0D;
    49F9 : 0D;
    49FA : 0D;
    49FB : 0D;
    49FC : 0D;
    49FD : 0D;
    49FE : 0D;
    49FF : 0E;
    4A00 : 0B;
    4A01 : 07;
    4A02 : 07;
    4A03 : 08;
    4A04 : 08;
    4A05 : 08;
    4A06 : 08;
    4A07 : 08;
    4A08 : 08;
    4A09 : 08;
    4A0A : 08;
    4A0B : 08;
    4A0C : 08;
    4A0D : 08;
    4A0E : 08;
    4A0F : 08;
    4A10 : 08;
    4A11 : 08;
    4A12 : 08;
    4A13 : 09;
    4A14 : 08;
    4A15 : 08;
    4A16 : 09;
    4A17 : 09;
    4A18 : 09;
    4A19 : 08;
    4A1A : 08;
    4A1B : 08;
    4A1C : 09;
    4A1D : 08;
    4A1E : 08;
    4A1F : 08;
    4A20 : 08;
    4A21 : 08;
    4A22 : 08;
    4A23 : 08;
    4A24 : 08;
    4A25 : 08;
    4A26 : 08;
    4A27 : 08;
    4A28 : 08;
    4A29 : 08;
    4A2A : 08;
    4A2B : 07;
    4A2C : 06;
    4A2D : 04;
    4A2E : 06;
    4A2F : 06;
    4A30 : 06;
    4A31 : 07;
    4A32 : 07;
    4A33 : 07;
    4A34 : 06;
    4A35 : 06;
    4A36 : 07;
    4A37 : 07;
    4A38 : 08;
    4A39 : 09;
    4A3A : 09;
    4A3B : 09;
    4A3C : 0A;
    4A3D : 09;
    4A3E : 0A;
    4A3F : 09;
    4A40 : 09;
    4A41 : 09;
    4A42 : 09;
    4A43 : 09;
    4A44 : 08;
    4A45 : 08;
    4A46 : 08;
    4A47 : 09;
    4A48 : 09;
    4A49 : 08;
    4A4A : 08;
    4A4B : 08;
    4A4C : 08;
    4A4D : 08;
    4A4E : 08;
    4A4F : 08;
    4A50 : 08;
    4A51 : 08;
    4A52 : 08;
    4A53 : 07;
    4A54 : 07;
    4A55 : 07;
    4A56 : 07;
    4A57 : 07;
    4A58 : 06;
    4A59 : 06;
    4A5A : 05;
    4A5B : 04;
    4A5C : 05;
    4A5D : 06;
    4A5E : 07;
    4A5F : 07;
    4A60 : 0E;
    4A61 : 0F;
    4A62 : 0F;
    4A63 : 0F;
    4A64 : 0F;
    4A65 : 0F;
    4A66 : 0F;
    4A67 : 0F;
    4A68 : 0E;
    4A69 : 0E;
    4A6A : 0D;
    4A6B : 0F;
    4A6C : 0F;
    4A6D : 0F;
    4A6E : 0F;
    4A6F : 0F;
    4A70 : 0F;
    4A71 : 0F;
    4A72 : 0F;
    4A73 : 0F;
    4A74 : 0F;
    4A75 : 0F;
    4A76 : 0F;
    4A77 : 0F;
    4A78 : 0F;
    4A79 : 0F;
    4A7A : 0F;
    4A7B : 0F;
    4A7C : 0F;
    4A7D : 0F;
    4A7E : 0F;
    4A7F : 0F;
    4A80 : 0F;
    4A81 : 0F;
    4A82 : 0F;
    4A83 : 0F;
    4A84 : 0F;
    4A85 : 0E;
    4A86 : 0E;
    4A87 : 0D;
    4A88 : 0D;
    4A89 : 0D;
    4A8A : 0D;
    4A8B : 0D;
    4A8C : 0E;
    4A8D : 0E;
    4A8E : 0E;
    4A8F : 0D;
    4A90 : 0D;
    4A91 : 0D;
    4A92 : 0D;
    4A93 : 0D;
    4A94 : 0D;
    4A95 : 0D;
    4A96 : 0D;
    4A97 : 0D;
    4A98 : 0D;
    4A99 : 0D;
    4A9A : 0D;
    4A9B : 0D;
    4A9C : 0D;
    4A9D : 0D;
    4A9E : 0D;
    4A9F : 0D;
    4AA0 : 0E;
    4AA1 : 0D;
    4AA2 : 07;
    4AA3 : 06;
    4AA4 : 07;
    4AA5 : 08;
    4AA6 : 08;
    4AA7 : 08;
    4AA8 : 08;
    4AA9 : 08;
    4AAA : 08;
    4AAB : 08;
    4AAC : 08;
    4AAD : 08;
    4AAE : 08;
    4AAF : 08;
    4AB0 : 08;
    4AB1 : 08;
    4AB2 : 08;
    4AB3 : 08;
    4AB4 : 07;
    4AB5 : 08;
    4AB6 : 08;
    4AB7 : 08;
    4AB8 : 08;
    4AB9 : 08;
    4ABA : 08;
    4ABB : 08;
    4ABC : 08;
    4ABD : 08;
    4ABE : 08;
    4ABF : 08;
    4AC0 : 08;
    4AC1 : 08;
    4AC2 : 08;
    4AC3 : 08;
    4AC4 : 08;
    4AC5 : 07;
    4AC6 : 07;
    4AC7 : 08;
    4AC8 : 08;
    4AC9 : 07;
    4ACA : 08;
    4ACB : 06;
    4ACC : 05;
    4ACD : 06;
    4ACE : 06;
    4ACF : 05;
    4AD0 : 06;
    4AD1 : 06;
    4AD2 : 06;
    4AD3 : 07;
    4AD4 : 06;
    4AD5 : 07;
    4AD6 : 08;
    4AD7 : 08;
    4AD8 : 09;
    4AD9 : 09;
    4ADA : 0A;
    4ADB : 0A;
    4ADC : 0A;
    4ADD : 0A;
    4ADE : 0A;
    4ADF : 0A;
    4AE0 : 09;
    4AE1 : 09;
    4AE2 : 09;
    4AE3 : 09;
    4AE4 : 09;
    4AE5 : 08;
    4AE6 : 09;
    4AE7 : 09;
    4AE8 : 09;
    4AE9 : 09;
    4AEA : 08;
    4AEB : 08;
    4AEC : 08;
    4AED : 08;
    4AEE : 08;
    4AEF : 08;
    4AF0 : 07;
    4AF1 : 08;
    4AF2 : 08;
    4AF3 : 08;
    4AF4 : 07;
    4AF5 : 07;
    4AF6 : 07;
    4AF7 : 06;
    4AF8 : 05;
    4AF9 : 06;
    4AFA : 09;
    4AFB : 0C;
    4AFC : 0F;
    4AFD : 0F;
    4AFE : 0F;
    4AFF : 0F;
    4B00 : 00;
    4B01 : 00;
    4B02 : 00;
    4B03 : 00;
    4B04 : 00;
    4B05 : 00;
    4B06 : 00;
    4B07 : 00;
    4B08 : 00;
    4B09 : 00;
    4B0A : 00;
    4B0B : 00;
    4B0C : 00;
    4B0D : 00;
    4B0E : 00;
    4B0F : 00;
    4B10 : 00;
    4B11 : 00;
    4B12 : 00;
    4B13 : 00;
    4B14 : 00;
    4B15 : 00;
    4B16 : 00;
    4B17 : 00;
    4B18 : 00;
    4B19 : 00;
    4B1A : 00;
    4B1B : 00;
    4B1C : 00;
    4B1D : 00;
    4B1E : 00;
    4B1F : 00;
    4B20 : 00;
    4B21 : 00;
    4B22 : 00;
    4B23 : 00;
    4B24 : 00;
    4B25 : 00;
    4B26 : 00;
    4B27 : 00;
    4B28 : 00;
    4B29 : 00;
    4B2A : 00;
    4B2B : 00;
    4B2C : 00;
    4B2D : 00;
    4B2E : 00;
    4B2F : 00;
    4B30 : 00;
    4B31 : 00;
    4B32 : 00;
    4B33 : 00;
    4B34 : 00;
    4B35 : 00;
    4B36 : 00;
    4B37 : 00;
    4B38 : 00;
    4B39 : 00;
    4B3A : 00;
    4B3B : 00;
    4B3C : 00;
    4B3D : 00;
    4B3E : 00;
    4B3F : 00;
    4B40 : 00;
    4B41 : 00;
    4B42 : 00;
    4B43 : 00;
    4B44 : 00;
    4B45 : 00;
    4B46 : 00;
    4B47 : 00;
    4B48 : 00;
    4B49 : 00;
    4B4A : 00;
    4B4B : 00;
    4B4C : 00;
    4B4D : 00;
    4B4E : 00;
    4B4F : 00;
    4B50 : 00;
    4B51 : 00;
    4B52 : 00;
    4B53 : 00;
    4B54 : 00;
    4B55 : 00;
    4B56 : 00;
    4B57 : 00;
    4B58 : 00;
    4B59 : 00;
    4B5A : 00;
    4B5B : 00;
    4B5C : 00;
    4B5D : 00;
    4B5E : 00;
    4B5F : 00;
    4B60 : 00;
    4B61 : 00;
    4B62 : 00;
    4B63 : 00;
    4B64 : 00;
    4B65 : 00;
    4B66 : 00;
    4B67 : 00;
    4B68 : 00;
    4B69 : 00;
    4B6A : 00;
    4B6B : 00;
    4B6C : 00;
    4B6D : 00;
    4B6E : 00;
    4B6F : 00;
    4B70 : 00;
    4B71 : 00;
    4B72 : 00;
    4B73 : 00;
    4B74 : 00;
    4B75 : 00;
    4B76 : 00;
    4B77 : 00;
    4B78 : 00;
    4B79 : 00;
    4B7A : 00;
    4B7B : 00;
    4B7C : 00;
    4B7D : 00;
    4B7E : 00;
    4B7F : 00;
    4B80 : 00;
    4B81 : 00;
    4B82 : 00;
    4B83 : 00;
    4B84 : 00;
    4B85 : 00;
    4B86 : 00;
    4B87 : 00;
    4B88 : 00;
    4B89 : 00;
    4B8A : 00;
    4B8B : 00;
    4B8C : 00;
    4B8D : 00;
    4B8E : 00;
    4B8F : 00;
    4B90 : 00;
    4B91 : 00;
    4B92 : 00;
    4B93 : 00;
    4B94 : 00;
    4B95 : 00;
    4B96 : 00;
    4B97 : 00;
    4B98 : 00;
    4B99 : 00;
    4B9A : 00;
    4B9B : 00;
    4B9C : 00;
    4B9D : 00;
    4B9E : 00;
    4B9F : 00;
    4BA0 : 00;
    4BA1 : 00;
    4BA2 : 00;
    4BA3 : 00;
    4BA4 : 00;
    4BA5 : 00;
    4BA6 : 00;
    4BA7 : 00;
    4BA8 : 00;
    4BA9 : 00;
    4BAA : 00;
    4BAB : 00;
    4BAC : 00;
    4BAD : 00;
    4BAE : 00;
    4BAF : 00;
    4BB0 : 00;
    4BB1 : 00;
    4BB2 : 00;
    4BB3 : 00;
    4BB4 : 00;
    4BB5 : 00;
    4BB6 : 00;
    4BB7 : 00;
    4BB8 : 00;
    4BB9 : 00;
    4BBA : 00;
    4BBB : 00;
    4BBC : 00;
    4BBD : 00;
    4BBE : 00;
    4BBF : 00;
    4BC0 : 00;
    4BC1 : 00;
    4BC2 : 00;
    4BC3 : 00;
    4BC4 : 00;
    4BC5 : 00;
    4BC6 : 00;
    4BC7 : 00;
    4BC8 : 00;
    4BC9 : 00;
    4BCA : 00;
    4BCB : 00;
    4BCC : 00;
    4BCD : 00;
    4BCE : 00;
    4BCF : 00;
    4BD0 : 00;
    4BD1 : 00;
    4BD2 : 00;
    4BD3 : 00;
    4BD4 : 00;
    4BD5 : 00;
    4BD6 : 00;
    4BD7 : 00;
    4BD8 : 00;
    4BD9 : 00;
    4BDA : 00;
    4BDB : 00;
    4BDC : 00;
    4BDD : 00;
    4BDE : 00;
    4BDF : 00;
    4BE0 : 00;
    4BE1 : 00;
    4BE2 : 00;
    4BE3 : 00;
    4BE4 : 00;
    4BE5 : 00;
    4BE6 : 00;
    4BE7 : 00;
    4BE8 : 00;
    4BE9 : 00;
    4BEA : 00;
    4BEB : 00;
    4BEC : 00;
    4BED : 00;
    4BEE : 00;
    4BEF : 00;
    4BF0 : 00;
    4BF1 : 00;
    4BF2 : 00;
    4BF3 : 00;
    4BF4 : 00;
    4BF5 : 00;
    4BF6 : 00;
    4BF7 : 00;
    4BF8 : 00;
    4BF9 : 00;
    4BFA : 00;
    4BFB : 00;
    4BFC : 00;
    4BFD : 00;
    4BFE : 00;
    4BFF : 00;
    4C00 : 00;
    4C01 : 00;
    4C02 : 00;
    4C03 : 00;
    4C04 : 00;
    4C05 : 00;
    4C06 : 00;
    4C07 : 00;
    4C08 : 00;
    4C09 : 00;
    4C0A : 00;
    4C0B : 00;
    4C0C : 00;
    4C0D : 00;
    4C0E : 00;
    4C0F : 00;
    4C10 : 00;
    4C11 : 00;
    4C12 : 00;
    4C13 : 00;
    4C14 : 00;
    4C15 : 00;
    4C16 : 00;
    4C17 : 00;
    4C18 : 00;
    4C19 : 00;
    4C1A : 00;
    4C1B : 00;
    4C1C : 00;
    4C1D : 00;
    4C1E : 00;
    4C1F : 00;
    4C20 : 00;
    4C21 : 00;
    4C22 : 00;
    4C23 : 00;
    4C24 : 00;
    4C25 : 00;
    4C26 : 00;
    4C27 : 00;
    4C28 : 00;
    4C29 : 00;
    4C2A : 00;
    4C2B : 00;
    4C2C : 00;
    4C2D : 00;
    4C2E : 00;
    4C2F : 00;
    4C30 : 00;
    4C31 : 00;
    4C32 : 00;
    4C33 : 00;
    4C34 : 00;
    4C35 : 00;
    4C36 : 00;
    4C37 : 00;
    4C38 : 00;
    4C39 : 00;
    4C3A : 00;
    4C3B : 00;
    4C3C : 00;
    4C3D : 00;
    4C3E : 00;
    4C3F : 00;
    4C40 : 00;
    4C41 : 00;
    4C42 : 00;
    4C43 : 00;
    4C44 : 00;
    4C45 : 00;
    4C46 : 00;
    4C47 : 00;
    4C48 : 00;
    4C49 : 00;
    4C4A : 00;
    4C4B : 00;
    4C4C : 00;
    4C4D : 00;
    4C4E : 00;
    4C4F : 00;
    4C50 : 00;
    4C51 : 00;
    4C52 : 00;
    4C53 : 00;
    4C54 : 00;
    4C55 : 00;
    4C56 : 00;
    4C57 : 00;
    4C58 : 00;
    4C59 : 00;
    4C5A : 00;
    4C5B : 00;
    4C5C : 00;
    4C5D : 00;
    4C5E : 00;
    4C5F : 00;
    4C60 : 00;
    4C61 : 00;
    4C62 : 00;
    4C63 : 00;
    4C64 : 00;
    4C65 : 00;
    4C66 : 00;
    4C67 : 00;
    4C68 : 00;
    4C69 : 00;
    4C6A : 00;
    4C6B : 00;
    4C6C : 00;
    4C6D : 00;
    4C6E : 00;
    4C6F : 00;
    4C70 : 00;
    4C71 : 00;
    4C72 : 00;
    4C73 : 00;
    4C74 : 00;
    4C75 : 00;
    4C76 : 00;
    4C77 : 00;
    4C78 : 00;
    4C79 : 00;
    4C7A : 00;
    4C7B : 00;
    4C7C : 00;
    4C7D : 00;
    4C7E : 00;
    4C7F : 00;
    4C80 : 00;
    4C81 : 00;
    4C82 : 00;
    4C83 : 00;
    4C84 : 00;
    4C85 : 00;
    4C86 : 00;
    4C87 : 00;
    4C88 : 00;
    4C89 : 00;
    4C8A : 00;
    4C8B : 00;
    4C8C : 00;
    4C8D : 00;
    4C8E : 00;
    4C8F : 00;
    4C90 : 00;
    4C91 : 00;
    4C92 : 00;
    4C93 : 00;
    4C94 : 00;
    4C95 : 00;
    4C96 : 00;
    4C97 : 00;
    4C98 : 00;
    4C99 : 00;
    4C9A : 00;
    4C9B : 00;
    4C9C : 00;
    4C9D : 00;
    4C9E : 00;
    4C9F : 00;
    4CA0 : 00;
    4CA1 : 00;
    4CA2 : 00;
    4CA3 : 00;
    4CA4 : 00;
    4CA5 : 00;
    4CA6 : 00;
    4CA7 : 00;
    4CA8 : 00;
    4CA9 : 00;
    4CAA : 00;
    4CAB : 00;
    4CAC : 00;
    4CAD : 00;
    4CAE : 00;
    4CAF : 00;
    4CB0 : 00;
    4CB1 : 00;
    4CB2 : 00;
    4CB3 : 00;
    4CB4 : 00;
    4CB5 : 00;
    4CB6 : 00;
    4CB7 : 00;
    4CB8 : 00;
    4CB9 : 00;
    4CBA : 00;
    4CBB : 00;
    4CBC : 00;
    4CBD : 00;
    4CBE : 00;
    4CBF : 00;
    4CC0 : 00;
    4CC1 : 00;
    4CC2 : 00;
    4CC3 : 00;
    4CC4 : 00;
    4CC5 : 00;
    4CC6 : 00;
    4CC7 : 00;
    4CC8 : 00;
    4CC9 : 00;
    4CCA : 00;
    4CCB : 00;
    4CCC : 00;
    4CCD : 00;
    4CCE : 00;
    4CCF : 00;
    4CD0 : 00;
    4CD1 : 00;
    4CD2 : 00;
    4CD3 : 00;
    4CD4 : 00;
    4CD5 : 00;
    4CD6 : 00;
    4CD7 : 00;
    4CD8 : 00;
    4CD9 : 00;
    4CDA : 00;
    4CDB : 00;
    4CDC : 00;
    4CDD : 00;
    4CDE : 00;
    4CDF : 00;
    4CE0 : 00;
    4CE1 : 00;
    4CE2 : 00;
    4CE3 : 00;
    4CE4 : 00;
    4CE5 : 00;
    4CE6 : 00;
    4CE7 : 00;
    4CE8 : 00;
    4CE9 : 00;
    4CEA : 00;
    4CEB : 00;
    4CEC : 00;
    4CED : 00;
    4CEE : 00;
    4CEF : 00;
    4CF0 : 00;
    4CF1 : 00;
    4CF2 : 00;
    4CF3 : 00;
    4CF4 : 00;
    4CF5 : 00;
    4CF6 : 00;
    4CF7 : 00;
    4CF8 : 00;
    4CF9 : 00;
    4CFA : 00;
    4CFB : 00;
    4CFC : 00;
    4CFD : 00;
    4CFE : 00;
    4CFF : 00;
    4D00 : 00;
    4D01 : 00;
    4D02 : 00;
    4D03 : 00;
    4D04 : 00;
    4D05 : 00;
    4D06 : 00;
    4D07 : 00;
    4D08 : 00;
    4D09 : 00;
    4D0A : 00;
    4D0B : 00;
    4D0C : 00;
    4D0D : 00;
    4D0E : 00;
    4D0F : 00;
    4D10 : 00;
    4D11 : 00;
    4D12 : 00;
    4D13 : 00;
    4D14 : 00;
    4D15 : 00;
    4D16 : 00;
    4D17 : 00;
    4D18 : 00;
    4D19 : 00;
    4D1A : 00;
    4D1B : 00;
    4D1C : 00;
    4D1D : 00;
    4D1E : 00;
    4D1F : 00;
    4D20 : 00;
    4D21 : 00;
    4D22 : 00;
    4D23 : 00;
    4D24 : 00;
    4D25 : 00;
    4D26 : 00;
    4D27 : 00;
    4D28 : 00;
    4D29 : 00;
    4D2A : 00;
    4D2B : 00;
    4D2C : 00;
    4D2D : 00;
    4D2E : 00;
    4D2F : 00;
    4D30 : 00;
    4D31 : 00;
    4D32 : 00;
    4D33 : 00;
    4D34 : 00;
    4D35 : 00;
    4D36 : 00;
    4D37 : 00;
    4D38 : 00;
    4D39 : 00;
    4D3A : 00;
    4D3B : 00;
    4D3C : 00;
    4D3D : 00;
    4D3E : 00;
    4D3F : 00;
    4D40 : 00;
    4D41 : 00;
    4D42 : 00;
    4D43 : 00;
    4D44 : 00;
    4D45 : 00;
    4D46 : 00;
    4D47 : 00;
    4D48 : 00;
    4D49 : 00;
    4D4A : 00;
    4D4B : 00;
    4D4C : 00;
    4D4D : 00;
    4D4E : 00;
    4D4F : 00;
    4D50 : 00;
    4D51 : 00;
    4D52 : 00;
    4D53 : 00;
    4D54 : 00;
    4D55 : 00;
    4D56 : 00;
    4D57 : 00;
    4D58 : 00;
    4D59 : 00;
    4D5A : 00;
    4D5B : 00;
    4D5C : 00;
    4D5D : 00;
    4D5E : 00;
    4D5F : 00;
    4D60 : 00;
    4D61 : 00;
    4D62 : 00;
    4D63 : 00;
    4D64 : 00;
    4D65 : 00;
    4D66 : 00;
    4D67 : 00;
    4D68 : 00;
    4D69 : 00;
    4D6A : 00;
    4D6B : 00;
    4D6C : 00;
    4D6D : 00;
    4D6E : 00;
    4D6F : 00;
    4D70 : 00;
    4D71 : 00;
    4D72 : 00;
    4D73 : 00;
    4D74 : 00;
    4D75 : 00;
    4D76 : 00;
    4D77 : 00;
    4D78 : 00;
    4D79 : 00;
    4D7A : 00;
    4D7B : 00;
    4D7C : 00;
    4D7D : 00;
    4D7E : 00;
    4D7F : 00;
    4D80 : 00;
    4D81 : 00;
    4D82 : 00;
    4D83 : 00;
    4D84 : 00;
    4D85 : 00;
    4D86 : 00;
    4D87 : 00;
    4D88 : 00;
    4D89 : 00;
    4D8A : 00;
    4D8B : 00;
    4D8C : 00;
    4D8D : 00;
    4D8E : 00;
    4D8F : 00;
    4D90 : 00;
    4D91 : 00;
    4D92 : 00;
    4D93 : 00;
    4D94 : 00;
    4D95 : 00;
    4D96 : 00;
    4D97 : 00;
    4D98 : 00;
    4D99 : 00;
    4D9A : 00;
    4D9B : 00;
    4D9C : 00;
    4D9D : 00;
    4D9E : 00;
    4D9F : 00;
    4DA0 : 00;
    4DA1 : 00;
    4DA2 : 00;
    4DA3 : 00;
    4DA4 : 00;
    4DA5 : 00;
    4DA6 : 00;
    4DA7 : 00;
    4DA8 : 00;
    4DA9 : 00;
    4DAA : 00;
    4DAB : 00;
    4DAC : 00;
    4DAD : 00;
    4DAE : 00;
    4DAF : 00;
    4DB0 : 00;
    4DB1 : 00;
    4DB2 : 00;
    4DB3 : 00;
    4DB4 : 00;
    4DB5 : 00;
    4DB6 : 00;
    4DB7 : 00;
    4DB8 : 00;
    4DB9 : 00;
    4DBA : 00;
    4DBB : 00;
    4DBC : 00;
    4DBD : 00;
    4DBE : 00;
    4DBF : 00;
    4DC0 : 00;
    4DC1 : 00;
    4DC2 : 00;
    4DC3 : 00;
    4DC4 : 00;
    4DC5 : 00;
    4DC6 : 00;
    4DC7 : 00;
    4DC8 : 00;
    4DC9 : 00;
    4DCA : 00;
    4DCB : 00;
    4DCC : 00;
    4DCD : 00;
    4DCE : 00;
    4DCF : 00;
    4DD0 : 00;
    4DD1 : 00;
    4DD2 : 00;
    4DD3 : 00;
    4DD4 : 00;
    4DD5 : 00;
    4DD6 : 00;
    4DD7 : 00;
    4DD8 : 00;
    4DD9 : 00;
    4DDA : 00;
    4DDB : 00;
    4DDC : 00;
    4DDD : 00;
    4DDE : 00;
    4DDF : 00;
    4DE0 : 00;
    4DE1 : 00;
    4DE2 : 00;
    4DE3 : 00;
    4DE4 : 00;
    4DE5 : 00;
    4DE6 : 00;
    4DE7 : 00;
    4DE8 : 00;
    4DE9 : 00;
    4DEA : 00;
    4DEB : 00;
    4DEC : 00;
    4DED : 00;
    4DEE : 00;
    4DEF : 00;
    4DF0 : 00;
    4DF1 : 00;
    4DF2 : 00;
    4DF3 : 00;
    4DF4 : 00;
    4DF5 : 00;
    4DF6 : 00;
    4DF7 : 00;
    4DF8 : 00;
    4DF9 : 00;
    4DFA : 00;
    4DFB : 00;
    4DFC : 00;
    4DFD : 00;
    4DFE : 00;
    4DFF : 00;
    4E00 : 00;
    4E01 : 00;
    4E02 : 00;
    4E03 : 00;
    4E04 : 00;
    4E05 : 00;
    4E06 : 00;
    4E07 : 00;
    4E08 : 00;
    4E09 : 00;
    4E0A : 00;
    4E0B : 00;
    4E0C : 00;
    4E0D : 00;
    4E0E : 00;
    4E0F : 00;
    4E10 : 00;
    4E11 : 00;
    4E12 : 00;
    4E13 : 00;
    4E14 : 00;
    4E15 : 00;
    4E16 : 00;
    4E17 : 00;
    4E18 : 00;
    4E19 : 00;
    4E1A : 00;
    4E1B : 00;
    4E1C : 00;
    4E1D : 00;
    4E1E : 00;
    4E1F : 00;
    4E20 : 00;
    4E21 : 00;
    4E22 : 00;
    4E23 : 00;
    4E24 : 00;
    4E25 : 00;
    4E26 : 00;
    4E27 : 00;
    4E28 : 00;
    4E29 : 00;
    4E2A : 00;
    4E2B : 00;
    4E2C : 00;
    4E2D : 00;
    4E2E : 00;
    4E2F : 00;
    4E30 : 00;
    4E31 : 00;
    4E32 : 00;
    4E33 : 00;
    4E34 : 00;
    4E35 : 00;
    4E36 : 00;
    4E37 : 00;
    4E38 : 00;
    4E39 : 00;
    4E3A : 00;
    4E3B : 00;
    4E3C : 00;
    4E3D : 00;
    4E3E : 00;
    4E3F : 00;
    4E40 : 00;
    4E41 : 00;
    4E42 : 00;
    4E43 : 00;
    4E44 : 00;
    4E45 : 00;
    4E46 : 00;
    4E47 : 00;
    4E48 : 00;
    4E49 : 00;
    4E4A : 00;
    4E4B : 00;
    4E4C : 00;
    4E4D : 00;
    4E4E : 00;
    4E4F : 00;
    4E50 : 00;
    4E51 : 00;
    4E52 : 00;
    4E53 : 00;
    4E54 : 00;
    4E55 : 00;
    4E56 : 00;
    4E57 : 00;
    4E58 : 00;
    4E59 : 00;
    4E5A : 00;
    4E5B : 00;
    4E5C : 00;
    4E5D : 00;
    4E5E : 00;
    4E5F : 00;
    4E60 : 00;
    4E61 : 00;
    4E62 : 00;
    4E63 : 00;
    4E64 : 00;
    4E65 : 00;
    4E66 : 00;
    4E67 : 00;
    4E68 : 00;
    4E69 : 00;
    4E6A : 00;
    4E6B : 00;
    4E6C : 00;
    4E6D : 00;
    4E6E : 00;
    4E6F : 00;
    4E70 : 00;
    4E71 : 00;
    4E72 : 00;
    4E73 : 00;
    4E74 : 00;
    4E75 : 00;
    4E76 : 00;
    4E77 : 00;
    4E78 : 00;
    4E79 : 00;
    4E7A : 00;
    4E7B : 00;
    4E7C : 00;
    4E7D : 00;
    4E7E : 00;
    4E7F : 00;
    4E80 : 00;
    4E81 : 00;
    4E82 : 00;
    4E83 : 00;
    4E84 : 00;
    4E85 : 00;
    4E86 : 00;
    4E87 : 00;
    4E88 : 00;
    4E89 : 00;
    4E8A : 00;
    4E8B : 00;
    4E8C : 00;
    4E8D : 00;
    4E8E : 00;
    4E8F : 00;
    4E90 : 00;
    4E91 : 00;
    4E92 : 00;
    4E93 : 00;
    4E94 : 00;
    4E95 : 00;
    4E96 : 00;
    4E97 : 00;
    4E98 : 00;
    4E99 : 00;
    4E9A : 00;
    4E9B : 00;
    4E9C : 00;
    4E9D : 00;
    4E9E : 00;
    4E9F : 00;
    4EA0 : 00;
    4EA1 : 00;
    4EA2 : 00;
    4EA3 : 00;
    4EA4 : 00;
    4EA5 : 00;
    4EA6 : 00;
    4EA7 : 00;
    4EA8 : 00;
    4EA9 : 00;
    4EAA : 00;
    4EAB : 00;
    4EAC : 00;
    4EAD : 00;
    4EAE : 00;
    4EAF : 00;
    4EB0 : 00;
    4EB1 : 00;
    4EB2 : 00;
    4EB3 : 00;
    4EB4 : 00;
    4EB5 : 00;
    4EB6 : 00;
    4EB7 : 00;
    4EB8 : 00;
    4EB9 : 00;
    4EBA : 00;
    4EBB : 00;
    4EBC : 00;
    4EBD : 00;
    4EBE : 00;
    4EBF : 00;
    4EC0 : 00;
    4EC1 : 00;
    4EC2 : 00;
    4EC3 : 00;
    4EC4 : 00;
    4EC5 : 00;
    4EC6 : 00;
    4EC7 : 00;
    4EC8 : 00;
    4EC9 : 00;
    4ECA : 00;
    4ECB : 00;
    4ECC : 00;
    4ECD : 00;
    4ECE : 00;
    4ECF : 00;
    4ED0 : 00;
    4ED1 : 00;
    4ED2 : 00;
    4ED3 : 00;
    4ED4 : 00;
    4ED5 : 00;
    4ED6 : 00;
    4ED7 : 00;
    4ED8 : 00;
    4ED9 : 00;
    4EDA : 00;
    4EDB : 00;
    4EDC : 00;
    4EDD : 00;
    4EDE : 00;
    4EDF : 00;
    4EE0 : 00;
    4EE1 : 00;
    4EE2 : 00;
    4EE3 : 00;
    4EE4 : 00;
    4EE5 : 00;
    4EE6 : 00;
    4EE7 : 00;
    4EE8 : 00;
    4EE9 : 00;
    4EEA : 00;
    4EEB : 00;
    4EEC : 00;
    4EED : 00;
    4EEE : 00;
    4EEF : 00;
    4EF0 : 00;
    4EF1 : 00;
    4EF2 : 00;
    4EF3 : 00;
    4EF4 : 00;
    4EF5 : 00;
    4EF6 : 00;
    4EF7 : 00;
    4EF8 : 00;
    4EF9 : 00;
    4EFA : 00;
    4EFB : 00;
    4EFC : 00;
    4EFD : 00;
    4EFE : 00;
    4EFF : 00;
    4F00 : 00;
    4F01 : 00;
    4F02 : 00;
    4F03 : 00;
    4F04 : 00;
    4F05 : 00;
    4F06 : 00;
    4F07 : 00;
    4F08 : 00;
    4F09 : 00;
    4F0A : 00;
    4F0B : 00;
    4F0C : 00;
    4F0D : 00;
    4F0E : 00;
    4F0F : 00;
    4F10 : 00;
    4F11 : 00;
    4F12 : 00;
    4F13 : 00;
    4F14 : 00;
    4F15 : 00;
    4F16 : 00;
    4F17 : 00;
    4F18 : 00;
    4F19 : 00;
    4F1A : 00;
    4F1B : 00;
    4F1C : 00;
    4F1D : 00;
    4F1E : 00;
    4F1F : 00;
    4F20 : 00;
    4F21 : 00;
    4F22 : 00;
    4F23 : 00;
    4F24 : 00;
    4F25 : 00;
    4F26 : 00;
    4F27 : 00;
    4F28 : 00;
    4F29 : 00;
    4F2A : 00;
    4F2B : 00;
    4F2C : 00;
    4F2D : 00;
    4F2E : 00;
    4F2F : 00;
    4F30 : 00;
    4F31 : 00;
    4F32 : 00;
    4F33 : 00;
    4F34 : 00;
    4F35 : 00;
    4F36 : 00;
    4F37 : 00;
    4F38 : 00;
    4F39 : 00;
    4F3A : 00;
    4F3B : 00;
    4F3C : 00;
    4F3D : 00;
    4F3E : 00;
    4F3F : 00;
    4F40 : 00;
    4F41 : 00;
    4F42 : 00;
    4F43 : 00;
    4F44 : 00;
    4F45 : 00;
    4F46 : 00;
    4F47 : 00;
    4F48 : 00;
    4F49 : 00;
    4F4A : 00;
    4F4B : 00;
    4F4C : 00;
    4F4D : 00;
    4F4E : 00;
    4F4F : 00;
    4F50 : 00;
    4F51 : 00;
    4F52 : 00;
    4F53 : 00;
    4F54 : 00;
    4F55 : 00;
    4F56 : 00;
    4F57 : 00;
    4F58 : 00;
    4F59 : 00;
    4F5A : 00;
    4F5B : 00;
    4F5C : 00;
    4F5D : 00;
    4F5E : 00;
    4F5F : 00;
    4F60 : 00;
    4F61 : 00;
    4F62 : 00;
    4F63 : 00;
    4F64 : 00;
    4F65 : 00;
    4F66 : 00;
    4F67 : 00;
    4F68 : 00;
    4F69 : 00;
    4F6A : 00;
    4F6B : 00;
    4F6C : 00;
    4F6D : 00;
    4F6E : 00;
    4F6F : 00;
    4F70 : 00;
    4F71 : 00;
    4F72 : 00;
    4F73 : 00;
    4F74 : 00;
    4F75 : 00;
    4F76 : 00;
    4F77 : 00;
    4F78 : 00;
    4F79 : 00;
    4F7A : 00;
    4F7B : 00;
    4F7C : 00;
    4F7D : 00;
    4F7E : 00;
    4F7F : 00;
    4F80 : 00;
    4F81 : 00;
    4F82 : 00;
    4F83 : 00;
    4F84 : 00;
    4F85 : 00;
    4F86 : 00;
    4F87 : 00;
    4F88 : 00;
    4F89 : 00;
    4F8A : 00;
    4F8B : 00;
    4F8C : 00;
    4F8D : 00;
    4F8E : 00;
    4F8F : 00;
    4F90 : 00;
    4F91 : 00;
    4F92 : 00;
    4F93 : 00;
    4F94 : 00;
    4F95 : 00;
    4F96 : 00;
    4F97 : 00;
    4F98 : 00;
    4F99 : 00;
    4F9A : 00;
    4F9B : 00;
    4F9C : 00;
    4F9D : 00;
    4F9E : 00;
    4F9F : 00;
    4FA0 : 00;
    4FA1 : 00;
    4FA2 : 00;
    4FA3 : 00;
    4FA4 : 00;
    4FA5 : 00;
    4FA6 : 00;
    4FA7 : 00;
    4FA8 : 00;
    4FA9 : 00;
    4FAA : 00;
    4FAB : 00;
    4FAC : 00;
    4FAD : 00;
    4FAE : 00;
    4FAF : 00;
    4FB0 : 00;
    4FB1 : 00;
    4FB2 : 00;
    4FB3 : 00;
    4FB4 : 00;
    4FB5 : 00;
    4FB6 : 00;
    4FB7 : 00;
    4FB8 : 00;
    4FB9 : 00;
    4FBA : 00;
    4FBB : 00;
    4FBC : 00;
    4FBD : 00;
    4FBE : 00;
    4FBF : 00;
    4FC0 : 00;
    4FC1 : 00;
    4FC2 : 00;
    4FC3 : 00;
    4FC4 : 00;
    4FC5 : 00;
    4FC6 : 00;
    4FC7 : 00;
    4FC8 : 00;
    4FC9 : 00;
    4FCA : 00;
    4FCB : 00;
    4FCC : 00;
    4FCD : 00;
    4FCE : 00;
    4FCF : 00;
    4FD0 : 00;
    4FD1 : 00;
    4FD2 : 00;
    4FD3 : 00;
    4FD4 : 00;
    4FD5 : 00;
    4FD6 : 00;
    4FD7 : 00;
    4FD8 : 00;
    4FD9 : 00;
    4FDA : 00;
    4FDB : 00;
    4FDC : 00;
    4FDD : 00;
    4FDE : 00;
    4FDF : 00;
    4FE0 : 00;
    4FE1 : 00;
    4FE2 : 00;
    4FE3 : 00;
    4FE4 : 00;
    4FE5 : 00;
    4FE6 : 00;
    4FE7 : 00;
    4FE8 : 00;
    4FE9 : 00;
    4FEA : 00;
    4FEB : 00;
    4FEC : 00;
    4FED : 00;
    4FEE : 00;
    4FEF : 00;
    4FF0 : 00;
    4FF1 : 00;
    4FF2 : 00;
    4FF3 : 00;
    4FF4 : 00;
    4FF5 : 00;
    4FF6 : 00;
    4FF7 : 00;
    4FF8 : 00;
    4FF9 : 00;
    4FFA : 00;
    4FFB : 00;
    4FFC : 00;
    4FFD : 00;
    4FFE : 00;
    4FFF : 00;
    5000 : 00;
    5001 : 00;
    5002 : 00;
    5003 : 00;
    5004 : 00;
    5005 : 00;
    5006 : 00;
    5007 : 00;
    5008 : 00;
    5009 : 00;
    500A : 00;
    500B : 00;
    500C : 00;
    500D : 00;
    500E : 00;
    500F : 00;
    5010 : 00;
    5011 : 00;
    5012 : 00;
    5013 : 00;
    5014 : 00;
    5015 : 00;
    5016 : 00;
    5017 : 00;
    5018 : 00;
    5019 : 00;
    501A : 00;
    501B : 00;
    501C : 00;
    501D : 00;
    501E : 00;
    501F : 00;
    5020 : 00;
    5021 : 00;
    5022 : 00;
    5023 : 00;
    5024 : 00;
    5025 : 00;
    5026 : 00;
    5027 : 00;
    5028 : 00;
    5029 : 00;
    502A : 00;
    502B : 00;
    502C : 00;
    502D : 00;
    502E : 00;
    502F : 00;
    5030 : 00;
    5031 : 00;
    5032 : 00;
    5033 : 00;
    5034 : 00;
    5035 : 00;
    5036 : 00;
    5037 : 00;
    5038 : 00;
    5039 : 00;
    503A : 00;
    503B : 00;
    503C : 00;
    503D : 00;
    503E : 00;
    503F : 00;
    5040 : 00;
    5041 : 00;
    5042 : 00;
    5043 : 00;
    5044 : 00;
    5045 : 00;
    5046 : 00;
    5047 : 00;
    5048 : 00;
    5049 : 00;
    504A : 00;
    504B : 00;
    504C : 00;
    504D : 00;
    504E : 00;
    504F : 00;
    5050 : 00;
    5051 : 00;
    5052 : 00;
    5053 : 00;
    5054 : 00;
    5055 : 00;
    5056 : 00;
    5057 : 00;
    5058 : 00;
    5059 : 00;
    505A : 00;
    505B : 00;
    505C : 00;
    505D : 00;
    505E : 00;
    505F : 00;
    5060 : 00;
    5061 : 00;
    5062 : 00;
    5063 : 00;
    5064 : 00;
    5065 : 00;
    5066 : 00;
    5067 : 00;
    5068 : 00;
    5069 : 00;
    506A : 00;
    506B : 00;
    506C : 00;
    506D : 00;
    506E : 00;
    506F : 00;
    5070 : 00;
    5071 : 00;
    5072 : 00;
    5073 : 00;
    5074 : 00;
    5075 : 00;
    5076 : 00;
    5077 : 00;
    5078 : 00;
    5079 : 00;
    507A : 00;
    507B : 00;
    507C : 00;
    507D : 00;
    507E : 00;
    507F : 00;
    5080 : 00;
    5081 : 00;
    5082 : 00;
    5083 : 00;
    5084 : 00;
    5085 : 00;
    5086 : 00;
    5087 : 00;
    5088 : 00;
    5089 : 00;
    508A : 00;
    508B : 00;
    508C : 00;
    508D : 00;
    508E : 00;
    508F : 00;
    5090 : 00;
    5091 : 00;
    5092 : 00;
    5093 : 00;
    5094 : 00;
    5095 : 00;
    5096 : 00;
    5097 : 00;
    5098 : 00;
    5099 : 00;
    509A : 00;
    509B : 00;
    509C : 00;
    509D : 00;
    509E : 00;
    509F : 00;
    50A0 : 00;
    50A1 : 00;
    50A2 : 00;
    50A3 : 00;
    50A4 : 00;
    50A5 : 00;
    50A6 : 00;
    50A7 : 00;
    50A8 : 00;
    50A9 : 00;
    50AA : 00;
    50AB : 00;
    50AC : 00;
    50AD : 00;
    50AE : 00;
    50AF : 00;
    50B0 : 00;
    50B1 : 00;
    50B2 : 00;
    50B3 : 00;
    50B4 : 00;
    50B5 : 00;
    50B6 : 00;
    50B7 : 00;
    50B8 : 00;
    50B9 : 00;
    50BA : 00;
    50BB : 00;
    50BC : 00;
    50BD : 00;
    50BE : 00;
    50BF : 00;
    50C0 : 00;
    50C1 : 00;
    50C2 : 00;
    50C3 : 00;
    50C4 : 00;
    50C5 : 00;
    50C6 : 00;
    50C7 : 00;
    50C8 : 00;
    50C9 : 00;
    50CA : 00;
    50CB : 00;
    50CC : 00;
    50CD : 00;
    50CE : 00;
    50CF : 00;
    50D0 : 00;
    50D1 : 00;
    50D2 : 00;
    50D3 : 00;
    50D4 : 00;
    50D5 : 00;
    50D6 : 00;
    50D7 : 00;
    50D8 : 00;
    50D9 : 00;
    50DA : 00;
    50DB : 00;
    50DC : 00;
    50DD : 00;
    50DE : 00;
    50DF : 00;
    50E0 : 00;
    50E1 : 00;
    50E2 : 00;
    50E3 : 00;
    50E4 : 00;
    50E5 : 00;
    50E6 : 00;
    50E7 : 00;
    50E8 : 00;
    50E9 : 00;
    50EA : 00;
    50EB : 00;
    50EC : 00;
    50ED : 00;
    50EE : 00;
    50EF : 00;
    50F0 : 00;
    50F1 : 00;
    50F2 : 00;
    50F3 : 00;
    50F4 : 00;
    50F5 : 00;
    50F6 : 00;
    50F7 : 00;
    50F8 : 00;
    50F9 : 00;
    50FA : 00;
    50FB : 00;
    50FC : 00;
    50FD : 00;
    50FE : 00;
    50FF : 00;
    5100 : 00;
    5101 : 00;
    5102 : 00;
    5103 : 00;
    5104 : 00;
    5105 : 00;
    5106 : 00;
    5107 : 00;
    5108 : 00;
    5109 : 00;
    510A : 00;
    510B : 00;
    510C : 00;
    510D : 00;
    510E : 00;
    510F : 00;
    5110 : 00;
    5111 : 00;
    5112 : 00;
    5113 : 00;
    5114 : 00;
    5115 : 00;
    5116 : 00;
    5117 : 00;
    5118 : 00;
    5119 : 00;
    511A : 00;
    511B : 00;
    511C : 00;
    511D : 00;
    511E : 00;
    511F : 00;
    5120 : 00;
    5121 : 00;
    5122 : 00;
    5123 : 00;
    5124 : 00;
    5125 : 00;
    5126 : 00;
    5127 : 00;
    5128 : 00;
    5129 : 00;
    512A : 00;
    512B : 00;
    512C : 00;
    512D : 00;
    512E : 00;
    512F : 00;
    5130 : 00;
    5131 : 00;
    5132 : 00;
    5133 : 00;
    5134 : 00;
    5135 : 00;
    5136 : 00;
    5137 : 00;
    5138 : 00;
    5139 : 00;
    513A : 00;
    513B : 00;
    513C : 00;
    513D : 00;
    513E : 00;
    513F : 00;
    5140 : 00;
    5141 : 00;
    5142 : 00;
    5143 : 00;
    5144 : 00;
    5145 : 00;
    5146 : 00;
    5147 : 00;
    5148 : 00;
    5149 : 00;
    514A : 00;
    514B : 00;
    514C : 00;
    514D : 00;
    514E : 00;
    514F : 00;
    5150 : 00;
    5151 : 00;
    5152 : 00;
    5153 : 00;
    5154 : 00;
    5155 : 00;
    5156 : 00;
    5157 : 00;
    5158 : 00;
    5159 : 00;
    515A : 00;
    515B : 00;
    515C : 00;
    515D : 00;
    515E : 00;
    515F : 00;
    5160 : 00;
    5161 : 00;
    5162 : 00;
    5163 : 00;
    5164 : 00;
    5165 : 00;
    5166 : 00;
    5167 : 00;
    5168 : 00;
    5169 : 00;
    516A : 00;
    516B : 00;
    516C : 00;
    516D : 00;
    516E : 00;
    516F : 00;
    5170 : 00;
    5171 : 00;
    5172 : 00;
    5173 : 00;
    5174 : 00;
    5175 : 00;
    5176 : 00;
    5177 : 00;
    5178 : 00;
    5179 : 00;
    517A : 00;
    517B : 00;
    517C : 00;
    517D : 00;
    517E : 00;
    517F : 00;
    5180 : 00;
    5181 : 00;
    5182 : 00;
    5183 : 00;
    5184 : 00;
    5185 : 00;
    5186 : 00;
    5187 : 00;
    5188 : 00;
    5189 : 00;
    518A : 00;
    518B : 00;
    518C : 00;
    518D : 00;
    518E : 00;
    518F : 00;
    5190 : 00;
    5191 : 00;
    5192 : 00;
    5193 : 00;
    5194 : 00;
    5195 : 00;
    5196 : 00;
    5197 : 00;
    5198 : 00;
    5199 : 00;
    519A : 00;
    519B : 00;
    519C : 00;
    519D : 00;
    519E : 00;
    519F : 00;
    51A0 : 00;
    51A1 : 00;
    51A2 : 00;
    51A3 : 00;
    51A4 : 00;
    51A5 : 00;
    51A6 : 00;
    51A7 : 00;
    51A8 : 00;
    51A9 : 00;
    51AA : 00;
    51AB : 00;
    51AC : 00;
    51AD : 00;
    51AE : 00;
    51AF : 00;
    51B0 : 00;
    51B1 : 00;
    51B2 : 00;
    51B3 : 00;
    51B4 : 00;
    51B5 : 00;
    51B6 : 00;
    51B7 : 00;
    51B8 : 00;
    51B9 : 00;
    51BA : 00;
    51BB : 00;
    51BC : 00;
    51BD : 00;
    51BE : 00;
    51BF : 00;
    51C0 : 00;
    51C1 : 00;
    51C2 : 00;
    51C3 : 00;
    51C4 : 00;
    51C5 : 00;
    51C6 : 00;
    51C7 : 00;
    51C8 : 00;
    51C9 : 00;
    51CA : 00;
    51CB : 00;
    51CC : 00;
    51CD : 00;
    51CE : 00;
    51CF : 00;
    51D0 : 00;
    51D1 : 00;
    51D2 : 00;
    51D3 : 00;
    51D4 : 00;
    51D5 : 00;
    51D6 : 00;
    51D7 : 00;
    51D8 : 00;
    51D9 : 00;
    51DA : 00;
    51DB : 00;
    51DC : 00;
    51DD : 00;
    51DE : 00;
    51DF : 00;
    51E0 : 00;
    51E1 : 00;
    51E2 : 00;
    51E3 : 00;
    51E4 : 00;
    51E5 : 00;
    51E6 : 00;
    51E7 : 00;
    51E8 : 00;
    51E9 : 00;
    51EA : 00;
    51EB : 00;
    51EC : 00;
    51ED : 00;
    51EE : 00;
    51EF : 00;
    51F0 : 00;
    51F1 : 00;
    51F2 : 00;
    51F3 : 00;
    51F4 : 00;
    51F5 : 00;
    51F6 : 00;
    51F7 : 00;
    51F8 : 00;
    51F9 : 00;
    51FA : 00;
    51FB : 00;
    51FC : 00;
    51FD : 00;
    51FE : 00;
    51FF : 00;
    5200 : 00;
    5201 : 00;
    5202 : 00;
    5203 : 00;
    5204 : 00;
    5205 : 00;
    5206 : 00;
    5207 : 00;
    5208 : 00;
    5209 : 00;
    520A : 00;
    520B : 00;
    520C : 00;
    520D : 00;
    520E : 00;
    520F : 00;
    5210 : 00;
    5211 : 00;
    5212 : 00;
    5213 : 00;
    5214 : 00;
    5215 : 00;
    5216 : 00;
    5217 : 00;
    5218 : 00;
    5219 : 00;
    521A : 00;
    521B : 00;
    521C : 00;
    521D : 00;
    521E : 00;
    521F : 00;
    5220 : 00;
    5221 : 00;
    5222 : 00;
    5223 : 00;
    5224 : 00;
    5225 : 00;
    5226 : 00;
    5227 : 00;
    5228 : 00;
    5229 : 00;
    522A : 00;
    522B : 00;
    522C : 00;
    522D : 00;
    522E : 00;
    522F : 00;
    5230 : 00;
    5231 : 00;
    5232 : 00;
    5233 : 00;
    5234 : 00;
    5235 : 00;
    5236 : 00;
    5237 : 00;
    5238 : 00;
    5239 : 00;
    523A : 00;
    523B : 00;
    523C : 00;
    523D : 00;
    523E : 00;
    523F : 00;
    5240 : 00;
    5241 : 00;
    5242 : 00;
    5243 : 00;
    5244 : 00;
    5245 : 00;
    5246 : 00;
    5247 : 00;
    5248 : 00;
    5249 : 00;
    524A : 00;
    524B : 00;
    524C : 00;
    524D : 00;
    524E : 00;
    524F : 00;
    5250 : 00;
    5251 : 00;
    5252 : 00;
    5253 : 00;
    5254 : 00;
    5255 : 00;
    5256 : 00;
    5257 : 00;
    5258 : 00;
    5259 : 00;
    525A : 00;
    525B : 00;
    525C : 00;
    525D : 00;
    525E : 00;
    525F : 00;
    5260 : 00;
    5261 : 00;
    5262 : 00;
    5263 : 00;
    5264 : 00;
    5265 : 00;
    5266 : 00;
    5267 : 00;
    5268 : 00;
    5269 : 00;
    526A : 00;
    526B : 00;
    526C : 00;
    526D : 00;
    526E : 00;
    526F : 00;
    5270 : 00;
    5271 : 00;
    5272 : 00;
    5273 : 00;
    5274 : 00;
    5275 : 00;
    5276 : 00;
    5277 : 00;
    5278 : 00;
    5279 : 00;
    527A : 00;
    527B : 00;
    527C : 00;
    527D : 00;
    527E : 00;
    527F : 00;
    5280 : 00;
    5281 : 00;
    5282 : 00;
    5283 : 00;
    5284 : 00;
    5285 : 00;
    5286 : 00;
    5287 : 00;
    5288 : 00;
    5289 : 00;
    528A : 00;
    528B : 00;
    528C : 00;
    528D : 00;
    528E : 00;
    528F : 00;
    5290 : 00;
    5291 : 00;
    5292 : 00;
    5293 : 00;
    5294 : 00;
    5295 : 00;
    5296 : 00;
    5297 : 00;
    5298 : 00;
    5299 : 00;
    529A : 00;
    529B : 00;
    529C : 00;
    529D : 00;
    529E : 00;
    529F : 00;
    52A0 : 00;
    52A1 : 00;
    52A2 : 00;
    52A3 : 00;
    52A4 : 00;
    52A5 : 00;
    52A6 : 00;
    52A7 : 00;
    52A8 : 00;
    52A9 : 00;
    52AA : 00;
    52AB : 00;
    52AC : 00;
    52AD : 00;
    52AE : 00;
    52AF : 00;
    52B0 : 00;
    52B1 : 00;
    52B2 : 00;
    52B3 : 00;
    52B4 : 00;
    52B5 : 00;
    52B6 : 00;
    52B7 : 00;
    52B8 : 00;
    52B9 : 00;
    52BA : 00;
    52BB : 00;
    52BC : 00;
    52BD : 00;
    52BE : 00;
    52BF : 00;
    52C0 : 00;
    52C1 : 00;
    52C2 : 00;
    52C3 : 00;
    52C4 : 00;
    52C5 : 00;
    52C6 : 00;
    52C7 : 00;
    52C8 : 00;
    52C9 : 00;
    52CA : 00;
    52CB : 00;
    52CC : 00;
    52CD : 00;
    52CE : 00;
    52CF : 00;
    52D0 : 00;
    52D1 : 00;
    52D2 : 00;
    52D3 : 00;
    52D4 : 00;
    52D5 : 00;
    52D6 : 00;
    52D7 : 00;
    52D8 : 00;
    52D9 : 00;
    52DA : 00;
    52DB : 00;
    52DC : 00;
    52DD : 00;
    52DE : 00;
    52DF : 00;
    52E0 : 00;
    52E1 : 00;
    52E2 : 00;
    52E3 : 00;
    52E4 : 00;
    52E5 : 00;
    52E6 : 00;
    52E7 : 00;
    52E8 : 00;
    52E9 : 00;
    52EA : 00;
    52EB : 00;
    52EC : 00;
    52ED : 00;
    52EE : 00;
    52EF : 00;
    52F0 : 00;
    52F1 : 00;
    52F2 : 00;
    52F3 : 00;
    52F4 : 00;
    52F5 : 00;
    52F6 : 00;
    52F7 : 00;
    52F8 : 00;
    52F9 : 00;
    52FA : 00;
    52FB : 00;
    52FC : 00;
    52FD : 00;
    52FE : 00;
    52FF : 00;
    5300 : 00;
    5301 : 00;
    5302 : 00;
    5303 : 00;
    5304 : 00;
    5305 : 00;
    5306 : 00;
    5307 : 00;
    5308 : 00;
    5309 : 00;
    530A : 00;
    530B : 00;
    530C : 00;
    530D : 00;
    530E : 00;
    530F : 00;
    5310 : 00;
    5311 : 00;
    5312 : 00;
    5313 : 00;
    5314 : 00;
    5315 : 00;
    5316 : 00;
    5317 : 00;
    5318 : 00;
    5319 : 00;
    531A : 00;
    531B : 00;
    531C : 00;
    531D : 00;
    531E : 00;
    531F : 00;
    5320 : 00;
    5321 : 00;
    5322 : 00;
    5323 : 00;
    5324 : 00;
    5325 : 00;
    5326 : 00;
    5327 : 00;
    5328 : 00;
    5329 : 00;
    532A : 00;
    532B : 00;
    532C : 00;
    532D : 00;
    532E : 00;
    532F : 00;
    5330 : 00;
    5331 : 00;
    5332 : 00;
    5333 : 00;
    5334 : 00;
    5335 : 00;
    5336 : 00;
    5337 : 00;
    5338 : 00;
    5339 : 00;
    533A : 00;
    533B : 00;
    533C : 00;
    533D : 00;
    533E : 00;
    533F : 00;
    5340 : 00;
    5341 : 00;
    5342 : 00;
    5343 : 00;
    5344 : 00;
    5345 : 00;
    5346 : 00;
    5347 : 00;
    5348 : 00;
    5349 : 00;
    534A : 00;
    534B : 00;
    534C : 00;
    534D : 00;
    534E : 00;
    534F : 00;
    5350 : 00;
    5351 : 00;
    5352 : 00;
    5353 : 00;
    5354 : 00;
    5355 : 00;
    5356 : 00;
    5357 : 00;
    5358 : 00;
    5359 : 00;
    535A : 00;
    535B : 00;
    535C : 00;
    535D : 00;
    535E : 00;
    535F : 00;
    5360 : 00;
    5361 : 00;
    5362 : 00;
    5363 : 00;
    5364 : 00;
    5365 : 00;
    5366 : 00;
    5367 : 00;
    5368 : 00;
    5369 : 00;
    536A : 00;
    536B : 00;
    536C : 00;
    536D : 00;
    536E : 00;
    536F : 00;
    5370 : 00;
    5371 : 00;
    5372 : 00;
    5373 : 00;
    5374 : 00;
    5375 : 00;
    5376 : 00;
    5377 : 00;
    5378 : 00;
    5379 : 00;
    537A : 00;
    537B : 00;
    537C : 00;
    537D : 00;
    537E : 00;
    537F : 00;
    5380 : 00;
    5381 : 00;
    5382 : 00;
    5383 : 00;
    5384 : 00;
    5385 : 00;
    5386 : 00;
    5387 : 00;
    5388 : 00;
    5389 : 00;
    538A : 00;
    538B : 00;
    538C : 00;
    538D : 00;
    538E : 00;
    538F : 00;
    5390 : 00;
    5391 : 00;
    5392 : 00;
    5393 : 00;
    5394 : 00;
    5395 : 00;
    5396 : 00;
    5397 : 00;
    5398 : 00;
    5399 : 00;
    539A : 00;
    539B : 00;
    539C : 00;
    539D : 00;
    539E : 00;
    539F : 00;
    53A0 : 00;
    53A1 : 00;
    53A2 : 00;
    53A3 : 00;
    53A4 : 00;
    53A5 : 00;
    53A6 : 00;
    53A7 : 00;
    53A8 : 00;
    53A9 : 00;
    53AA : 00;
    53AB : 00;
    53AC : 00;
    53AD : 00;
    53AE : 00;
    53AF : 00;
    53B0 : 00;
    53B1 : 00;
    53B2 : 00;
    53B3 : 00;
    53B4 : 00;
    53B5 : 00;
    53B6 : 00;
    53B7 : 00;
    53B8 : 00;
    53B9 : 00;
    53BA : 00;
    53BB : 00;
    53BC : 00;
    53BD : 00;
    53BE : 00;
    53BF : 00;
    53C0 : 00;
    53C1 : 00;
    53C2 : 00;
    53C3 : 00;
    53C4 : 00;
    53C5 : 00;
    53C6 : 00;
    53C7 : 00;
    53C8 : 00;
    53C9 : 00;
    53CA : 00;
    53CB : 00;
    53CC : 00;
    53CD : 00;
    53CE : 00;
    53CF : 00;
    53D0 : 00;
    53D1 : 00;
    53D2 : 00;
    53D3 : 00;
    53D4 : 00;
    53D5 : 00;
    53D6 : 00;
    53D7 : 00;
    53D8 : 00;
    53D9 : 00;
    53DA : 00;
    53DB : 00;
    53DC : 00;
    53DD : 00;
    53DE : 00;
    53DF : 00;
    53E0 : 00;
    53E1 : 00;
    53E2 : 00;
    53E3 : 00;
    53E4 : 00;
    53E5 : 00;
    53E6 : 00;
    53E7 : 00;
    53E8 : 00;
    53E9 : 00;
    53EA : 00;
    53EB : 00;
    53EC : 00;
    53ED : 00;
    53EE : 00;
    53EF : 00;
    53F0 : 00;
    53F1 : 00;
    53F2 : 00;
    53F3 : 00;
    53F4 : 00;
    53F5 : 00;
    53F6 : 00;
    53F7 : 00;
    53F8 : 00;
    53F9 : 00;
    53FA : 00;
    53FB : 00;
    53FC : 00;
    53FD : 00;
    53FE : 00;
    53FF : 00;
    5400 : 00;
    5401 : 00;
    5402 : 00;
    5403 : 00;
    5404 : 00;
    5405 : 00;
    5406 : 00;
    5407 : 00;
    5408 : 00;
    5409 : 00;
    540A : 00;
    540B : 00;
    540C : 00;
    540D : 00;
    540E : 00;
    540F : 00;
    5410 : 00;
    5411 : 00;
    5412 : 00;
    5413 : 00;
    5414 : 00;
    5415 : 00;
    5416 : 00;
    5417 : 00;
    5418 : 00;
    5419 : 00;
    541A : 00;
    541B : 00;
    541C : 00;
    541D : 00;
    541E : 00;
    541F : 00;
    5420 : 00;
    5421 : 00;
    5422 : 00;
    5423 : 00;
    5424 : 00;
    5425 : 00;
    5426 : 00;
    5427 : 00;
    5428 : 00;
    5429 : 00;
    542A : 00;
    542B : 00;
    542C : 00;
    542D : 00;
    542E : 00;
    542F : 00;
    5430 : 00;
    5431 : 00;
    5432 : 00;
    5433 : 00;
    5434 : 00;
    5435 : 00;
    5436 : 00;
    5437 : 00;
    5438 : 00;
    5439 : 00;
    543A : 00;
    543B : 00;
    543C : 00;
    543D : 00;
    543E : 00;
    543F : 00;
    5440 : 00;
    5441 : 00;
    5442 : 00;
    5443 : 00;
    5444 : 00;
    5445 : 00;
    5446 : 00;
    5447 : 00;
    5448 : 00;
    5449 : 00;
    544A : 00;
    544B : 00;
    544C : 00;
    544D : 00;
    544E : 00;
    544F : 00;
    5450 : 00;
    5451 : 00;
    5452 : 00;
    5453 : 00;
    5454 : 00;
    5455 : 00;
    5456 : 00;
    5457 : 00;
    5458 : 00;
    5459 : 00;
    545A : 00;
    545B : 00;
    545C : 00;
    545D : 00;
    545E : 00;
    545F : 00;
    5460 : 00;
    5461 : 00;
    5462 : 00;
    5463 : 00;
    5464 : 00;
    5465 : 00;
    5466 : 00;
    5467 : 00;
    5468 : 00;
    5469 : 00;
    546A : 00;
    546B : 00;
    546C : 00;
    546D : 00;
    546E : 00;
    546F : 00;
    5470 : 00;
    5471 : 00;
    5472 : 00;
    5473 : 00;
    5474 : 00;
    5475 : 00;
    5476 : 00;
    5477 : 00;
    5478 : 00;
    5479 : 00;
    547A : 00;
    547B : 00;
    547C : 00;
    547D : 00;
    547E : 00;
    547F : 00;
    5480 : 00;
    5481 : 00;
    5482 : 00;
    5483 : 00;
    5484 : 00;
    5485 : 00;
    5486 : 00;
    5487 : 00;
    5488 : 00;
    5489 : 00;
    548A : 00;
    548B : 00;
    548C : 00;
    548D : 00;
    548E : 00;
    548F : 00;
    5490 : 00;
    5491 : 00;
    5492 : 00;
    5493 : 00;
    5494 : 00;
    5495 : 00;
    5496 : 00;
    5497 : 00;
    5498 : 00;
    5499 : 00;
    549A : 00;
    549B : 00;
    549C : 00;
    549D : 00;
    549E : 00;
    549F : 00;
    54A0 : 00;
    54A1 : 00;
    54A2 : 00;
    54A3 : 00;
    54A4 : 00;
    54A5 : 00;
    54A6 : 00;
    54A7 : 00;
    54A8 : 00;
    54A9 : 00;
    54AA : 00;
    54AB : 00;
    54AC : 00;
    54AD : 00;
    54AE : 00;
    54AF : 00;
    54B0 : 00;
    54B1 : 00;
    54B2 : 00;
    54B3 : 00;
    54B4 : 00;
    54B5 : 00;
    54B6 : 00;
    54B7 : 00;
    54B8 : 00;
    54B9 : 00;
    54BA : 00;
    54BB : 00;
    54BC : 00;
    54BD : 00;
    54BE : 00;
    54BF : 00;
    54C0 : 00;
    54C1 : 00;
    54C2 : 00;
    54C3 : 00;
    54C4 : 00;
    54C5 : 00;
    54C6 : 00;
    54C7 : 00;
    54C8 : 00;
    54C9 : 00;
    54CA : 00;
    54CB : 00;
    54CC : 00;
    54CD : 00;
    54CE : 00;
    54CF : 00;
    54D0 : 00;
    54D1 : 00;
    54D2 : 00;
    54D3 : 00;
    54D4 : 00;
    54D5 : 00;
    54D6 : 00;
    54D7 : 00;
    54D8 : 00;
    54D9 : 00;
    54DA : 00;
    54DB : 00;
    54DC : 00;
    54DD : 00;
    54DE : 00;
    54DF : 00;
    54E0 : 00;
    54E1 : 00;
    54E2 : 00;
    54E3 : 00;
    54E4 : 00;
    54E5 : 00;
    54E6 : 00;
    54E7 : 00;
    54E8 : 00;
    54E9 : 00;
    54EA : 00;
    54EB : 00;
    54EC : 00;
    54ED : 00;
    54EE : 00;
    54EF : 00;
    54F0 : 00;
    54F1 : 00;
    54F2 : 00;
    54F3 : 00;
    54F4 : 00;
    54F5 : 00;
    54F6 : 00;
    54F7 : 00;
    54F8 : 00;
    54F9 : 00;
    54FA : 00;
    54FB : 00;
    54FC : 00;
    54FD : 00;
    54FE : 00;
    54FF : 00;
    5500 : 00;
    5501 : 00;
    5502 : 00;
    5503 : 00;
    5504 : 00;
    5505 : 00;
    5506 : 00;
    5507 : 00;
    5508 : 00;
    5509 : 00;
    550A : 00;
    550B : 00;
    550C : 00;
    550D : 00;
    550E : 00;
    550F : 00;
    5510 : 00;
    5511 : 00;
    5512 : 00;
    5513 : 00;
    5514 : 00;
    5515 : 00;
    5516 : 00;
    5517 : 00;
    5518 : 00;
    5519 : 00;
    551A : 00;
    551B : 00;
    551C : 00;
    551D : 00;
    551E : 00;
    551F : 00;
    5520 : 00;
    5521 : 00;
    5522 : 00;
    5523 : 00;
    5524 : 00;
    5525 : 00;
    5526 : 00;
    5527 : 00;
    5528 : 00;
    5529 : 00;
    552A : 00;
    552B : 00;
    552C : 00;
    552D : 00;
    552E : 00;
    552F : 00;
    5530 : 00;
    5531 : 00;
    5532 : 00;
    5533 : 00;
    5534 : 00;
    5535 : 00;
    5536 : 00;
    5537 : 00;
    5538 : 00;
    5539 : 00;
    553A : 00;
    553B : 00;
    553C : 00;
    553D : 00;
    553E : 00;
    553F : 00;
    5540 : 00;
    5541 : 00;
    5542 : 00;
    5543 : 00;
    5544 : 00;
    5545 : 00;
    5546 : 00;
    5547 : 00;
    5548 : 00;
    5549 : 00;
    554A : 00;
    554B : 00;
    554C : 00;
    554D : 00;
    554E : 00;
    554F : 00;
    5550 : 00;
    5551 : 00;
    5552 : 00;
    5553 : 00;
    5554 : 00;
    5555 : 00;
    5556 : 00;
    5557 : 00;
    5558 : 00;
    5559 : 00;
    555A : 00;
    555B : 00;
    555C : 00;
    555D : 00;
    555E : 00;
    555F : 00;
    5560 : 00;
    5561 : 00;
    5562 : 00;
    5563 : 00;
    5564 : 00;
    5565 : 00;
    5566 : 00;
    5567 : 00;
    5568 : 00;
    5569 : 00;
    556A : 00;
    556B : 00;
    556C : 00;
    556D : 00;
    556E : 00;
    556F : 00;
    5570 : 00;
    5571 : 00;
    5572 : 00;
    5573 : 00;
    5574 : 00;
    5575 : 00;
    5576 : 00;
    5577 : 00;
    5578 : 00;
    5579 : 00;
    557A : 00;
    557B : 00;
    557C : 00;
    557D : 00;
    557E : 00;
    557F : 00;
    5580 : 00;
    5581 : 00;
    5582 : 00;
    5583 : 00;
    5584 : 00;
    5585 : 00;
    5586 : 00;
    5587 : 00;
    5588 : 00;
    5589 : 00;
    558A : 00;
    558B : 00;
    558C : 00;
    558D : 00;
    558E : 00;
    558F : 00;
    5590 : 00;
    5591 : 00;
    5592 : 00;
    5593 : 00;
    5594 : 00;
    5595 : 00;
    5596 : 00;
    5597 : 00;
    5598 : 00;
    5599 : 00;
    559A : 00;
    559B : 00;
    559C : 00;
    559D : 00;
    559E : 00;
    559F : 00;
    55A0 : 00;
    55A1 : 00;
    55A2 : 00;
    55A3 : 00;
    55A4 : 00;
    55A5 : 00;
    55A6 : 00;
    55A7 : 00;
    55A8 : 00;
    55A9 : 00;
    55AA : 00;
    55AB : 00;
    55AC : 00;
    55AD : 00;
    55AE : 00;
    55AF : 00;
    55B0 : 00;
    55B1 : 00;
    55B2 : 00;
    55B3 : 00;
    55B4 : 00;
    55B5 : 00;
    55B6 : 00;
    55B7 : 00;
    55B8 : 00;
    55B9 : 00;
    55BA : 00;
    55BB : 00;
    55BC : 00;
    55BD : 00;
    55BE : 00;
    55BF : 00;
    55C0 : 00;
    55C1 : 00;
    55C2 : 00;
    55C3 : 00;
    55C4 : 00;
    55C5 : 00;
    55C6 : 00;
    55C7 : 00;
    55C8 : 00;
    55C9 : 00;
    55CA : 00;
    55CB : 00;
    55CC : 00;
    55CD : 00;
    55CE : 00;
    55CF : 00;
    55D0 : 00;
    55D1 : 00;
    55D2 : 00;
    55D3 : 00;
    55D4 : 00;
    55D5 : 00;
    55D6 : 00;
    55D7 : 00;
    55D8 : 00;
    55D9 : 00;
    55DA : 00;
    55DB : 00;
    55DC : 00;
    55DD : 00;
    55DE : 00;
    55DF : 00;
    55E0 : 00;
    55E1 : 00;
    55E2 : 00;
    55E3 : 00;
    55E4 : 00;
    55E5 : 00;
    55E6 : 00;
    55E7 : 00;
    55E8 : 00;
    55E9 : 00;
    55EA : 00;
    55EB : 00;
    55EC : 00;
    55ED : 00;
    55EE : 00;
    55EF : 00;
    55F0 : 00;
    55F1 : 00;
    55F2 : 00;
    55F3 : 00;
    55F4 : 00;
    55F5 : 00;
    55F6 : 00;
    55F7 : 00;
    55F8 : 00;
    55F9 : 00;
    55FA : 00;
    55FB : 00;
    55FC : 00;
    55FD : 00;
    55FE : 00;
    55FF : 00;
    5600 : 00;
    5601 : 00;
    5602 : 00;
    5603 : 00;
    5604 : 00;
    5605 : 00;
    5606 : 00;
    5607 : 00;
    5608 : 00;
    5609 : 00;
    560A : 00;
    560B : 00;
    560C : 00;
    560D : 00;
    560E : 00;
    560F : 00;
    5610 : 00;
    5611 : 00;
    5612 : 00;
    5613 : 00;
    5614 : 00;
    5615 : 00;
    5616 : 00;
    5617 : 00;
    5618 : 00;
    5619 : 00;
    561A : 00;
    561B : 00;
    561C : 00;
    561D : 00;
    561E : 00;
    561F : 00;
    5620 : 00;
    5621 : 00;
    5622 : 00;
    5623 : 00;
    5624 : 00;
    5625 : 00;
    5626 : 00;
    5627 : 00;
    5628 : 00;
    5629 : 00;
    562A : 00;
    562B : 00;
    562C : 00;
    562D : 00;
    562E : 00;
    562F : 00;
    5630 : 00;
    5631 : 00;
    5632 : 00;
    5633 : 00;
    5634 : 00;
    5635 : 00;
    5636 : 00;
    5637 : 00;
    5638 : 00;
    5639 : 00;
    563A : 00;
    563B : 00;
    563C : 00;
    563D : 00;
    563E : 00;
    563F : 00;
    5640 : 00;
    5641 : 00;
    5642 : 00;
    5643 : 00;
    5644 : 00;
    5645 : 00;
    5646 : 00;
    5647 : 00;
    5648 : 00;
    5649 : 00;
    564A : 00;
    564B : 00;
    564C : 00;
    564D : 00;
    564E : 00;
    564F : 00;
    5650 : 00;
    5651 : 00;
    5652 : 00;
    5653 : 00;
    5654 : 00;
    5655 : 00;
    5656 : 00;
    5657 : 00;
    5658 : 00;
    5659 : 00;
    565A : 00;
    565B : 00;
    565C : 00;
    565D : 00;
    565E : 00;
    565F : 00;
    5660 : 00;
    5661 : 00;
    5662 : 00;
    5663 : 00;
    5664 : 00;
    5665 : 00;
    5666 : 00;
    5667 : 00;
    5668 : 00;
    5669 : 00;
    566A : 00;
    566B : 00;
    566C : 00;
    566D : 00;
    566E : 00;
    566F : 00;
    5670 : 00;
    5671 : 00;
    5672 : 00;
    5673 : 00;
    5674 : 00;
    5675 : 00;
    5676 : 00;
    5677 : 00;
    5678 : 00;
    5679 : 00;
    567A : 00;
    567B : 00;
    567C : 00;
    567D : 00;
    567E : 00;
    567F : 00;
    5680 : 00;
    5681 : 00;
    5682 : 00;
    5683 : 00;
    5684 : 00;
    5685 : 00;
    5686 : 00;
    5687 : 00;
    5688 : 00;
    5689 : 00;
    568A : 00;
    568B : 00;
    568C : 00;
    568D : 00;
    568E : 00;
    568F : 00;
    5690 : 00;
    5691 : 00;
    5692 : 00;
    5693 : 00;
    5694 : 00;
    5695 : 00;
    5696 : 00;
    5697 : 00;
    5698 : 00;
    5699 : 00;
    569A : 00;
    569B : 00;
    569C : 00;
    569D : 00;
    569E : 00;
    569F : 00;
    56A0 : 00;
    56A1 : 00;
    56A2 : 00;
    56A3 : 00;
    56A4 : 00;
    56A5 : 00;
    56A6 : 00;
    56A7 : 00;
    56A8 : 00;
    56A9 : 00;
    56AA : 00;
    56AB : 00;
    56AC : 00;
    56AD : 00;
    56AE : 00;
    56AF : 00;
    56B0 : 00;
    56B1 : 00;
    56B2 : 00;
    56B3 : 00;
    56B4 : 00;
    56B5 : 00;
    56B6 : 00;
    56B7 : 00;
    56B8 : 00;
    56B9 : 00;
    56BA : 00;
    56BB : 00;
    56BC : 00;
    56BD : 00;
    56BE : 00;
    56BF : 00;
    56C0 : 00;
    56C1 : 00;
    56C2 : 00;
    56C3 : 00;
    56C4 : 00;
    56C5 : 00;
    56C6 : 00;
    56C7 : 00;
    56C8 : 00;
    56C9 : 00;
    56CA : 00;
    56CB : 00;
    56CC : 00;
    56CD : 00;
    56CE : 00;
    56CF : 00;
    56D0 : 00;
    56D1 : 00;
    56D2 : 00;
    56D3 : 00;
    56D4 : 00;
    56D5 : 00;
    56D6 : 00;
    56D7 : 00;
    56D8 : 00;
    56D9 : 00;
    56DA : 00;
    56DB : 00;
    56DC : 00;
    56DD : 00;
    56DE : 00;
    56DF : 00;
    56E0 : 00;
    56E1 : 00;
    56E2 : 00;
    56E3 : 00;
    56E4 : 00;
    56E5 : 00;
    56E6 : 00;
    56E7 : 00;
    56E8 : 00;
    56E9 : 00;
    56EA : 00;
    56EB : 00;
    56EC : 00;
    56ED : 00;
    56EE : 00;
    56EF : 00;
    56F0 : 00;
    56F1 : 00;
    56F2 : 00;
    56F3 : 00;
    56F4 : 00;
    56F5 : 00;
    56F6 : 00;
    56F7 : 00;
    56F8 : 00;
    56F9 : 00;
    56FA : 00;
    56FB : 00;
    56FC : 00;
    56FD : 00;
    56FE : 00;
    56FF : 00;
    5700 : 00;
    5701 : 00;
    5702 : 00;
    5703 : 00;
    5704 : 00;
    5705 : 00;
    5706 : 00;
    5707 : 00;
    5708 : 00;
    5709 : 00;
    570A : 00;
    570B : 00;
    570C : 00;
    570D : 00;
    570E : 00;
    570F : 00;
    5710 : 00;
    5711 : 00;
    5712 : 00;
    5713 : 00;
    5714 : 00;
    5715 : 00;
    5716 : 00;
    5717 : 00;
    5718 : 00;
    5719 : 00;
    571A : 00;
    571B : 00;
    571C : 00;
    571D : 00;
    571E : 00;
    571F : 00;
    5720 : 00;
    5721 : 00;
    5722 : 00;
    5723 : 00;
    5724 : 00;
    5725 : 00;
    5726 : 00;
    5727 : 00;
    5728 : 00;
    5729 : 00;
    572A : 00;
    572B : 00;
    572C : 00;
    572D : 00;
    572E : 00;
    572F : 00;
    5730 : 00;
    5731 : 00;
    5732 : 00;
    5733 : 00;
    5734 : 00;
    5735 : 00;
    5736 : 00;
    5737 : 00;
    5738 : 00;
    5739 : 00;
    573A : 00;
    573B : 00;
    573C : 00;
    573D : 00;
    573E : 00;
    573F : 00;
    5740 : 00;
    5741 : 00;
    5742 : 00;
    5743 : 00;
    5744 : 00;
    5745 : 00;
    5746 : 00;
    5747 : 00;
    5748 : 00;
    5749 : 00;
    574A : 00;
    574B : 00;
    574C : 00;
    574D : 00;
    574E : 00;
    574F : 00;
    5750 : 00;
    5751 : 00;
    5752 : 00;
    5753 : 00;
    5754 : 00;
    5755 : 00;
    5756 : 00;
    5757 : 00;
    5758 : 00;
    5759 : 00;
    575A : 00;
    575B : 00;
    575C : 00;
    575D : 00;
    575E : 00;
    575F : 00;
    5760 : 00;
    5761 : 00;
    5762 : 00;
    5763 : 00;
    5764 : 00;
    5765 : 00;
    5766 : 00;
    5767 : 00;
    5768 : 00;
    5769 : 00;
    576A : 00;
    576B : 00;
    576C : 00;
    576D : 00;
    576E : 00;
    576F : 00;
    5770 : 00;
    5771 : 00;
    5772 : 00;
    5773 : 00;
    5774 : 00;
    5775 : 00;
    5776 : 00;
    5777 : 00;
    5778 : 00;
    5779 : 00;
    577A : 00;
    577B : 00;
    577C : 00;
    577D : 00;
    577E : 00;
    577F : 00;
    5780 : 00;
    5781 : 00;
    5782 : 00;
    5783 : 00;
    5784 : 00;
    5785 : 00;
    5786 : 00;
    5787 : 00;
    5788 : 00;
    5789 : 00;
    578A : 00;
    578B : 00;
    578C : 00;
    578D : 00;
    578E : 00;
    578F : 00;
    5790 : 00;
    5791 : 00;
    5792 : 00;
    5793 : 00;
    5794 : 00;
    5795 : 00;
    5796 : 00;
    5797 : 00;
    5798 : 00;
    5799 : 00;
    579A : 00;
    579B : 00;
    579C : 00;
    579D : 00;
    579E : 00;
    579F : 00;
    57A0 : 00;
    57A1 : 00;
    57A2 : 00;
    57A3 : 00;
    57A4 : 00;
    57A5 : 00;
    57A6 : 00;
    57A7 : 00;
    57A8 : 00;
    57A9 : 00;
    57AA : 00;
    57AB : 00;
    57AC : 00;
    57AD : 00;
    57AE : 00;
    57AF : 00;
    57B0 : 00;
    57B1 : 00;
    57B2 : 00;
    57B3 : 00;
    57B4 : 00;
    57B5 : 00;
    57B6 : 00;
    57B7 : 00;
    57B8 : 00;
    57B9 : 00;
    57BA : 00;
    57BB : 00;
    57BC : 00;
    57BD : 00;
    57BE : 00;
    57BF : 00;
    57C0 : 00;
    57C1 : 00;
    57C2 : 00;
    57C3 : 00;
    57C4 : 00;
    57C5 : 00;
    57C6 : 00;
    57C7 : 00;
    57C8 : 00;
    57C9 : 00;
    57CA : 00;
    57CB : 00;
    57CC : 00;
    57CD : 00;
    57CE : 00;
    57CF : 00;
    57D0 : 00;
    57D1 : 00;
    57D2 : 00;
    57D3 : 00;
    57D4 : 00;
    57D5 : 00;
    57D6 : 00;
    57D7 : 00;
    57D8 : 00;
    57D9 : 00;
    57DA : 00;
    57DB : 00;
    57DC : 00;
    57DD : 00;
    57DE : 00;
    57DF : 00;
    57E0 : 00;
    57E1 : 00;
    57E2 : 00;
    57E3 : 00;
    57E4 : 00;
    57E5 : 00;
    57E6 : 00;
    57E7 : 00;
    57E8 : 00;
    57E9 : 00;
    57EA : 00;
    57EB : 00;
    57EC : 00;
    57ED : 00;
    57EE : 00;
    57EF : 00;
    57F0 : 00;
    57F1 : 00;
    57F2 : 00;
    57F3 : 00;
    57F4 : 00;
    57F5 : 00;
    57F6 : 00;
    57F7 : 00;
    57F8 : 00;
    57F9 : 00;
    57FA : 00;
    57FB : 00;
    57FC : 00;
    57FD : 00;
    57FE : 00;
    57FF : 00;
    5800 : 00;
    5801 : 00;
    5802 : 00;
    5803 : 00;
    5804 : 00;
    5805 : 00;
    5806 : 00;
    5807 : 00;
    5808 : 00;
    5809 : 00;
    580A : 00;
    580B : 00;
    580C : 00;
    580D : 00;
    580E : 00;
    580F : 00;
    5810 : 00;
    5811 : 00;
    5812 : 00;
    5813 : 00;
    5814 : 00;
    5815 : 00;
    5816 : 00;
    5817 : 00;
    5818 : 00;
    5819 : 00;
    581A : 00;
    581B : 00;
    581C : 00;
    581D : 00;
    581E : 00;
    581F : 00;
    5820 : 00;
    5821 : 00;
    5822 : 00;
    5823 : 00;
    5824 : 00;
    5825 : 00;
    5826 : 00;
    5827 : 00;
    5828 : 00;
    5829 : 00;
    582A : 00;
    582B : 00;
    582C : 00;
    582D : 00;
    582E : 00;
    582F : 00;
    5830 : 00;
    5831 : 00;
    5832 : 00;
    5833 : 00;
    5834 : 00;
    5835 : 00;
    5836 : 00;
    5837 : 00;
    5838 : 00;
    5839 : 00;
    583A : 00;
    583B : 00;
    583C : 00;
    583D : 00;
    583E : 00;
    583F : 00;
    5840 : 00;
    5841 : 00;
    5842 : 00;
    5843 : 00;
    5844 : 00;
    5845 : 00;
    5846 : 00;
    5847 : 00;
    5848 : 00;
    5849 : 00;
    584A : 00;
    584B : 00;
    584C : 00;
    584D : 00;
    584E : 00;
    584F : 00;
    5850 : 00;
    5851 : 00;
    5852 : 00;
    5853 : 00;
    5854 : 00;
    5855 : 00;
    5856 : 00;
    5857 : 00;
    5858 : 00;
    5859 : 00;
    585A : 00;
    585B : 00;
    585C : 00;
    585D : 00;
    585E : 00;
    585F : 00;
    5860 : 00;
    5861 : 00;
    5862 : 00;
    5863 : 00;
    5864 : 00;
    5865 : 00;
    5866 : 00;
    5867 : 00;
    5868 : 00;
    5869 : 00;
    586A : 00;
    586B : 00;
    586C : 00;
    586D : 00;
    586E : 00;
    586F : 00;
    5870 : 00;
    5871 : 00;
    5872 : 00;
    5873 : 00;
    5874 : 00;
    5875 : 00;
    5876 : 00;
    5877 : 00;
    5878 : 00;
    5879 : 00;
    587A : 00;
    587B : 00;
    587C : 00;
    587D : 00;
    587E : 00;
    587F : 00;
    5880 : 00;
    5881 : 00;
    5882 : 00;
    5883 : 00;
    5884 : 00;
    5885 : 00;
    5886 : 00;
    5887 : 00;
    5888 : 00;
    5889 : 00;
    588A : 00;
    588B : 00;
    588C : 00;
    588D : 00;
    588E : 00;
    588F : 00;
    5890 : 00;
    5891 : 00;
    5892 : 00;
    5893 : 00;
    5894 : 00;
    5895 : 00;
    5896 : 00;
    5897 : 00;
    5898 : 00;
    5899 : 00;
    589A : 00;
    589B : 00;
    589C : 00;
    589D : 00;
    589E : 00;
    589F : 00;
    58A0 : 00;
    58A1 : 00;
    58A2 : 00;
    58A3 : 00;
    58A4 : 00;
    58A5 : 00;
    58A6 : 00;
    58A7 : 00;
    58A8 : 00;
    58A9 : 00;
    58AA : 00;
    58AB : 00;
    58AC : 00;
    58AD : 00;
    58AE : 00;
    58AF : 00;
    58B0 : 00;
    58B1 : 00;
    58B2 : 00;
    58B3 : 00;
    58B4 : 00;
    58B5 : 00;
    58B6 : 00;
    58B7 : 00;
    58B8 : 00;
    58B9 : 00;
    58BA : 00;
    58BB : 00;
    58BC : 00;
    58BD : 00;
    58BE : 00;
    58BF : 00;
    58C0 : 00;
    58C1 : 00;
    58C2 : 00;
    58C3 : 00;
    58C4 : 00;
    58C5 : 00;
    58C6 : 00;
    58C7 : 00;
    58C8 : 00;
    58C9 : 00;
    58CA : 00;
    58CB : 00;
    58CC : 00;
    58CD : 00;
    58CE : 00;
    58CF : 00;
    58D0 : 00;
    58D1 : 00;
    58D2 : 00;
    58D3 : 00;
    58D4 : 00;
    58D5 : 00;
    58D6 : 00;
    58D7 : 00;
    58D8 : 00;
    58D9 : 00;
    58DA : 00;
    58DB : 00;
    58DC : 00;
    58DD : 00;
    58DE : 00;
    58DF : 00;
    58E0 : 00;
    58E1 : 00;
    58E2 : 00;
    58E3 : 00;
    58E4 : 00;
    58E5 : 00;
    58E6 : 00;
    58E7 : 00;
    58E8 : 00;
    58E9 : 00;
    58EA : 00;
    58EB : 00;
    58EC : 00;
    58ED : 00;
    58EE : 00;
    58EF : 00;
    58F0 : 00;
    58F1 : 00;
    58F2 : 00;
    58F3 : 00;
    58F4 : 00;
    58F5 : 00;
    58F6 : 00;
    58F7 : 00;
    58F8 : 00;
    58F9 : 00;
    58FA : 00;
    58FB : 00;
    58FC : 00;
    58FD : 00;
    58FE : 00;
    58FF : 00;
    5900 : 00;
    5901 : 00;
    5902 : 00;
    5903 : 00;
    5904 : 00;
    5905 : 00;
    5906 : 00;
    5907 : 00;
    5908 : 00;
    5909 : 00;
    590A : 00;
    590B : 00;
    590C : 00;
    590D : 00;
    590E : 00;
    590F : 00;
    5910 : 00;
    5911 : 00;
    5912 : 00;
    5913 : 00;
    5914 : 00;
    5915 : 00;
    5916 : 00;
    5917 : 00;
    5918 : 00;
    5919 : 00;
    591A : 00;
    591B : 00;
    591C : 00;
    591D : 00;
    591E : 00;
    591F : 00;
    5920 : 00;
    5921 : 00;
    5922 : 00;
    5923 : 00;
    5924 : 00;
    5925 : 00;
    5926 : 00;
    5927 : 00;
    5928 : 00;
    5929 : 00;
    592A : 00;
    592B : 00;
    592C : 00;
    592D : 00;
    592E : 00;
    592F : 00;
    5930 : 00;
    5931 : 00;
    5932 : 00;
    5933 : 00;
    5934 : 00;
    5935 : 00;
    5936 : 00;
    5937 : 00;
    5938 : 00;
    5939 : 00;
    593A : 00;
    593B : 00;
    593C : 00;
    593D : 00;
    593E : 00;
    593F : 00;
    5940 : 00;
    5941 : 00;
    5942 : 00;
    5943 : 00;
    5944 : 00;
    5945 : 00;
    5946 : 00;
    5947 : 00;
    5948 : 00;
    5949 : 00;
    594A : 00;
    594B : 00;
    594C : 00;
    594D : 00;
    594E : 00;
    594F : 00;
    5950 : 00;
    5951 : 00;
    5952 : 00;
    5953 : 00;
    5954 : 00;
    5955 : 00;
    5956 : 00;
    5957 : 00;
    5958 : 00;
    5959 : 00;
    595A : 00;
    595B : 00;
    595C : 00;
    595D : 00;
    595E : 00;
    595F : 00;
    5960 : 00;
    5961 : 00;
    5962 : 00;
    5963 : 00;
    5964 : 00;
    5965 : 00;
    5966 : 00;
    5967 : 00;
    5968 : 00;
    5969 : 00;
    596A : 00;
    596B : 00;
    596C : 00;
    596D : 00;
    596E : 00;
    596F : 00;
    5970 : 00;
    5971 : 00;
    5972 : 00;
    5973 : 00;
    5974 : 00;
    5975 : 00;
    5976 : 00;
    5977 : 00;
    5978 : 00;
    5979 : 00;
    597A : 00;
    597B : 00;
    597C : 00;
    597D : 00;
    597E : 00;
    597F : 00;
    5980 : 00;
    5981 : 00;
    5982 : 00;
    5983 : 00;
    5984 : 00;
    5985 : 00;
    5986 : 00;
    5987 : 00;
    5988 : 00;
    5989 : 00;
    598A : 00;
    598B : 00;
    598C : 00;
    598D : 00;
    598E : 00;
    598F : 00;
    5990 : 00;
    5991 : 00;
    5992 : 00;
    5993 : 00;
    5994 : 00;
    5995 : 00;
    5996 : 00;
    5997 : 00;
    5998 : 00;
    5999 : 00;
    599A : 00;
    599B : 00;
    599C : 00;
    599D : 00;
    599E : 00;
    599F : 00;
    59A0 : 00;
    59A1 : 00;
    59A2 : 00;
    59A3 : 00;
    59A4 : 00;
    59A5 : 00;
    59A6 : 00;
    59A7 : 00;
    59A8 : 00;
    59A9 : 00;
    59AA : 00;
    59AB : 00;
    59AC : 00;
    59AD : 00;
    59AE : 00;
    59AF : 00;
    59B0 : 00;
    59B1 : 00;
    59B2 : 00;
    59B3 : 00;
    59B4 : 00;
    59B5 : 00;
    59B6 : 00;
    59B7 : 00;
    59B8 : 00;
    59B9 : 00;
    59BA : 00;
    59BB : 00;
    59BC : 00;
    59BD : 00;
    59BE : 00;
    59BF : 00;
    59C0 : 00;
    59C1 : 00;
    59C2 : 00;
    59C3 : 00;
    59C4 : 00;
    59C5 : 00;
    59C6 : 00;
    59C7 : 00;
    59C8 : 00;
    59C9 : 00;
    59CA : 00;
    59CB : 00;
    59CC : 00;
    59CD : 00;
    59CE : 00;
    59CF : 00;
    59D0 : 00;
    59D1 : 00;
    59D2 : 00;
    59D3 : 00;
    59D4 : 00;
    59D5 : 00;
    59D6 : 00;
    59D7 : 00;
    59D8 : 00;
    59D9 : 00;
    59DA : 00;
    59DB : 00;
    59DC : 00;
    59DD : 00;
    59DE : 00;
    59DF : 00;
    59E0 : 00;
    59E1 : 00;
    59E2 : 00;
    59E3 : 00;
    59E4 : 00;
    59E5 : 00;
    59E6 : 00;
    59E7 : 00;
    59E8 : 00;
    59E9 : 00;
    59EA : 00;
    59EB : 00;
    59EC : 00;
    59ED : 00;
    59EE : 00;
    59EF : 00;
    59F0 : 00;
    59F1 : 00;
    59F2 : 00;
    59F3 : 00;
    59F4 : 00;
    59F5 : 00;
    59F6 : 00;
    59F7 : 00;
    59F8 : 00;
    59F9 : 00;
    59FA : 00;
    59FB : 00;
    59FC : 00;
    59FD : 00;
    59FE : 00;
    59FF : 00;
    5A00 : 00;
    5A01 : 00;
    5A02 : 00;
    5A03 : 00;
    5A04 : 00;
    5A05 : 00;
    5A06 : 00;
    5A07 : 00;
    5A08 : 00;
    5A09 : 00;
    5A0A : 00;
    5A0B : 00;
    5A0C : 00;
    5A0D : 00;
    5A0E : 00;
    5A0F : 00;
    5A10 : 00;
    5A11 : 00;
    5A12 : 00;
    5A13 : 00;
    5A14 : 00;
    5A15 : 00;
    5A16 : 00;
    5A17 : 00;
    5A18 : 00;
    5A19 : 00;
    5A1A : 00;
    5A1B : 00;
    5A1C : 00;
    5A1D : 00;
    5A1E : 00;
    5A1F : 00;
    5A20 : 00;
    5A21 : 00;
    5A22 : 00;
    5A23 : 00;
    5A24 : 00;
    5A25 : 00;
    5A26 : 00;
    5A27 : 00;
    5A28 : 00;
    5A29 : 00;
    5A2A : 00;
    5A2B : 00;
    5A2C : 00;
    5A2D : 00;
    5A2E : 00;
    5A2F : 00;
    5A30 : 00;
    5A31 : 00;
    5A32 : 00;
    5A33 : 00;
    5A34 : 00;
    5A35 : 00;
    5A36 : 00;
    5A37 : 00;
    5A38 : 00;
    5A39 : 00;
    5A3A : 00;
    5A3B : 00;
    5A3C : 00;
    5A3D : 00;
    5A3E : 00;
    5A3F : 00;
    5A40 : 00;
    5A41 : 00;
    5A42 : 00;
    5A43 : 00;
    5A44 : 00;
    5A45 : 00;
    5A46 : 00;
    5A47 : 00;
    5A48 : 00;
    5A49 : 00;
    5A4A : 00;
    5A4B : 00;
    5A4C : 00;
    5A4D : 00;
    5A4E : 00;
    5A4F : 00;
    5A50 : 00;
    5A51 : 00;
    5A52 : 00;
    5A53 : 00;
    5A54 : 00;
    5A55 : 00;
    5A56 : 00;
    5A57 : 00;
    5A58 : 00;
    5A59 : 00;
    5A5A : 00;
    5A5B : 00;
    5A5C : 00;
    5A5D : 00;
    5A5E : 00;
    5A5F : 00;
    5A60 : 00;
    5A61 : 00;
    5A62 : 00;
    5A63 : 00;
    5A64 : 00;
    5A65 : 00;
    5A66 : 00;
    5A67 : 00;
    5A68 : 00;
    5A69 : 00;
    5A6A : 00;
    5A6B : 00;
    5A6C : 00;
    5A6D : 00;
    5A6E : 00;
    5A6F : 00;
    5A70 : 00;
    5A71 : 00;
    5A72 : 00;
    5A73 : 00;
    5A74 : 00;
    5A75 : 00;
    5A76 : 00;
    5A77 : 00;
    5A78 : 00;
    5A79 : 00;
    5A7A : 00;
    5A7B : 00;
    5A7C : 00;
    5A7D : 00;
    5A7E : 00;
    5A7F : 00;
    5A80 : 00;
    5A81 : 00;
    5A82 : 00;
    5A83 : 00;
    5A84 : 00;
    5A85 : 00;
    5A86 : 00;
    5A87 : 00;
    5A88 : 00;
    5A89 : 00;
    5A8A : 00;
    5A8B : 00;
    5A8C : 00;
    5A8D : 00;
    5A8E : 00;
    5A8F : 00;
    5A90 : 00;
    5A91 : 00;
    5A92 : 00;
    5A93 : 00;
    5A94 : 00;
    5A95 : 00;
    5A96 : 00;
    5A97 : 00;
    5A98 : 00;
    5A99 : 00;
    5A9A : 00;
    5A9B : 00;
    5A9C : 00;
    5A9D : 00;
    5A9E : 00;
    5A9F : 00;
    5AA0 : 00;
    5AA1 : 00;
    5AA2 : 00;
    5AA3 : 00;
    5AA4 : 00;
    5AA5 : 00;
    5AA6 : 00;
    5AA7 : 00;
    5AA8 : 00;
    5AA9 : 00;
    5AAA : 00;
    5AAB : 00;
    5AAC : 00;
    5AAD : 00;
    5AAE : 00;
    5AAF : 00;
    5AB0 : 00;
    5AB1 : 00;
    5AB2 : 00;
    5AB3 : 00;
    5AB4 : 00;
    5AB5 : 00;
    5AB6 : 00;
    5AB7 : 00;
    5AB8 : 00;
    5AB9 : 00;
    5ABA : 00;
    5ABB : 00;
    5ABC : 00;
    5ABD : 00;
    5ABE : 00;
    5ABF : 00;
    5AC0 : 00;
    5AC1 : 00;
    5AC2 : 00;
    5AC3 : 00;
    5AC4 : 00;
    5AC5 : 00;
    5AC6 : 00;
    5AC7 : 00;
    5AC8 : 00;
    5AC9 : 00;
    5ACA : 00;
    5ACB : 00;
    5ACC : 00;
    5ACD : 00;
    5ACE : 00;
    5ACF : 00;
    5AD0 : 00;
    5AD1 : 00;
    5AD2 : 00;
    5AD3 : 00;
    5AD4 : 00;
    5AD5 : 00;
    5AD6 : 00;
    5AD7 : 00;
    5AD8 : 00;
    5AD9 : 00;
    5ADA : 00;
    5ADB : 00;
    5ADC : 00;
    5ADD : 00;
    5ADE : 00;
    5ADF : 00;
    5AE0 : 00;
    5AE1 : 00;
    5AE2 : 00;
    5AE3 : 00;
    5AE4 : 00;
    5AE5 : 00;
    5AE6 : 00;
    5AE7 : 00;
    5AE8 : 00;
    5AE9 : 00;
    5AEA : 00;
    5AEB : 00;
    5AEC : 00;
    5AED : 00;
    5AEE : 00;
    5AEF : 00;
    5AF0 : 00;
    5AF1 : 00;
    5AF2 : 00;
    5AF3 : 00;
    5AF4 : 00;
    5AF5 : 00;
    5AF6 : 00;
    5AF7 : 00;
    5AF8 : 00;
    5AF9 : 00;
    5AFA : 00;
    5AFB : 00;
    5AFC : 00;
    5AFD : 00;
    5AFE : 00;
    5AFF : 00;
    5B00 : 00;
    5B01 : 00;
    5B02 : 00;
    5B03 : 00;
    5B04 : 00;
    5B05 : 00;
    5B06 : 00;
    5B07 : 00;
    5B08 : 00;
    5B09 : 00;
    5B0A : 00;
    5B0B : 00;
    5B0C : 00;
    5B0D : 00;
    5B0E : 00;
    5B0F : 00;
    5B10 : 00;
    5B11 : 00;
    5B12 : 00;
    5B13 : 00;
    5B14 : 00;
    5B15 : 00;
    5B16 : 00;
    5B17 : 00;
    5B18 : 00;
    5B19 : 00;
    5B1A : 00;
    5B1B : 00;
    5B1C : 00;
    5B1D : 00;
    5B1E : 00;
    5B1F : 00;
    5B20 : 00;
    5B21 : 00;
    5B22 : 00;
    5B23 : 00;
    5B24 : 00;
    5B25 : 00;
    5B26 : 00;
    5B27 : 00;
    5B28 : 00;
    5B29 : 00;
    5B2A : 00;
    5B2B : 00;
    5B2C : 00;
    5B2D : 00;
    5B2E : 00;
    5B2F : 00;
    5B30 : 00;
    5B31 : 00;
    5B32 : 00;
    5B33 : 00;
    5B34 : 00;
    5B35 : 00;
    5B36 : 00;
    5B37 : 00;
    5B38 : 00;
    5B39 : 00;
    5B3A : 00;
    5B3B : 00;
    5B3C : 00;
    5B3D : 00;
    5B3E : 00;
    5B3F : 00;
    5B40 : 00;
    5B41 : 00;
    5B42 : 00;
    5B43 : 00;
    5B44 : 00;
    5B45 : 00;
    5B46 : 00;
    5B47 : 00;
    5B48 : 00;
    5B49 : 00;
    5B4A : 00;
    5B4B : 00;
    5B4C : 00;
    5B4D : 00;
    5B4E : 00;
    5B4F : 00;
    5B50 : 00;
    5B51 : 00;
    5B52 : 00;
    5B53 : 00;
    5B54 : 00;
    5B55 : 00;
    5B56 : 00;
    5B57 : 00;
    5B58 : 00;
    5B59 : 00;
    5B5A : 00;
    5B5B : 00;
    5B5C : 00;
    5B5D : 00;
    5B5E : 00;
    5B5F : 00;
    5B60 : 00;
    5B61 : 00;
    5B62 : 00;
    5B63 : 00;
    5B64 : 00;
    5B65 : 00;
    5B66 : 00;
    5B67 : 00;
    5B68 : 00;
    5B69 : 00;
    5B6A : 00;
    5B6B : 00;
    5B6C : 00;
    5B6D : 00;
    5B6E : 00;
    5B6F : 00;
    5B70 : 00;
    5B71 : 00;
    5B72 : 00;
    5B73 : 00;
    5B74 : 00;
    5B75 : 00;
    5B76 : 00;
    5B77 : 00;
    5B78 : 00;
    5B79 : 00;
    5B7A : 00;
    5B7B : 00;
    5B7C : 00;
    5B7D : 00;
    5B7E : 00;
    5B7F : 00;
    5B80 : 00;
    5B81 : 00;
    5B82 : 00;
    5B83 : 00;
    5B84 : 00;
    5B85 : 00;
    5B86 : 00;
    5B87 : 00;
    5B88 : 00;
    5B89 : 00;
    5B8A : 00;
    5B8B : 00;
    5B8C : 00;
    5B8D : 00;
    5B8E : 00;
    5B8F : 00;
    5B90 : 00;
    5B91 : 00;
    5B92 : 00;
    5B93 : 00;
    5B94 : 00;
    5B95 : 00;
    5B96 : 00;
    5B97 : 00;
    5B98 : 00;
    5B99 : 00;
    5B9A : 00;
    5B9B : 00;
    5B9C : 00;
    5B9D : 00;
    5B9E : 00;
    5B9F : 00;
    5BA0 : 00;
    5BA1 : 00;
    5BA2 : 00;
    5BA3 : 00;
    5BA4 : 00;
    5BA5 : 00;
    5BA6 : 00;
    5BA7 : 00;
    5BA8 : 00;
    5BA9 : 00;
    5BAA : 00;
    5BAB : 00;
    5BAC : 00;
    5BAD : 00;
    5BAE : 00;
    5BAF : 00;
    5BB0 : 00;
    5BB1 : 00;
    5BB2 : 00;
    5BB3 : 00;
    5BB4 : 00;
    5BB5 : 00;
    5BB6 : 00;
    5BB7 : 00;
    5BB8 : 00;
    5BB9 : 00;
    5BBA : 00;
    5BBB : 00;
    5BBC : 00;
    5BBD : 00;
    5BBE : 00;
    5BBF : 00;
    5BC0 : 00;
    5BC1 : 00;
    5BC2 : 00;
    5BC3 : 00;
    5BC4 : 00;
    5BC5 : 00;
    5BC6 : 00;
    5BC7 : 00;
    5BC8 : 00;
    5BC9 : 00;
    5BCA : 00;
    5BCB : 00;
    5BCC : 00;
    5BCD : 00;
    5BCE : 00;
    5BCF : 00;
    5BD0 : 00;
    5BD1 : 00;
    5BD2 : 00;
    5BD3 : 00;
    5BD4 : 00;
    5BD5 : 00;
    5BD6 : 00;
    5BD7 : 00;
    5BD8 : 00;
    5BD9 : 00;
    5BDA : 00;
    5BDB : 00;
    5BDC : 00;
    5BDD : 00;
    5BDE : 00;
    5BDF : 00;
    5BE0 : 00;
    5BE1 : 00;
    5BE2 : 00;
    5BE3 : 00;
    5BE4 : 00;
    5BE5 : 00;
    5BE6 : 00;
    5BE7 : 00;
    5BE8 : 00;
    5BE9 : 00;
    5BEA : 00;
    5BEB : 00;
    5BEC : 00;
    5BED : 00;
    5BEE : 00;
    5BEF : 00;
    5BF0 : 00;
    5BF1 : 00;
    5BF2 : 00;
    5BF3 : 00;
    5BF4 : 00;
    5BF5 : 00;
    5BF6 : 00;
    5BF7 : 00;
    5BF8 : 00;
    5BF9 : 00;
    5BFA : 00;
    5BFB : 00;
    5BFC : 00;
    5BFD : 00;
    5BFE : 00;
    5BFF : 00;
    5C00 : 00;
    5C01 : 00;
    5C02 : 00;
    5C03 : 00;
    5C04 : 00;
    5C05 : 00;
    5C06 : 00;
    5C07 : 00;
    5C08 : 00;
    5C09 : 00;
    5C0A : 00;
    5C0B : 00;
    5C0C : 00;
    5C0D : 00;
    5C0E : 00;
    5C0F : 00;
    5C10 : 00;
    5C11 : 00;
    5C12 : 00;
    5C13 : 00;
    5C14 : 00;
    5C15 : 00;
    5C16 : 00;
    5C17 : 00;
    5C18 : 00;
    5C19 : 00;
    5C1A : 00;
    5C1B : 00;
    5C1C : 00;
    5C1D : 00;
    5C1E : 00;
    5C1F : 00;
    5C20 : 00;
    5C21 : 00;
    5C22 : 00;
    5C23 : 00;
    5C24 : 00;
    5C25 : 00;
    5C26 : 00;
    5C27 : 00;
    5C28 : 00;
    5C29 : 00;
    5C2A : 00;
    5C2B : 00;
    5C2C : 00;
    5C2D : 00;
    5C2E : 00;
    5C2F : 00;
    5C30 : 00;
    5C31 : 00;
    5C32 : 00;
    5C33 : 00;
    5C34 : 00;
    5C35 : 00;
    5C36 : 00;
    5C37 : 00;
    5C38 : 00;
    5C39 : 00;
    5C3A : 00;
    5C3B : 00;
    5C3C : 00;
    5C3D : 00;
    5C3E : 00;
    5C3F : 00;
    5C40 : 00;
    5C41 : 00;
    5C42 : 00;
    5C43 : 00;
    5C44 : 00;
    5C45 : 00;
    5C46 : 00;
    5C47 : 00;
    5C48 : 00;
    5C49 : 00;
    5C4A : 00;
    5C4B : 00;
    5C4C : 00;
    5C4D : 00;
    5C4E : 00;
    5C4F : 00;
    5C50 : 00;
    5C51 : 00;
    5C52 : 00;
    5C53 : 00;
    5C54 : 00;
    5C55 : 00;
    5C56 : 00;
    5C57 : 00;
    5C58 : 00;
    5C59 : 00;
    5C5A : 00;
    5C5B : 00;
    5C5C : 00;
    5C5D : 00;
    5C5E : 00;
    5C5F : 00;
    5C60 : 00;
    5C61 : 00;
    5C62 : 00;
    5C63 : 00;
    5C64 : 00;
    5C65 : 00;
    5C66 : 00;
    5C67 : 00;
    5C68 : 00;
    5C69 : 00;
    5C6A : 00;
    5C6B : 00;
    5C6C : 00;
    5C6D : 00;
    5C6E : 00;
    5C6F : 00;
    5C70 : 00;
    5C71 : 00;
    5C72 : 00;
    5C73 : 00;
    5C74 : 00;
    5C75 : 00;
    5C76 : 00;
    5C77 : 00;
    5C78 : 00;
    5C79 : 00;
    5C7A : 00;
    5C7B : 00;
    5C7C : 00;
    5C7D : 00;
    5C7E : 00;
    5C7F : 00;
    5C80 : 00;
    5C81 : 00;
    5C82 : 00;
    5C83 : 00;
    5C84 : 00;
    5C85 : 00;
    5C86 : 00;
    5C87 : 00;
    5C88 : 00;
    5C89 : 00;
    5C8A : 00;
    5C8B : 00;
    5C8C : 00;
    5C8D : 00;
    5C8E : 00;
    5C8F : 00;
    5C90 : 00;
    5C91 : 00;
    5C92 : 00;
    5C93 : 00;
    5C94 : 00;
    5C95 : 00;
    5C96 : 00;
    5C97 : 00;
    5C98 : 00;
    5C99 : 00;
    5C9A : 00;
    5C9B : 00;
    5C9C : 00;
    5C9D : 00;
    5C9E : 00;
    5C9F : 00;
    5CA0 : 00;
    5CA1 : 00;
    5CA2 : 00;
    5CA3 : 00;
    5CA4 : 00;
    5CA5 : 00;
    5CA6 : 00;
    5CA7 : 00;
    5CA8 : 00;
    5CA9 : 00;
    5CAA : 00;
    5CAB : 00;
    5CAC : 00;
    5CAD : 00;
    5CAE : 00;
    5CAF : 00;
    5CB0 : 00;
    5CB1 : 00;
    5CB2 : 00;
    5CB3 : 00;
    5CB4 : 00;
    5CB5 : 00;
    5CB6 : 00;
    5CB7 : 00;
    5CB8 : 00;
    5CB9 : 00;
    5CBA : 00;
    5CBB : 00;
    5CBC : 00;
    5CBD : 00;
    5CBE : 00;
    5CBF : 00;
    5CC0 : 00;
    5CC1 : 00;
    5CC2 : 00;
    5CC3 : 00;
    5CC4 : 00;
    5CC5 : 00;
    5CC6 : 00;
    5CC7 : 00;
    5CC8 : 00;
    5CC9 : 00;
    5CCA : 00;
    5CCB : 00;
    5CCC : 00;
    5CCD : 00;
    5CCE : 00;
    5CCF : 00;
    5CD0 : 00;
    5CD1 : 00;
    5CD2 : 00;
    5CD3 : 00;
    5CD4 : 00;
    5CD5 : 00;
    5CD6 : 00;
    5CD7 : 00;
    5CD8 : 00;
    5CD9 : 00;
    5CDA : 00;
    5CDB : 00;
    5CDC : 00;
    5CDD : 00;
    5CDE : 00;
    5CDF : 00;
    5CE0 : 00;
    5CE1 : 00;
    5CE2 : 00;
    5CE3 : 00;
    5CE4 : 00;
    5CE5 : 00;
    5CE6 : 00;
    5CE7 : 00;
    5CE8 : 00;
    5CE9 : 00;
    5CEA : 00;
    5CEB : 00;
    5CEC : 00;
    5CED : 00;
    5CEE : 00;
    5CEF : 00;
    5CF0 : 00;
    5CF1 : 00;
    5CF2 : 00;
    5CF3 : 00;
    5CF4 : 00;
    5CF5 : 00;
    5CF6 : 00;
    5CF7 : 00;
    5CF8 : 00;
    5CF9 : 00;
    5CFA : 00;
    5CFB : 00;
    5CFC : 00;
    5CFD : 00;
    5CFE : 00;
    5CFF : 00;
    5D00 : 00;
    5D01 : 00;
    5D02 : 00;
    5D03 : 00;
    5D04 : 00;
    5D05 : 00;
    5D06 : 00;
    5D07 : 00;
    5D08 : 00;
    5D09 : 00;
    5D0A : 00;
    5D0B : 00;
    5D0C : 00;
    5D0D : 00;
    5D0E : 00;
    5D0F : 00;
    5D10 : 00;
    5D11 : 00;
    5D12 : 00;
    5D13 : 00;
    5D14 : 00;
    5D15 : 00;
    5D16 : 00;
    5D17 : 00;
    5D18 : 00;
    5D19 : 00;
    5D1A : 00;
    5D1B : 00;
    5D1C : 00;
    5D1D : 00;
    5D1E : 00;
    5D1F : 00;
    5D20 : 00;
    5D21 : 00;
    5D22 : 00;
    5D23 : 00;
    5D24 : 00;
    5D25 : 00;
    5D26 : 00;
    5D27 : 00;
    5D28 : 00;
    5D29 : 00;
    5D2A : 00;
    5D2B : 00;
    5D2C : 00;
    5D2D : 00;
    5D2E : 00;
    5D2F : 00;
    5D30 : 00;
    5D31 : 00;
    5D32 : 00;
    5D33 : 00;
    5D34 : 00;
    5D35 : 00;
    5D36 : 00;
    5D37 : 00;
    5D38 : 00;
    5D39 : 00;
    5D3A : 00;
    5D3B : 00;
    5D3C : 00;
    5D3D : 00;
    5D3E : 00;
    5D3F : 00;
    5D40 : 00;
    5D41 : 00;
    5D42 : 00;
    5D43 : 00;
    5D44 : 00;
    5D45 : 00;
    5D46 : 00;
    5D47 : 00;
    5D48 : 00;
    5D49 : 00;
    5D4A : 00;
    5D4B : 00;
    5D4C : 00;
    5D4D : 00;
    5D4E : 00;
    5D4F : 00;
    5D50 : 00;
    5D51 : 00;
    5D52 : 00;
    5D53 : 00;
    5D54 : 00;
    5D55 : 00;
    5D56 : 00;
    5D57 : 00;
    5D58 : 00;
    5D59 : 00;
    5D5A : 00;
    5D5B : 00;
    5D5C : 00;
    5D5D : 00;
    5D5E : 00;
    5D5F : 00;
    5D60 : 00;
    5D61 : 00;
    5D62 : 00;
    5D63 : 00;
    5D64 : 00;
    5D65 : 00;
    5D66 : 00;
    5D67 : 00;
    5D68 : 00;
    5D69 : 00;
    5D6A : 00;
    5D6B : 00;
    5D6C : 00;
    5D6D : 00;
    5D6E : 00;
    5D6F : 00;
    5D70 : 00;
    5D71 : 00;
    5D72 : 00;
    5D73 : 00;
    5D74 : 00;
    5D75 : 00;
    5D76 : 00;
    5D77 : 00;
    5D78 : 00;
    5D79 : 00;
    5D7A : 00;
    5D7B : 00;
    5D7C : 00;
    5D7D : 00;
    5D7E : 00;
    5D7F : 00;
    5D80 : 00;
    5D81 : 00;
    5D82 : 00;
    5D83 : 00;
    5D84 : 00;
    5D85 : 00;
    5D86 : 00;
    5D87 : 00;
    5D88 : 00;
    5D89 : 00;
    5D8A : 00;
    5D8B : 00;
    5D8C : 00;
    5D8D : 00;
    5D8E : 00;
    5D8F : 00;
    5D90 : 00;
    5D91 : 00;
    5D92 : 00;
    5D93 : 00;
    5D94 : 00;
    5D95 : 00;
    5D96 : 00;
    5D97 : 00;
    5D98 : 00;
    5D99 : 00;
    5D9A : 00;
    5D9B : 00;
    5D9C : 00;
    5D9D : 00;
    5D9E : 00;
    5D9F : 00;
    5DA0 : 00;
    5DA1 : 00;
    5DA2 : 00;
    5DA3 : 00;
    5DA4 : 00;
    5DA5 : 00;
    5DA6 : 00;
    5DA7 : 00;
    5DA8 : 00;
    5DA9 : 00;
    5DAA : 00;
    5DAB : 00;
    5DAC : 00;
    5DAD : 00;
    5DAE : 00;
    5DAF : 00;
    5DB0 : 00;
    5DB1 : 00;
    5DB2 : 00;
    5DB3 : 00;
    5DB4 : 00;
    5DB5 : 00;
    5DB6 : 00;
    5DB7 : 00;
    5DB8 : 00;
    5DB9 : 00;
    5DBA : 00;
    5DBB : 00;
    5DBC : 00;
    5DBD : 00;
    5DBE : 00;
    5DBF : 00;
    5DC0 : 00;
    5DC1 : 00;
    5DC2 : 00;
    5DC3 : 00;
    5DC4 : 00;
    5DC5 : 00;
    5DC6 : 00;
    5DC7 : 00;
    5DC8 : 00;
    5DC9 : 00;
    5DCA : 00;
    5DCB : 00;
    5DCC : 00;
    5DCD : 00;
    5DCE : 00;
    5DCF : 00;
    5DD0 : 00;
    5DD1 : 00;
    5DD2 : 00;
    5DD3 : 00;
    5DD4 : 00;
    5DD5 : 00;
    5DD6 : 00;
    5DD7 : 00;
    5DD8 : 00;
    5DD9 : 00;
    5DDA : 00;
    5DDB : 00;
    5DDC : 00;
    5DDD : 00;
    5DDE : 00;
    5DDF : 00;
    5DE0 : 00;
    5DE1 : 00;
    5DE2 : 00;
    5DE3 : 00;
    5DE4 : 00;
    5DE5 : 00;
    5DE6 : 00;
    5DE7 : 00;
    5DE8 : 00;
    5DE9 : 00;
    5DEA : 00;
    5DEB : 00;
    5DEC : 00;
    5DED : 00;
    5DEE : 00;
    5DEF : 00;
    5DF0 : 00;
    5DF1 : 00;
    5DF2 : 00;
    5DF3 : 00;
    5DF4 : 00;
    5DF5 : 00;
    5DF6 : 00;
    5DF7 : 00;
    5DF8 : 00;
    5DF9 : 00;
    5DFA : 00;
    5DFB : 00;
    5DFC : 00;
    5DFD : 00;
    5DFE : 00;
    5DFF : 00;
    5E00 : 00;
    5E01 : 00;
    5E02 : 00;
    5E03 : 00;
    5E04 : 00;
    5E05 : 00;
    5E06 : 00;
    5E07 : 00;
    5E08 : 00;
    5E09 : 00;
    5E0A : 00;
    5E0B : 00;
    5E0C : 00;
    5E0D : 00;
    5E0E : 00;
    5E0F : 00;
    5E10 : 00;
    5E11 : 00;
    5E12 : 00;
    5E13 : 00;
    5E14 : 00;
    5E15 : 00;
    5E16 : 00;
    5E17 : 00;
    5E18 : 00;
    5E19 : 00;
    5E1A : 00;
    5E1B : 00;
    5E1C : 00;
    5E1D : 00;
    5E1E : 00;
    5E1F : 00;
    5E20 : 00;
    5E21 : 00;
    5E22 : 00;
    5E23 : 00;
    5E24 : 00;
    5E25 : 00;
    5E26 : 00;
    5E27 : 00;
    5E28 : 00;
    5E29 : 00;
    5E2A : 00;
    5E2B : 00;
    5E2C : 00;
    5E2D : 00;
    5E2E : 00;
    5E2F : 00;
    5E30 : 00;
    5E31 : 00;
    5E32 : 00;
    5E33 : 00;
    5E34 : 00;
    5E35 : 00;
    5E36 : 00;
    5E37 : 00;
    5E38 : 00;
    5E39 : 00;
    5E3A : 00;
    5E3B : 00;
    5E3C : 00;
    5E3D : 00;
    5E3E : 00;
    5E3F : 00;
    5E40 : 00;
    5E41 : 00;
    5E42 : 00;
    5E43 : 00;
    5E44 : 00;
    5E45 : 00;
    5E46 : 00;
    5E47 : 00;
    5E48 : 00;
    5E49 : 00;
    5E4A : 00;
    5E4B : 00;
    5E4C : 00;
    5E4D : 00;
    5E4E : 00;
    5E4F : 00;
    5E50 : 00;
    5E51 : 00;
    5E52 : 00;
    5E53 : 00;
    5E54 : 00;
    5E55 : 00;
    5E56 : 00;
    5E57 : 00;
    5E58 : 00;
    5E59 : 00;
    5E5A : 00;
    5E5B : 00;
    5E5C : 00;
    5E5D : 00;
    5E5E : 00;
    5E5F : 00;
    5E60 : 00;
    5E61 : 00;
    5E62 : 00;
    5E63 : 00;
    5E64 : 00;
    5E65 : 00;
    5E66 : 00;
    5E67 : 00;
    5E68 : 00;
    5E69 : 00;
    5E6A : 00;
    5E6B : 00;
    5E6C : 00;
    5E6D : 00;
    5E6E : 00;
    5E6F : 00;
    5E70 : 00;
    5E71 : 00;
    5E72 : 00;
    5E73 : 00;
    5E74 : 00;
    5E75 : 00;
    5E76 : 00;
    5E77 : 00;
    5E78 : 00;
    5E79 : 00;
    5E7A : 00;
    5E7B : 00;
    5E7C : 00;
    5E7D : 00;
    5E7E : 00;
    5E7F : 00;
    5E80 : 00;
    5E81 : 00;
    5E82 : 00;
    5E83 : 00;
    5E84 : 00;
    5E85 : 00;
    5E86 : 00;
    5E87 : 00;
    5E88 : 00;
    5E89 : 00;
    5E8A : 00;
    5E8B : 00;
    5E8C : 00;
    5E8D : 00;
    5E8E : 00;
    5E8F : 00;
    5E90 : 00;
    5E91 : 00;
    5E92 : 00;
    5E93 : 00;
    5E94 : 00;
    5E95 : 00;
    5E96 : 00;
    5E97 : 00;
    5E98 : 00;
    5E99 : 00;
    5E9A : 00;
    5E9B : 00;
    5E9C : 00;
    5E9D : 00;
    5E9E : 00;
    5E9F : 00;
    5EA0 : 00;
    5EA1 : 00;
    5EA2 : 00;
    5EA3 : 00;
    5EA4 : 00;
    5EA5 : 00;
    5EA6 : 00;
    5EA7 : 00;
    5EA8 : 00;
    5EA9 : 00;
    5EAA : 00;
    5EAB : 00;
    5EAC : 00;
    5EAD : 00;
    5EAE : 00;
    5EAF : 00;
    5EB0 : 00;
    5EB1 : 00;
    5EB2 : 00;
    5EB3 : 00;
    5EB4 : 00;
    5EB5 : 00;
    5EB6 : 00;
    5EB7 : 00;
    5EB8 : 00;
    5EB9 : 00;
    5EBA : 00;
    5EBB : 00;
    5EBC : 00;
    5EBD : 00;
    5EBE : 00;
    5EBF : 00;
    5EC0 : 00;
    5EC1 : 00;
    5EC2 : 00;
    5EC3 : 00;
    5EC4 : 00;
    5EC5 : 00;
    5EC6 : 00;
    5EC7 : 00;
    5EC8 : 00;
    5EC9 : 00;
    5ECA : 00;
    5ECB : 00;
    5ECC : 00;
    5ECD : 00;
    5ECE : 00;
    5ECF : 00;
    5ED0 : 00;
    5ED1 : 00;
    5ED2 : 00;
    5ED3 : 00;
    5ED4 : 00;
    5ED5 : 00;
    5ED6 : 00;
    5ED7 : 00;
    5ED8 : 00;
    5ED9 : 00;
    5EDA : 00;
    5EDB : 00;
    5EDC : 00;
    5EDD : 00;
    5EDE : 00;
    5EDF : 00;
    5EE0 : 00;
    5EE1 : 00;
    5EE2 : 00;
    5EE3 : 00;
    5EE4 : 00;
    5EE5 : 00;
    5EE6 : 00;
    5EE7 : 00;
    5EE8 : 00;
    5EE9 : 00;
    5EEA : 00;
    5EEB : 00;
    5EEC : 00;
    5EED : 00;
    5EEE : 00;
    5EEF : 00;
    5EF0 : 00;
    5EF1 : 00;
    5EF2 : 00;
    5EF3 : 00;
    5EF4 : 00;
    5EF5 : 00;
    5EF6 : 00;
    5EF7 : 00;
    5EF8 : 00;
    5EF9 : 00;
    5EFA : 00;
    5EFB : 00;
    5EFC : 00;
    5EFD : 00;
    5EFE : 00;
    5EFF : 00;
    5F00 : 00;
    5F01 : 00;
    5F02 : 00;
    5F03 : 00;
    5F04 : 00;
    5F05 : 00;
    5F06 : 00;
    5F07 : 00;
    5F08 : 00;
    5F09 : 00;
    5F0A : 00;
    5F0B : 00;
    5F0C : 00;
    5F0D : 00;
    5F0E : 00;
    5F0F : 00;
    5F10 : 00;
    5F11 : 00;
    5F12 : 00;
    5F13 : 00;
    5F14 : 00;
    5F15 : 00;
    5F16 : 00;
    5F17 : 00;
    5F18 : 00;
    5F19 : 00;
    5F1A : 00;
    5F1B : 00;
    5F1C : 00;
    5F1D : 00;
    5F1E : 00;
    5F1F : 00;
    5F20 : 00;
    5F21 : 00;
    5F22 : 00;
    5F23 : 00;
    5F24 : 00;
    5F25 : 00;
    5F26 : 00;
    5F27 : 00;
    5F28 : 00;
    5F29 : 00;
    5F2A : 00;
    5F2B : 00;
    5F2C : 00;
    5F2D : 00;
    5F2E : 00;
    5F2F : 00;
    5F30 : 00;
    5F31 : 00;
    5F32 : 00;
    5F33 : 00;
    5F34 : 00;
    5F35 : 00;
    5F36 : 00;
    5F37 : 00;
    5F38 : 00;
    5F39 : 00;
    5F3A : 00;
    5F3B : 00;
    5F3C : 00;
    5F3D : 00;
    5F3E : 00;
    5F3F : 00;
    5F40 : 00;
    5F41 : 00;
    5F42 : 00;
    5F43 : 00;
    5F44 : 00;
    5F45 : 00;
    5F46 : 00;
    5F47 : 00;
    5F48 : 00;
    5F49 : 00;
    5F4A : 00;
    5F4B : 00;
    5F4C : 00;
    5F4D : 00;
    5F4E : 00;
    5F4F : 00;
    5F50 : 00;
    5F51 : 00;
    5F52 : 00;
    5F53 : 00;
    5F54 : 00;
    5F55 : 00;
    5F56 : 00;
    5F57 : 00;
    5F58 : 00;
    5F59 : 00;
    5F5A : 00;
    5F5B : 00;
    5F5C : 00;
    5F5D : 00;
    5F5E : 00;
    5F5F : 00;
    5F60 : 00;
    5F61 : 00;
    5F62 : 00;
    5F63 : 00;
    5F64 : 00;
    5F65 : 00;
    5F66 : 00;
    5F67 : 00;
    5F68 : 00;
    5F69 : 00;
    5F6A : 00;
    5F6B : 00;
    5F6C : 00;
    5F6D : 00;
    5F6E : 00;
    5F6F : 00;
    5F70 : 00;
    5F71 : 00;
    5F72 : 00;
    5F73 : 00;
    5F74 : 00;
    5F75 : 00;
    5F76 : 00;
    5F77 : 00;
    5F78 : 00;
    5F79 : 00;
    5F7A : 00;
    5F7B : 00;
    5F7C : 00;
    5F7D : 00;
    5F7E : 00;
    5F7F : 00;
    5F80 : 00;
    5F81 : 00;
    5F82 : 00;
    5F83 : 00;
    5F84 : 00;
    5F85 : 00;
    5F86 : 00;
    5F87 : 00;
    5F88 : 00;
    5F89 : 00;
    5F8A : 00;
    5F8B : 00;
    5F8C : 00;
    5F8D : 00;
    5F8E : 00;
    5F8F : 00;
    5F90 : 00;
    5F91 : 00;
    5F92 : 00;
    5F93 : 00;
    5F94 : 00;
    5F95 : 00;
    5F96 : 00;
    5F97 : 00;
    5F98 : 00;
    5F99 : 00;
    5F9A : 00;
    5F9B : 00;
    5F9C : 00;
    5F9D : 00;
    5F9E : 00;
    5F9F : 00;
    5FA0 : 00;
    5FA1 : 00;
    5FA2 : 00;
    5FA3 : 00;
    5FA4 : 00;
    5FA5 : 00;
    5FA6 : 00;
    5FA7 : 00;
    5FA8 : 00;
    5FA9 : 00;
    5FAA : 00;
    5FAB : 00;
    5FAC : 00;
    5FAD : 00;
    5FAE : 00;
    5FAF : 00;
    5FB0 : 00;
    5FB1 : 00;
    5FB2 : 00;
    5FB3 : 00;
    5FB4 : 00;
    5FB5 : 00;
    5FB6 : 00;
    5FB7 : 00;
    5FB8 : 00;
    5FB9 : 00;
    5FBA : 00;
    5FBB : 00;
    5FBC : 00;
    5FBD : 00;
    5FBE : 00;
    5FBF : 00;
    5FC0 : 00;
    5FC1 : 00;
    5FC2 : 00;
    5FC3 : 00;
    5FC4 : 00;
    5FC5 : 00;
    5FC6 : 00;
    5FC7 : 00;
    5FC8 : 00;
    5FC9 : 00;
    5FCA : 00;
    5FCB : 00;
    5FCC : 00;
    5FCD : 00;
    5FCE : 00;
    5FCF : 00;
    5FD0 : 00;
    5FD1 : 00;
    5FD2 : 00;
    5FD3 : 00;
    5FD4 : 00;
    5FD5 : 00;
    5FD6 : 00;
    5FD7 : 00;
    5FD8 : 00;
    5FD9 : 00;
    5FDA : 00;
    5FDB : 00;
    5FDC : 00;
    5FDD : 00;
    5FDE : 00;
    5FDF : 00;
    5FE0 : 00;
    5FE1 : 00;
    5FE2 : 00;
    5FE3 : 00;
    5FE4 : 00;
    5FE5 : 00;
    5FE6 : 00;
    5FE7 : 00;
    5FE8 : 00;
    5FE9 : 00;
    5FEA : 00;
    5FEB : 00;
    5FEC : 00;
    5FED : 00;
    5FEE : 00;
    5FEF : 00;
    5FF0 : 00;
    5FF1 : 00;
    5FF2 : 00;
    5FF3 : 00;
    5FF4 : 00;
    5FF5 : 00;
    5FF6 : 00;
    5FF7 : 00;
    5FF8 : 00;
    5FF9 : 00;
    5FFA : 00;
    5FFB : 00;
    5FFC : 00;
    5FFD : 00;
    5FFE : 00;
    5FFF : 00;
    6000 : 00;
    6001 : 00;
    6002 : 00;
    6003 : 00;
    6004 : 00;
    6005 : 00;
    6006 : 00;
    6007 : 00;
    6008 : 00;
    6009 : 00;
    600A : 00;
    600B : 00;
    600C : 00;
    600D : 00;
    600E : 00;
    600F : 00;
    6010 : 00;
    6011 : 00;
    6012 : 00;
    6013 : 00;
    6014 : 00;
    6015 : 00;
    6016 : 00;
    6017 : 00;
    6018 : 00;
    6019 : 00;
    601A : 00;
    601B : 00;
    601C : 00;
    601D : 00;
    601E : 00;
    601F : 00;
    6020 : 00;
    6021 : 00;
    6022 : 00;
    6023 : 00;
    6024 : 00;
    6025 : 00;
    6026 : 00;
    6027 : 00;
    6028 : 00;
    6029 : 00;
    602A : 00;
    602B : 00;
    602C : 00;
    602D : 00;
    602E : 00;
    602F : 00;
    6030 : 00;
    6031 : 00;
    6032 : 00;
    6033 : 00;
    6034 : 00;
    6035 : 00;
    6036 : 00;
    6037 : 00;
    6038 : 00;
    6039 : 00;
    603A : 00;
    603B : 00;
    603C : 00;
    603D : 00;
    603E : 00;
    603F : 00;
    6040 : 00;
    6041 : 00;
    6042 : 00;
    6043 : 00;
    6044 : 00;
    6045 : 00;
    6046 : 00;
    6047 : 00;
    6048 : 00;
    6049 : 00;
    604A : 00;
    604B : 00;
    604C : 00;
    604D : 00;
    604E : 00;
    604F : 00;
    6050 : 00;
    6051 : 00;
    6052 : 00;
    6053 : 00;
    6054 : 00;
    6055 : 00;
    6056 : 00;
    6057 : 00;
    6058 : 00;
    6059 : 00;
    605A : 00;
    605B : 00;
    605C : 00;
    605D : 00;
    605E : 00;
    605F : 00;
    6060 : 00;
    6061 : 00;
    6062 : 00;
    6063 : 00;
    6064 : 00;
    6065 : 00;
    6066 : 00;
    6067 : 00;
    6068 : 00;
    6069 : 00;
    606A : 00;
    606B : 00;
    606C : 00;
    606D : 00;
    606E : 00;
    606F : 00;
    6070 : 00;
    6071 : 00;
    6072 : 00;
    6073 : 00;
    6074 : 00;
    6075 : 00;
    6076 : 00;
    6077 : 00;
    6078 : 00;
    6079 : 00;
    607A : 00;
    607B : 00;
    607C : 00;
    607D : 00;
    607E : 00;
    607F : 00;
    6080 : 00;
    6081 : 00;
    6082 : 00;
    6083 : 00;
    6084 : 00;
    6085 : 00;
    6086 : 00;
    6087 : 00;
    6088 : 00;
    6089 : 00;
    608A : 00;
    608B : 00;
    608C : 00;
    608D : 00;
    608E : 00;
    608F : 00;
    6090 : 00;
    6091 : 00;
    6092 : 00;
    6093 : 00;
    6094 : 00;
    6095 : 00;
    6096 : 00;
    6097 : 00;
    6098 : 00;
    6099 : 00;
    609A : 00;
    609B : 00;
    609C : 00;
    609D : 00;
    609E : 00;
    609F : 00;
    60A0 : 00;
    60A1 : 00;
    60A2 : 00;
    60A3 : 00;
    60A4 : 00;
    60A5 : 00;
    60A6 : 00;
    60A7 : 00;
    60A8 : 00;
    60A9 : 00;
    60AA : 00;
    60AB : 00;
    60AC : 00;
    60AD : 00;
    60AE : 00;
    60AF : 00;
    60B0 : 00;
    60B1 : 00;
    60B2 : 00;
    60B3 : 00;
    60B4 : 00;
    60B5 : 00;
    60B6 : 00;
    60B7 : 00;
    60B8 : 00;
    60B9 : 00;
    60BA : 00;
    60BB : 00;
    60BC : 00;
    60BD : 00;
    60BE : 00;
    60BF : 00;
    60C0 : 00;
    60C1 : 00;
    60C2 : 00;
    60C3 : 00;
    60C4 : 00;
    60C5 : 00;
    60C6 : 00;
    60C7 : 00;
    60C8 : 00;
    60C9 : 00;
    60CA : 00;
    60CB : 00;
    60CC : 00;
    60CD : 00;
    60CE : 00;
    60CF : 00;
    60D0 : 00;
    60D1 : 00;
    60D2 : 00;
    60D3 : 00;
    60D4 : 00;
    60D5 : 00;
    60D6 : 00;
    60D7 : 00;
    60D8 : 00;
    60D9 : 00;
    60DA : 00;
    60DB : 00;
    60DC : 00;
    60DD : 00;
    60DE : 00;
    60DF : 00;
    60E0 : 00;
    60E1 : 00;
    60E2 : 00;
    60E3 : 00;
    60E4 : 00;
    60E5 : 00;
    60E6 : 00;
    60E7 : 00;
    60E8 : 00;
    60E9 : 00;
    60EA : 00;
    60EB : 00;
    60EC : 00;
    60ED : 00;
    60EE : 00;
    60EF : 00;
    60F0 : 00;
    60F1 : 00;
    60F2 : 00;
    60F3 : 00;
    60F4 : 00;
    60F5 : 00;
    60F6 : 00;
    60F7 : 00;
    60F8 : 00;
    60F9 : 00;
    60FA : 00;
    60FB : 00;
    60FC : 00;
    60FD : 00;
    60FE : 00;
    60FF : 00;
    6100 : 00;
    6101 : 00;
    6102 : 00;
    6103 : 00;
    6104 : 00;
    6105 : 00;
    6106 : 00;
    6107 : 00;
    6108 : 00;
    6109 : 00;
    610A : 00;
    610B : 00;
    610C : 00;
    610D : 00;
    610E : 00;
    610F : 00;
    6110 : 00;
    6111 : 00;
    6112 : 00;
    6113 : 00;
    6114 : 00;
    6115 : 00;
    6116 : 00;
    6117 : 00;
    6118 : 00;
    6119 : 00;
    611A : 00;
    611B : 00;
    611C : 00;
    611D : 00;
    611E : 00;
    611F : 00;
    6120 : 00;
    6121 : 00;
    6122 : 00;
    6123 : 00;
    6124 : 00;
    6125 : 00;
    6126 : 00;
    6127 : 00;
    6128 : 00;
    6129 : 00;
    612A : 00;
    612B : 00;
    612C : 00;
    612D : 00;
    612E : 00;
    612F : 00;
    6130 : 00;
    6131 : 00;
    6132 : 00;
    6133 : 00;
    6134 : 00;
    6135 : 00;
    6136 : 00;
    6137 : 00;
    6138 : 00;
    6139 : 00;
    613A : 00;
    613B : 00;
    613C : 00;
    613D : 00;
    613E : 00;
    613F : 00;
    6140 : 00;
    6141 : 00;
    6142 : 00;
    6143 : 00;
    6144 : 00;
    6145 : 00;
    6146 : 00;
    6147 : 00;
    6148 : 00;
    6149 : 00;
    614A : 00;
    614B : 00;
    614C : 00;
    614D : 00;
    614E : 00;
    614F : 00;
    6150 : 00;
    6151 : 00;
    6152 : 00;
    6153 : 00;
    6154 : 00;
    6155 : 00;
    6156 : 00;
    6157 : 00;
    6158 : 00;
    6159 : 00;
    615A : 00;
    615B : 00;
    615C : 00;
    615D : 00;
    615E : 00;
    615F : 00;
    6160 : 00;
    6161 : 00;
    6162 : 00;
    6163 : 00;
    6164 : 00;
    6165 : 00;
    6166 : 00;
    6167 : 00;
    6168 : 00;
    6169 : 00;
    616A : 00;
    616B : 00;
    616C : 00;
    616D : 00;
    616E : 00;
    616F : 00;
    6170 : 00;
    6171 : 00;
    6172 : 00;
    6173 : 00;
    6174 : 00;
    6175 : 00;
    6176 : 00;
    6177 : 00;
    6178 : 00;
    6179 : 00;
    617A : 00;
    617B : 00;
    617C : 00;
    617D : 00;
    617E : 00;
    617F : 00;
    6180 : 00;
    6181 : 00;
    6182 : 00;
    6183 : 00;
    6184 : 00;
    6185 : 00;
    6186 : 00;
    6187 : 00;
    6188 : 00;
    6189 : 00;
    618A : 00;
    618B : 00;
    618C : 00;
    618D : 00;
    618E : 00;
    618F : 00;
    6190 : 00;
    6191 : 00;
    6192 : 00;
    6193 : 00;
    6194 : 00;
    6195 : 00;
    6196 : 00;
    6197 : 00;
    6198 : 00;
    6199 : 00;
    619A : 00;
    619B : 00;
    619C : 00;
    619D : 00;
    619E : 00;
    619F : 00;
    61A0 : 00;
    61A1 : 00;
    61A2 : 00;
    61A3 : 00;
    61A4 : 00;
    61A5 : 00;
    61A6 : 00;
    61A7 : 00;
    61A8 : 00;
    61A9 : 00;
    61AA : 00;
    61AB : 00;
    61AC : 00;
    61AD : 00;
    61AE : 00;
    61AF : 00;
    61B0 : 00;
    61B1 : 00;
    61B2 : 00;
    61B3 : 00;
    61B4 : 00;
    61B5 : 00;
    61B6 : 00;
    61B7 : 00;
    61B8 : 00;
    61B9 : 00;
    61BA : 00;
    61BB : 00;
    61BC : 00;
    61BD : 00;
    61BE : 00;
    61BF : 00;
    61C0 : 00;
    61C1 : 00;
    61C2 : 00;
    61C3 : 00;
    61C4 : 00;
    61C5 : 00;
    61C6 : 00;
    61C7 : 00;
    61C8 : 00;
    61C9 : 00;
    61CA : 00;
    61CB : 00;
    61CC : 00;
    61CD : 00;
    61CE : 00;
    61CF : 00;
    61D0 : 00;
    61D1 : 00;
    61D2 : 00;
    61D3 : 00;
    61D4 : 00;
    61D5 : 00;
    61D6 : 00;
    61D7 : 00;
    61D8 : 00;
    61D9 : 00;
    61DA : 00;
    61DB : 00;
    61DC : 00;
    61DD : 00;
    61DE : 00;
    61DF : 00;
    61E0 : 00;
    61E1 : 00;
    61E2 : 00;
    61E3 : 00;
    61E4 : 00;
    61E5 : 00;
    61E6 : 00;
    61E7 : 00;
    61E8 : 00;
    61E9 : 00;
    61EA : 00;
    61EB : 00;
    61EC : 00;
    61ED : 00;
    61EE : 00;
    61EF : 00;
    61F0 : 00;
    61F1 : 00;
    61F2 : 00;
    61F3 : 00;
    61F4 : 00;
    61F5 : 00;
    61F6 : 00;
    61F7 : 00;
    61F8 : 00;
    61F9 : 00;
    61FA : 00;
    61FB : 00;
    61FC : 00;
    61FD : 00;
    61FE : 00;
    61FF : 00;
    6200 : 00;
    6201 : 00;
    6202 : 00;
    6203 : 00;
    6204 : 00;
    6205 : 00;
    6206 : 00;
    6207 : 00;
    6208 : 00;
    6209 : 00;
    620A : 00;
    620B : 00;
    620C : 00;
    620D : 00;
    620E : 00;
    620F : 00;
    6210 : 00;
    6211 : 00;
    6212 : 00;
    6213 : 00;
    6214 : 00;
    6215 : 00;
    6216 : 00;
    6217 : 00;
    6218 : 00;
    6219 : 00;
    621A : 00;
    621B : 00;
    621C : 00;
    621D : 00;
    621E : 00;
    621F : 00;
    6220 : 00;
    6221 : 00;
    6222 : 00;
    6223 : 00;
    6224 : 00;
    6225 : 00;
    6226 : 00;
    6227 : 00;
    6228 : 00;
    6229 : 00;
    622A : 00;
    622B : 00;
    622C : 00;
    622D : 00;
    622E : 00;
    622F : 00;
    6230 : 00;
    6231 : 00;
    6232 : 00;
    6233 : 00;
    6234 : 00;
    6235 : 00;
    6236 : 00;
    6237 : 00;
    6238 : 00;
    6239 : 00;
    623A : 00;
    623B : 00;
    623C : 00;
    623D : 00;
    623E : 00;
    623F : 00;
    6240 : 00;
    6241 : 00;
    6242 : 00;
    6243 : 00;
    6244 : 00;
    6245 : 00;
    6246 : 00;
    6247 : 00;
    6248 : 00;
    6249 : 00;
    624A : 00;
    624B : 00;
    624C : 00;
    624D : 00;
    624E : 00;
    624F : 00;
    6250 : 00;
    6251 : 00;
    6252 : 00;
    6253 : 00;
    6254 : 00;
    6255 : 00;
    6256 : 00;
    6257 : 00;
    6258 : 00;
    6259 : 00;
    625A : 00;
    625B : 00;
    625C : 00;
    625D : 00;
    625E : 00;
    625F : 00;
    6260 : 00;
    6261 : 00;
    6262 : 00;
    6263 : 00;
    6264 : 00;
    6265 : 00;
    6266 : 00;
    6267 : 00;
    6268 : 00;
    6269 : 00;
    626A : 00;
    626B : 00;
    626C : 00;
    626D : 00;
    626E : 00;
    626F : 00;
    6270 : 00;
    6271 : 00;
    6272 : 00;
    6273 : 00;
    6274 : 00;
    6275 : 00;
    6276 : 00;
    6277 : 00;
    6278 : 00;
    6279 : 00;
    627A : 00;
    627B : 00;
    627C : 00;
    627D : 00;
    627E : 00;
    627F : 00;
    6280 : 00;
    6281 : 00;
    6282 : 00;
    6283 : 00;
    6284 : 00;
    6285 : 00;
    6286 : 00;
    6287 : 00;
    6288 : 00;
    6289 : 00;
    628A : 00;
    628B : 00;
    628C : 00;
    628D : 00;
    628E : 00;
    628F : 00;
    6290 : 00;
    6291 : 00;
    6292 : 00;
    6293 : 00;
    6294 : 00;
    6295 : 00;
    6296 : 00;
    6297 : 00;
    6298 : 00;
    6299 : 00;
    629A : 00;
    629B : 00;
    629C : 00;
    629D : 00;
    629E : 00;
    629F : 00;
    62A0 : 00;
    62A1 : 00;
    62A2 : 00;
    62A3 : 00;
    62A4 : 00;
    62A5 : 00;
    62A6 : 00;
    62A7 : 00;
    62A8 : 00;
    62A9 : 00;
    62AA : 00;
    62AB : 00;
    62AC : 00;
    62AD : 00;
    62AE : 00;
    62AF : 00;
    62B0 : 00;
    62B1 : 00;
    62B2 : 00;
    62B3 : 00;
    62B4 : 00;
    62B5 : 00;
    62B6 : 00;
    62B7 : 00;
    62B8 : 00;
    62B9 : 00;
    62BA : 00;
    62BB : 00;
    62BC : 00;
    62BD : 00;
    62BE : 00;
    62BF : 00;
    62C0 : 00;
    62C1 : 00;
    62C2 : 00;
    62C3 : 00;
    62C4 : 00;
    62C5 : 00;
    62C6 : 00;
    62C7 : 00;
    62C8 : 00;
    62C9 : 00;
    62CA : 00;
    62CB : 00;
    62CC : 00;
    62CD : 00;
    62CE : 00;
    62CF : 00;
    62D0 : 00;
    62D1 : 00;
    62D2 : 00;
    62D3 : 00;
    62D4 : 00;
    62D5 : 00;
    62D6 : 00;
    62D7 : 00;
    62D8 : 00;
    62D9 : 00;
    62DA : 00;
    62DB : 00;
    62DC : 00;
    62DD : 00;
    62DE : 00;
    62DF : 00;
    62E0 : 00;
    62E1 : 00;
    62E2 : 00;
    62E3 : 00;
    62E4 : 00;
    62E5 : 00;
    62E6 : 00;
    62E7 : 00;
    62E8 : 00;
    62E9 : 00;
    62EA : 00;
    62EB : 00;
    62EC : 00;
    62ED : 00;
    62EE : 00;
    62EF : 00;
    62F0 : 00;
    62F1 : 00;
    62F2 : 00;
    62F3 : 00;
    62F4 : 00;
    62F5 : 00;
    62F6 : 00;
    62F7 : 00;
    62F8 : 00;
    62F9 : 00;
    62FA : 00;
    62FB : 00;
    62FC : 00;
    62FD : 00;
    62FE : 00;
    62FF : 00;
    6300 : 00;
    6301 : 00;
    6302 : 00;
    6303 : 00;
    6304 : 00;
    6305 : 00;
    6306 : 00;
    6307 : 00;
    6308 : 00;
    6309 : 00;
    630A : 00;
    630B : 00;
    630C : 00;
    630D : 00;
    630E : 00;
    630F : 00;
    6310 : 00;
    6311 : 00;
    6312 : 00;
    6313 : 00;
    6314 : 00;
    6315 : 00;
    6316 : 00;
    6317 : 00;
    6318 : 00;
    6319 : 00;
    631A : 00;
    631B : 00;
    631C : 00;
    631D : 00;
    631E : 00;
    631F : 00;
    6320 : 00;
    6321 : 00;
    6322 : 00;
    6323 : 00;
    6324 : 00;
    6325 : 00;
    6326 : 00;
    6327 : 00;
    6328 : 00;
    6329 : 00;
    632A : 00;
    632B : 00;
    632C : 00;
    632D : 00;
    632E : 00;
    632F : 00;
    6330 : 00;
    6331 : 00;
    6332 : 00;
    6333 : 00;
    6334 : 00;
    6335 : 00;
    6336 : 00;
    6337 : 00;
    6338 : 00;
    6339 : 00;
    633A : 00;
    633B : 00;
    633C : 00;
    633D : 00;
    633E : 00;
    633F : 00;
    6340 : 00;
    6341 : 00;
    6342 : 00;
    6343 : 00;
    6344 : 00;
    6345 : 00;
    6346 : 00;
    6347 : 00;
    6348 : 00;
    6349 : 00;
    634A : 00;
    634B : 00;
    634C : 00;
    634D : 00;
    634E : 00;
    634F : 00;
    6350 : 00;
    6351 : 00;
    6352 : 00;
    6353 : 00;
    6354 : 00;
    6355 : 00;
    6356 : 00;
    6357 : 00;
    6358 : 00;
    6359 : 00;
    635A : 00;
    635B : 00;
    635C : 00;
    635D : 00;
    635E : 00;
    635F : 00;
    6360 : 00;
    6361 : 00;
    6362 : 00;
    6363 : 00;
    6364 : 00;
    6365 : 00;
    6366 : 00;
    6367 : 00;
    6368 : 00;
    6369 : 00;
    636A : 00;
    636B : 00;
    636C : 00;
    636D : 00;
    636E : 00;
    636F : 00;
    6370 : 00;
    6371 : 00;
    6372 : 00;
    6373 : 00;
    6374 : 00;
    6375 : 00;
    6376 : 00;
    6377 : 00;
    6378 : 00;
    6379 : 00;
    637A : 00;
    637B : 00;
    637C : 00;
    637D : 00;
    637E : 00;
    637F : 00;
    6380 : 00;
    6381 : 00;
    6382 : 00;
    6383 : 00;
    6384 : 00;
    6385 : 00;
    6386 : 00;
    6387 : 00;
    6388 : 00;
    6389 : 00;
    638A : 00;
    638B : 00;
    638C : 00;
    638D : 00;
    638E : 00;
    638F : 00;
    6390 : 00;
    6391 : 00;
    6392 : 00;
    6393 : 00;
    6394 : 00;
    6395 : 00;
    6396 : 00;
    6397 : 00;
    6398 : 00;
    6399 : 00;
    639A : 00;
    639B : 00;
    639C : 00;
    639D : 00;
    639E : 00;
    639F : 00;
    63A0 : 00;
    63A1 : 00;
    63A2 : 00;
    63A3 : 00;
    63A4 : 00;
    63A5 : 00;
    63A6 : 00;
    63A7 : 00;
    63A8 : 00;
    63A9 : 00;
    63AA : 00;
    63AB : 00;
    63AC : 00;
    63AD : 00;
    63AE : 00;
    63AF : 00;
    63B0 : 00;
    63B1 : 00;
    63B2 : 00;
    63B3 : 00;
    63B4 : 00;
    63B5 : 00;
    63B6 : 00;
    63B7 : 00;
    63B8 : 00;
    63B9 : 00;
    63BA : 00;
    63BB : 00;
    63BC : 00;
    63BD : 00;
    63BE : 00;
    63BF : 00;
    63C0 : 00;
    63C1 : 00;
    63C2 : 00;
    63C3 : 00;
    63C4 : 00;
    63C5 : 00;
    63C6 : 00;
    63C7 : 00;
    63C8 : 00;
    63C9 : 00;
    63CA : 00;
    63CB : 00;
    63CC : 00;
    63CD : 00;
    63CE : 00;
    63CF : 00;
    63D0 : 00;
    63D1 : 00;
    63D2 : 00;
    63D3 : 00;
    63D4 : 00;
    63D5 : 00;
    63D6 : 00;
    63D7 : 00;
    63D8 : 00;
    63D9 : 00;
    63DA : 00;
    63DB : 00;
    63DC : 00;
    63DD : 00;
    63DE : 00;
    63DF : 00;
    63E0 : 00;
    63E1 : 00;
    63E2 : 00;
    63E3 : 00;
    63E4 : 00;
    63E5 : 00;
    63E6 : 00;
    63E7 : 00;
    63E8 : 00;
    63E9 : 00;
    63EA : 00;
    63EB : 00;
    63EC : 00;
    63ED : 00;
    63EE : 00;
    63EF : 00;
    63F0 : 00;
    63F1 : 00;
    63F2 : 00;
    63F3 : 00;
    63F4 : 00;
    63F5 : 00;
    63F6 : 00;
    63F7 : 00;
    63F8 : 00;
    63F9 : 00;
    63FA : 00;
    63FB : 00;
    63FC : 00;
    63FD : 00;
    63FE : 00;
    63FF : 00;
    6400 : 00;
    6401 : 00;
    6402 : 00;
    6403 : 00;
    6404 : 00;
    6405 : 00;
    6406 : 00;
    6407 : 00;
    6408 : 00;
    6409 : 00;
    640A : 00;
    640B : 00;
    640C : 00;
    640D : 00;
    640E : 00;
    640F : 00;
    6410 : 00;
    6411 : 00;
    6412 : 00;
    6413 : 00;
    6414 : 00;
    6415 : 00;
    6416 : 00;
    6417 : 00;
    6418 : 00;
    6419 : 00;
    641A : 00;
    641B : 00;
    641C : 00;
    641D : 00;
    641E : 00;
    641F : 00;
    6420 : 00;
    6421 : 00;
    6422 : 00;
    6423 : 00;
    6424 : 00;
    6425 : 00;
    6426 : 00;
    6427 : 00;
    6428 : 00;
    6429 : 00;
    642A : 00;
    642B : 00;
    642C : 00;
    642D : 00;
    642E : 00;
    642F : 00;
    6430 : 00;
    6431 : 00;
    6432 : 00;
    6433 : 00;
    6434 : 00;
    6435 : 00;
    6436 : 00;
    6437 : 00;
    6438 : 00;
    6439 : 00;
    643A : 00;
    643B : 00;
    643C : 00;
    643D : 00;
    643E : 00;
    643F : 00;
    6440 : 00;
    6441 : 00;
    6442 : 00;
    6443 : 00;
    6444 : 00;
    6445 : 00;
    6446 : 00;
    6447 : 00;
    6448 : 00;
    6449 : 00;
    644A : 00;
    644B : 00;
    644C : 00;
    644D : 00;
    644E : 00;
    644F : 00;
    6450 : 00;
    6451 : 00;
    6452 : 00;
    6453 : 00;
    6454 : 00;
    6455 : 00;
    6456 : 00;
    6457 : 00;
    6458 : 00;
    6459 : 00;
    645A : 00;
    645B : 00;
    645C : 00;
    645D : 00;
    645E : 00;
    645F : 00;
    6460 : 00;
    6461 : 00;
    6462 : 00;
    6463 : 00;
    6464 : 00;
    6465 : 00;
    6466 : 00;
    6467 : 00;
    6468 : 00;
    6469 : 00;
    646A : 00;
    646B : 00;
    646C : 00;
    646D : 00;
    646E : 00;
    646F : 00;
    6470 : 00;
    6471 : 00;
    6472 : 00;
    6473 : 00;
    6474 : 00;
    6475 : 00;
    6476 : 00;
    6477 : 00;
    6478 : 00;
    6479 : 00;
    647A : 00;
    647B : 00;
    647C : 00;
    647D : 00;
    647E : 00;
    647F : 00;
    6480 : 00;
    6481 : 00;
    6482 : 00;
    6483 : 00;
    6484 : 00;
    6485 : 00;
    6486 : 00;
    6487 : 00;
    6488 : 00;
    6489 : 00;
    648A : 00;
    648B : 00;
    648C : 00;
    648D : 00;
    648E : 00;
    648F : 00;
    6490 : 00;
    6491 : 00;
    6492 : 00;
    6493 : 00;
    6494 : 00;
    6495 : 00;
    6496 : 00;
    6497 : 00;
    6498 : 00;
    6499 : 00;
    649A : 00;
    649B : 00;
    649C : 00;
    649D : 00;
    649E : 00;
    649F : 00;
    64A0 : 00;
    64A1 : 00;
    64A2 : 00;
    64A3 : 00;
    64A4 : 00;
    64A5 : 00;
    64A6 : 00;
    64A7 : 00;
    64A8 : 00;
    64A9 : 00;
    64AA : 00;
    64AB : 00;
    64AC : 00;
    64AD : 00;
    64AE : 00;
    64AF : 00;
    64B0 : 00;
    64B1 : 00;
    64B2 : 00;
    64B3 : 00;
    64B4 : 00;
    64B5 : 00;
    64B6 : 00;
    64B7 : 00;
    64B8 : 00;
    64B9 : 00;
    64BA : 00;
    64BB : 00;
    64BC : 00;
    64BD : 00;
    64BE : 00;
    64BF : 00;
    64C0 : 00;
    64C1 : 00;
    64C2 : 00;
    64C3 : 00;
    64C4 : 00;
    64C5 : 00;
    64C6 : 00;
    64C7 : 00;
    64C8 : 00;
    64C9 : 00;
    64CA : 00;
    64CB : 00;
    64CC : 00;
    64CD : 00;
    64CE : 00;
    64CF : 00;
    64D0 : 00;
    64D1 : 00;
    64D2 : 00;
    64D3 : 00;
    64D4 : 00;
    64D5 : 00;
    64D6 : 00;
    64D7 : 00;
    64D8 : 00;
    64D9 : 00;
    64DA : 00;
    64DB : 00;
    64DC : 00;
    64DD : 00;
    64DE : 00;
    64DF : 00;
    64E0 : 00;
    64E1 : 00;
    64E2 : 00;
    64E3 : 00;
    64E4 : 00;
    64E5 : 00;
    64E6 : 00;
    64E7 : 00;
    64E8 : 00;
    64E9 : 00;
    64EA : 00;
    64EB : 00;
    64EC : 00;
    64ED : 00;
    64EE : 00;
    64EF : 00;
    64F0 : 00;
    64F1 : 00;
    64F2 : 00;
    64F3 : 00;
    64F4 : 00;
    64F5 : 00;
    64F6 : 00;
    64F7 : 00;
    64F8 : 00;
    64F9 : 00;
    64FA : 00;
    64FB : 00;
    64FC : 00;
    64FD : 00;
    64FE : 00;
    64FF : 00;
    6500 : 00;
    6501 : 00;
    6502 : 00;
    6503 : 00;
    6504 : 00;
    6505 : 00;
    6506 : 00;
    6507 : 00;
    6508 : 00;
    6509 : 00;
    650A : 00;
    650B : 00;
    650C : 00;
    650D : 00;
    650E : 00;
    650F : 00;
    6510 : 00;
    6511 : 00;
    6512 : 00;
    6513 : 00;
    6514 : 00;
    6515 : 00;
    6516 : 00;
    6517 : 00;
    6518 : 00;
    6519 : 00;
    651A : 00;
    651B : 00;
    651C : 00;
    651D : 00;
    651E : 00;
    651F : 00;
    6520 : 00;
    6521 : 00;
    6522 : 00;
    6523 : 00;
    6524 : 00;
    6525 : 00;
    6526 : 00;
    6527 : 00;
    6528 : 00;
    6529 : 00;
    652A : 00;
    652B : 00;
    652C : 00;
    652D : 00;
    652E : 00;
    652F : 00;
    6530 : 00;
    6531 : 00;
    6532 : 00;
    6533 : 00;
    6534 : 00;
    6535 : 00;
    6536 : 00;
    6537 : 00;
    6538 : 00;
    6539 : 00;
    653A : 00;
    653B : 00;
    653C : 00;
    653D : 00;
    653E : 00;
    653F : 00;
    6540 : 00;
    6541 : 00;
    6542 : 00;
    6543 : 00;
    6544 : 00;
    6545 : 00;
    6546 : 00;
    6547 : 00;
    6548 : 00;
    6549 : 00;
    654A : 00;
    654B : 00;
    654C : 00;
    654D : 00;
    654E : 00;
    654F : 00;
    6550 : 00;
    6551 : 00;
    6552 : 00;
    6553 : 00;
    6554 : 00;
    6555 : 00;
    6556 : 00;
    6557 : 00;
    6558 : 00;
    6559 : 00;
    655A : 00;
    655B : 00;
    655C : 00;
    655D : 00;
    655E : 00;
    655F : 00;
    6560 : 00;
    6561 : 00;
    6562 : 00;
    6563 : 00;
    6564 : 00;
    6565 : 00;
    6566 : 00;
    6567 : 00;
    6568 : 00;
    6569 : 00;
    656A : 00;
    656B : 00;
    656C : 00;
    656D : 00;
    656E : 00;
    656F : 00;
    6570 : 00;
    6571 : 00;
    6572 : 00;
    6573 : 00;
    6574 : 00;
    6575 : 00;
    6576 : 00;
    6577 : 00;
    6578 : 00;
    6579 : 00;
    657A : 00;
    657B : 00;
    657C : 00;
    657D : 00;
    657E : 00;
    657F : 00;
    6580 : 00;
    6581 : 00;
    6582 : 00;
    6583 : 00;
    6584 : 00;
    6585 : 00;
    6586 : 00;
    6587 : 00;
    6588 : 00;
    6589 : 00;
    658A : 00;
    658B : 00;
    658C : 00;
    658D : 00;
    658E : 00;
    658F : 00;
    6590 : 00;
    6591 : 00;
    6592 : 00;
    6593 : 00;
    6594 : 00;
    6595 : 00;
    6596 : 00;
    6597 : 00;
    6598 : 00;
    6599 : 00;
    659A : 00;
    659B : 00;
    659C : 00;
    659D : 00;
    659E : 00;
    659F : 00;
    65A0 : 00;
    65A1 : 00;
    65A2 : 00;
    65A3 : 00;
    65A4 : 00;
    65A5 : 00;
    65A6 : 00;
    65A7 : 00;
    65A8 : 00;
    65A9 : 00;
    65AA : 00;
    65AB : 00;
    65AC : 00;
    65AD : 00;
    65AE : 00;
    65AF : 00;
    65B0 : 00;
    65B1 : 00;
    65B2 : 00;
    65B3 : 00;
    65B4 : 00;
    65B5 : 00;
    65B6 : 00;
    65B7 : 00;
    65B8 : 00;
    65B9 : 00;
    65BA : 00;
    65BB : 00;
    65BC : 00;
    65BD : 00;
    65BE : 00;
    65BF : 00;
    65C0 : 00;
    65C1 : 00;
    65C2 : 00;
    65C3 : 00;
    65C4 : 00;
    65C5 : 00;
    65C6 : 00;
    65C7 : 00;
    65C8 : 00;
    65C9 : 00;
    65CA : 00;
    65CB : 00;
    65CC : 00;
    65CD : 00;
    65CE : 00;
    65CF : 00;
    65D0 : 00;
    65D1 : 00;
    65D2 : 00;
    65D3 : 00;
    65D4 : 00;
    65D5 : 00;
    65D6 : 00;
    65D7 : 00;
    65D8 : 00;
    65D9 : 00;
    65DA : 00;
    65DB : 00;
    65DC : 00;
    65DD : 00;
    65DE : 00;
    65DF : 00;
    65E0 : 00;
    65E1 : 00;
    65E2 : 00;
    65E3 : 00;
    65E4 : 00;
    65E5 : 00;
    65E6 : 00;
    65E7 : 00;
    65E8 : 00;
    65E9 : 00;
    65EA : 00;
    65EB : 00;
    65EC : 00;
    65ED : 00;
    65EE : 00;
    65EF : 00;
    65F0 : 00;
    65F1 : 00;
    65F2 : 00;
    65F3 : 00;
    65F4 : 00;
    65F5 : 00;
    65F6 : 00;
    65F7 : 00;
    65F8 : 00;
    65F9 : 00;
    65FA : 00;
    65FB : 00;
    65FC : 00;
    65FD : 00;
    65FE : 00;
    65FF : 00;
    6600 : 00;
    6601 : 00;
    6602 : 00;
    6603 : 00;
    6604 : 00;
    6605 : 00;
    6606 : 00;
    6607 : 00;
    6608 : 00;
    6609 : 00;
    660A : 00;
    660B : 00;
    660C : 00;
    660D : 00;
    660E : 00;
    660F : 00;
    6610 : 00;
    6611 : 00;
    6612 : 00;
    6613 : 00;
    6614 : 00;
    6615 : 00;
    6616 : 00;
    6617 : 00;
    6618 : 00;
    6619 : 00;
    661A : 00;
    661B : 00;
    661C : 00;
    661D : 00;
    661E : 00;
    661F : 00;
    6620 : 00;
    6621 : 00;
    6622 : 00;
    6623 : 00;
    6624 : 00;
    6625 : 00;
    6626 : 00;
    6627 : 00;
    6628 : 00;
    6629 : 00;
    662A : 00;
    662B : 00;
    662C : 00;
    662D : 00;
    662E : 00;
    662F : 00;
    6630 : 00;
    6631 : 00;
    6632 : 00;
    6633 : 00;
    6634 : 00;
    6635 : 00;
    6636 : 00;
    6637 : 00;
    6638 : 00;
    6639 : 00;
    663A : 00;
    663B : 00;
    663C : 00;
    663D : 00;
    663E : 00;
    663F : 00;
    6640 : 00;
    6641 : 00;
    6642 : 00;
    6643 : 00;
    6644 : 00;
    6645 : 00;
    6646 : 00;
    6647 : 00;
    6648 : 00;
    6649 : 00;
    664A : 00;
    664B : 00;
    664C : 00;
    664D : 00;
    664E : 00;
    664F : 00;
    6650 : 00;
    6651 : 00;
    6652 : 00;
    6653 : 00;
    6654 : 00;
    6655 : 00;
    6656 : 00;
    6657 : 00;
    6658 : 00;
    6659 : 00;
    665A : 00;
    665B : 00;
    665C : 00;
    665D : 00;
    665E : 00;
    665F : 00;
    6660 : 00;
    6661 : 00;
    6662 : 00;
    6663 : 00;
    6664 : 00;
    6665 : 00;
    6666 : 00;
    6667 : 00;
    6668 : 00;
    6669 : 00;
    666A : 00;
    666B : 00;
    666C : 00;
    666D : 00;
    666E : 00;
    666F : 00;
    6670 : 00;
    6671 : 00;
    6672 : 00;
    6673 : 00;
    6674 : 00;
    6675 : 00;
    6676 : 00;
    6677 : 00;
    6678 : 00;
    6679 : 00;
    667A : 00;
    667B : 00;
    667C : 00;
    667D : 00;
    667E : 00;
    667F : 00;
    6680 : 00;
    6681 : 00;
    6682 : 00;
    6683 : 00;
    6684 : 00;
    6685 : 00;
    6686 : 00;
    6687 : 00;
    6688 : 00;
    6689 : 00;
    668A : 00;
    668B : 00;
    668C : 00;
    668D : 00;
    668E : 00;
    668F : 00;
    6690 : 00;
    6691 : 00;
    6692 : 00;
    6693 : 00;
    6694 : 00;
    6695 : 00;
    6696 : 00;
    6697 : 00;
    6698 : 00;
    6699 : 00;
    669A : 00;
    669B : 00;
    669C : 00;
    669D : 00;
    669E : 00;
    669F : 00;
    66A0 : 00;
    66A1 : 00;
    66A2 : 00;
    66A3 : 00;
    66A4 : 00;
    66A5 : 00;
    66A6 : 00;
    66A7 : 00;
    66A8 : 00;
    66A9 : 00;
    66AA : 00;
    66AB : 00;
    66AC : 00;
    66AD : 00;
    66AE : 00;
    66AF : 00;
    66B0 : 00;
    66B1 : 00;
    66B2 : 00;
    66B3 : 00;
    66B4 : 00;
    66B5 : 00;
    66B6 : 00;
    66B7 : 00;
    66B8 : 00;
    66B9 : 00;
    66BA : 00;
    66BB : 00;
    66BC : 00;
    66BD : 00;
    66BE : 00;
    66BF : 00;
    66C0 : 00;
    66C1 : 00;
    66C2 : 00;
    66C3 : 00;
    66C4 : 00;
    66C5 : 00;
    66C6 : 00;
    66C7 : 00;
    66C8 : 00;
    66C9 : 00;
    66CA : 00;
    66CB : 00;
    66CC : 00;
    66CD : 00;
    66CE : 00;
    66CF : 00;
    66D0 : 00;
    66D1 : 00;
    66D2 : 00;
    66D3 : 00;
    66D4 : 00;
    66D5 : 00;
    66D6 : 00;
    66D7 : 00;
    66D8 : 00;
    66D9 : 00;
    66DA : 00;
    66DB : 00;
    66DC : 00;
    66DD : 00;
    66DE : 00;
    66DF : 00;
    66E0 : 00;
    66E1 : 00;
    66E2 : 00;
    66E3 : 00;
    66E4 : 00;
    66E5 : 00;
    66E6 : 00;
    66E7 : 00;
    66E8 : 00;
    66E9 : 00;
    66EA : 00;
    66EB : 00;
    66EC : 00;
    66ED : 00;
    66EE : 00;
    66EF : 00;
    66F0 : 00;
    66F1 : 00;
    66F2 : 00;
    66F3 : 00;
    66F4 : 00;
    66F5 : 00;
    66F6 : 00;
    66F7 : 00;
    66F8 : 00;
    66F9 : 00;
    66FA : 00;
    66FB : 00;
    66FC : 00;
    66FD : 00;
    66FE : 00;
    66FF : 00;
    6700 : 00;
    6701 : 00;
    6702 : 00;
    6703 : 00;
    6704 : 00;
    6705 : 00;
    6706 : 00;
    6707 : 00;
    6708 : 00;
    6709 : 00;
    670A : 00;
    670B : 00;
    670C : 00;
    670D : 00;
    670E : 00;
    670F : 00;
    6710 : 00;
    6711 : 00;
    6712 : 00;
    6713 : 00;
    6714 : 00;
    6715 : 00;
    6716 : 00;
    6717 : 00;
    6718 : 00;
    6719 : 00;
    671A : 00;
    671B : 00;
    671C : 00;
    671D : 00;
    671E : 00;
    671F : 00;
    6720 : 00;
    6721 : 00;
    6722 : 00;
    6723 : 00;
    6724 : 00;
    6725 : 00;
    6726 : 00;
    6727 : 00;
    6728 : 00;
    6729 : 00;
    672A : 00;
    672B : 00;
    672C : 00;
    672D : 00;
    672E : 00;
    672F : 00;
    6730 : 00;
    6731 : 00;
    6732 : 00;
    6733 : 00;
    6734 : 00;
    6735 : 00;
    6736 : 00;
    6737 : 00;
    6738 : 00;
    6739 : 00;
    673A : 00;
    673B : 00;
    673C : 00;
    673D : 00;
    673E : 00;
    673F : 00;
    6740 : 00;
    6741 : 00;
    6742 : 00;
    6743 : 00;
    6744 : 00;
    6745 : 00;
    6746 : 00;
    6747 : 00;
    6748 : 00;
    6749 : 00;
    674A : 00;
    674B : 00;
    674C : 00;
    674D : 00;
    674E : 00;
    674F : 00;
    6750 : 00;
    6751 : 00;
    6752 : 00;
    6753 : 00;
    6754 : 00;
    6755 : 00;
    6756 : 00;
    6757 : 00;
    6758 : 00;
    6759 : 00;
    675A : 00;
    675B : 00;
    675C : 00;
    675D : 00;
    675E : 00;
    675F : 00;
    6760 : 00;
    6761 : 00;
    6762 : 00;
    6763 : 00;
    6764 : 00;
    6765 : 00;
    6766 : 00;
    6767 : 00;
    6768 : 00;
    6769 : 00;
    676A : 00;
    676B : 00;
    676C : 00;
    676D : 00;
    676E : 00;
    676F : 00;
    6770 : 00;
    6771 : 00;
    6772 : 00;
    6773 : 00;
    6774 : 00;
    6775 : 00;
    6776 : 00;
    6777 : 00;
    6778 : 00;
    6779 : 00;
    677A : 00;
    677B : 00;
    677C : 00;
    677D : 00;
    677E : 00;
    677F : 00;
    6780 : 00;
    6781 : 00;
    6782 : 00;
    6783 : 00;
    6784 : 00;
    6785 : 00;
    6786 : 00;
    6787 : 00;
    6788 : 00;
    6789 : 00;
    678A : 00;
    678B : 00;
    678C : 00;
    678D : 00;
    678E : 00;
    678F : 00;
    6790 : 00;
    6791 : 00;
    6792 : 00;
    6793 : 00;
    6794 : 00;
    6795 : 00;
    6796 : 00;
    6797 : 00;
    6798 : 00;
    6799 : 00;
    679A : 00;
    679B : 00;
    679C : 00;
    679D : 00;
    679E : 00;
    679F : 00;
    67A0 : 00;
    67A1 : 00;
    67A2 : 00;
    67A3 : 00;
    67A4 : 00;
    67A5 : 00;
    67A6 : 00;
    67A7 : 00;
    67A8 : 00;
    67A9 : 00;
    67AA : 00;
    67AB : 00;
    67AC : 00;
    67AD : 00;
    67AE : 00;
    67AF : 00;
    67B0 : 00;
    67B1 : 00;
    67B2 : 00;
    67B3 : 00;
    67B4 : 00;
    67B5 : 00;
    67B6 : 00;
    67B7 : 00;
    67B8 : 00;
    67B9 : 00;
    67BA : 00;
    67BB : 00;
    67BC : 00;
    67BD : 00;
    67BE : 00;
    67BF : 00;
    67C0 : 00;
    67C1 : 00;
    67C2 : 00;
    67C3 : 00;
    67C4 : 00;
    67C5 : 00;
    67C6 : 00;
    67C7 : 00;
    67C8 : 00;
    67C9 : 00;
    67CA : 00;
    67CB : 00;
    67CC : 00;
    67CD : 00;
    67CE : 00;
    67CF : 00;
    67D0 : 00;
    67D1 : 00;
    67D2 : 00;
    67D3 : 00;
    67D4 : 00;
    67D5 : 00;
    67D6 : 00;
    67D7 : 00;
    67D8 : 00;
    67D9 : 00;
    67DA : 00;
    67DB : 00;
    67DC : 00;
    67DD : 00;
    67DE : 00;
    67DF : 00;
    67E0 : 00;
    67E1 : 00;
    67E2 : 00;
    67E3 : 00;
    67E4 : 00;
    67E5 : 00;
    67E6 : 00;
    67E7 : 00;
    67E8 : 00;
    67E9 : 00;
    67EA : 00;
    67EB : 00;
    67EC : 00;
    67ED : 00;
    67EE : 00;
    67EF : 00;
    67F0 : 00;
    67F1 : 00;
    67F2 : 00;
    67F3 : 00;
    67F4 : 00;
    67F5 : 00;
    67F6 : 00;
    67F7 : 00;
    67F8 : 00;
    67F9 : 00;
    67FA : 00;
    67FB : 00;
    67FC : 00;
    67FD : 00;
    67FE : 00;
    67FF : 00;
    6800 : 00;
    6801 : 00;
    6802 : 00;
    6803 : 00;
    6804 : 00;
    6805 : 00;
    6806 : 00;
    6807 : 00;
    6808 : 00;
    6809 : 00;
    680A : 00;
    680B : 00;
    680C : 00;
    680D : 00;
    680E : 00;
    680F : 00;
    6810 : 00;
    6811 : 00;
    6812 : 00;
    6813 : 00;
    6814 : 00;
    6815 : 00;
    6816 : 00;
    6817 : 00;
    6818 : 00;
    6819 : 00;
    681A : 00;
    681B : 00;
    681C : 00;
    681D : 00;
    681E : 00;
    681F : 00;
    6820 : 00;
    6821 : 00;
    6822 : 00;
    6823 : 00;
    6824 : 00;
    6825 : 00;
    6826 : 00;
    6827 : 00;
    6828 : 00;
    6829 : 00;
    682A : 00;
    682B : 00;
    682C : 00;
    682D : 00;
    682E : 00;
    682F : 00;
    6830 : 00;
    6831 : 00;
    6832 : 00;
    6833 : 00;
    6834 : 00;
    6835 : 00;
    6836 : 00;
    6837 : 00;
    6838 : 00;
    6839 : 00;
    683A : 00;
    683B : 00;
    683C : 00;
    683D : 00;
    683E : 00;
    683F : 00;
    6840 : 00;
    6841 : 00;
    6842 : 00;
    6843 : 00;
    6844 : 00;
    6845 : 00;
    6846 : 00;
    6847 : 00;
    6848 : 00;
    6849 : 00;
    684A : 00;
    684B : 00;
    684C : 00;
    684D : 00;
    684E : 00;
    684F : 00;
    6850 : 00;
    6851 : 00;
    6852 : 00;
    6853 : 00;
    6854 : 00;
    6855 : 00;
    6856 : 00;
    6857 : 00;
    6858 : 00;
    6859 : 00;
    685A : 00;
    685B : 00;
    685C : 00;
    685D : 00;
    685E : 00;
    685F : 00;
    6860 : 00;
    6861 : 00;
    6862 : 00;
    6863 : 00;
    6864 : 00;
    6865 : 00;
    6866 : 00;
    6867 : 00;
    6868 : 00;
    6869 : 00;
    686A : 00;
    686B : 00;
    686C : 00;
    686D : 00;
    686E : 00;
    686F : 00;
    6870 : 00;
    6871 : 00;
    6872 : 00;
    6873 : 00;
    6874 : 00;
    6875 : 00;
    6876 : 00;
    6877 : 00;
    6878 : 00;
    6879 : 00;
    687A : 00;
    687B : 00;
    687C : 00;
    687D : 00;
    687E : 00;
    687F : 00;
    6880 : 00;
    6881 : 00;
    6882 : 00;
    6883 : 00;
    6884 : 00;
    6885 : 00;
    6886 : 00;
    6887 : 00;
    6888 : 00;
    6889 : 00;
    688A : 00;
    688B : 00;
    688C : 00;
    688D : 00;
    688E : 00;
    688F : 00;
    6890 : 00;
    6891 : 00;
    6892 : 00;
    6893 : 00;
    6894 : 00;
    6895 : 00;
    6896 : 00;
    6897 : 00;
    6898 : 00;
    6899 : 00;
    689A : 00;
    689B : 00;
    689C : 00;
    689D : 00;
    689E : 00;
    689F : 00;
    68A0 : 00;
    68A1 : 00;
    68A2 : 00;
    68A3 : 00;
    68A4 : 00;
    68A5 : 00;
    68A6 : 00;
    68A7 : 00;
    68A8 : 00;
    68A9 : 00;
    68AA : 00;
    68AB : 00;
    68AC : 00;
    68AD : 00;
    68AE : 00;
    68AF : 00;
    68B0 : 00;
    68B1 : 00;
    68B2 : 00;
    68B3 : 00;
    68B4 : 00;
    68B5 : 00;
    68B6 : 00;
    68B7 : 00;
    68B8 : 00;
    68B9 : 00;
    68BA : 00;
    68BB : 00;
    68BC : 00;
    68BD : 00;
    68BE : 00;
    68BF : 00;
    68C0 : 00;
    68C1 : 00;
    68C2 : 00;
    68C3 : 00;
    68C4 : 00;
    68C5 : 00;
    68C6 : 00;
    68C7 : 00;
    68C8 : 00;
    68C9 : 00;
    68CA : 00;
    68CB : 00;
    68CC : 00;
    68CD : 00;
    68CE : 00;
    68CF : 00;
    68D0 : 00;
    68D1 : 00;
    68D2 : 00;
    68D3 : 00;
    68D4 : 00;
    68D5 : 00;
    68D6 : 00;
    68D7 : 00;
    68D8 : 00;
    68D9 : 00;
    68DA : 00;
    68DB : 00;
    68DC : 00;
    68DD : 00;
    68DE : 00;
    68DF : 00;
    68E0 : 00;
    68E1 : 00;
    68E2 : 00;
    68E3 : 00;
    68E4 : 00;
    68E5 : 00;
    68E6 : 00;
    68E7 : 00;
    68E8 : 00;
    68E9 : 00;
    68EA : 00;
    68EB : 00;
    68EC : 00;
    68ED : 00;
    68EE : 00;
    68EF : 00;
    68F0 : 00;
    68F1 : 00;
    68F2 : 00;
    68F3 : 00;
    68F4 : 00;
    68F5 : 00;
    68F6 : 00;
    68F7 : 00;
    68F8 : 00;
    68F9 : 00;
    68FA : 00;
    68FB : 00;
    68FC : 00;
    68FD : 00;
    68FE : 00;
    68FF : 00;
    6900 : 00;
    6901 : 00;
    6902 : 00;
    6903 : 00;
    6904 : 00;
    6905 : 00;
    6906 : 00;
    6907 : 00;
    6908 : 00;
    6909 : 00;
    690A : 00;
    690B : 00;
    690C : 00;
    690D : 00;
    690E : 00;
    690F : 00;
    6910 : 00;
    6911 : 00;
    6912 : 00;
    6913 : 00;
    6914 : 00;
    6915 : 00;
    6916 : 00;
    6917 : 00;
    6918 : 00;
    6919 : 00;
    691A : 00;
    691B : 00;
    691C : 00;
    691D : 00;
    691E : 00;
    691F : 00;
    6920 : 00;
    6921 : 00;
    6922 : 00;
    6923 : 00;
    6924 : 00;
    6925 : 00;
    6926 : 00;
    6927 : 00;
    6928 : 00;
    6929 : 00;
    692A : 00;
    692B : 00;
    692C : 00;
    692D : 00;
    692E : 00;
    692F : 00;
    6930 : 00;
    6931 : 00;
    6932 : 00;
    6933 : 00;
    6934 : 00;
    6935 : 00;
    6936 : 00;
    6937 : 00;
    6938 : 00;
    6939 : 00;
    693A : 00;
    693B : 00;
    693C : 00;
    693D : 00;
    693E : 00;
    693F : 00;
    6940 : 00;
    6941 : 00;
    6942 : 00;
    6943 : 00;
    6944 : 00;
    6945 : 00;
    6946 : 00;
    6947 : 00;
    6948 : 00;
    6949 : 00;
    694A : 00;
    694B : 00;
    694C : 00;
    694D : 00;
    694E : 00;
    694F : 00;
    6950 : 00;
    6951 : 00;
    6952 : 00;
    6953 : 00;
    6954 : 00;
    6955 : 00;
    6956 : 00;
    6957 : 00;
    6958 : 00;
    6959 : 00;
    695A : 00;
    695B : 00;
    695C : 00;
    695D : 00;
    695E : 00;
    695F : 00;
    6960 : 00;
    6961 : 00;
    6962 : 00;
    6963 : 00;
    6964 : 00;
    6965 : 00;
    6966 : 00;
    6967 : 00;
    6968 : 00;
    6969 : 00;
    696A : 00;
    696B : 00;
    696C : 00;
    696D : 00;
    696E : 00;
    696F : 00;
    6970 : 00;
    6971 : 00;
    6972 : 00;
    6973 : 00;
    6974 : 00;
    6975 : 00;
    6976 : 00;
    6977 : 00;
    6978 : 00;
    6979 : 00;
    697A : 00;
    697B : 00;
    697C : 00;
    697D : 00;
    697E : 00;
    697F : 00;
    6980 : 00;
    6981 : 00;
    6982 : 00;
    6983 : 00;
    6984 : 00;
    6985 : 00;
    6986 : 00;
    6987 : 00;
    6988 : 00;
    6989 : 00;
    698A : 00;
    698B : 00;
    698C : 00;
    698D : 00;
    698E : 00;
    698F : 00;
    6990 : 00;
    6991 : 00;
    6992 : 00;
    6993 : 00;
    6994 : 00;
    6995 : 00;
    6996 : 00;
    6997 : 00;
    6998 : 00;
    6999 : 00;
    699A : 00;
    699B : 00;
    699C : 00;
    699D : 00;
    699E : 00;
    699F : 00;
    69A0 : 00;
    69A1 : 00;
    69A2 : 00;
    69A3 : 00;
    69A4 : 00;
    69A5 : 00;
    69A6 : 00;
    69A7 : 00;
    69A8 : 00;
    69A9 : 00;
    69AA : 00;
    69AB : 00;
    69AC : 00;
    69AD : 00;
    69AE : 00;
    69AF : 00;
    69B0 : 00;
    69B1 : 00;
    69B2 : 00;
    69B3 : 00;
    69B4 : 00;
    69B5 : 00;
    69B6 : 00;
    69B7 : 00;
    69B8 : 00;
    69B9 : 00;
    69BA : 00;
    69BB : 00;
    69BC : 00;
    69BD : 00;
    69BE : 00;
    69BF : 00;
    69C0 : 00;
    69C1 : 00;
    69C2 : 00;
    69C3 : 00;
    69C4 : 00;
    69C5 : 00;
    69C6 : 00;
    69C7 : 00;
    69C8 : 00;
    69C9 : 00;
    69CA : 00;
    69CB : 00;
    69CC : 00;
    69CD : 00;
    69CE : 00;
    69CF : 00;
    69D0 : 00;
    69D1 : 00;
    69D2 : 00;
    69D3 : 00;
    69D4 : 00;
    69D5 : 00;
    69D6 : 00;
    69D7 : 00;
    69D8 : 00;
    69D9 : 00;
    69DA : 00;
    69DB : 00;
    69DC : 00;
    69DD : 00;
    69DE : 00;
    69DF : 00;
    69E0 : 00;
    69E1 : 00;
    69E2 : 00;
    69E3 : 00;
    69E4 : 00;
    69E5 : 00;
    69E6 : 00;
    69E7 : 00;
    69E8 : 00;
    69E9 : 00;
    69EA : 00;
    69EB : 00;
    69EC : 00;
    69ED : 00;
    69EE : 00;
    69EF : 00;
    69F0 : 00;
    69F1 : 00;
    69F2 : 00;
    69F3 : 00;
    69F4 : 00;
    69F5 : 00;
    69F6 : 00;
    69F7 : 00;
    69F8 : 00;
    69F9 : 00;
    69FA : 00;
    69FB : 00;
    69FC : 00;
    69FD : 00;
    69FE : 00;
    69FF : 00;
    6A00 : 00;
    6A01 : 00;
    6A02 : 00;
    6A03 : 00;
    6A04 : 00;
    6A05 : 00;
    6A06 : 00;
    6A07 : 00;
    6A08 : 00;
    6A09 : 00;
    6A0A : 00;
    6A0B : 00;
    6A0C : 00;
    6A0D : 00;
    6A0E : 00;
    6A0F : 00;
    6A10 : 00;
    6A11 : 00;
    6A12 : 00;
    6A13 : 00;
    6A14 : 00;
    6A15 : 00;
    6A16 : 00;
    6A17 : 00;
    6A18 : 00;
    6A19 : 00;
    6A1A : 00;
    6A1B : 00;
    6A1C : 00;
    6A1D : 00;
    6A1E : 00;
    6A1F : 00;
    6A20 : 00;
    6A21 : 00;
    6A22 : 00;
    6A23 : 00;
    6A24 : 00;
    6A25 : 00;
    6A26 : 00;
    6A27 : 00;
    6A28 : 00;
    6A29 : 00;
    6A2A : 00;
    6A2B : 00;
    6A2C : 00;
    6A2D : 00;
    6A2E : 00;
    6A2F : 00;
    6A30 : 00;
    6A31 : 00;
    6A32 : 00;
    6A33 : 00;
    6A34 : 00;
    6A35 : 00;
    6A36 : 00;
    6A37 : 00;
    6A38 : 00;
    6A39 : 00;
    6A3A : 00;
    6A3B : 00;
    6A3C : 00;
    6A3D : 00;
    6A3E : 00;
    6A3F : 00;
    6A40 : 00;
    6A41 : 00;
    6A42 : 00;
    6A43 : 00;
    6A44 : 00;
    6A45 : 00;
    6A46 : 00;
    6A47 : 00;
    6A48 : 00;
    6A49 : 00;
    6A4A : 00;
    6A4B : 00;
    6A4C : 00;
    6A4D : 00;
    6A4E : 00;
    6A4F : 00;
    6A50 : 00;
    6A51 : 00;
    6A52 : 00;
    6A53 : 00;
    6A54 : 00;
    6A55 : 00;
    6A56 : 00;
    6A57 : 00;
    6A58 : 00;
    6A59 : 00;
    6A5A : 00;
    6A5B : 00;
    6A5C : 00;
    6A5D : 00;
    6A5E : 00;
    6A5F : 00;
    6A60 : 00;
    6A61 : 00;
    6A62 : 00;
    6A63 : 00;
    6A64 : 00;
    6A65 : 00;
    6A66 : 00;
    6A67 : 00;
    6A68 : 00;
    6A69 : 00;
    6A6A : 00;
    6A6B : 00;
    6A6C : 00;
    6A6D : 00;
    6A6E : 00;
    6A6F : 00;
    6A70 : 00;
    6A71 : 00;
    6A72 : 00;
    6A73 : 00;
    6A74 : 00;
    6A75 : 00;
    6A76 : 00;
    6A77 : 00;
    6A78 : 00;
    6A79 : 00;
    6A7A : 00;
    6A7B : 00;
    6A7C : 00;
    6A7D : 00;
    6A7E : 00;
    6A7F : 00;
    6A80 : 00;
    6A81 : 00;
    6A82 : 00;
    6A83 : 00;
    6A84 : 00;
    6A85 : 00;
    6A86 : 00;
    6A87 : 00;
    6A88 : 00;
    6A89 : 00;
    6A8A : 00;
    6A8B : 00;
    6A8C : 00;
    6A8D : 00;
    6A8E : 00;
    6A8F : 00;
    6A90 : 00;
    6A91 : 00;
    6A92 : 00;
    6A93 : 00;
    6A94 : 00;
    6A95 : 00;
    6A96 : 00;
    6A97 : 00;
    6A98 : 00;
    6A99 : 00;
    6A9A : 00;
    6A9B : 00;
    6A9C : 00;
    6A9D : 00;
    6A9E : 00;
    6A9F : 00;
    6AA0 : 00;
    6AA1 : 00;
    6AA2 : 00;
    6AA3 : 00;
    6AA4 : 00;
    6AA5 : 00;
    6AA6 : 00;
    6AA7 : 00;
    6AA8 : 00;
    6AA9 : 00;
    6AAA : 00;
    6AAB : 00;
    6AAC : 00;
    6AAD : 00;
    6AAE : 00;
    6AAF : 00;
    6AB0 : 00;
    6AB1 : 00;
    6AB2 : 00;
    6AB3 : 00;
    6AB4 : 00;
    6AB5 : 00;
    6AB6 : 00;
    6AB7 : 00;
    6AB8 : 00;
    6AB9 : 00;
    6ABA : 00;
    6ABB : 00;
    6ABC : 00;
    6ABD : 00;
    6ABE : 00;
    6ABF : 00;
    6AC0 : 00;
    6AC1 : 00;
    6AC2 : 00;
    6AC3 : 00;
    6AC4 : 00;
    6AC5 : 00;
    6AC6 : 00;
    6AC7 : 00;
    6AC8 : 00;
    6AC9 : 00;
    6ACA : 00;
    6ACB : 00;
    6ACC : 00;
    6ACD : 00;
    6ACE : 00;
    6ACF : 00;
    6AD0 : 00;
    6AD1 : 00;
    6AD2 : 00;
    6AD3 : 00;
    6AD4 : 00;
    6AD5 : 00;
    6AD6 : 00;
    6AD7 : 00;
    6AD8 : 00;
    6AD9 : 00;
    6ADA : 00;
    6ADB : 00;
    6ADC : 00;
    6ADD : 00;
    6ADE : 00;
    6ADF : 00;
    6AE0 : 00;
    6AE1 : 00;
    6AE2 : 00;
    6AE3 : 00;
    6AE4 : 00;
    6AE5 : 00;
    6AE6 : 00;
    6AE7 : 00;
    6AE8 : 00;
    6AE9 : 00;
    6AEA : 00;
    6AEB : 00;
    6AEC : 00;
    6AED : 00;
    6AEE : 00;
    6AEF : 00;
    6AF0 : 00;
    6AF1 : 00;
    6AF2 : 00;
    6AF3 : 00;
    6AF4 : 00;
    6AF5 : 00;
    6AF6 : 00;
    6AF7 : 00;
    6AF8 : 00;
    6AF9 : 00;
    6AFA : 00;
    6AFB : 00;
    6AFC : 00;
    6AFD : 00;
    6AFE : 00;
    6AFF : 00;
    6B00 : 00;
    6B01 : 00;
    6B02 : 00;
    6B03 : 00;
    6B04 : 00;
    6B05 : 00;
    6B06 : 00;
    6B07 : 00;
    6B08 : 00;
    6B09 : 00;
    6B0A : 00;
    6B0B : 00;
    6B0C : 00;
    6B0D : 00;
    6B0E : 00;
    6B0F : 00;
    6B10 : 00;
    6B11 : 00;
    6B12 : 00;
    6B13 : 00;
    6B14 : 00;
    6B15 : 00;
    6B16 : 00;
    6B17 : 00;
    6B18 : 00;
    6B19 : 00;
    6B1A : 00;
    6B1B : 00;
    6B1C : 00;
    6B1D : 00;
    6B1E : 00;
    6B1F : 00;
    6B20 : 00;
    6B21 : 00;
    6B22 : 00;
    6B23 : 00;
    6B24 : 00;
    6B25 : 00;
    6B26 : 00;
    6B27 : 00;
    6B28 : 00;
    6B29 : 00;
    6B2A : 00;
    6B2B : 00;
    6B2C : 00;
    6B2D : 00;
    6B2E : 00;
    6B2F : 00;
    6B30 : 00;
    6B31 : 00;
    6B32 : 00;
    6B33 : 00;
    6B34 : 00;
    6B35 : 00;
    6B36 : 00;
    6B37 : 00;
    6B38 : 00;
    6B39 : 00;
    6B3A : 00;
    6B3B : 00;
    6B3C : 00;
    6B3D : 00;
    6B3E : 00;
    6B3F : 00;
    6B40 : 00;
    6B41 : 00;
    6B42 : 00;
    6B43 : 00;
    6B44 : 00;
    6B45 : 00;
    6B46 : 00;
    6B47 : 00;
    6B48 : 00;
    6B49 : 00;
    6B4A : 00;
    6B4B : 00;
    6B4C : 00;
    6B4D : 00;
    6B4E : 00;
    6B4F : 00;
    6B50 : 00;
    6B51 : 00;
    6B52 : 00;
    6B53 : 00;
    6B54 : 00;
    6B55 : 00;
    6B56 : 00;
    6B57 : 00;
    6B58 : 00;
    6B59 : 00;
    6B5A : 00;
    6B5B : 00;
    6B5C : 00;
    6B5D : 00;
    6B5E : 00;
    6B5F : 00;
    6B60 : 00;
    6B61 : 00;
    6B62 : 00;
    6B63 : 00;
    6B64 : 00;
    6B65 : 00;
    6B66 : 00;
    6B67 : 00;
    6B68 : 00;
    6B69 : 00;
    6B6A : 00;
    6B6B : 00;
    6B6C : 00;
    6B6D : 00;
    6B6E : 00;
    6B6F : 00;
    6B70 : 00;
    6B71 : 00;
    6B72 : 00;
    6B73 : 00;
    6B74 : 00;
    6B75 : 00;
    6B76 : 00;
    6B77 : 00;
    6B78 : 00;
    6B79 : 00;
    6B7A : 00;
    6B7B : 00;
    6B7C : 00;
    6B7D : 00;
    6B7E : 00;
    6B7F : 00;
    6B80 : 00;
    6B81 : 00;
    6B82 : 00;
    6B83 : 00;
    6B84 : 00;
    6B85 : 00;
    6B86 : 00;
    6B87 : 00;
    6B88 : 00;
    6B89 : 00;
    6B8A : 00;
    6B8B : 00;
    6B8C : 00;
    6B8D : 00;
    6B8E : 00;
    6B8F : 00;
    6B90 : 00;
    6B91 : 00;
    6B92 : 00;
    6B93 : 00;
    6B94 : 00;
    6B95 : 00;
    6B96 : 00;
    6B97 : 00;
    6B98 : 00;
    6B99 : 00;
    6B9A : 00;
    6B9B : 00;
    6B9C : 00;
    6B9D : 00;
    6B9E : 00;
    6B9F : 00;
    6BA0 : 00;
    6BA1 : 00;
    6BA2 : 00;
    6BA3 : 00;
    6BA4 : 00;
    6BA5 : 00;
    6BA6 : 00;
    6BA7 : 00;
    6BA8 : 00;
    6BA9 : 00;
    6BAA : 00;
    6BAB : 00;
    6BAC : 00;
    6BAD : 00;
    6BAE : 00;
    6BAF : 00;
    6BB0 : 00;
    6BB1 : 00;
    6BB2 : 00;
    6BB3 : 00;
    6BB4 : 00;
    6BB5 : 00;
    6BB6 : 00;
    6BB7 : 00;
    6BB8 : 00;
    6BB9 : 00;
    6BBA : 00;
    6BBB : 00;
    6BBC : 00;
    6BBD : 00;
    6BBE : 00;
    6BBF : 00;
    6BC0 : 00;
    6BC1 : 00;
    6BC2 : 00;
    6BC3 : 00;
    6BC4 : 00;
    6BC5 : 00;
    6BC6 : 00;
    6BC7 : 00;
    6BC8 : 00;
    6BC9 : 00;
    6BCA : 00;
    6BCB : 00;
    6BCC : 00;
    6BCD : 00;
    6BCE : 00;
    6BCF : 00;
    6BD0 : 00;
    6BD1 : 00;
    6BD2 : 00;
    6BD3 : 00;
    6BD4 : 00;
    6BD5 : 00;
    6BD6 : 00;
    6BD7 : 00;
    6BD8 : 00;
    6BD9 : 00;
    6BDA : 00;
    6BDB : 00;
    6BDC : 00;
    6BDD : 00;
    6BDE : 00;
    6BDF : 00;
    6BE0 : 00;
    6BE1 : 00;
    6BE2 : 00;
    6BE3 : 00;
    6BE4 : 00;
    6BE5 : 00;
    6BE6 : 00;
    6BE7 : 00;
    6BE8 : 00;
    6BE9 : 00;
    6BEA : 00;
    6BEB : 00;
    6BEC : 00;
    6BED : 00;
    6BEE : 00;
    6BEF : 00;
    6BF0 : 00;
    6BF1 : 00;
    6BF2 : 00;
    6BF3 : 00;
    6BF4 : 00;
    6BF5 : 00;
    6BF6 : 00;
    6BF7 : 00;
    6BF8 : 00;
    6BF9 : 00;
    6BFA : 00;
    6BFB : 00;
    6BFC : 00;
    6BFD : 00;
    6BFE : 00;
    6BFF : 00;
    6C00 : 00;
    6C01 : 00;
    6C02 : 00;
    6C03 : 00;
    6C04 : 00;
    6C05 : 00;
    6C06 : 00;
    6C07 : 00;
    6C08 : 00;
    6C09 : 00;
    6C0A : 00;
    6C0B : 00;
    6C0C : 00;
    6C0D : 00;
    6C0E : 00;
    6C0F : 00;
    6C10 : 00;
    6C11 : 00;
    6C12 : 00;
    6C13 : 00;
    6C14 : 00;
    6C15 : 00;
    6C16 : 00;
    6C17 : 00;
    6C18 : 00;
    6C19 : 00;
    6C1A : 00;
    6C1B : 00;
    6C1C : 00;
    6C1D : 00;
    6C1E : 00;
    6C1F : 00;
    6C20 : 00;
    6C21 : 00;
    6C22 : 00;
    6C23 : 00;
    6C24 : 00;
    6C25 : 00;
    6C26 : 00;
    6C27 : 00;
    6C28 : 00;
    6C29 : 00;
    6C2A : 00;
    6C2B : 00;
    6C2C : 00;
    6C2D : 00;
    6C2E : 00;
    6C2F : 00;
    6C30 : 00;
    6C31 : 00;
    6C32 : 00;
    6C33 : 00;
    6C34 : 00;
    6C35 : 00;
    6C36 : 00;
    6C37 : 00;
    6C38 : 00;
    6C39 : 00;
    6C3A : 00;
    6C3B : 00;
    6C3C : 00;
    6C3D : 00;
    6C3E : 00;
    6C3F : 00;
    6C40 : 00;
    6C41 : 00;
    6C42 : 00;
    6C43 : 00;
    6C44 : 00;
    6C45 : 00;
    6C46 : 00;
    6C47 : 00;
    6C48 : 00;
    6C49 : 00;
    6C4A : 00;
    6C4B : 00;
    6C4C : 00;
    6C4D : 00;
    6C4E : 00;
    6C4F : 00;
    6C50 : 00;
    6C51 : 00;
    6C52 : 00;
    6C53 : 00;
    6C54 : 00;
    6C55 : 00;
    6C56 : 00;
    6C57 : 00;
    6C58 : 00;
    6C59 : 00;
    6C5A : 00;
    6C5B : 00;
    6C5C : 00;
    6C5D : 00;
    6C5E : 00;
    6C5F : 00;
    6C60 : 00;
    6C61 : 00;
    6C62 : 00;
    6C63 : 00;
    6C64 : 00;
    6C65 : 00;
    6C66 : 00;
    6C67 : 00;
    6C68 : 00;
    6C69 : 00;
    6C6A : 00;
    6C6B : 00;
    6C6C : 00;
    6C6D : 00;
    6C6E : 00;
    6C6F : 00;
    6C70 : 00;
    6C71 : 00;
    6C72 : 00;
    6C73 : 00;
    6C74 : 00;
    6C75 : 00;
    6C76 : 00;
    6C77 : 00;
    6C78 : 00;
    6C79 : 00;
    6C7A : 00;
    6C7B : 00;
    6C7C : 00;
    6C7D : 00;
    6C7E : 00;
    6C7F : 00;
    6C80 : 00;
    6C81 : 00;
    6C82 : 00;
    6C83 : 00;
    6C84 : 00;
    6C85 : 00;
    6C86 : 00;
    6C87 : 00;
    6C88 : 00;
    6C89 : 00;
    6C8A : 00;
    6C8B : 00;
    6C8C : 00;
    6C8D : 00;
    6C8E : 00;
    6C8F : 00;
    6C90 : 00;
    6C91 : 00;
    6C92 : 00;
    6C93 : 00;
    6C94 : 00;
    6C95 : 00;
    6C96 : 00;
    6C97 : 00;
    6C98 : 00;
    6C99 : 00;
    6C9A : 00;
    6C9B : 00;
    6C9C : 00;
    6C9D : 00;
    6C9E : 00;
    6C9F : 00;
    6CA0 : 00;
    6CA1 : 00;
    6CA2 : 00;
    6CA3 : 00;
    6CA4 : 00;
    6CA5 : 00;
    6CA6 : 00;
    6CA7 : 00;
    6CA8 : 00;
    6CA9 : 00;
    6CAA : 00;
    6CAB : 00;
    6CAC : 00;
    6CAD : 00;
    6CAE : 00;
    6CAF : 00;
    6CB0 : 00;
    6CB1 : 00;
    6CB2 : 00;
    6CB3 : 00;
    6CB4 : 00;
    6CB5 : 00;
    6CB6 : 00;
    6CB7 : 00;
    6CB8 : 00;
    6CB9 : 00;
    6CBA : 00;
    6CBB : 00;
    6CBC : 00;
    6CBD : 00;
    6CBE : 00;
    6CBF : 00;
    6CC0 : 00;
    6CC1 : 00;
    6CC2 : 00;
    6CC3 : 00;
    6CC4 : 00;
    6CC5 : 00;
    6CC6 : 00;
    6CC7 : 00;
    6CC8 : 00;
    6CC9 : 00;
    6CCA : 00;
    6CCB : 00;
    6CCC : 00;
    6CCD : 00;
    6CCE : 00;
    6CCF : 00;
    6CD0 : 00;
    6CD1 : 00;
    6CD2 : 00;
    6CD3 : 00;
    6CD4 : 00;
    6CD5 : 00;
    6CD6 : 00;
    6CD7 : 00;
    6CD8 : 00;
    6CD9 : 00;
    6CDA : 00;
    6CDB : 00;
    6CDC : 00;
    6CDD : 00;
    6CDE : 00;
    6CDF : 00;
    6CE0 : 00;
    6CE1 : 00;
    6CE2 : 00;
    6CE3 : 00;
    6CE4 : 00;
    6CE5 : 00;
    6CE6 : 00;
    6CE7 : 00;
    6CE8 : 00;
    6CE9 : 00;
    6CEA : 00;
    6CEB : 00;
    6CEC : 00;
    6CED : 00;
    6CEE : 00;
    6CEF : 00;
    6CF0 : 00;
    6CF1 : 00;
    6CF2 : 00;
    6CF3 : 00;
    6CF4 : 00;
    6CF5 : 00;
    6CF6 : 00;
    6CF7 : 00;
    6CF8 : 00;
    6CF9 : 00;
    6CFA : 00;
    6CFB : 00;
    6CFC : 00;
    6CFD : 00;
    6CFE : 00;
    6CFF : 00;
    6D00 : 00;
    6D01 : 00;
    6D02 : 00;
    6D03 : 00;
    6D04 : 00;
    6D05 : 00;
    6D06 : 00;
    6D07 : 00;
    6D08 : 00;
    6D09 : 00;
    6D0A : 00;
    6D0B : 00;
    6D0C : 00;
    6D0D : 00;
    6D0E : 00;
    6D0F : 00;
    6D10 : 00;
    6D11 : 00;
    6D12 : 00;
    6D13 : 00;
    6D14 : 00;
    6D15 : 00;
    6D16 : 00;
    6D17 : 00;
    6D18 : 00;
    6D19 : 00;
    6D1A : 00;
    6D1B : 00;
    6D1C : 00;
    6D1D : 00;
    6D1E : 00;
    6D1F : 00;
    6D20 : 00;
    6D21 : 00;
    6D22 : 00;
    6D23 : 00;
    6D24 : 00;
    6D25 : 00;
    6D26 : 00;
    6D27 : 00;
    6D28 : 00;
    6D29 : 00;
    6D2A : 00;
    6D2B : 00;
    6D2C : 00;
    6D2D : 00;
    6D2E : 00;
    6D2F : 00;
    6D30 : 00;
    6D31 : 00;
    6D32 : 00;
    6D33 : 00;
    6D34 : 00;
    6D35 : 00;
    6D36 : 00;
    6D37 : 00;
    6D38 : 00;
    6D39 : 00;
    6D3A : 00;
    6D3B : 00;
    6D3C : 00;
    6D3D : 00;
    6D3E : 00;
    6D3F : 00;
    6D40 : 00;
    6D41 : 00;
    6D42 : 00;
    6D43 : 00;
    6D44 : 00;
    6D45 : 00;
    6D46 : 00;
    6D47 : 00;
    6D48 : 00;
    6D49 : 00;
    6D4A : 00;
    6D4B : 00;
    6D4C : 00;
    6D4D : 00;
    6D4E : 00;
    6D4F : 00;
    6D50 : 00;
    6D51 : 00;
    6D52 : 00;
    6D53 : 00;
    6D54 : 00;
    6D55 : 00;
    6D56 : 00;
    6D57 : 00;
    6D58 : 00;
    6D59 : 00;
    6D5A : 00;
    6D5B : 00;
    6D5C : 00;
    6D5D : 00;
    6D5E : 00;
    6D5F : 00;
    6D60 : 00;
    6D61 : 00;
    6D62 : 00;
    6D63 : 00;
    6D64 : 00;
    6D65 : 00;
    6D66 : 00;
    6D67 : 00;
    6D68 : 00;
    6D69 : 00;
    6D6A : 00;
    6D6B : 00;
    6D6C : 00;
    6D6D : 00;
    6D6E : 00;
    6D6F : 00;
    6D70 : 00;
    6D71 : 00;
    6D72 : 00;
    6D73 : 00;
    6D74 : 00;
    6D75 : 00;
    6D76 : 00;
    6D77 : 00;
    6D78 : 00;
    6D79 : 00;
    6D7A : 00;
    6D7B : 00;
    6D7C : 00;
    6D7D : 00;
    6D7E : 00;
    6D7F : 00;
    6D80 : 00;
    6D81 : 00;
    6D82 : 00;
    6D83 : 00;
    6D84 : 00;
    6D85 : 00;
    6D86 : 00;
    6D87 : 00;
    6D88 : 00;
    6D89 : 00;
    6D8A : 00;
    6D8B : 00;
    6D8C : 00;
    6D8D : 00;
    6D8E : 00;
    6D8F : 00;
    6D90 : 00;
    6D91 : 00;
    6D92 : 00;
    6D93 : 00;
    6D94 : 00;
    6D95 : 00;
    6D96 : 00;
    6D97 : 00;
    6D98 : 00;
    6D99 : 00;
    6D9A : 00;
    6D9B : 00;
    6D9C : 00;
    6D9D : 00;
    6D9E : 00;
    6D9F : 00;
    6DA0 : 00;
    6DA1 : 00;
    6DA2 : 00;
    6DA3 : 00;
    6DA4 : 00;
    6DA5 : 00;
    6DA6 : 00;
    6DA7 : 00;
    6DA8 : 00;
    6DA9 : 00;
    6DAA : 00;
    6DAB : 00;
    6DAC : 00;
    6DAD : 00;
    6DAE : 00;
    6DAF : 00;
    6DB0 : 00;
    6DB1 : 00;
    6DB2 : 00;
    6DB3 : 00;
    6DB4 : 00;
    6DB5 : 00;
    6DB6 : 00;
    6DB7 : 00;
    6DB8 : 00;
    6DB9 : 00;
    6DBA : 00;
    6DBB : 00;
    6DBC : 00;
    6DBD : 00;
    6DBE : 00;
    6DBF : 00;
    6DC0 : 00;
    6DC1 : 00;
    6DC2 : 00;
    6DC3 : 00;
    6DC4 : 00;
    6DC5 : 00;
    6DC6 : 00;
    6DC7 : 00;
    6DC8 : 00;
    6DC9 : 00;
    6DCA : 00;
    6DCB : 00;
    6DCC : 00;
    6DCD : 00;
    6DCE : 00;
    6DCF : 00;
    6DD0 : 00;
    6DD1 : 00;
    6DD2 : 00;
    6DD3 : 00;
    6DD4 : 00;
    6DD5 : 00;
    6DD6 : 00;
    6DD7 : 00;
    6DD8 : 00;
    6DD9 : 00;
    6DDA : 00;
    6DDB : 00;
    6DDC : 00;
    6DDD : 00;
    6DDE : 00;
    6DDF : 00;
    6DE0 : 00;
    6DE1 : 00;
    6DE2 : 00;
    6DE3 : 00;
    6DE4 : 00;
    6DE5 : 00;
    6DE6 : 00;
    6DE7 : 00;
    6DE8 : 00;
    6DE9 : 00;
    6DEA : 00;
    6DEB : 00;
    6DEC : 00;
    6DED : 00;
    6DEE : 00;
    6DEF : 00;
    6DF0 : 00;
    6DF1 : 00;
    6DF2 : 00;
    6DF3 : 00;
    6DF4 : 00;
    6DF5 : 00;
    6DF6 : 00;
    6DF7 : 00;
    6DF8 : 00;
    6DF9 : 00;
    6DFA : 00;
    6DFB : 00;
    6DFC : 00;
    6DFD : 00;
    6DFE : 00;
    6DFF : 00;
    6E00 : 00;
    6E01 : 00;
    6E02 : 00;
    6E03 : 00;
    6E04 : 00;
    6E05 : 00;
    6E06 : 00;
    6E07 : 00;
    6E08 : 00;
    6E09 : 00;
    6E0A : 00;
    6E0B : 00;
    6E0C : 00;
    6E0D : 00;
    6E0E : 00;
    6E0F : 00;
    6E10 : 00;
    6E11 : 00;
    6E12 : 00;
    6E13 : 00;
    6E14 : 00;
    6E15 : 00;
    6E16 : 00;
    6E17 : 00;
    6E18 : 00;
    6E19 : 00;
    6E1A : 00;
    6E1B : 00;
    6E1C : 00;
    6E1D : 00;
    6E1E : 00;
    6E1F : 00;
    6E20 : 00;
    6E21 : 00;
    6E22 : 00;
    6E23 : 00;
    6E24 : 00;
    6E25 : 00;
    6E26 : 00;
    6E27 : 00;
    6E28 : 00;
    6E29 : 00;
    6E2A : 00;
    6E2B : 00;
    6E2C : 00;
    6E2D : 00;
    6E2E : 00;
    6E2F : 00;
    6E30 : 00;
    6E31 : 00;
    6E32 : 00;
    6E33 : 00;
    6E34 : 00;
    6E35 : 00;
    6E36 : 00;
    6E37 : 00;
    6E38 : 00;
    6E39 : 00;
    6E3A : 00;
    6E3B : 00;
    6E3C : 00;
    6E3D : 00;
    6E3E : 00;
    6E3F : 00;
    6E40 : 00;
    6E41 : 00;
    6E42 : 00;
    6E43 : 00;
    6E44 : 00;
    6E45 : 00;
    6E46 : 00;
    6E47 : 00;
    6E48 : 00;
    6E49 : 00;
    6E4A : 00;
    6E4B : 00;
    6E4C : 00;
    6E4D : 00;
    6E4E : 00;
    6E4F : 00;
    6E50 : 00;
    6E51 : 00;
    6E52 : 00;
    6E53 : 00;
    6E54 : 00;
    6E55 : 00;
    6E56 : 00;
    6E57 : 00;
    6E58 : 00;
    6E59 : 00;
    6E5A : 00;
    6E5B : 00;
    6E5C : 00;
    6E5D : 00;
    6E5E : 00;
    6E5F : 00;
    6E60 : 00;
    6E61 : 00;
    6E62 : 00;
    6E63 : 00;
    6E64 : 00;
    6E65 : 00;
    6E66 : 00;
    6E67 : 00;
    6E68 : 00;
    6E69 : 00;
    6E6A : 00;
    6E6B : 00;
    6E6C : 00;
    6E6D : 00;
    6E6E : 00;
    6E6F : 00;
    6E70 : 00;
    6E71 : 00;
    6E72 : 00;
    6E73 : 00;
    6E74 : 00;
    6E75 : 00;
    6E76 : 00;
    6E77 : 00;
    6E78 : 00;
    6E79 : 00;
    6E7A : 00;
    6E7B : 00;
    6E7C : 00;
    6E7D : 00;
    6E7E : 00;
    6E7F : 00;
    6E80 : 00;
    6E81 : 00;
    6E82 : 00;
    6E83 : 00;
    6E84 : 00;
    6E85 : 00;
    6E86 : 00;
    6E87 : 00;
    6E88 : 00;
    6E89 : 00;
    6E8A : 00;
    6E8B : 00;
    6E8C : 00;
    6E8D : 00;
    6E8E : 00;
    6E8F : 00;
    6E90 : 00;
    6E91 : 00;
    6E92 : 00;
    6E93 : 00;
    6E94 : 00;
    6E95 : 00;
    6E96 : 00;
    6E97 : 00;
    6E98 : 00;
    6E99 : 00;
    6E9A : 00;
    6E9B : 00;
    6E9C : 00;
    6E9D : 00;
    6E9E : 00;
    6E9F : 00;
    6EA0 : 00;
    6EA1 : 00;
    6EA2 : 00;
    6EA3 : 00;
    6EA4 : 00;
    6EA5 : 00;
    6EA6 : 00;
    6EA7 : 00;
    6EA8 : 00;
    6EA9 : 00;
    6EAA : 00;
    6EAB : 00;
    6EAC : 00;
    6EAD : 00;
    6EAE : 00;
    6EAF : 00;
    6EB0 : 00;
    6EB1 : 00;
    6EB2 : 00;
    6EB3 : 00;
    6EB4 : 00;
    6EB5 : 00;
    6EB6 : 00;
    6EB7 : 00;
    6EB8 : 00;
    6EB9 : 00;
    6EBA : 00;
    6EBB : 00;
    6EBC : 00;
    6EBD : 00;
    6EBE : 00;
    6EBF : 00;
    6EC0 : 00;
    6EC1 : 00;
    6EC2 : 00;
    6EC3 : 00;
    6EC4 : 00;
    6EC5 : 00;
    6EC6 : 00;
    6EC7 : 00;
    6EC8 : 00;
    6EC9 : 00;
    6ECA : 00;
    6ECB : 00;
    6ECC : 00;
    6ECD : 00;
    6ECE : 00;
    6ECF : 00;
    6ED0 : 00;
    6ED1 : 00;
    6ED2 : 00;
    6ED3 : 00;
    6ED4 : 00;
    6ED5 : 00;
    6ED6 : 00;
    6ED7 : 00;
    6ED8 : 00;
    6ED9 : 00;
    6EDA : 00;
    6EDB : 00;
    6EDC : 00;
    6EDD : 00;
    6EDE : 00;
    6EDF : 00;
    6EE0 : 00;
    6EE1 : 00;
    6EE2 : 00;
    6EE3 : 00;
    6EE4 : 00;
    6EE5 : 00;
    6EE6 : 00;
    6EE7 : 00;
    6EE8 : 00;
    6EE9 : 00;
    6EEA : 00;
    6EEB : 00;
    6EEC : 00;
    6EED : 00;
    6EEE : 00;
    6EEF : 00;
    6EF0 : 00;
    6EF1 : 00;
    6EF2 : 00;
    6EF3 : 00;
    6EF4 : 00;
    6EF5 : 00;
    6EF6 : 00;
    6EF7 : 00;
    6EF8 : 00;
    6EF9 : 00;
    6EFA : 00;
    6EFB : 00;
    6EFC : 00;
    6EFD : 00;
    6EFE : 00;
    6EFF : 00;
    6F00 : 00;
    6F01 : 00;
    6F02 : 00;
    6F03 : 00;
    6F04 : 00;
    6F05 : 00;
    6F06 : 00;
    6F07 : 00;
    6F08 : 00;
    6F09 : 00;
    6F0A : 00;
    6F0B : 00;
    6F0C : 00;
    6F0D : 00;
    6F0E : 00;
    6F0F : 00;
    6F10 : 00;
    6F11 : 00;
    6F12 : 00;
    6F13 : 00;
    6F14 : 00;
    6F15 : 00;
    6F16 : 00;
    6F17 : 00;
    6F18 : 00;
    6F19 : 00;
    6F1A : 00;
    6F1B : 00;
    6F1C : 00;
    6F1D : 00;
    6F1E : 00;
    6F1F : 00;
    6F20 : 00;
    6F21 : 00;
    6F22 : 00;
    6F23 : 00;
    6F24 : 00;
    6F25 : 00;
    6F26 : 00;
    6F27 : 00;
    6F28 : 00;
    6F29 : 00;
    6F2A : 00;
    6F2B : 00;
    6F2C : 00;
    6F2D : 00;
    6F2E : 00;
    6F2F : 00;
    6F30 : 00;
    6F31 : 00;
    6F32 : 00;
    6F33 : 00;
    6F34 : 00;
    6F35 : 00;
    6F36 : 00;
    6F37 : 00;
    6F38 : 00;
    6F39 : 00;
    6F3A : 00;
    6F3B : 00;
    6F3C : 00;
    6F3D : 00;
    6F3E : 00;
    6F3F : 00;
    6F40 : 00;
    6F41 : 00;
    6F42 : 00;
    6F43 : 00;
    6F44 : 00;
    6F45 : 00;
    6F46 : 00;
    6F47 : 00;
    6F48 : 00;
    6F49 : 00;
    6F4A : 00;
    6F4B : 00;
    6F4C : 00;
    6F4D : 00;
    6F4E : 00;
    6F4F : 00;
    6F50 : 00;
    6F51 : 00;
    6F52 : 00;
    6F53 : 00;
    6F54 : 00;
    6F55 : 00;
    6F56 : 00;
    6F57 : 00;
    6F58 : 00;
    6F59 : 00;
    6F5A : 00;
    6F5B : 00;
    6F5C : 00;
    6F5D : 00;
    6F5E : 00;
    6F5F : 00;
    6F60 : 00;
    6F61 : 00;
    6F62 : 00;
    6F63 : 00;
    6F64 : 00;
    6F65 : 00;
    6F66 : 00;
    6F67 : 00;
    6F68 : 00;
    6F69 : 00;
    6F6A : 00;
    6F6B : 00;
    6F6C : 00;
    6F6D : 00;
    6F6E : 00;
    6F6F : 00;
    6F70 : 00;
    6F71 : 00;
    6F72 : 00;
    6F73 : 00;
    6F74 : 00;
    6F75 : 00;
    6F76 : 00;
    6F77 : 00;
    6F78 : 00;
    6F79 : 00;
    6F7A : 00;
    6F7B : 00;
    6F7C : 00;
    6F7D : 00;
    6F7E : 00;
    6F7F : 00;
    6F80 : 00;
    6F81 : 00;
    6F82 : 00;
    6F83 : 00;
    6F84 : 00;
    6F85 : 00;
    6F86 : 00;
    6F87 : 00;
    6F88 : 00;
    6F89 : 00;
    6F8A : 00;
    6F8B : 00;
    6F8C : 00;
    6F8D : 00;
    6F8E : 00;
    6F8F : 00;
    6F90 : 00;
    6F91 : 00;
    6F92 : 00;
    6F93 : 00;
    6F94 : 00;
    6F95 : 00;
    6F96 : 00;
    6F97 : 00;
    6F98 : 00;
    6F99 : 00;
    6F9A : 00;
    6F9B : 00;
    6F9C : 00;
    6F9D : 00;
    6F9E : 00;
    6F9F : 00;
    6FA0 : 00;
    6FA1 : 00;
    6FA2 : 00;
    6FA3 : 00;
    6FA4 : 00;
    6FA5 : 00;
    6FA6 : 00;
    6FA7 : 00;
    6FA8 : 00;
    6FA9 : 00;
    6FAA : 00;
    6FAB : 00;
    6FAC : 00;
    6FAD : 00;
    6FAE : 00;
    6FAF : 00;
    6FB0 : 00;
    6FB1 : 00;
    6FB2 : 00;
    6FB3 : 00;
    6FB4 : 00;
    6FB5 : 00;
    6FB6 : 00;
    6FB7 : 00;
    6FB8 : 00;
    6FB9 : 00;
    6FBA : 00;
    6FBB : 00;
    6FBC : 00;
    6FBD : 00;
    6FBE : 00;
    6FBF : 00;
    6FC0 : 00;
    6FC1 : 00;
    6FC2 : 00;
    6FC3 : 00;
    6FC4 : 00;
    6FC5 : 00;
    6FC6 : 00;
    6FC7 : 00;
    6FC8 : 00;
    6FC9 : 00;
    6FCA : 00;
    6FCB : 00;
    6FCC : 00;
    6FCD : 00;
    6FCE : 00;
    6FCF : 00;
    6FD0 : 00;
    6FD1 : 00;
    6FD2 : 00;
    6FD3 : 00;
    6FD4 : 00;
    6FD5 : 00;
    6FD6 : 00;
    6FD7 : 00;
    6FD8 : 00;
    6FD9 : 00;
    6FDA : 00;
    6FDB : 00;
    6FDC : 00;
    6FDD : 00;
    6FDE : 00;
    6FDF : 00;
    6FE0 : 00;
    6FE1 : 00;
    6FE2 : 00;
    6FE3 : 00;
    6FE4 : 00;
    6FE5 : 00;
    6FE6 : 00;
    6FE7 : 00;
    6FE8 : 00;
    6FE9 : 00;
    6FEA : 00;
    6FEB : 00;
    6FEC : 00;
    6FED : 00;
    6FEE : 00;
    6FEF : 00;
    6FF0 : 00;
    6FF1 : 00;
    6FF2 : 00;
    6FF3 : 00;
    6FF4 : 00;
    6FF5 : 00;
    6FF6 : 00;
    6FF7 : 00;
    6FF8 : 00;
    6FF9 : 00;
    6FFA : 00;
    6FFB : 00;
    6FFC : 00;
    6FFD : 00;
    6FFE : 00;
    6FFF : 00;
    7000 : 00;
    7001 : 00;
    7002 : 00;
    7003 : 00;
    7004 : 00;
    7005 : 00;
    7006 : 00;
    7007 : 00;
    7008 : 00;
    7009 : 00;
    700A : 00;
    700B : 00;
    700C : 00;
    700D : 00;
    700E : 00;
    700F : 00;
    7010 : 00;
    7011 : 00;
    7012 : 00;
    7013 : 00;
    7014 : 00;
    7015 : 00;
    7016 : 00;
    7017 : 00;
    7018 : 00;
    7019 : 00;
    701A : 00;
    701B : 00;
    701C : 00;
    701D : 00;
    701E : 00;
    701F : 00;
    7020 : 00;
    7021 : 00;
    7022 : 00;
    7023 : 00;
    7024 : 00;
    7025 : 00;
    7026 : 00;
    7027 : 00;
    7028 : 00;
    7029 : 00;
    702A : 00;
    702B : 00;
    702C : 00;
    702D : 00;
    702E : 00;
    702F : 00;
    7030 : 00;
    7031 : 00;
    7032 : 00;
    7033 : 00;
    7034 : 00;
    7035 : 00;
    7036 : 00;
    7037 : 00;
    7038 : 00;
    7039 : 00;
    703A : 00;
    703B : 00;
    703C : 00;
    703D : 00;
    703E : 00;
    703F : 00;
    7040 : 00;
    7041 : 00;
    7042 : 00;
    7043 : 00;
    7044 : 00;
    7045 : 00;
    7046 : 00;
    7047 : 00;
    7048 : 00;
    7049 : 00;
    704A : 00;
    704B : 00;
    704C : 00;
    704D : 00;
    704E : 00;
    704F : 00;
    7050 : 00;
    7051 : 00;
    7052 : 00;
    7053 : 00;
    7054 : 00;
    7055 : 00;
    7056 : 00;
    7057 : 00;
    7058 : 00;
    7059 : 00;
    705A : 00;
    705B : 00;
    705C : 00;
    705D : 00;
    705E : 00;
    705F : 00;
    7060 : 00;
    7061 : 00;
    7062 : 00;
    7063 : 00;
    7064 : 00;
    7065 : 00;
    7066 : 00;
    7067 : 00;
    7068 : 00;
    7069 : 00;
    706A : 00;
    706B : 00;
    706C : 00;
    706D : 00;
    706E : 00;
    706F : 00;
    7070 : 00;
    7071 : 00;
    7072 : 00;
    7073 : 00;
    7074 : 00;
    7075 : 00;
    7076 : 00;
    7077 : 00;
    7078 : 00;
    7079 : 00;
    707A : 00;
    707B : 00;
    707C : 00;
    707D : 00;
    707E : 00;
    707F : 00;
    7080 : 00;
    7081 : 00;
    7082 : 00;
    7083 : 00;
    7084 : 00;
    7085 : 00;
    7086 : 00;
    7087 : 00;
    7088 : 00;
    7089 : 00;
    708A : 00;
    708B : 00;
    708C : 00;
    708D : 00;
    708E : 00;
    708F : 00;
    7090 : 00;
    7091 : 00;
    7092 : 00;
    7093 : 00;
    7094 : 00;
    7095 : 00;
    7096 : 00;
    7097 : 00;
    7098 : 00;
    7099 : 00;
    709A : 00;
    709B : 00;
    709C : 00;
    709D : 00;
    709E : 00;
    709F : 00;
    70A0 : 00;
    70A1 : 00;
    70A2 : 00;
    70A3 : 00;
    70A4 : 00;
    70A5 : 00;
    70A6 : 00;
    70A7 : 00;
    70A8 : 00;
    70A9 : 00;
    70AA : 00;
    70AB : 00;
    70AC : 00;
    70AD : 00;
    70AE : 00;
    70AF : 00;
    70B0 : 00;
    70B1 : 00;
    70B2 : 00;
    70B3 : 00;
    70B4 : 00;
    70B5 : 00;
    70B6 : 00;
    70B7 : 00;
    70B8 : 00;
    70B9 : 00;
    70BA : 00;
    70BB : 00;
    70BC : 00;
    70BD : 00;
    70BE : 00;
    70BF : 00;
    70C0 : 00;
    70C1 : 00;
    70C2 : 00;
    70C3 : 00;
    70C4 : 00;
    70C5 : 00;
    70C6 : 00;
    70C7 : 00;
    70C8 : 00;
    70C9 : 00;
    70CA : 00;
    70CB : 00;
    70CC : 00;
    70CD : 00;
    70CE : 00;
    70CF : 00;
    70D0 : 00;
    70D1 : 00;
    70D2 : 00;
    70D3 : 00;
    70D4 : 00;
    70D5 : 00;
    70D6 : 00;
    70D7 : 00;
    70D8 : 00;
    70D9 : 00;
    70DA : 00;
    70DB : 00;
    70DC : 00;
    70DD : 00;
    70DE : 00;
    70DF : 00;
    70E0 : 00;
    70E1 : 00;
    70E2 : 00;
    70E3 : 00;
    70E4 : 00;
    70E5 : 00;
    70E6 : 00;
    70E7 : 00;
    70E8 : 00;
    70E9 : 00;
    70EA : 00;
    70EB : 00;
    70EC : 00;
    70ED : 00;
    70EE : 00;
    70EF : 00;
    70F0 : 00;
    70F1 : 00;
    70F2 : 00;
    70F3 : 00;
    70F4 : 00;
    70F5 : 00;
    70F6 : 00;
    70F7 : 00;
    70F8 : 00;
    70F9 : 00;
    70FA : 00;
    70FB : 00;
    70FC : 00;
    70FD : 00;
    70FE : 00;
    70FF : 00;
    7100 : 00;
    7101 : 00;
    7102 : 00;
    7103 : 00;
    7104 : 00;
    7105 : 00;
    7106 : 00;
    7107 : 00;
    7108 : 00;
    7109 : 00;
    710A : 00;
    710B : 00;
    710C : 00;
    710D : 00;
    710E : 00;
    710F : 00;
    7110 : 00;
    7111 : 00;
    7112 : 00;
    7113 : 00;
    7114 : 00;
    7115 : 00;
    7116 : 00;
    7117 : 00;
    7118 : 00;
    7119 : 00;
    711A : 00;
    711B : 00;
    711C : 00;
    711D : 00;
    711E : 00;
    711F : 00;
    7120 : 00;
    7121 : 00;
    7122 : 00;
    7123 : 00;
    7124 : 00;
    7125 : 00;
    7126 : 00;
    7127 : 00;
    7128 : 00;
    7129 : 00;
    712A : 00;
    712B : 00;
    712C : 00;
    712D : 00;
    712E : 00;
    712F : 00;
    7130 : 00;
    7131 : 00;
    7132 : 00;
    7133 : 00;
    7134 : 00;
    7135 : 00;
    7136 : 00;
    7137 : 00;
    7138 : 00;
    7139 : 00;
    713A : 00;
    713B : 00;
    713C : 00;
    713D : 00;
    713E : 00;
    713F : 00;
    7140 : 00;
    7141 : 00;
    7142 : 00;
    7143 : 00;
    7144 : 00;
    7145 : 00;
    7146 : 00;
    7147 : 00;
    7148 : 00;
    7149 : 00;
    714A : 00;
    714B : 00;
    714C : 00;
    714D : 00;
    714E : 00;
    714F : 00;
    7150 : 00;
    7151 : 00;
    7152 : 00;
    7153 : 00;
    7154 : 00;
    7155 : 00;
    7156 : 00;
    7157 : 00;
    7158 : 00;
    7159 : 00;
    715A : 00;
    715B : 00;
    715C : 00;
    715D : 00;
    715E : 00;
    715F : 00;
    7160 : 00;
    7161 : 00;
    7162 : 00;
    7163 : 00;
    7164 : 00;
    7165 : 00;
    7166 : 00;
    7167 : 00;
    7168 : 00;
    7169 : 00;
    716A : 00;
    716B : 00;
    716C : 00;
    716D : 00;
    716E : 00;
    716F : 00;
    7170 : 00;
    7171 : 00;
    7172 : 00;
    7173 : 00;
    7174 : 00;
    7175 : 00;
    7176 : 00;
    7177 : 00;
    7178 : 00;
    7179 : 00;
    717A : 00;
    717B : 00;
    717C : 00;
    717D : 00;
    717E : 00;
    717F : 00;
    7180 : 00;
    7181 : 00;
    7182 : 00;
    7183 : 00;
    7184 : 00;
    7185 : 00;
    7186 : 00;
    7187 : 00;
    7188 : 00;
    7189 : 00;
    718A : 00;
    718B : 00;
    718C : 00;
    718D : 00;
    718E : 00;
    718F : 00;
    7190 : 00;
    7191 : 00;
    7192 : 00;
    7193 : 00;
    7194 : 00;
    7195 : 00;
    7196 : 00;
    7197 : 00;
    7198 : 00;
    7199 : 00;
    719A : 00;
    719B : 00;
    719C : 00;
    719D : 00;
    719E : 00;
    719F : 00;
    71A0 : 00;
    71A1 : 00;
    71A2 : 00;
    71A3 : 00;
    71A4 : 00;
    71A5 : 00;
    71A6 : 00;
    71A7 : 00;
    71A8 : 00;
    71A9 : 00;
    71AA : 00;
    71AB : 00;
    71AC : 00;
    71AD : 00;
    71AE : 00;
    71AF : 00;
    71B0 : 00;
    71B1 : 00;
    71B2 : 00;
    71B3 : 00;
    71B4 : 00;
    71B5 : 00;
    71B6 : 00;
    71B7 : 00;
    71B8 : 00;
    71B9 : 00;
    71BA : 00;
    71BB : 00;
    71BC : 00;
    71BD : 00;
    71BE : 00;
    71BF : 00;
    71C0 : 00;
    71C1 : 00;
    71C2 : 00;
    71C3 : 00;
    71C4 : 00;
    71C5 : 00;
    71C6 : 00;
    71C7 : 00;
    71C8 : 00;
    71C9 : 00;
    71CA : 00;
    71CB : 00;
    71CC : 00;
    71CD : 00;
    71CE : 00;
    71CF : 00;
    71D0 : 00;
    71D1 : 00;
    71D2 : 00;
    71D3 : 00;
    71D4 : 00;
    71D5 : 00;
    71D6 : 00;
    71D7 : 00;
    71D8 : 00;
    71D9 : 00;
    71DA : 00;
    71DB : 00;
    71DC : 00;
    71DD : 00;
    71DE : 00;
    71DF : 00;
    71E0 : 00;
    71E1 : 00;
    71E2 : 00;
    71E3 : 00;
    71E4 : 00;
    71E5 : 00;
    71E6 : 00;
    71E7 : 00;
    71E8 : 00;
    71E9 : 00;
    71EA : 00;
    71EB : 00;
    71EC : 00;
    71ED : 00;
    71EE : 00;
    71EF : 00;
    71F0 : 00;
    71F1 : 00;
    71F2 : 00;
    71F3 : 00;
    71F4 : 00;
    71F5 : 00;
    71F6 : 00;
    71F7 : 00;
    71F8 : 00;
    71F9 : 00;
    71FA : 00;
    71FB : 00;
    71FC : 00;
    71FD : 00;
    71FE : 00;
    71FF : 00;
    7200 : 00;
    7201 : 00;
    7202 : 00;
    7203 : 00;
    7204 : 00;
    7205 : 00;
    7206 : 00;
    7207 : 00;
    7208 : 00;
    7209 : 00;
    720A : 00;
    720B : 00;
    720C : 00;
    720D : 00;
    720E : 00;
    720F : 00;
    7210 : 00;
    7211 : 00;
    7212 : 00;
    7213 : 00;
    7214 : 00;
    7215 : 00;
    7216 : 00;
    7217 : 00;
    7218 : 00;
    7219 : 00;
    721A : 00;
    721B : 00;
    721C : 00;
    721D : 00;
    721E : 00;
    721F : 00;
    7220 : 00;
    7221 : 00;
    7222 : 00;
    7223 : 00;
    7224 : 00;
    7225 : 00;
    7226 : 00;
    7227 : 00;
    7228 : 00;
    7229 : 00;
    722A : 00;
    722B : 00;
    722C : 00;
    722D : 00;
    722E : 00;
    722F : 00;
    7230 : 00;
    7231 : 00;
    7232 : 00;
    7233 : 00;
    7234 : 00;
    7235 : 00;
    7236 : 00;
    7237 : 00;
    7238 : 00;
    7239 : 00;
    723A : 00;
    723B : 00;
    723C : 00;
    723D : 00;
    723E : 00;
    723F : 00;
    7240 : 00;
    7241 : 00;
    7242 : 00;
    7243 : 00;
    7244 : 00;
    7245 : 00;
    7246 : 00;
    7247 : 00;
    7248 : 00;
    7249 : 00;
    724A : 00;
    724B : 00;
    724C : 00;
    724D : 00;
    724E : 00;
    724F : 00;
    7250 : 00;
    7251 : 00;
    7252 : 00;
    7253 : 00;
    7254 : 00;
    7255 : 00;
    7256 : 00;
    7257 : 00;
    7258 : 00;
    7259 : 00;
    725A : 00;
    725B : 00;
    725C : 00;
    725D : 00;
    725E : 00;
    725F : 00;
    7260 : 00;
    7261 : 00;
    7262 : 00;
    7263 : 00;
    7264 : 00;
    7265 : 00;
    7266 : 00;
    7267 : 00;
    7268 : 00;
    7269 : 00;
    726A : 00;
    726B : 00;
    726C : 00;
    726D : 00;
    726E : 00;
    726F : 00;
    7270 : 00;
    7271 : 00;
    7272 : 00;
    7273 : 00;
    7274 : 00;
    7275 : 00;
    7276 : 00;
    7277 : 00;
    7278 : 00;
    7279 : 00;
    727A : 00;
    727B : 00;
    727C : 00;
    727D : 00;
    727E : 00;
    727F : 00;
    7280 : 00;
    7281 : 00;
    7282 : 00;
    7283 : 00;
    7284 : 00;
    7285 : 00;
    7286 : 00;
    7287 : 00;
    7288 : 00;
    7289 : 00;
    728A : 00;
    728B : 00;
    728C : 00;
    728D : 00;
    728E : 00;
    728F : 00;
    7290 : 00;
    7291 : 00;
    7292 : 00;
    7293 : 00;
    7294 : 00;
    7295 : 00;
    7296 : 00;
    7297 : 00;
    7298 : 00;
    7299 : 00;
    729A : 00;
    729B : 00;
    729C : 00;
    729D : 00;
    729E : 00;
    729F : 00;
    72A0 : 00;
    72A1 : 00;
    72A2 : 00;
    72A3 : 00;
    72A4 : 00;
    72A5 : 00;
    72A6 : 00;
    72A7 : 00;
    72A8 : 00;
    72A9 : 00;
    72AA : 00;
    72AB : 00;
    72AC : 00;
    72AD : 00;
    72AE : 00;
    72AF : 00;
    72B0 : 00;
    72B1 : 00;
    72B2 : 00;
    72B3 : 00;
    72B4 : 00;
    72B5 : 00;
    72B6 : 00;
    72B7 : 00;
    72B8 : 00;
    72B9 : 00;
    72BA : 00;
    72BB : 00;
    72BC : 00;
    72BD : 00;
    72BE : 00;
    72BF : 00;
    72C0 : 00;
    72C1 : 00;
    72C2 : 00;
    72C3 : 00;
    72C4 : 00;
    72C5 : 00;
    72C6 : 00;
    72C7 : 00;
    72C8 : 00;
    72C9 : 00;
    72CA : 00;
    72CB : 00;
    72CC : 00;
    72CD : 00;
    72CE : 00;
    72CF : 00;
    72D0 : 00;
    72D1 : 00;
    72D2 : 00;
    72D3 : 00;
    72D4 : 00;
    72D5 : 00;
    72D6 : 00;
    72D7 : 00;
    72D8 : 00;
    72D9 : 00;
    72DA : 00;
    72DB : 00;
    72DC : 00;
    72DD : 00;
    72DE : 00;
    72DF : 00;
    72E0 : 00;
    72E1 : 00;
    72E2 : 00;
    72E3 : 00;
    72E4 : 00;
    72E5 : 00;
    72E6 : 00;
    72E7 : 00;
    72E8 : 00;
    72E9 : 00;
    72EA : 00;
    72EB : 00;
    72EC : 00;
    72ED : 00;
    72EE : 00;
    72EF : 00;
    72F0 : 00;
    72F1 : 00;
    72F2 : 00;
    72F3 : 00;
    72F4 : 00;
    72F5 : 00;
    72F6 : 00;
    72F7 : 00;
    72F8 : 00;
    72F9 : 00;
    72FA : 00;
    72FB : 00;
    72FC : 00;
    72FD : 00;
    72FE : 00;
    72FF : 00;
    7300 : 00;
    7301 : 00;
    7302 : 00;
    7303 : 00;
    7304 : 00;
    7305 : 00;
    7306 : 00;
    7307 : 00;
    7308 : 00;
    7309 : 00;
    730A : 00;
    730B : 00;
    730C : 00;
    730D : 00;
    730E : 00;
    730F : 00;
    7310 : 00;
    7311 : 00;
    7312 : 00;
    7313 : 00;
    7314 : 00;
    7315 : 00;
    7316 : 00;
    7317 : 00;
    7318 : 00;
    7319 : 00;
    731A : 00;
    731B : 00;
    731C : 00;
    731D : 00;
    731E : 00;
    731F : 00;
    7320 : 00;
    7321 : 00;
    7322 : 00;
    7323 : 00;
    7324 : 00;
    7325 : 00;
    7326 : 00;
    7327 : 00;
    7328 : 00;
    7329 : 00;
    732A : 00;
    732B : 00;
    732C : 00;
    732D : 00;
    732E : 00;
    732F : 00;
    7330 : 00;
    7331 : 00;
    7332 : 00;
    7333 : 00;
    7334 : 00;
    7335 : 00;
    7336 : 00;
    7337 : 00;
    7338 : 00;
    7339 : 00;
    733A : 00;
    733B : 00;
    733C : 00;
    733D : 00;
    733E : 00;
    733F : 00;
    7340 : 00;
    7341 : 00;
    7342 : 00;
    7343 : 00;
    7344 : 00;
    7345 : 00;
    7346 : 00;
    7347 : 00;
    7348 : 00;
    7349 : 00;
    734A : 00;
    734B : 00;
    734C : 00;
    734D : 00;
    734E : 00;
    734F : 00;
    7350 : 00;
    7351 : 00;
    7352 : 00;
    7353 : 00;
    7354 : 00;
    7355 : 00;
    7356 : 00;
    7357 : 00;
    7358 : 00;
    7359 : 00;
    735A : 00;
    735B : 00;
    735C : 00;
    735D : 00;
    735E : 00;
    735F : 00;
    7360 : 00;
    7361 : 00;
    7362 : 00;
    7363 : 00;
    7364 : 00;
    7365 : 00;
    7366 : 00;
    7367 : 00;
    7368 : 00;
    7369 : 00;
    736A : 00;
    736B : 00;
    736C : 00;
    736D : 00;
    736E : 00;
    736F : 00;
    7370 : 00;
    7371 : 00;
    7372 : 00;
    7373 : 00;
    7374 : 00;
    7375 : 00;
    7376 : 00;
    7377 : 00;
    7378 : 00;
    7379 : 00;
    737A : 00;
    737B : 00;
    737C : 00;
    737D : 00;
    737E : 00;
    737F : 00;
    7380 : 00;
    7381 : 00;
    7382 : 00;
    7383 : 00;
    7384 : 00;
    7385 : 00;
    7386 : 00;
    7387 : 00;
    7388 : 00;
    7389 : 00;
    738A : 00;
    738B : 00;
    738C : 00;
    738D : 00;
    738E : 00;
    738F : 00;
    7390 : 00;
    7391 : 00;
    7392 : 00;
    7393 : 00;
    7394 : 00;
    7395 : 00;
    7396 : 00;
    7397 : 00;
    7398 : 00;
    7399 : 00;
    739A : 00;
    739B : 00;
    739C : 00;
    739D : 00;
    739E : 00;
    739F : 00;
    73A0 : 00;
    73A1 : 00;
    73A2 : 00;
    73A3 : 00;
    73A4 : 00;
    73A5 : 00;
    73A6 : 00;
    73A7 : 00;
    73A8 : 00;
    73A9 : 00;
    73AA : 00;
    73AB : 00;
    73AC : 00;
    73AD : 00;
    73AE : 00;
    73AF : 00;
    73B0 : 00;
    73B1 : 00;
    73B2 : 00;
    73B3 : 00;
    73B4 : 00;
    73B5 : 00;
    73B6 : 00;
    73B7 : 00;
    73B8 : 00;
    73B9 : 00;
    73BA : 00;
    73BB : 00;
    73BC : 00;
    73BD : 00;
    73BE : 00;
    73BF : 00;
    73C0 : 00;
    73C1 : 00;
    73C2 : 00;
    73C3 : 00;
    73C4 : 00;
    73C5 : 00;
    73C6 : 00;
    73C7 : 00;
    73C8 : 00;
    73C9 : 00;
    73CA : 00;
    73CB : 00;
    73CC : 00;
    73CD : 00;
    73CE : 00;
    73CF : 00;
    73D0 : 00;
    73D1 : 00;
    73D2 : 00;
    73D3 : 00;
    73D4 : 00;
    73D5 : 00;
    73D6 : 00;
    73D7 : 00;
    73D8 : 00;
    73D9 : 00;
    73DA : 00;
    73DB : 00;
    73DC : 00;
    73DD : 00;
    73DE : 00;
    73DF : 00;
    73E0 : 00;
    73E1 : 00;
    73E2 : 00;
    73E3 : 00;
    73E4 : 00;
    73E5 : 00;
    73E6 : 00;
    73E7 : 00;
    73E8 : 00;
    73E9 : 00;
    73EA : 00;
    73EB : 00;
    73EC : 00;
    73ED : 00;
    73EE : 00;
    73EF : 00;
    73F0 : 00;
    73F1 : 00;
    73F2 : 00;
    73F3 : 00;
    73F4 : 00;
    73F5 : 00;
    73F6 : 00;
    73F7 : 00;
    73F8 : 00;
    73F9 : 00;
    73FA : 00;
    73FB : 00;
    73FC : 00;
    73FD : 00;
    73FE : 00;
    73FF : 00;
    7400 : 00;
    7401 : 00;
    7402 : 00;
    7403 : 00;
    7404 : 00;
    7405 : 00;
    7406 : 00;
    7407 : 00;
    7408 : 00;
    7409 : 00;
    740A : 00;
    740B : 00;
    740C : 00;
    740D : 00;
    740E : 00;
    740F : 00;
    7410 : 00;
    7411 : 00;
    7412 : 00;
    7413 : 00;
    7414 : 00;
    7415 : 00;
    7416 : 00;
    7417 : 00;
    7418 : 00;
    7419 : 00;
    741A : 00;
    741B : 00;
    741C : 00;
    741D : 00;
    741E : 00;
    741F : 00;
    7420 : 00;
    7421 : 00;
    7422 : 00;
    7423 : 00;
    7424 : 00;
    7425 : 00;
    7426 : 00;
    7427 : 00;
    7428 : 00;
    7429 : 00;
    742A : 00;
    742B : 00;
    742C : 00;
    742D : 00;
    742E : 00;
    742F : 00;
    7430 : 00;
    7431 : 00;
    7432 : 00;
    7433 : 00;
    7434 : 00;
    7435 : 00;
    7436 : 00;
    7437 : 00;
    7438 : 00;
    7439 : 00;
    743A : 00;
    743B : 00;
    743C : 00;
    743D : 00;
    743E : 00;
    743F : 00;
    7440 : 00;
    7441 : 00;
    7442 : 00;
    7443 : 00;
    7444 : 00;
    7445 : 00;
    7446 : 00;
    7447 : 00;
    7448 : 00;
    7449 : 00;
    744A : 00;
    744B : 00;
    744C : 00;
    744D : 00;
    744E : 00;
    744F : 00;
    7450 : 00;
    7451 : 00;
    7452 : 00;
    7453 : 00;
    7454 : 00;
    7455 : 00;
    7456 : 00;
    7457 : 00;
    7458 : 00;
    7459 : 00;
    745A : 00;
    745B : 00;
    745C : 00;
    745D : 00;
    745E : 00;
    745F : 00;
    7460 : 00;
    7461 : 00;
    7462 : 00;
    7463 : 00;
    7464 : 00;
    7465 : 00;
    7466 : 00;
    7467 : 00;
    7468 : 00;
    7469 : 00;
    746A : 00;
    746B : 00;
    746C : 00;
    746D : 00;
    746E : 00;
    746F : 00;
    7470 : 00;
    7471 : 00;
    7472 : 00;
    7473 : 00;
    7474 : 00;
    7475 : 00;
    7476 : 00;
    7477 : 00;
    7478 : 00;
    7479 : 00;
    747A : 00;
    747B : 00;
    747C : 00;
    747D : 00;
    747E : 00;
    747F : 00;
    7480 : 00;
    7481 : 00;
    7482 : 00;
    7483 : 00;
    7484 : 00;
    7485 : 00;
    7486 : 00;
    7487 : 00;
    7488 : 00;
    7489 : 00;
    748A : 00;
    748B : 00;
    748C : 00;
    748D : 00;
    748E : 00;
    748F : 00;
    7490 : 00;
    7491 : 00;
    7492 : 00;
    7493 : 00;
    7494 : 00;
    7495 : 00;
    7496 : 00;
    7497 : 00;
    7498 : 00;
    7499 : 00;
    749A : 00;
    749B : 00;
    749C : 00;
    749D : 00;
    749E : 00;
    749F : 00;
    74A0 : 00;
    74A1 : 00;
    74A2 : 00;
    74A3 : 00;
    74A4 : 00;
    74A5 : 00;
    74A6 : 00;
    74A7 : 00;
    74A8 : 00;
    74A9 : 00;
    74AA : 00;
    74AB : 00;
    74AC : 00;
    74AD : 00;
    74AE : 00;
    74AF : 00;
    74B0 : 00;
    74B1 : 00;
    74B2 : 00;
    74B3 : 00;
    74B4 : 00;
    74B5 : 00;
    74B6 : 00;
    74B7 : 00;
    74B8 : 00;
    74B9 : 00;
    74BA : 00;
    74BB : 00;
    74BC : 00;
    74BD : 00;
    74BE : 00;
    74BF : 00;
    74C0 : 00;
    74C1 : 00;
    74C2 : 00;
    74C3 : 00;
    74C4 : 00;
    74C5 : 00;
    74C6 : 00;
    74C7 : 00;
    74C8 : 00;
    74C9 : 00;
    74CA : 00;
    74CB : 00;
    74CC : 00;
    74CD : 00;
    74CE : 00;
    74CF : 00;
    74D0 : 00;
    74D1 : 00;
    74D2 : 00;
    74D3 : 00;
    74D4 : 00;
    74D5 : 00;
    74D6 : 00;
    74D7 : 00;
    74D8 : 00;
    74D9 : 00;
    74DA : 00;
    74DB : 00;
    74DC : 00;
    74DD : 00;
    74DE : 00;
    74DF : 00;
    74E0 : 00;
    74E1 : 00;
    74E2 : 00;
    74E3 : 00;
    74E4 : 00;
    74E5 : 00;
    74E6 : 00;
    74E7 : 00;
    74E8 : 00;
    74E9 : 00;
    74EA : 00;
    74EB : 00;
    74EC : 00;
    74ED : 00;
    74EE : 00;
    74EF : 00;
    74F0 : 00;
    74F1 : 00;
    74F2 : 00;
    74F3 : 00;
    74F4 : 00;
    74F5 : 00;
    74F6 : 00;
    74F7 : 00;
    74F8 : 00;
    74F9 : 00;
    74FA : 00;
    74FB : 00;
    74FC : 00;
    74FD : 00;
    74FE : 00;
    74FF : 00;
    7500 : 00;
    7501 : 00;
    7502 : 00;
    7503 : 00;
    7504 : 00;
    7505 : 00;
    7506 : 00;
    7507 : 00;
    7508 : 00;
    7509 : 00;
    750A : 00;
    750B : 00;
    750C : 00;
    750D : 00;
    750E : 00;
    750F : 00;
    7510 : 00;
    7511 : 00;
    7512 : 00;
    7513 : 00;
    7514 : 00;
    7515 : 00;
    7516 : 00;
    7517 : 00;
    7518 : 00;
    7519 : 00;
    751A : 00;
    751B : 00;
    751C : 00;
    751D : 00;
    751E : 00;
    751F : 00;
    7520 : 00;
    7521 : 00;
    7522 : 00;
    7523 : 00;
    7524 : 00;
    7525 : 00;
    7526 : 00;
    7527 : 00;
    7528 : 00;
    7529 : 00;
    752A : 00;
    752B : 00;
    752C : 00;
    752D : 00;
    752E : 00;
    752F : 00;
    7530 : 00;
    7531 : 00;
    7532 : 00;
    7533 : 00;
    7534 : 00;
    7535 : 00;
    7536 : 00;
    7537 : 00;
    7538 : 00;
    7539 : 00;
    753A : 00;
    753B : 00;
    753C : 00;
    753D : 00;
    753E : 00;
    753F : 00;
    7540 : 00;
    7541 : 00;
    7542 : 00;
    7543 : 00;
    7544 : 00;
    7545 : 00;
    7546 : 00;
    7547 : 00;
    7548 : 00;
    7549 : 00;
    754A : 00;
    754B : 00;
    754C : 00;
    754D : 00;
    754E : 00;
    754F : 00;
    7550 : 00;
    7551 : 00;
    7552 : 00;
    7553 : 00;
    7554 : 00;
    7555 : 00;
    7556 : 00;
    7557 : 00;
    7558 : 00;
    7559 : 00;
    755A : 00;
    755B : 00;
    755C : 00;
    755D : 00;
    755E : 00;
    755F : 00;
    7560 : 00;
    7561 : 00;
    7562 : 00;
    7563 : 00;
    7564 : 00;
    7565 : 00;
    7566 : 00;
    7567 : 00;
    7568 : 00;
    7569 : 00;
    756A : 00;
    756B : 00;
    756C : 00;
    756D : 00;
    756E : 00;
    756F : 00;
    7570 : 00;
    7571 : 00;
    7572 : 00;
    7573 : 00;
    7574 : 00;
    7575 : 00;
    7576 : 00;
    7577 : 00;
    7578 : 00;
    7579 : 00;
    757A : 00;
    757B : 00;
    757C : 00;
    757D : 00;
    757E : 00;
    757F : 00;
    7580 : 00;
    7581 : 00;
    7582 : 00;
    7583 : 00;
    7584 : 00;
    7585 : 00;
    7586 : 00;
    7587 : 00;
    7588 : 00;
    7589 : 00;
    758A : 00;
    758B : 00;
    758C : 00;
    758D : 00;
    758E : 00;
    758F : 00;
    7590 : 00;
    7591 : 00;
    7592 : 00;
    7593 : 00;
    7594 : 00;
    7595 : 00;
    7596 : 00;
    7597 : 00;
    7598 : 00;
    7599 : 00;
    759A : 00;
    759B : 00;
    759C : 00;
    759D : 00;
    759E : 00;
    759F : 00;
    75A0 : 00;
    75A1 : 00;
    75A2 : 00;
    75A3 : 00;
    75A4 : 00;
    75A5 : 00;
    75A6 : 00;
    75A7 : 00;
    75A8 : 00;
    75A9 : 00;
    75AA : 00;
    75AB : 00;
    75AC : 00;
    75AD : 00;
    75AE : 00;
    75AF : 00;
    75B0 : 00;
    75B1 : 00;
    75B2 : 00;
    75B3 : 00;
    75B4 : 00;
    75B5 : 00;
    75B6 : 00;
    75B7 : 00;
    75B8 : 00;
    75B9 : 00;
    75BA : 00;
    75BB : 00;
    75BC : 00;
    75BD : 00;
    75BE : 00;
    75BF : 00;
    75C0 : 00;
    75C1 : 00;
    75C2 : 00;
    75C3 : 00;
    75C4 : 00;
    75C5 : 00;
    75C6 : 00;
    75C7 : 00;
    75C8 : 00;
    75C9 : 00;
    75CA : 00;
    75CB : 00;
    75CC : 00;
    75CD : 00;
    75CE : 00;
    75CF : 00;
    75D0 : 00;
    75D1 : 00;
    75D2 : 00;
    75D3 : 00;
    75D4 : 00;
    75D5 : 00;
    75D6 : 00;
    75D7 : 00;
    75D8 : 00;
    75D9 : 00;
    75DA : 00;
    75DB : 00;
    75DC : 00;
    75DD : 00;
    75DE : 00;
    75DF : 00;
    75E0 : 00;
    75E1 : 00;
    75E2 : 00;
    75E3 : 00;
    75E4 : 00;
    75E5 : 00;
    75E6 : 00;
    75E7 : 00;
    75E8 : 00;
    75E9 : 00;
    75EA : 00;
    75EB : 00;
    75EC : 00;
    75ED : 00;
    75EE : 00;
    75EF : 00;
    75F0 : 00;
    75F1 : 00;
    75F2 : 00;
    75F3 : 00;
    75F4 : 00;
    75F5 : 00;
    75F6 : 00;
    75F7 : 00;
    75F8 : 00;
    75F9 : 00;
    75FA : 00;
    75FB : 00;
    75FC : 00;
    75FD : 00;
    75FE : 00;
    75FF : 00;
    7600 : 00;
    7601 : 00;
    7602 : 00;
    7603 : 00;
    7604 : 00;
    7605 : 00;
    7606 : 00;
    7607 : 00;
    7608 : 00;
    7609 : 00;
    760A : 00;
    760B : 00;
    760C : 00;
    760D : 00;
    760E : 00;
    760F : 00;
    7610 : 00;
    7611 : 00;
    7612 : 00;
    7613 : 00;
    7614 : 00;
    7615 : 00;
    7616 : 00;
    7617 : 00;
    7618 : 00;
    7619 : 00;
    761A : 00;
    761B : 00;
    761C : 00;
    761D : 00;
    761E : 00;
    761F : 00;
    7620 : 00;
    7621 : 00;
    7622 : 00;
    7623 : 00;
    7624 : 00;
    7625 : 00;
    7626 : 00;
    7627 : 00;
    7628 : 00;
    7629 : 00;
    762A : 00;
    762B : 00;
    762C : 00;
    762D : 00;
    762E : 00;
    762F : 00;
    7630 : 00;
    7631 : 00;
    7632 : 00;
    7633 : 00;
    7634 : 00;
    7635 : 00;
    7636 : 00;
    7637 : 00;
    7638 : 00;
    7639 : 00;
    763A : 00;
    763B : 00;
    763C : 00;
    763D : 00;
    763E : 00;
    763F : 00;
    7640 : 00;
    7641 : 00;
    7642 : 00;
    7643 : 00;
    7644 : 00;
    7645 : 00;
    7646 : 00;
    7647 : 00;
    7648 : 00;
    7649 : 00;
    764A : 00;
    764B : 00;
    764C : 00;
    764D : 00;
    764E : 00;
    764F : 00;
    7650 : 00;
    7651 : 00;
    7652 : 00;
    7653 : 00;
    7654 : 00;
    7655 : 00;
    7656 : 00;
    7657 : 00;
    7658 : 00;
    7659 : 00;
    765A : 00;
    765B : 00;
    765C : 00;
    765D : 00;
    765E : 00;
    765F : 00;
    7660 : 00;
    7661 : 00;
    7662 : 00;
    7663 : 00;
    7664 : 00;
    7665 : 00;
    7666 : 00;
    7667 : 00;
    7668 : 00;
    7669 : 00;
    766A : 00;
    766B : 00;
    766C : 00;
    766D : 00;
    766E : 00;
    766F : 00;
    7670 : 00;
    7671 : 00;
    7672 : 00;
    7673 : 00;
    7674 : 00;
    7675 : 00;
    7676 : 00;
    7677 : 00;
    7678 : 00;
    7679 : 00;
    767A : 00;
    767B : 00;
    767C : 00;
    767D : 00;
    767E : 00;
    767F : 00;
    7680 : 00;
    7681 : 00;
    7682 : 00;
    7683 : 00;
    7684 : 00;
    7685 : 00;
    7686 : 00;
    7687 : 00;
    7688 : 00;
    7689 : 00;
    768A : 00;
    768B : 00;
    768C : 00;
    768D : 00;
    768E : 00;
    768F : 00;
    7690 : 00;
    7691 : 00;
    7692 : 00;
    7693 : 00;
    7694 : 00;
    7695 : 00;
    7696 : 00;
    7697 : 00;
    7698 : 00;
    7699 : 00;
    769A : 00;
    769B : 00;
    769C : 00;
    769D : 00;
    769E : 00;
    769F : 00;
    76A0 : 00;
    76A1 : 00;
    76A2 : 00;
    76A3 : 00;
    76A4 : 00;
    76A5 : 00;
    76A6 : 00;
    76A7 : 00;
    76A8 : 00;
    76A9 : 00;
    76AA : 00;
    76AB : 00;
    76AC : 00;
    76AD : 00;
    76AE : 00;
    76AF : 00;
    76B0 : 00;
    76B1 : 00;
    76B2 : 00;
    76B3 : 00;
    76B4 : 00;
    76B5 : 00;
    76B6 : 00;
    76B7 : 00;
    76B8 : 00;
    76B9 : 00;
    76BA : 00;
    76BB : 00;
    76BC : 00;
    76BD : 00;
    76BE : 00;
    76BF : 00;
    76C0 : 00;
    76C1 : 00;
    76C2 : 00;
    76C3 : 00;
    76C4 : 00;
    76C5 : 00;
    76C6 : 00;
    76C7 : 00;
    76C8 : 00;
    76C9 : 00;
    76CA : 00;
    76CB : 00;
    76CC : 00;
    76CD : 00;
    76CE : 00;
    76CF : 00;
    76D0 : 00;
    76D1 : 00;
    76D2 : 00;
    76D3 : 00;
    76D4 : 00;
    76D5 : 00;
    76D6 : 00;
    76D7 : 00;
    76D8 : 00;
    76D9 : 00;
    76DA : 00;
    76DB : 00;
    76DC : 00;
    76DD : 00;
    76DE : 00;
    76DF : 00;
    76E0 : 00;
    76E1 : 00;
    76E2 : 00;
    76E3 : 00;
    76E4 : 00;
    76E5 : 00;
    76E6 : 00;
    76E7 : 00;
    76E8 : 00;
    76E9 : 00;
    76EA : 00;
    76EB : 00;
    76EC : 00;
    76ED : 00;
    76EE : 00;
    76EF : 00;
    76F0 : 00;
    76F1 : 00;
    76F2 : 00;
    76F3 : 00;
    76F4 : 00;
    76F5 : 00;
    76F6 : 00;
    76F7 : 00;
    76F8 : 00;
    76F9 : 00;
    76FA : 00;
    76FB : 00;
    76FC : 00;
    76FD : 00;
    76FE : 00;
    76FF : 00;
    7700 : 00;
    7701 : 00;
    7702 : 00;
    7703 : 00;
    7704 : 00;
    7705 : 00;
    7706 : 00;
    7707 : 00;
    7708 : 00;
    7709 : 00;
    770A : 00;
    770B : 00;
    770C : 00;
    770D : 00;
    770E : 00;
    770F : 00;
    7710 : 00;
    7711 : 00;
    7712 : 00;
    7713 : 00;
    7714 : 00;
    7715 : 00;
    7716 : 00;
    7717 : 00;
    7718 : 00;
    7719 : 00;
    771A : 00;
    771B : 00;
    771C : 00;
    771D : 00;
    771E : 00;
    771F : 00;
    7720 : 00;
    7721 : 00;
    7722 : 00;
    7723 : 00;
    7724 : 00;
    7725 : 00;
    7726 : 00;
    7727 : 00;
    7728 : 00;
    7729 : 00;
    772A : 00;
    772B : 00;
    772C : 00;
    772D : 00;
    772E : 00;
    772F : 00;
    7730 : 00;
    7731 : 00;
    7732 : 00;
    7733 : 00;
    7734 : 00;
    7735 : 00;
    7736 : 00;
    7737 : 00;
    7738 : 00;
    7739 : 00;
    773A : 00;
    773B : 00;
    773C : 00;
    773D : 00;
    773E : 00;
    773F : 00;
    7740 : 00;
    7741 : 00;
    7742 : 00;
    7743 : 00;
    7744 : 00;
    7745 : 00;
    7746 : 00;
    7747 : 00;
    7748 : 00;
    7749 : 00;
    774A : 00;
    774B : 00;
    774C : 00;
    774D : 00;
    774E : 00;
    774F : 00;
    7750 : 00;
    7751 : 00;
    7752 : 00;
    7753 : 00;
    7754 : 00;
    7755 : 00;
    7756 : 00;
    7757 : 00;
    7758 : 00;
    7759 : 00;
    775A : 00;
    775B : 00;
    775C : 00;
    775D : 00;
    775E : 00;
    775F : 00;
    7760 : 00;
    7761 : 00;
    7762 : 00;
    7763 : 00;
    7764 : 00;
    7765 : 00;
    7766 : 00;
    7767 : 00;
    7768 : 00;
    7769 : 00;
    776A : 00;
    776B : 00;
    776C : 00;
    776D : 00;
    776E : 00;
    776F : 00;
    7770 : 00;
    7771 : 00;
    7772 : 00;
    7773 : 00;
    7774 : 00;
    7775 : 00;
    7776 : 00;
    7777 : 00;
    7778 : 00;
    7779 : 00;
    777A : 00;
    777B : 00;
    777C : 00;
    777D : 00;
    777E : 00;
    777F : 00;
    7780 : 00;
    7781 : 00;
    7782 : 00;
    7783 : 00;
    7784 : 00;
    7785 : 00;
    7786 : 00;
    7787 : 00;
    7788 : 00;
    7789 : 00;
    778A : 00;
    778B : 00;
    778C : 00;
    778D : 00;
    778E : 00;
    778F : 00;
    7790 : 00;
    7791 : 00;
    7792 : 00;
    7793 : 00;
    7794 : 00;
    7795 : 00;
    7796 : 00;
    7797 : 00;
    7798 : 00;
    7799 : 00;
    779A : 00;
    779B : 00;
    779C : 00;
    779D : 00;
    779E : 00;
    779F : 00;
    77A0 : 00;
    77A1 : 00;
    77A2 : 00;
    77A3 : 00;
    77A4 : 00;
    77A5 : 00;
    77A6 : 00;
    77A7 : 00;
    77A8 : 00;
    77A9 : 00;
    77AA : 00;
    77AB : 00;
    77AC : 00;
    77AD : 00;
    77AE : 00;
    77AF : 00;
    77B0 : 00;
    77B1 : 00;
    77B2 : 00;
    77B3 : 00;
    77B4 : 00;
    77B5 : 00;
    77B6 : 00;
    77B7 : 00;
    77B8 : 00;
    77B9 : 00;
    77BA : 00;
    77BB : 00;
    77BC : 00;
    77BD : 00;
    77BE : 00;
    77BF : 00;
    77C0 : 00;
    77C1 : 00;
    77C2 : 00;
    77C3 : 00;
    77C4 : 00;
    77C5 : 00;
    77C6 : 00;
    77C7 : 00;
    77C8 : 00;
    77C9 : 00;
    77CA : 00;
    77CB : 00;
    77CC : 00;
    77CD : 00;
    77CE : 00;
    77CF : 00;
    77D0 : 00;
    77D1 : 00;
    77D2 : 00;
    77D3 : 00;
    77D4 : 00;
    77D5 : 00;
    77D6 : 00;
    77D7 : 00;
    77D8 : 00;
    77D9 : 00;
    77DA : 00;
    77DB : 00;
    77DC : 00;
    77DD : 00;
    77DE : 00;
    77DF : 00;
    77E0 : 00;
    77E1 : 00;
    77E2 : 00;
    77E3 : 00;
    77E4 : 00;
    77E5 : 00;
    77E6 : 00;
    77E7 : 00;
    77E8 : 00;
    77E9 : 00;
    77EA : 00;
    77EB : 00;
    77EC : 00;
    77ED : 00;
    77EE : 00;
    77EF : 00;
    77F0 : 00;
    77F1 : 00;
    77F2 : 00;
    77F3 : 00;
    77F4 : 00;
    77F5 : 00;
    77F6 : 00;
    77F7 : 00;
    77F8 : 00;
    77F9 : 00;
    77FA : 00;
    77FB : 00;
    77FC : 00;
    77FD : 00;
    77FE : 00;
    77FF : 00;
    7800 : 00;
    7801 : 00;
    7802 : 00;
    7803 : 00;
    7804 : 00;
    7805 : 00;
    7806 : 00;
    7807 : 00;
    7808 : 00;
    7809 : 00;
    780A : 00;
    780B : 00;
    780C : 00;
    780D : 00;
    780E : 00;
    780F : 00;
    7810 : 00;
    7811 : 00;
    7812 : 00;
    7813 : 00;
    7814 : 00;
    7815 : 00;
    7816 : 00;
    7817 : 00;
    7818 : 00;
    7819 : 00;
    781A : 00;
    781B : 00;
    781C : 00;
    781D : 00;
    781E : 00;
    781F : 00;
    7820 : 00;
    7821 : 00;
    7822 : 00;
    7823 : 00;
    7824 : 00;
    7825 : 00;
    7826 : 00;
    7827 : 00;
    7828 : 00;
    7829 : 00;
    782A : 00;
    782B : 00;
    782C : 00;
    782D : 00;
    782E : 00;
    782F : 00;
    7830 : 00;
    7831 : 00;
    7832 : 00;
    7833 : 00;
    7834 : 00;
    7835 : 00;
    7836 : 00;
    7837 : 00;
    7838 : 00;
    7839 : 00;
    783A : 00;
    783B : 00;
    783C : 00;
    783D : 00;
    783E : 00;
    783F : 00;
    7840 : 00;
    7841 : 00;
    7842 : 00;
    7843 : 00;
    7844 : 00;
    7845 : 00;
    7846 : 00;
    7847 : 00;
    7848 : 00;
    7849 : 00;
    784A : 00;
    784B : 00;
    784C : 00;
    784D : 00;
    784E : 00;
    784F : 00;
    7850 : 00;
    7851 : 00;
    7852 : 00;
    7853 : 00;
    7854 : 00;
    7855 : 00;
    7856 : 00;
    7857 : 00;
    7858 : 00;
    7859 : 00;
    785A : 00;
    785B : 00;
    785C : 00;
    785D : 00;
    785E : 00;
    785F : 00;
    7860 : 00;
    7861 : 00;
    7862 : 00;
    7863 : 00;
    7864 : 00;
    7865 : 00;
    7866 : 00;
    7867 : 00;
    7868 : 00;
    7869 : 00;
    786A : 00;
    786B : 00;
    786C : 00;
    786D : 00;
    786E : 00;
    786F : 00;
    7870 : 00;
    7871 : 00;
    7872 : 00;
    7873 : 00;
    7874 : 00;
    7875 : 00;
    7876 : 00;
    7877 : 00;
    7878 : 00;
    7879 : 00;
    787A : 00;
    787B : 00;
    787C : 00;
    787D : 00;
    787E : 00;
    787F : 00;
    7880 : 00;
    7881 : 00;
    7882 : 00;
    7883 : 00;
    7884 : 00;
    7885 : 00;
    7886 : 00;
    7887 : 00;
    7888 : 00;
    7889 : 00;
    788A : 00;
    788B : 00;
    788C : 00;
    788D : 00;
    788E : 00;
    788F : 00;
    7890 : 00;
    7891 : 00;
    7892 : 00;
    7893 : 00;
    7894 : 00;
    7895 : 00;
    7896 : 00;
    7897 : 00;
    7898 : 00;
    7899 : 00;
    789A : 00;
    789B : 00;
    789C : 00;
    789D : 00;
    789E : 00;
    789F : 00;
    78A0 : 00;
    78A1 : 00;
    78A2 : 00;
    78A3 : 00;
    78A4 : 00;
    78A5 : 00;
    78A6 : 00;
    78A7 : 00;
    78A8 : 00;
    78A9 : 00;
    78AA : 00;
    78AB : 00;
    78AC : 00;
    78AD : 00;
    78AE : 00;
    78AF : 00;
    78B0 : 00;
    78B1 : 00;
    78B2 : 00;
    78B3 : 00;
    78B4 : 00;
    78B5 : 00;
    78B6 : 00;
    78B7 : 00;
    78B8 : 00;
    78B9 : 00;
    78BA : 00;
    78BB : 00;
    78BC : 00;
    78BD : 00;
    78BE : 00;
    78BF : 00;
    78C0 : 00;
    78C1 : 00;
    78C2 : 00;
    78C3 : 00;
    78C4 : 00;
    78C5 : 00;
    78C6 : 00;
    78C7 : 00;
    78C8 : 00;
    78C9 : 00;
    78CA : 00;
    78CB : 00;
    78CC : 00;
    78CD : 00;
    78CE : 00;
    78CF : 00;
    78D0 : 00;
    78D1 : 00;
    78D2 : 00;
    78D3 : 00;
    78D4 : 00;
    78D5 : 00;
    78D6 : 00;
    78D7 : 00;
    78D8 : 00;
    78D9 : 00;
    78DA : 00;
    78DB : 00;
    78DC : 00;
    78DD : 00;
    78DE : 00;
    78DF : 00;
    78E0 : 00;
    78E1 : 00;
    78E2 : 00;
    78E3 : 00;
    78E4 : 00;
    78E5 : 00;
    78E6 : 00;
    78E7 : 00;
    78E8 : 00;
    78E9 : 00;
    78EA : 00;
    78EB : 00;
    78EC : 00;
    78ED : 00;
    78EE : 00;
    78EF : 00;
    78F0 : 00;
    78F1 : 00;
    78F2 : 00;
    78F3 : 00;
    78F4 : 00;
    78F5 : 00;
    78F6 : 00;
    78F7 : 00;
    78F8 : 00;
    78F9 : 00;
    78FA : 00;
    78FB : 00;
    78FC : 00;
    78FD : 00;
    78FE : 00;
    78FF : 00;
    7900 : 00;
    7901 : 00;
    7902 : 00;
    7903 : 00;
    7904 : 00;
    7905 : 00;
    7906 : 00;
    7907 : 00;
    7908 : 00;
    7909 : 00;
    790A : 00;
    790B : 00;
    790C : 00;
    790D : 00;
    790E : 00;
    790F : 00;
    7910 : 00;
    7911 : 00;
    7912 : 00;
    7913 : 00;
    7914 : 00;
    7915 : 00;
    7916 : 00;
    7917 : 00;
    7918 : 00;
    7919 : 00;
    791A : 00;
    791B : 00;
    791C : 00;
    791D : 00;
    791E : 00;
    791F : 00;
    7920 : 00;
    7921 : 00;
    7922 : 00;
    7923 : 00;
    7924 : 00;
    7925 : 00;
    7926 : 00;
    7927 : 00;
    7928 : 00;
    7929 : 00;
    792A : 00;
    792B : 00;
    792C : 00;
    792D : 00;
    792E : 00;
    792F : 00;
    7930 : 00;
    7931 : 00;
    7932 : 00;
    7933 : 00;
    7934 : 00;
    7935 : 00;
    7936 : 00;
    7937 : 00;
    7938 : 00;
    7939 : 00;
    793A : 00;
    793B : 00;
    793C : 00;
    793D : 00;
    793E : 00;
    793F : 00;
    7940 : 00;
    7941 : 00;
    7942 : 00;
    7943 : 00;
    7944 : 00;
    7945 : 00;
    7946 : 00;
    7947 : 00;
    7948 : 00;
    7949 : 00;
    794A : 00;
    794B : 00;
    794C : 00;
    794D : 00;
    794E : 00;
    794F : 00;
    7950 : 00;
    7951 : 00;
    7952 : 00;
    7953 : 00;
    7954 : 00;
    7955 : 00;
    7956 : 00;
    7957 : 00;
    7958 : 00;
    7959 : 00;
    795A : 00;
    795B : 00;
    795C : 00;
    795D : 00;
    795E : 00;
    795F : 00;
    7960 : 00;
    7961 : 00;
    7962 : 00;
    7963 : 00;
    7964 : 00;
    7965 : 00;
    7966 : 00;
    7967 : 00;
    7968 : 00;
    7969 : 00;
    796A : 00;
    796B : 00;
    796C : 00;
    796D : 00;
    796E : 00;
    796F : 00;
    7970 : 00;
    7971 : 00;
    7972 : 00;
    7973 : 00;
    7974 : 00;
    7975 : 00;
    7976 : 00;
    7977 : 00;
    7978 : 00;
    7979 : 00;
    797A : 00;
    797B : 00;
    797C : 00;
    797D : 00;
    797E : 00;
    797F : 00;
    7980 : 00;
    7981 : 00;
    7982 : 00;
    7983 : 00;
    7984 : 00;
    7985 : 00;
    7986 : 00;
    7987 : 00;
    7988 : 00;
    7989 : 00;
    798A : 00;
    798B : 00;
    798C : 00;
    798D : 00;
    798E : 00;
    798F : 00;
    7990 : 00;
    7991 : 00;
    7992 : 00;
    7993 : 00;
    7994 : 00;
    7995 : 00;
    7996 : 00;
    7997 : 00;
    7998 : 00;
    7999 : 00;
    799A : 00;
    799B : 00;
    799C : 00;
    799D : 00;
    799E : 00;
    799F : 00;
    79A0 : 00;
    79A1 : 00;
    79A2 : 00;
    79A3 : 00;
    79A4 : 00;
    79A5 : 00;
    79A6 : 00;
    79A7 : 00;
    79A8 : 00;
    79A9 : 00;
    79AA : 00;
    79AB : 00;
    79AC : 00;
    79AD : 00;
    79AE : 00;
    79AF : 00;
    79B0 : 00;
    79B1 : 00;
    79B2 : 00;
    79B3 : 00;
    79B4 : 00;
    79B5 : 00;
    79B6 : 00;
    79B7 : 00;
    79B8 : 00;
    79B9 : 00;
    79BA : 00;
    79BB : 00;
    79BC : 00;
    79BD : 00;
    79BE : 00;
    79BF : 00;
    79C0 : 00;
    79C1 : 00;
    79C2 : 00;
    79C3 : 00;
    79C4 : 00;
    79C5 : 00;
    79C6 : 00;
    79C7 : 00;
    79C8 : 00;
    79C9 : 00;
    79CA : 00;
    79CB : 00;
    79CC : 00;
    79CD : 00;
    79CE : 00;
    79CF : 00;
    79D0 : 00;
    79D1 : 00;
    79D2 : 00;
    79D3 : 00;
    79D4 : 00;
    79D5 : 00;
    79D6 : 00;
    79D7 : 00;
    79D8 : 00;
    79D9 : 00;
    79DA : 00;
    79DB : 00;
    79DC : 00;
    79DD : 00;
    79DE : 00;
    79DF : 00;
    79E0 : 00;
    79E1 : 00;
    79E2 : 00;
    79E3 : 00;
    79E4 : 00;
    79E5 : 00;
    79E6 : 00;
    79E7 : 00;
    79E8 : 00;
    79E9 : 00;
    79EA : 00;
    79EB : 00;
    79EC : 00;
    79ED : 00;
    79EE : 00;
    79EF : 00;
    79F0 : 00;
    79F1 : 00;
    79F2 : 00;
    79F3 : 00;
    79F4 : 00;
    79F5 : 00;
    79F6 : 00;
    79F7 : 00;
    79F8 : 00;
    79F9 : 00;
    79FA : 00;
    79FB : 00;
    79FC : 00;
    79FD : 00;
    79FE : 00;
    79FF : 00;
    7A00 : 00;
    7A01 : 00;
    7A02 : 00;
    7A03 : 00;
    7A04 : 00;
    7A05 : 00;
    7A06 : 00;
    7A07 : 00;
    7A08 : 00;
    7A09 : 00;
    7A0A : 00;
    7A0B : 00;
    7A0C : 00;
    7A0D : 00;
    7A0E : 00;
    7A0F : 00;
    7A10 : 00;
    7A11 : 00;
    7A12 : 00;
    7A13 : 00;
    7A14 : 00;
    7A15 : 00;
    7A16 : 00;
    7A17 : 00;
    7A18 : 00;
    7A19 : 00;
    7A1A : 00;
    7A1B : 00;
    7A1C : 00;
    7A1D : 00;
    7A1E : 00;
    7A1F : 00;
    7A20 : 00;
    7A21 : 00;
    7A22 : 00;
    7A23 : 00;
    7A24 : 00;
    7A25 : 00;
    7A26 : 00;
    7A27 : 00;
    7A28 : 00;
    7A29 : 00;
    7A2A : 00;
    7A2B : 00;
    7A2C : 00;
    7A2D : 00;
    7A2E : 00;
    7A2F : 00;
    7A30 : 00;
    7A31 : 00;
    7A32 : 00;
    7A33 : 00;
    7A34 : 00;
    7A35 : 00;
    7A36 : 00;
    7A37 : 00;
    7A38 : 00;
    7A39 : 00;
    7A3A : 00;
    7A3B : 00;
    7A3C : 00;
    7A3D : 00;
    7A3E : 00;
    7A3F : 00;
    7A40 : 00;
    7A41 : 00;
    7A42 : 00;
    7A43 : 00;
    7A44 : 00;
    7A45 : 00;
    7A46 : 00;
    7A47 : 00;
    7A48 : 00;
    7A49 : 00;
    7A4A : 00;
    7A4B : 00;
    7A4C : 00;
    7A4D : 00;
    7A4E : 00;
    7A4F : 00;
    7A50 : 00;
    7A51 : 00;
    7A52 : 00;
    7A53 : 00;
    7A54 : 00;
    7A55 : 00;
    7A56 : 00;
    7A57 : 00;
    7A58 : 00;
    7A59 : 00;
    7A5A : 00;
    7A5B : 00;
    7A5C : 00;
    7A5D : 00;
    7A5E : 00;
    7A5F : 00;
    7A60 : 00;
    7A61 : 00;
    7A62 : 00;
    7A63 : 00;
    7A64 : 00;
    7A65 : 00;
    7A66 : 00;
    7A67 : 00;
    7A68 : 00;
    7A69 : 00;
    7A6A : 00;
    7A6B : 00;
    7A6C : 00;
    7A6D : 00;
    7A6E : 00;
    7A6F : 00;
    7A70 : 00;
    7A71 : 00;
    7A72 : 00;
    7A73 : 00;
    7A74 : 00;
    7A75 : 00;
    7A76 : 00;
    7A77 : 00;
    7A78 : 00;
    7A79 : 00;
    7A7A : 00;
    7A7B : 00;
    7A7C : 00;
    7A7D : 00;
    7A7E : 00;
    7A7F : 00;
    7A80 : 00;
    7A81 : 00;
    7A82 : 00;
    7A83 : 00;
    7A84 : 00;
    7A85 : 00;
    7A86 : 00;
    7A87 : 00;
    7A88 : 00;
    7A89 : 00;
    7A8A : 00;
    7A8B : 00;
    7A8C : 00;
    7A8D : 00;
    7A8E : 00;
    7A8F : 00;
    7A90 : 00;
    7A91 : 00;
    7A92 : 00;
    7A93 : 00;
    7A94 : 00;
    7A95 : 00;
    7A96 : 00;
    7A97 : 00;
    7A98 : 00;
    7A99 : 00;
    7A9A : 00;
    7A9B : 00;
    7A9C : 00;
    7A9D : 00;
    7A9E : 00;
    7A9F : 00;
    7AA0 : 00;
    7AA1 : 00;
    7AA2 : 00;
    7AA3 : 00;
    7AA4 : 00;
    7AA5 : 00;
    7AA6 : 00;
    7AA7 : 00;
    7AA8 : 00;
    7AA9 : 00;
    7AAA : 00;
    7AAB : 00;
    7AAC : 00;
    7AAD : 00;
    7AAE : 00;
    7AAF : 00;
    7AB0 : 00;
    7AB1 : 00;
    7AB2 : 00;
    7AB3 : 00;
    7AB4 : 00;
    7AB5 : 00;
    7AB6 : 00;
    7AB7 : 00;
    7AB8 : 00;
    7AB9 : 00;
    7ABA : 00;
    7ABB : 00;
    7ABC : 00;
    7ABD : 00;
    7ABE : 00;
    7ABF : 00;
    7AC0 : 00;
    7AC1 : 00;
    7AC2 : 00;
    7AC3 : 00;
    7AC4 : 00;
    7AC5 : 00;
    7AC6 : 00;
    7AC7 : 00;
    7AC8 : 00;
    7AC9 : 00;
    7ACA : 00;
    7ACB : 00;
    7ACC : 00;
    7ACD : 00;
    7ACE : 00;
    7ACF : 00;
    7AD0 : 00;
    7AD1 : 00;
    7AD2 : 00;
    7AD3 : 00;
    7AD4 : 00;
    7AD5 : 00;
    7AD6 : 00;
    7AD7 : 00;
    7AD8 : 00;
    7AD9 : 00;
    7ADA : 00;
    7ADB : 00;
    7ADC : 00;
    7ADD : 00;
    7ADE : 00;
    7ADF : 00;
    7AE0 : 00;
    7AE1 : 00;
    7AE2 : 00;
    7AE3 : 00;
    7AE4 : 00;
    7AE5 : 00;
    7AE6 : 00;
    7AE7 : 00;
    7AE8 : 00;
    7AE9 : 00;
    7AEA : 00;
    7AEB : 00;
    7AEC : 00;
    7AED : 00;
    7AEE : 00;
    7AEF : 00;
    7AF0 : 00;
    7AF1 : 00;
    7AF2 : 00;
    7AF3 : 00;
    7AF4 : 00;
    7AF5 : 00;
    7AF6 : 00;
    7AF7 : 00;
    7AF8 : 00;
    7AF9 : 00;
    7AFA : 00;
    7AFB : 00;
    7AFC : 00;
    7AFD : 00;
    7AFE : 00;
    7AFF : 00;
    7B00 : 00;
    7B01 : 00;
    7B02 : 00;
    7B03 : 00;
    7B04 : 00;
    7B05 : 00;
    7B06 : 00;
    7B07 : 00;
    7B08 : 00;
    7B09 : 00;
    7B0A : 00;
    7B0B : 00;
    7B0C : 00;
    7B0D : 00;
    7B0E : 00;
    7B0F : 00;
    7B10 : 00;
    7B11 : 00;
    7B12 : 00;
    7B13 : 00;
    7B14 : 00;
    7B15 : 00;
    7B16 : 00;
    7B17 : 00;
    7B18 : 00;
    7B19 : 00;
    7B1A : 00;
    7B1B : 00;
    7B1C : 00;
    7B1D : 00;
    7B1E : 00;
    7B1F : 00;
    7B20 : 00;
    7B21 : 00;
    7B22 : 00;
    7B23 : 00;
    7B24 : 00;
    7B25 : 00;
    7B26 : 00;
    7B27 : 00;
    7B28 : 00;
    7B29 : 00;
    7B2A : 00;
    7B2B : 00;
    7B2C : 00;
    7B2D : 00;
    7B2E : 00;
    7B2F : 00;
    7B30 : 00;
    7B31 : 00;
    7B32 : 00;
    7B33 : 00;
    7B34 : 00;
    7B35 : 00;
    7B36 : 00;
    7B37 : 00;
    7B38 : 00;
    7B39 : 00;
    7B3A : 00;
    7B3B : 00;
    7B3C : 00;
    7B3D : 00;
    7B3E : 00;
    7B3F : 00;
    7B40 : 00;
    7B41 : 00;
    7B42 : 00;
    7B43 : 00;
    7B44 : 00;
    7B45 : 00;
    7B46 : 00;
    7B47 : 00;
    7B48 : 00;
    7B49 : 00;
    7B4A : 00;
    7B4B : 00;
    7B4C : 00;
    7B4D : 00;
    7B4E : 00;
    7B4F : 00;
    7B50 : 00;
    7B51 : 00;
    7B52 : 00;
    7B53 : 00;
    7B54 : 00;
    7B55 : 00;
    7B56 : 00;
    7B57 : 00;
    7B58 : 00;
    7B59 : 00;
    7B5A : 00;
    7B5B : 00;
    7B5C : 00;
    7B5D : 00;
    7B5E : 00;
    7B5F : 00;
    7B60 : 00;
    7B61 : 00;
    7B62 : 00;
    7B63 : 00;
    7B64 : 00;
    7B65 : 00;
    7B66 : 00;
    7B67 : 00;
    7B68 : 00;
    7B69 : 00;
    7B6A : 00;
    7B6B : 00;
    7B6C : 00;
    7B6D : 00;
    7B6E : 00;
    7B6F : 00;
    7B70 : 00;
    7B71 : 00;
    7B72 : 00;
    7B73 : 00;
    7B74 : 00;
    7B75 : 00;
    7B76 : 00;
    7B77 : 00;
    7B78 : 00;
    7B79 : 00;
    7B7A : 00;
    7B7B : 00;
    7B7C : 00;
    7B7D : 00;
    7B7E : 00;
    7B7F : 00;
    7B80 : 00;
    7B81 : 00;
    7B82 : 00;
    7B83 : 00;
    7B84 : 00;
    7B85 : 00;
    7B86 : 00;
    7B87 : 00;
    7B88 : 00;
    7B89 : 00;
    7B8A : 00;
    7B8B : 00;
    7B8C : 00;
    7B8D : 00;
    7B8E : 00;
    7B8F : 00;
    7B90 : 00;
    7B91 : 00;
    7B92 : 00;
    7B93 : 00;
    7B94 : 00;
    7B95 : 00;
    7B96 : 00;
    7B97 : 00;
    7B98 : 00;
    7B99 : 00;
    7B9A : 00;
    7B9B : 00;
    7B9C : 00;
    7B9D : 00;
    7B9E : 00;
    7B9F : 00;
    7BA0 : 00;
    7BA1 : 00;
    7BA2 : 00;
    7BA3 : 00;
    7BA4 : 00;
    7BA5 : 00;
    7BA6 : 00;
    7BA7 : 00;
    7BA8 : 00;
    7BA9 : 00;
    7BAA : 00;
    7BAB : 00;
    7BAC : 00;
    7BAD : 00;
    7BAE : 00;
    7BAF : 00;
    7BB0 : 00;
    7BB1 : 00;
    7BB2 : 00;
    7BB3 : 00;
    7BB4 : 00;
    7BB5 : 00;
    7BB6 : 00;
    7BB7 : 00;
    7BB8 : 00;
    7BB9 : 00;
    7BBA : 00;
    7BBB : 00;
    7BBC : 00;
    7BBD : 00;
    7BBE : 00;
    7BBF : 00;
    7BC0 : 00;
    7BC1 : 00;
    7BC2 : 00;
    7BC3 : 00;
    7BC4 : 00;
    7BC5 : 00;
    7BC6 : 00;
    7BC7 : 00;
    7BC8 : 00;
    7BC9 : 00;
    7BCA : 00;
    7BCB : 00;
    7BCC : 00;
    7BCD : 00;
    7BCE : 00;
    7BCF : 00;
    7BD0 : 00;
    7BD1 : 00;
    7BD2 : 00;
    7BD3 : 00;
    7BD4 : 00;
    7BD5 : 00;
    7BD6 : 00;
    7BD7 : 00;
    7BD8 : 00;
    7BD9 : 00;
    7BDA : 00;
    7BDB : 00;
    7BDC : 00;
    7BDD : 00;
    7BDE : 00;
    7BDF : 00;
    7BE0 : 00;
    7BE1 : 00;
    7BE2 : 00;
    7BE3 : 00;
    7BE4 : 00;
    7BE5 : 00;
    7BE6 : 00;
    7BE7 : 00;
    7BE8 : 00;
    7BE9 : 00;
    7BEA : 00;
    7BEB : 00;
    7BEC : 00;
    7BED : 00;
    7BEE : 00;
    7BEF : 00;
    7BF0 : 00;
    7BF1 : 00;
    7BF2 : 00;
    7BF3 : 00;
    7BF4 : 00;
    7BF5 : 00;
    7BF6 : 00;
    7BF7 : 00;
    7BF8 : 00;
    7BF9 : 00;
    7BFA : 00;
    7BFB : 00;
    7BFC : 00;
    7BFD : 00;
    7BFE : 00;
    7BFF : 00;
    7C00 : 00;
    7C01 : 00;
    7C02 : 00;
    7C03 : 00;
    7C04 : 00;
    7C05 : 00;
    7C06 : 00;
    7C07 : 00;
    7C08 : 00;
    7C09 : 00;
    7C0A : 00;
    7C0B : 00;
    7C0C : 00;
    7C0D : 00;
    7C0E : 00;
    7C0F : 00;
    7C10 : 00;
    7C11 : 00;
    7C12 : 00;
    7C13 : 00;
    7C14 : 00;
    7C15 : 00;
    7C16 : 00;
    7C17 : 00;
    7C18 : 00;
    7C19 : 00;
    7C1A : 00;
    7C1B : 00;
    7C1C : 00;
    7C1D : 00;
    7C1E : 00;
    7C1F : 00;
    7C20 : 00;
    7C21 : 00;
    7C22 : 00;
    7C23 : 00;
    7C24 : 00;
    7C25 : 00;
    7C26 : 00;
    7C27 : 00;
    7C28 : 00;
    7C29 : 00;
    7C2A : 00;
    7C2B : 00;
    7C2C : 00;
    7C2D : 00;
    7C2E : 00;
    7C2F : 00;
    7C30 : 00;
    7C31 : 00;
    7C32 : 00;
    7C33 : 00;
    7C34 : 00;
    7C35 : 00;
    7C36 : 00;
    7C37 : 00;
    7C38 : 00;
    7C39 : 00;
    7C3A : 00;
    7C3B : 00;
    7C3C : 00;
    7C3D : 00;
    7C3E : 00;
    7C3F : 00;
    7C40 : 00;
    7C41 : 00;
    7C42 : 00;
    7C43 : 00;
    7C44 : 00;
    7C45 : 00;
    7C46 : 00;
    7C47 : 00;
    7C48 : 00;
    7C49 : 00;
    7C4A : 00;
    7C4B : 00;
    7C4C : 00;
    7C4D : 00;
    7C4E : 00;
    7C4F : 00;
    7C50 : 00;
    7C51 : 00;
    7C52 : 00;
    7C53 : 00;
    7C54 : 00;
    7C55 : 00;
    7C56 : 00;
    7C57 : 00;
    7C58 : 00;
    7C59 : 00;
    7C5A : 00;
    7C5B : 00;
    7C5C : 00;
    7C5D : 00;
    7C5E : 00;
    7C5F : 00;
    7C60 : 00;
    7C61 : 00;
    7C62 : 00;
    7C63 : 00;
    7C64 : 00;
    7C65 : 00;
    7C66 : 00;
    7C67 : 00;
    7C68 : 00;
    7C69 : 00;
    7C6A : 00;
    7C6B : 00;
    7C6C : 00;
    7C6D : 00;
    7C6E : 00;
    7C6F : 00;
    7C70 : 00;
    7C71 : 00;
    7C72 : 00;
    7C73 : 00;
    7C74 : 00;
    7C75 : 00;
    7C76 : 00;
    7C77 : 00;
    7C78 : 00;
    7C79 : 00;
    7C7A : 00;
    7C7B : 00;
    7C7C : 00;
    7C7D : 00;
    7C7E : 00;
    7C7F : 00;
    7C80 : 00;
    7C81 : 00;
    7C82 : 00;
    7C83 : 00;
    7C84 : 00;
    7C85 : 00;
    7C86 : 00;
    7C87 : 00;
    7C88 : 00;
    7C89 : 00;
    7C8A : 00;
    7C8B : 00;
    7C8C : 00;
    7C8D : 00;
    7C8E : 00;
    7C8F : 00;
    7C90 : 00;
    7C91 : 00;
    7C92 : 00;
    7C93 : 00;
    7C94 : 00;
    7C95 : 00;
    7C96 : 00;
    7C97 : 00;
    7C98 : 00;
    7C99 : 00;
    7C9A : 00;
    7C9B : 00;
    7C9C : 00;
    7C9D : 00;
    7C9E : 00;
    7C9F : 00;
    7CA0 : 00;
    7CA1 : 00;
    7CA2 : 00;
    7CA3 : 00;
    7CA4 : 00;
    7CA5 : 00;
    7CA6 : 00;
    7CA7 : 00;
    7CA8 : 00;
    7CA9 : 00;
    7CAA : 00;
    7CAB : 00;
    7CAC : 00;
    7CAD : 00;
    7CAE : 00;
    7CAF : 00;
    7CB0 : 00;
    7CB1 : 00;
    7CB2 : 00;
    7CB3 : 00;
    7CB4 : 00;
    7CB5 : 00;
    7CB6 : 00;
    7CB7 : 00;
    7CB8 : 00;
    7CB9 : 00;
    7CBA : 00;
    7CBB : 00;
    7CBC : 00;
    7CBD : 00;
    7CBE : 00;
    7CBF : 00;
    7CC0 : 00;
    7CC1 : 00;
    7CC2 : 00;
    7CC3 : 00;
    7CC4 : 00;
    7CC5 : 00;
    7CC6 : 00;
    7CC7 : 00;
    7CC8 : 00;
    7CC9 : 00;
    7CCA : 00;
    7CCB : 00;
    7CCC : 00;
    7CCD : 00;
    7CCE : 00;
    7CCF : 00;
    7CD0 : 00;
    7CD1 : 00;
    7CD2 : 00;
    7CD3 : 00;
    7CD4 : 00;
    7CD5 : 00;
    7CD6 : 00;
    7CD7 : 00;
    7CD8 : 00;
    7CD9 : 00;
    7CDA : 00;
    7CDB : 00;
    7CDC : 00;
    7CDD : 00;
    7CDE : 00;
    7CDF : 00;
    7CE0 : 00;
    7CE1 : 00;
    7CE2 : 00;
    7CE3 : 00;
    7CE4 : 00;
    7CE5 : 00;
    7CE6 : 00;
    7CE7 : 00;
    7CE8 : 00;
    7CE9 : 00;
    7CEA : 00;
    7CEB : 00;
    7CEC : 00;
    7CED : 00;
    7CEE : 00;
    7CEF : 00;
    7CF0 : 00;
    7CF1 : 00;
    7CF2 : 00;
    7CF3 : 00;
    7CF4 : 00;
    7CF5 : 00;
    7CF6 : 00;
    7CF7 : 00;
    7CF8 : 00;
    7CF9 : 00;
    7CFA : 00;
    7CFB : 00;
    7CFC : 00;
    7CFD : 00;
    7CFE : 00;
    7CFF : 00;
    7D00 : 00;
    7D01 : 00;
    7D02 : 00;
    7D03 : 00;
    7D04 : 00;
    7D05 : 00;
    7D06 : 00;
    7D07 : 00;
    7D08 : 00;
    7D09 : 00;
    7D0A : 00;
    7D0B : 00;
    7D0C : 00;
    7D0D : 00;
    7D0E : 00;
    7D0F : 00;
    7D10 : 00;
    7D11 : 00;
    7D12 : 00;
    7D13 : 00;
    7D14 : 00;
    7D15 : 00;
    7D16 : 00;
    7D17 : 00;
    7D18 : 00;
    7D19 : 00;
    7D1A : 00;
    7D1B : 00;
    7D1C : 00;
    7D1D : 00;
    7D1E : 00;
    7D1F : 00;
    7D20 : 00;
    7D21 : 00;
    7D22 : 00;
    7D23 : 00;
    7D24 : 00;
    7D25 : 00;
    7D26 : 00;
    7D27 : 00;
    7D28 : 00;
    7D29 : 00;
    7D2A : 00;
    7D2B : 00;
    7D2C : 00;
    7D2D : 00;
    7D2E : 00;
    7D2F : 00;
    7D30 : 00;
    7D31 : 00;
    7D32 : 00;
    7D33 : 00;
    7D34 : 00;
    7D35 : 00;
    7D36 : 00;
    7D37 : 00;
    7D38 : 00;
    7D39 : 00;
    7D3A : 00;
    7D3B : 00;
    7D3C : 00;
    7D3D : 00;
    7D3E : 00;
    7D3F : 00;
    7D40 : 00;
    7D41 : 00;
    7D42 : 00;
    7D43 : 00;
    7D44 : 00;
    7D45 : 00;
    7D46 : 00;
    7D47 : 00;
    7D48 : 00;
    7D49 : 00;
    7D4A : 00;
    7D4B : 00;
    7D4C : 00;
    7D4D : 00;
    7D4E : 00;
    7D4F : 00;
    7D50 : 00;
    7D51 : 00;
    7D52 : 00;
    7D53 : 00;
    7D54 : 00;
    7D55 : 00;
    7D56 : 00;
    7D57 : 00;
    7D58 : 00;
    7D59 : 00;
    7D5A : 00;
    7D5B : 00;
    7D5C : 00;
    7D5D : 00;
    7D5E : 00;
    7D5F : 00;
    7D60 : 00;
    7D61 : 00;
    7D62 : 00;
    7D63 : 00;
    7D64 : 00;
    7D65 : 00;
    7D66 : 00;
    7D67 : 00;
    7D68 : 00;
    7D69 : 00;
    7D6A : 00;
    7D6B : 00;
    7D6C : 00;
    7D6D : 00;
    7D6E : 00;
    7D6F : 00;
    7D70 : 00;
    7D71 : 00;
    7D72 : 00;
    7D73 : 00;
    7D74 : 00;
    7D75 : 00;
    7D76 : 00;
    7D77 : 00;
    7D78 : 00;
    7D79 : 00;
    7D7A : 00;
    7D7B : 00;
    7D7C : 00;
    7D7D : 00;
    7D7E : 00;
    7D7F : 00;
    7D80 : 00;
    7D81 : 00;
    7D82 : 00;
    7D83 : 00;
    7D84 : 00;
    7D85 : 00;
    7D86 : 00;
    7D87 : 00;
    7D88 : 00;
    7D89 : 00;
    7D8A : 00;
    7D8B : 00;
    7D8C : 00;
    7D8D : 00;
    7D8E : 00;
    7D8F : 00;
    7D90 : 00;
    7D91 : 00;
    7D92 : 00;
    7D93 : 00;
    7D94 : 00;
    7D95 : 00;
    7D96 : 00;
    7D97 : 00;
    7D98 : 00;
    7D99 : 00;
    7D9A : 00;
    7D9B : 00;
    7D9C : 00;
    7D9D : 00;
    7D9E : 00;
    7D9F : 00;
    7DA0 : 00;
    7DA1 : 00;
    7DA2 : 00;
    7DA3 : 00;
    7DA4 : 00;
    7DA5 : 00;
    7DA6 : 00;
    7DA7 : 00;
    7DA8 : 00;
    7DA9 : 00;
    7DAA : 00;
    7DAB : 00;
    7DAC : 00;
    7DAD : 00;
    7DAE : 00;
    7DAF : 00;
    7DB0 : 00;
    7DB1 : 00;
    7DB2 : 00;
    7DB3 : 00;
    7DB4 : 00;
    7DB5 : 00;
    7DB6 : 00;
    7DB7 : 00;
    7DB8 : 00;
    7DB9 : 00;
    7DBA : 00;
    7DBB : 00;
    7DBC : 00;
    7DBD : 00;
    7DBE : 00;
    7DBF : 00;
    7DC0 : 00;
    7DC1 : 00;
    7DC2 : 00;
    7DC3 : 00;
    7DC4 : 00;
    7DC5 : 00;
    7DC6 : 00;
    7DC7 : 00;
    7DC8 : 00;
    7DC9 : 00;
    7DCA : 00;
    7DCB : 00;
    7DCC : 00;
    7DCD : 00;
    7DCE : 00;
    7DCF : 00;
    7DD0 : 00;
    7DD1 : 00;
    7DD2 : 00;
    7DD3 : 00;
    7DD4 : 00;
    7DD5 : 00;
    7DD6 : 00;
    7DD7 : 00;
    7DD8 : 00;
    7DD9 : 00;
    7DDA : 00;
    7DDB : 00;
    7DDC : 00;
    7DDD : 00;
    7DDE : 00;
    7DDF : 00;
    7DE0 : 00;
    7DE1 : 00;
    7DE2 : 00;
    7DE3 : 00;
    7DE4 : 00;
    7DE5 : 00;
    7DE6 : 00;
    7DE7 : 00;
    7DE8 : 00;
    7DE9 : 00;
    7DEA : 00;
    7DEB : 00;
    7DEC : 00;
    7DED : 00;
    7DEE : 00;
    7DEF : 00;
    7DF0 : 00;
    7DF1 : 00;
    7DF2 : 00;
    7DF3 : 00;
    7DF4 : 00;
    7DF5 : 00;
    7DF6 : 00;
    7DF7 : 00;
    7DF8 : 00;
    7DF9 : 00;
    7DFA : 00;
    7DFB : 00;
    7DFC : 00;
    7DFD : 00;
    7DFE : 00;
    7DFF : 00;
    7E00 : 00;
    7E01 : 00;
    7E02 : 00;
    7E03 : 00;
    7E04 : 00;
    7E05 : 00;
    7E06 : 00;
    7E07 : 00;
    7E08 : 00;
    7E09 : 00;
    7E0A : 00;
    7E0B : 00;
    7E0C : 00;
    7E0D : 00;
    7E0E : 00;
    7E0F : 00;
    7E10 : 00;
    7E11 : 00;
    7E12 : 00;
    7E13 : 00;
    7E14 : 00;
    7E15 : 00;
    7E16 : 00;
    7E17 : 00;
    7E18 : 00;
    7E19 : 00;
    7E1A : 00;
    7E1B : 00;
    7E1C : 00;
    7E1D : 00;
    7E1E : 00;
    7E1F : 00;
    7E20 : 00;
    7E21 : 00;
    7E22 : 00;
    7E23 : 00;
    7E24 : 00;
    7E25 : 00;
    7E26 : 00;
    7E27 : 00;
    7E28 : 00;
    7E29 : 00;
    7E2A : 00;
    7E2B : 00;
    7E2C : 00;
    7E2D : 00;
    7E2E : 00;
    7E2F : 00;
    7E30 : 00;
    7E31 : 00;
    7E32 : 00;
    7E33 : 00;
    7E34 : 00;
    7E35 : 00;
    7E36 : 00;
    7E37 : 00;
    7E38 : 00;
    7E39 : 00;
    7E3A : 00;
    7E3B : 00;
    7E3C : 00;
    7E3D : 00;
    7E3E : 00;
    7E3F : 00;
    7E40 : 00;
    7E41 : 00;
    7E42 : 00;
    7E43 : 00;
    7E44 : 00;
    7E45 : 00;
    7E46 : 00;
    7E47 : 00;
    7E48 : 00;
    7E49 : 00;
    7E4A : 00;
    7E4B : 00;
    7E4C : 00;
    7E4D : 00;
    7E4E : 00;
    7E4F : 00;
    7E50 : 00;
    7E51 : 00;
    7E52 : 00;
    7E53 : 00;
    7E54 : 00;
    7E55 : 00;
    7E56 : 00;
    7E57 : 00;
    7E58 : 00;
    7E59 : 00;
    7E5A : 00;
    7E5B : 00;
    7E5C : 00;
    7E5D : 00;
    7E5E : 00;
    7E5F : 00;
    7E60 : 00;
    7E61 : 00;
    7E62 : 00;
    7E63 : 00;
    7E64 : 00;
    7E65 : 00;
    7E66 : 00;
    7E67 : 00;
    7E68 : 00;
    7E69 : 00;
    7E6A : 00;
    7E6B : 00;
    7E6C : 00;
    7E6D : 00;
    7E6E : 00;
    7E6F : 00;
    7E70 : 00;
    7E71 : 00;
    7E72 : 00;
    7E73 : 00;
    7E74 : 00;
    7E75 : 00;
    7E76 : 00;
    7E77 : 00;
    7E78 : 00;
    7E79 : 00;
    7E7A : 00;
    7E7B : 00;
    7E7C : 00;
    7E7D : 00;
    7E7E : 00;
    7E7F : 00;
    7E80 : 00;
    7E81 : 00;
    7E82 : 00;
    7E83 : 00;
    7E84 : 00;
    7E85 : 00;
    7E86 : 00;
    7E87 : 00;
    7E88 : 00;
    7E89 : 00;
    7E8A : 00;
    7E8B : 00;
    7E8C : 00;
    7E8D : 00;
    7E8E : 00;
    7E8F : 00;
    7E90 : 00;
    7E91 : 00;
    7E92 : 00;
    7E93 : 00;
    7E94 : 00;
    7E95 : 00;
    7E96 : 00;
    7E97 : 00;
    7E98 : 00;
    7E99 : 00;
    7E9A : 00;
    7E9B : 00;
    7E9C : 00;
    7E9D : 00;
    7E9E : 00;
    7E9F : 00;
    7EA0 : 00;
    7EA1 : 00;
    7EA2 : 00;
    7EA3 : 00;
    7EA4 : 00;
    7EA5 : 00;
    7EA6 : 00;
    7EA7 : 00;
    7EA8 : 00;
    7EA9 : 00;
    7EAA : 00;
    7EAB : 00;
    7EAC : 00;
    7EAD : 00;
    7EAE : 00;
    7EAF : 00;
    7EB0 : 00;
    7EB1 : 00;
    7EB2 : 00;
    7EB3 : 00;
    7EB4 : 00;
    7EB5 : 00;
    7EB6 : 00;
    7EB7 : 00;
    7EB8 : 00;
    7EB9 : 00;
    7EBA : 00;
    7EBB : 00;
    7EBC : 00;
    7EBD : 00;
    7EBE : 00;
    7EBF : 00;
    7EC0 : 00;
    7EC1 : 00;
    7EC2 : 00;
    7EC3 : 00;
    7EC4 : 00;
    7EC5 : 00;
    7EC6 : 00;
    7EC7 : 00;
    7EC8 : 00;
    7EC9 : 00;
    7ECA : 00;
    7ECB : 00;
    7ECC : 00;
    7ECD : 00;
    7ECE : 00;
    7ECF : 00;
    7ED0 : 00;
    7ED1 : 00;
    7ED2 : 00;
    7ED3 : 00;
    7ED4 : 00;
    7ED5 : 00;
    7ED6 : 00;
    7ED7 : 00;
    7ED8 : 00;
    7ED9 : 00;
    7EDA : 00;
    7EDB : 00;
    7EDC : 00;
    7EDD : 00;
    7EDE : 00;
    7EDF : 00;
    7EE0 : 00;
    7EE1 : 00;
    7EE2 : 00;
    7EE3 : 00;
    7EE4 : 00;
    7EE5 : 00;
    7EE6 : 00;
    7EE7 : 00;
    7EE8 : 00;
    7EE9 : 00;
    7EEA : 00;
    7EEB : 00;
    7EEC : 00;
    7EED : 00;
    7EEE : 00;
    7EEF : 00;
    7EF0 : 00;
    7EF1 : 00;
    7EF2 : 00;
    7EF3 : 00;
    7EF4 : 00;
    7EF5 : 00;
    7EF6 : 00;
    7EF7 : 00;
    7EF8 : 00;
    7EF9 : 00;
    7EFA : 00;
    7EFB : 00;
    7EFC : 00;
    7EFD : 00;
    7EFE : 00;
    7EFF : 00;
    7F00 : 00;
    7F01 : 00;
    7F02 : 00;
    7F03 : 00;
    7F04 : 00;
    7F05 : 00;
    7F06 : 00;
    7F07 : 00;
    7F08 : 00;
    7F09 : 00;
    7F0A : 00;
    7F0B : 00;
    7F0C : 00;
    7F0D : 00;
    7F0E : 00;
    7F0F : 00;
    7F10 : 00;
    7F11 : 00;
    7F12 : 00;
    7F13 : 00;
    7F14 : 00;
    7F15 : 00;
    7F16 : 00;
    7F17 : 00;
    7F18 : 00;
    7F19 : 00;
    7F1A : 00;
    7F1B : 00;
    7F1C : 00;
    7F1D : 00;
    7F1E : 00;
    7F1F : 00;
    7F20 : 00;
    7F21 : 00;
    7F22 : 00;
    7F23 : 00;
    7F24 : 00;
    7F25 : 00;
    7F26 : 00;
    7F27 : 00;
    7F28 : 00;
    7F29 : 00;
    7F2A : 00;
    7F2B : 00;
    7F2C : 00;
    7F2D : 00;
    7F2E : 00;
    7F2F : 00;
    7F30 : 00;
    7F31 : 00;
    7F32 : 00;
    7F33 : 00;
    7F34 : 00;
    7F35 : 00;
    7F36 : 00;
    7F37 : 00;
    7F38 : 00;
    7F39 : 00;
    7F3A : 00;
    7F3B : 00;
    7F3C : 00;
    7F3D : 00;
    7F3E : 00;
    7F3F : 00;
    7F40 : 00;
    7F41 : 00;
    7F42 : 00;
    7F43 : 00;
    7F44 : 00;
    7F45 : 00;
    7F46 : 00;
    7F47 : 00;
    7F48 : 00;
    7F49 : 00;
    7F4A : 00;
    7F4B : 00;
    7F4C : 00;
    7F4D : 00;
    7F4E : 00;
    7F4F : 00;
    7F50 : 00;
    7F51 : 00;
    7F52 : 00;
    7F53 : 00;
    7F54 : 00;
    7F55 : 00;
    7F56 : 00;
    7F57 : 00;
    7F58 : 00;
    7F59 : 00;
    7F5A : 00;
    7F5B : 00;
    7F5C : 00;
    7F5D : 00;
    7F5E : 00;
    7F5F : 00;
    7F60 : 00;
    7F61 : 00;
    7F62 : 00;
    7F63 : 00;
    7F64 : 00;
    7F65 : 00;
    7F66 : 00;
    7F67 : 00;
    7F68 : 00;
    7F69 : 00;
    7F6A : 00;
    7F6B : 00;
    7F6C : 00;
    7F6D : 00;
    7F6E : 00;
    7F6F : 00;
    7F70 : 00;
    7F71 : 00;
    7F72 : 00;
    7F73 : 00;
    7F74 : 00;
    7F75 : 00;
    7F76 : 00;
    7F77 : 00;
    7F78 : 00;
    7F79 : 00;
    7F7A : 00;
    7F7B : 00;
    7F7C : 00;
    7F7D : 00;
    7F7E : 00;
    7F7F : 00;
    7F80 : 00;
    7F81 : 00;
    7F82 : 00;
    7F83 : 00;
    7F84 : 00;
    7F85 : 00;
    7F86 : 00;
    7F87 : 00;
    7F88 : 00;
    7F89 : 00;
    7F8A : 00;
    7F8B : 00;
    7F8C : 00;
    7F8D : 00;
    7F8E : 00;
    7F8F : 00;
    7F90 : 00;
    7F91 : 00;
    7F92 : 00;
    7F93 : 00;
    7F94 : 00;
    7F95 : 00;
    7F96 : 00;
    7F97 : 00;
    7F98 : 00;
    7F99 : 00;
    7F9A : 00;
    7F9B : 00;
    7F9C : 00;
    7F9D : 00;
    7F9E : 00;
    7F9F : 00;
    7FA0 : 00;
    7FA1 : 00;
    7FA2 : 00;
    7FA3 : 00;
    7FA4 : 00;
    7FA5 : 00;
    7FA6 : 00;
    7FA7 : 00;
    7FA8 : 00;
    7FA9 : 00;
    7FAA : 00;
    7FAB : 00;
    7FAC : 00;
    7FAD : 00;
    7FAE : 00;
    7FAF : 00;
    7FB0 : 00;
    7FB1 : 00;
    7FB2 : 00;
    7FB3 : 00;
    7FB4 : 00;
    7FB5 : 00;
    7FB6 : 00;
    7FB7 : 00;
    7FB8 : 00;
    7FB9 : 00;
    7FBA : 00;
    7FBB : 00;
    7FBC : 00;
    7FBD : 00;
    7FBE : 00;
    7FBF : 00;
    7FC0 : 00;
    7FC1 : 00;
    7FC2 : 00;
    7FC3 : 00;
    7FC4 : 00;
    7FC5 : 00;
    7FC6 : 00;
    7FC7 : 00;
    7FC8 : 00;
    7FC9 : 00;
    7FCA : 00;
    7FCB : 00;
    7FCC : 00;
    7FCD : 00;
    7FCE : 00;
    7FCF : 00;
    7FD0 : 00;
    7FD1 : 00;
    7FD2 : 00;
    7FD3 : 00;
    7FD4 : 00;
    7FD5 : 00;
    7FD6 : 00;
    7FD7 : 00;
    7FD8 : 00;
    7FD9 : 00;
    7FDA : 00;
    7FDB : 00;
    7FDC : 00;
    7FDD : 00;
    7FDE : 00;
    7FDF : 00;
    7FE0 : 00;
    7FE1 : 00;
    7FE2 : 00;
    7FE3 : 00;
    7FE4 : 00;
    7FE5 : 00;
    7FE6 : 00;
    7FE7 : 00;
    7FE8 : 00;
    7FE9 : 00;
    7FEA : 00;
    7FEB : 00;
    7FEC : 00;
    7FED : 00;
    7FEE : 00;
    7FEF : 00;
    7FF0 : 00;
    7FF1 : 00;
    7FF2 : 00;
    7FF3 : 00;
    7FF4 : 00;
    7FF5 : 00;
    7FF6 : 00;
    7FF7 : 00;
    7FF8 : 00;
    7FF9 : 00;
    7FFA : 00;
    7FFB : 00;
    7FFC : 00;
    7FFD : 00;
    7FFE : 00;
    7FFF : 00;
END;
