-- Converted from: cool-plane.jpg
-- Image size: 200x150 pixels, row-major order
-- Color depth: 4-bit palette index (16 colors)

DEPTH = 30000;
WIDTH = 4;

ADDRESS_RADIX = HEX;
DATA_RADIX = HEX;

CONTENT BEGIN
    0 : 0;
    1 : 0;
    2 : 0;
    3 : 0;
    4 : 0;
    5 : 0;
    6 : 0;
    7 : 0;
    8 : 0;
    9 : 0;
    A : 0;
    B : 0;
    C : 0;
    D : 0;
    E : 0;
    F : 0;
    10 : 0;
    11 : 0;
    12 : 0;
    13 : 0;
    14 : 0;
    15 : 0;
    16 : 0;
    17 : 0;
    18 : 0;
    19 : 0;
    1A : 0;
    1B : 1;
    1C : 1;
    1D : 1;
    1E : 1;
    1F : 1;
    20 : 1;
    21 : 1;
    22 : 1;
    23 : 1;
    24 : 1;
    25 : 1;
    26 : 1;
    27 : 1;
    28 : 2;
    29 : 2;
    2A : 2;
    2B : 2;
    2C : 2;
    2D : 2;
    2E : 2;
    2F : 2;
    30 : 3;
    31 : 3;
    32 : 3;
    33 : 3;
    34 : 3;
    35 : 3;
    36 : 3;
    37 : 4;
    38 : 4;
    39 : 4;
    3A : 4;
    3B : 5;
    3C : 5;
    3D : 6;
    3E : 6;
    3F : 7;
    40 : 8;
    41 : 9;
    42 : 9;
    43 : A;
    44 : A;
    45 : A;
    46 : B;
    47 : B;
    48 : B;
    49 : B;
    4A : B;
    4B : C;
    4C : C;
    4D : C;
    4E : C;
    4F : C;
    50 : D;
    51 : D;
    52 : D;
    53 : D;
    54 : E;
    55 : D;
    56 : D;
    57 : D;
    58 : D;
    59 : D;
    5A : D;
    5B : D;
    5C : E;
    5D : E;
    5E : E;
    5F : E;
    60 : D;
    61 : D;
    62 : D;
    63 : D;
    64 : D;
    65 : D;
    66 : D;
    67 : D;
    68 : D;
    69 : D;
    6A : D;
    6B : D;
    6C : D;
    6D : C;
    6E : C;
    6F : C;
    70 : C;
    71 : C;
    72 : C;
    73 : C;
    74 : C;
    75 : C;
    76 : C;
    77 : C;
    78 : C;
    79 : C;
    7A : C;
    7B : C;
    7C : C;
    7D : C;
    7E : C;
    7F : C;
    80 : C;
    81 : C;
    82 : C;
    83 : C;
    84 : C;
    85 : C;
    86 : C;
    87 : C;
    88 : B;
    89 : C;
    8A : D;
    8B : C;
    8C : C;
    8D : C;
    8E : C;
    8F : C;
    90 : C;
    91 : C;
    92 : C;
    93 : C;
    94 : C;
    95 : C;
    96 : C;
    97 : B;
    98 : B;
    99 : C;
    9A : C;
    9B : C;
    9C : C;
    9D : C;
    9E : C;
    9F : C;
    A0 : B;
    A1 : B;
    A2 : B;
    A3 : B;
    A4 : B;
    A5 : B;
    A6 : B;
    A7 : C;
    A8 : C;
    A9 : C;
    AA : C;
    AB : C;
    AC : C;
    AD : C;
    AE : B;
    AF : B;
    B0 : B;
    B1 : B;
    B2 : B;
    B3 : B;
    B4 : B;
    B5 : B;
    B6 : B;
    B7 : B;
    B8 : B;
    B9 : B;
    BA : B;
    BB : B;
    BC : B;
    BD : B;
    BE : B;
    BF : A;
    C0 : B;
    C1 : B;
    C2 : B;
    C3 : B;
    C4 : B;
    C5 : B;
    C6 : B;
    C7 : A;
    C8 : 0;
    C9 : 0;
    CA : 0;
    CB : 0;
    CC : 0;
    CD : 0;
    CE : 0;
    CF : 0;
    D0 : 0;
    D1 : 0;
    D2 : 0;
    D3 : 0;
    D4 : 0;
    D5 : 0;
    D6 : 0;
    D7 : 0;
    D8 : 0;
    D9 : 0;
    DA : 0;
    DB : 0;
    DC : 0;
    DD : 0;
    DE : 0;
    DF : 0;
    E0 : 0;
    E1 : 1;
    E2 : 1;
    E3 : 1;
    E4 : 1;
    E5 : 1;
    E6 : 1;
    E7 : 1;
    E8 : 1;
    E9 : 1;
    EA : 1;
    EB : 1;
    EC : 1;
    ED : 2;
    EE : 2;
    EF : 2;
    F0 : 2;
    F1 : 2;
    F2 : 2;
    F3 : 2;
    F4 : 2;
    F5 : 2;
    F6 : 3;
    F7 : 3;
    F8 : 3;
    F9 : 3;
    FA : 3;
    FB : 3;
    FC : 4;
    FD : 4;
    FE : 4;
    FF : 4;
    100 : 5;
    101 : 5;
    102 : 6;
    103 : 6;
    104 : 7;
    105 : 8;
    106 : 8;
    107 : 9;
    108 : 9;
    109 : A;
    10A : A;
    10B : B;
    10C : B;
    10D : B;
    10E : B;
    10F : C;
    110 : C;
    111 : C;
    112 : C;
    113 : C;
    114 : C;
    115 : C;
    116 : D;
    117 : D;
    118 : D;
    119 : D;
    11A : D;
    11B : D;
    11C : D;
    11D : D;
    11E : D;
    11F : D;
    120 : D;
    121 : E;
    122 : E;
    123 : E;
    124 : E;
    125 : E;
    126 : E;
    127 : E;
    128 : D;
    129 : D;
    12A : D;
    12B : D;
    12C : D;
    12D : D;
    12E : D;
    12F : D;
    130 : D;
    131 : D;
    132 : D;
    133 : D;
    134 : C;
    135 : C;
    136 : C;
    137 : C;
    138 : C;
    139 : C;
    13A : C;
    13B : C;
    13C : C;
    13D : C;
    13E : C;
    13F : C;
    140 : C;
    141 : C;
    142 : C;
    143 : C;
    144 : C;
    145 : C;
    146 : C;
    147 : C;
    148 : C;
    149 : C;
    14A : C;
    14B : C;
    14C : C;
    14D : C;
    14E : C;
    14F : C;
    150 : C;
    151 : C;
    152 : C;
    153 : C;
    154 : C;
    155 : C;
    156 : C;
    157 : C;
    158 : C;
    159 : C;
    15A : C;
    15B : C;
    15C : C;
    15D : C;
    15E : C;
    15F : C;
    160 : B;
    161 : B;
    162 : B;
    163 : B;
    164 : B;
    165 : B;
    166 : B;
    167 : B;
    168 : C;
    169 : C;
    16A : C;
    16B : C;
    16C : C;
    16D : B;
    16E : C;
    16F : C;
    170 : C;
    171 : C;
    172 : C;
    173 : C;
    174 : B;
    175 : A;
    176 : A;
    177 : A;
    178 : B;
    179 : B;
    17A : B;
    17B : B;
    17C : B;
    17D : B;
    17E : B;
    17F : B;
    180 : B;
    181 : B;
    182 : B;
    183 : B;
    184 : A;
    185 : A;
    186 : B;
    187 : B;
    188 : B;
    189 : A;
    18A : A;
    18B : A;
    18C : A;
    18D : A;
    18E : A;
    18F : A;
    190 : 0;
    191 : 0;
    192 : 0;
    193 : 0;
    194 : 0;
    195 : 0;
    196 : 0;
    197 : 0;
    198 : 0;
    199 : 0;
    19A : 0;
    19B : 0;
    19C : 0;
    19D : 0;
    19E : 0;
    19F : 0;
    1A0 : 0;
    1A1 : 0;
    1A2 : 0;
    1A3 : 0;
    1A4 : 0;
    1A5 : 0;
    1A6 : 0;
    1A7 : 1;
    1A8 : 1;
    1A9 : 1;
    1AA : 1;
    1AB : 1;
    1AC : 1;
    1AD : 1;
    1AE : 1;
    1AF : 1;
    1B0 : 1;
    1B1 : 1;
    1B2 : 2;
    1B3 : 2;
    1B4 : 2;
    1B5 : 2;
    1B6 : 2;
    1B7 : 2;
    1B8 : 2;
    1B9 : 2;
    1BA : 2;
    1BB : 2;
    1BC : 3;
    1BD : 3;
    1BE : 3;
    1BF : 3;
    1C0 : 3;
    1C1 : 3;
    1C2 : 4;
    1C3 : 4;
    1C4 : 4;
    1C5 : 5;
    1C6 : 5;
    1C7 : 5;
    1C8 : 6;
    1C9 : 7;
    1CA : 8;
    1CB : 8;
    1CC : 9;
    1CD : 9;
    1CE : A;
    1CF : A;
    1D0 : B;
    1D1 : B;
    1D2 : B;
    1D3 : B;
    1D4 : C;
    1D5 : C;
    1D6 : C;
    1D7 : C;
    1D8 : C;
    1D9 : C;
    1DA : C;
    1DB : D;
    1DC : D;
    1DD : D;
    1DE : D;
    1DF : E;
    1E0 : E;
    1E1 : D;
    1E2 : D;
    1E3 : D;
    1E4 : D;
    1E5 : D;
    1E6 : D;
    1E7 : E;
    1E8 : E;
    1E9 : E;
    1EA : E;
    1EB : E;
    1EC : D;
    1ED : D;
    1EE : D;
    1EF : E;
    1F0 : E;
    1F1 : D;
    1F2 : D;
    1F3 : D;
    1F4 : D;
    1F5 : D;
    1F6 : D;
    1F7 : D;
    1F8 : D;
    1F9 : D;
    1FA : D;
    1FB : D;
    1FC : C;
    1FD : C;
    1FE : C;
    1FF : C;
    200 : C;
    201 : C;
    202 : C;
    203 : C;
    204 : C;
    205 : C;
    206 : C;
    207 : C;
    208 : C;
    209 : C;
    20A : C;
    20B : C;
    20C : C;
    20D : C;
    20E : C;
    20F : C;
    210 : C;
    211 : C;
    212 : C;
    213 : C;
    214 : C;
    215 : C;
    216 : B;
    217 : C;
    218 : C;
    219 : C;
    21A : C;
    21B : C;
    21C : C;
    21D : C;
    21E : C;
    21F : C;
    220 : C;
    221 : C;
    222 : C;
    223 : C;
    224 : C;
    225 : B;
    226 : C;
    227 : C;
    228 : C;
    229 : C;
    22A : C;
    22B : C;
    22C : C;
    22D : C;
    22E : C;
    22F : C;
    230 : C;
    231 : C;
    232 : C;
    233 : B;
    234 : C;
    235 : B;
    236 : C;
    237 : C;
    238 : B;
    239 : B;
    23A : B;
    23B : B;
    23C : A;
    23D : A;
    23E : A;
    23F : B;
    240 : B;
    241 : B;
    242 : B;
    243 : A;
    244 : A;
    245 : A;
    246 : B;
    247 : B;
    248 : B;
    249 : B;
    24A : A;
    24B : B;
    24C : B;
    24D : B;
    24E : B;
    24F : A;
    250 : A;
    251 : A;
    252 : A;
    253 : A;
    254 : A;
    255 : A;
    256 : A;
    257 : A;
    258 : 0;
    259 : 0;
    25A : 0;
    25B : 0;
    25C : 0;
    25D : 0;
    25E : 0;
    25F : 0;
    260 : 0;
    261 : 0;
    262 : 0;
    263 : 0;
    264 : 0;
    265 : 0;
    266 : 0;
    267 : 0;
    268 : 0;
    269 : 0;
    26A : 0;
    26B : 0;
    26C : 1;
    26D : 1;
    26E : 1;
    26F : 1;
    270 : 1;
    271 : 1;
    272 : 1;
    273 : 1;
    274 : 1;
    275 : 1;
    276 : 1;
    277 : 1;
    278 : 2;
    279 : 2;
    27A : 2;
    27B : 2;
    27C : 2;
    27D : 2;
    27E : 2;
    27F : 2;
    280 : 2;
    281 : 3;
    282 : 3;
    283 : 3;
    284 : 3;
    285 : 3;
    286 : 3;
    287 : 4;
    288 : 4;
    289 : 4;
    28A : 4;
    28B : 5;
    28C : 5;
    28D : 6;
    28E : 7;
    28F : 7;
    290 : 8;
    291 : 9;
    292 : 9;
    293 : A;
    294 : A;
    295 : A;
    296 : B;
    297 : B;
    298 : B;
    299 : C;
    29A : C;
    29B : C;
    29C : C;
    29D : C;
    29E : C;
    29F : C;
    2A0 : D;
    2A1 : D;
    2A2 : D;
    2A3 : D;
    2A4 : E;
    2A5 : E;
    2A6 : E;
    2A7 : E;
    2A8 : E;
    2A9 : E;
    2AA : E;
    2AB : E;
    2AC : E;
    2AD : E;
    2AE : E;
    2AF : E;
    2B0 : E;
    2B1 : E;
    2B2 : E;
    2B3 : E;
    2B4 : E;
    2B5 : E;
    2B6 : E;
    2B7 : D;
    2B8 : D;
    2B9 : D;
    2BA : D;
    2BB : D;
    2BC : D;
    2BD : D;
    2BE : D;
    2BF : D;
    2C0 : C;
    2C1 : C;
    2C2 : C;
    2C3 : C;
    2C4 : C;
    2C5 : C;
    2C6 : C;
    2C7 : C;
    2C8 : C;
    2C9 : C;
    2CA : C;
    2CB : C;
    2CC : C;
    2CD : C;
    2CE : C;
    2CF : C;
    2D0 : C;
    2D1 : C;
    2D2 : C;
    2D3 : C;
    2D4 : C;
    2D5 : C;
    2D6 : C;
    2D7 : C;
    2D8 : C;
    2D9 : C;
    2DA : C;
    2DB : C;
    2DC : C;
    2DD : C;
    2DE : B;
    2DF : B;
    2E0 : C;
    2E1 : C;
    2E2 : C;
    2E3 : C;
    2E4 : C;
    2E5 : C;
    2E6 : C;
    2E7 : C;
    2E8 : C;
    2E9 : C;
    2EA : C;
    2EB : C;
    2EC : C;
    2ED : C;
    2EE : C;
    2EF : B;
    2F0 : B;
    2F1 : B;
    2F2 : B;
    2F3 : B;
    2F4 : B;
    2F5 : C;
    2F6 : C;
    2F7 : C;
    2F8 : C;
    2F9 : C;
    2FA : B;
    2FB : B;
    2FC : B;
    2FD : B;
    2FE : B;
    2FF : B;
    300 : B;
    301 : B;
    302 : B;
    303 : A;
    304 : A;
    305 : A;
    306 : B;
    307 : B;
    308 : A;
    309 : A;
    30A : A;
    30B : A;
    30C : A;
    30D : A;
    30E : A;
    30F : A;
    310 : A;
    311 : A;
    312 : A;
    313 : A;
    314 : A;
    315 : A;
    316 : A;
    317 : A;
    318 : A;
    319 : A;
    31A : 9;
    31B : 9;
    31C : 9;
    31D : 9;
    31E : 9;
    31F : 9;
    320 : 0;
    321 : 0;
    322 : 0;
    323 : 0;
    324 : 0;
    325 : 0;
    326 : 0;
    327 : 0;
    328 : 0;
    329 : 0;
    32A : 0;
    32B : 0;
    32C : 0;
    32D : 0;
    32E : 0;
    32F : 0;
    330 : 0;
    331 : 0;
    332 : 0;
    333 : 1;
    334 : 1;
    335 : 1;
    336 : 1;
    337 : 1;
    338 : 1;
    339 : 1;
    33A : 1;
    33B : 1;
    33C : 1;
    33D : 1;
    33E : 2;
    33F : 2;
    340 : 2;
    341 : 2;
    342 : 2;
    343 : 2;
    344 : 2;
    345 : 2;
    346 : 2;
    347 : 3;
    348 : 3;
    349 : 3;
    34A : 3;
    34B : 3;
    34C : 3;
    34D : 4;
    34E : 4;
    34F : 4;
    350 : 5;
    351 : 5;
    352 : 6;
    353 : 6;
    354 : 7;
    355 : 8;
    356 : 9;
    357 : 9;
    358 : A;
    359 : A;
    35A : A;
    35B : B;
    35C : B;
    35D : B;
    35E : B;
    35F : C;
    360 : C;
    361 : C;
    362 : C;
    363 : C;
    364 : C;
    365 : C;
    366 : D;
    367 : D;
    368 : D;
    369 : E;
    36A : E;
    36B : E;
    36C : E;
    36D : E;
    36E : E;
    36F : E;
    370 : E;
    371 : E;
    372 : E;
    373 : E;
    374 : E;
    375 : E;
    376 : E;
    377 : E;
    378 : E;
    379 : E;
    37A : E;
    37B : E;
    37C : E;
    37D : E;
    37E : D;
    37F : D;
    380 : D;
    381 : D;
    382 : D;
    383 : D;
    384 : D;
    385 : C;
    386 : C;
    387 : C;
    388 : C;
    389 : C;
    38A : C;
    38B : C;
    38C : C;
    38D : C;
    38E : C;
    38F : C;
    390 : D;
    391 : C;
    392 : C;
    393 : D;
    394 : C;
    395 : C;
    396 : C;
    397 : C;
    398 : C;
    399 : C;
    39A : C;
    39B : C;
    39C : C;
    39D : C;
    39E : C;
    39F : C;
    3A0 : C;
    3A1 : C;
    3A2 : C;
    3A3 : C;
    3A4 : C;
    3A5 : C;
    3A6 : C;
    3A7 : B;
    3A8 : B;
    3A9 : B;
    3AA : C;
    3AB : C;
    3AC : C;
    3AD : C;
    3AE : C;
    3AF : C;
    3B0 : C;
    3B1 : C;
    3B2 : C;
    3B3 : C;
    3B4 : C;
    3B5 : C;
    3B6 : C;
    3B7 : C;
    3B8 : C;
    3B9 : C;
    3BA : C;
    3BB : C;
    3BC : B;
    3BD : B;
    3BE : B;
    3BF : B;
    3C0 : B;
    3C1 : B;
    3C2 : B;
    3C3 : B;
    3C4 : B;
    3C5 : B;
    3C6 : B;
    3C7 : B;
    3C8 : B;
    3C9 : B;
    3CA : B;
    3CB : B;
    3CC : B;
    3CD : B;
    3CE : B;
    3CF : B;
    3D0 : B;
    3D1 : A;
    3D2 : A;
    3D3 : A;
    3D4 : A;
    3D5 : A;
    3D6 : A;
    3D7 : A;
    3D8 : A;
    3D9 : A;
    3DA : A;
    3DB : A;
    3DC : A;
    3DD : A;
    3DE : A;
    3DF : A;
    3E0 : A;
    3E1 : A;
    3E2 : A;
    3E3 : A;
    3E4 : 9;
    3E5 : 9;
    3E6 : 9;
    3E7 : 9;
    3E8 : 0;
    3E9 : 0;
    3EA : 0;
    3EB : 0;
    3EC : 0;
    3ED : 0;
    3EE : 0;
    3EF : 0;
    3F0 : 0;
    3F1 : 0;
    3F2 : 0;
    3F3 : 0;
    3F4 : 0;
    3F5 : 0;
    3F6 : 0;
    3F7 : 0;
    3F8 : 0;
    3F9 : 0;
    3FA : 1;
    3FB : 1;
    3FC : 1;
    3FD : 1;
    3FE : 1;
    3FF : 1;
    400 : 1;
    401 : 1;
    402 : 1;
    403 : 1;
    404 : 2;
    405 : 2;
    406 : 2;
    407 : 2;
    408 : 2;
    409 : 2;
    40A : 2;
    40B : 2;
    40C : 3;
    40D : 3;
    40E : 3;
    40F : 3;
    410 : 3;
    411 : 3;
    412 : 4;
    413 : 4;
    414 : 4;
    415 : 5;
    416 : 5;
    417 : 5;
    418 : 6;
    419 : 7;
    41A : 8;
    41B : 8;
    41C : 9;
    41D : 9;
    41E : A;
    41F : A;
    420 : B;
    421 : B;
    422 : B;
    423 : B;
    424 : C;
    425 : C;
    426 : C;
    427 : C;
    428 : C;
    429 : C;
    42A : C;
    42B : D;
    42C : D;
    42D : D;
    42E : D;
    42F : E;
    430 : E;
    431 : E;
    432 : E;
    433 : E;
    434 : E;
    435 : E;
    436 : E;
    437 : E;
    438 : E;
    439 : E;
    43A : E;
    43B : E;
    43C : E;
    43D : E;
    43E : E;
    43F : E;
    440 : E;
    441 : E;
    442 : E;
    443 : E;
    444 : E;
    445 : D;
    446 : C;
    447 : C;
    448 : D;
    449 : D;
    44A : D;
    44B : C;
    44C : C;
    44D : C;
    44E : C;
    44F : C;
    450 : C;
    451 : C;
    452 : C;
    453 : C;
    454 : C;
    455 : C;
    456 : C;
    457 : C;
    458 : D;
    459 : C;
    45A : C;
    45B : C;
    45C : C;
    45D : C;
    45E : C;
    45F : C;
    460 : C;
    461 : C;
    462 : C;
    463 : C;
    464 : C;
    465 : B;
    466 : B;
    467 : C;
    468 : C;
    469 : C;
    46A : C;
    46B : C;
    46C : C;
    46D : B;
    46E : B;
    46F : B;
    470 : B;
    471 : C;
    472 : C;
    473 : C;
    474 : C;
    475 : C;
    476 : B;
    477 : B;
    478 : B;
    479 : B;
    47A : B;
    47B : B;
    47C : B;
    47D : B;
    47E : C;
    47F : C;
    480 : C;
    481 : C;
    482 : C;
    483 : C;
    484 : C;
    485 : B;
    486 : B;
    487 : B;
    488 : B;
    489 : B;
    48A : B;
    48B : B;
    48C : B;
    48D : B;
    48E : B;
    48F : B;
    490 : B;
    491 : B;
    492 : B;
    493 : A;
    494 : A;
    495 : A;
    496 : A;
    497 : B;
    498 : A;
    499 : A;
    49A : A;
    49B : A;
    49C : A;
    49D : B;
    49E : B;
    49F : A;
    4A0 : A;
    4A1 : A;
    4A2 : A;
    4A3 : A;
    4A4 : A;
    4A5 : A;
    4A6 : A;
    4A7 : A;
    4A8 : A;
    4A9 : A;
    4AA : A;
    4AB : 9;
    4AC : 9;
    4AD : 9;
    4AE : 9;
    4AF : 9;
    4B0 : 0;
    4B1 : 0;
    4B2 : 0;
    4B3 : 0;
    4B4 : 0;
    4B5 : 0;
    4B6 : 0;
    4B7 : 0;
    4B8 : 0;
    4B9 : 0;
    4BA : 0;
    4BB : 0;
    4BC : 0;
    4BD : 0;
    4BE : 0;
    4BF : 0;
    4C0 : 1;
    4C1 : 1;
    4C2 : 1;
    4C3 : 1;
    4C4 : 1;
    4C5 : 1;
    4C6 : 1;
    4C7 : 1;
    4C8 : 1;
    4C9 : 1;
    4CA : 2;
    4CB : 2;
    4CC : 2;
    4CD : 2;
    4CE : 2;
    4CF : 2;
    4D0 : 2;
    4D1 : 2;
    4D2 : 3;
    4D3 : 3;
    4D4 : 3;
    4D5 : 3;
    4D6 : 3;
    4D7 : 3;
    4D8 : 4;
    4D9 : 4;
    4DA : 4;
    4DB : 5;
    4DC : 5;
    4DD : 6;
    4DE : 6;
    4DF : 7;
    4E0 : 8;
    4E1 : 9;
    4E2 : 9;
    4E3 : A;
    4E4 : A;
    4E5 : B;
    4E6 : B;
    4E7 : B;
    4E8 : B;
    4E9 : C;
    4EA : C;
    4EB : C;
    4EC : C;
    4ED : C;
    4EE : C;
    4EF : C;
    4F0 : D;
    4F1 : D;
    4F2 : D;
    4F3 : D;
    4F4 : D;
    4F5 : E;
    4F6 : E;
    4F7 : E;
    4F8 : E;
    4F9 : E;
    4FA : E;
    4FB : E;
    4FC : D;
    4FD : E;
    4FE : E;
    4FF : E;
    500 : E;
    501 : E;
    502 : E;
    503 : E;
    504 : E;
    505 : E;
    506 : E;
    507 : E;
    508 : E;
    509 : E;
    50A : E;
    50B : E;
    50C : E;
    50D : D;
    50E : D;
    50F : D;
    510 : D;
    511 : D;
    512 : C;
    513 : C;
    514 : C;
    515 : C;
    516 : C;
    517 : C;
    518 : C;
    519 : C;
    51A : C;
    51B : C;
    51C : C;
    51D : C;
    51E : C;
    51F : C;
    520 : C;
    521 : C;
    522 : C;
    523 : C;
    524 : C;
    525 : C;
    526 : C;
    527 : C;
    528 : C;
    529 : C;
    52A : C;
    52B : C;
    52C : C;
    52D : C;
    52E : C;
    52F : C;
    530 : B;
    531 : B;
    532 : B;
    533 : B;
    534 : B;
    535 : B;
    536 : C;
    537 : C;
    538 : C;
    539 : C;
    53A : C;
    53B : C;
    53C : C;
    53D : C;
    53E : C;
    53F : C;
    540 : C;
    541 : B;
    542 : B;
    543 : B;
    544 : B;
    545 : B;
    546 : B;
    547 : B;
    548 : B;
    549 : B;
    54A : B;
    54B : B;
    54C : B;
    54D : B;
    54E : B;
    54F : B;
    550 : B;
    551 : B;
    552 : B;
    553 : B;
    554 : B;
    555 : B;
    556 : B;
    557 : B;
    558 : A;
    559 : A;
    55A : A;
    55B : A;
    55C : A;
    55D : A;
    55E : A;
    55F : A;
    560 : B;
    561 : B;
    562 : A;
    563 : A;
    564 : A;
    565 : A;
    566 : A;
    567 : A;
    568 : A;
    569 : A;
    56A : A;
    56B : A;
    56C : A;
    56D : A;
    56E : A;
    56F : A;
    570 : A;
    571 : 9;
    572 : 9;
    573 : 9;
    574 : 9;
    575 : 9;
    576 : 9;
    577 : 9;
    578 : 0;
    579 : 0;
    57A : 0;
    57B : 0;
    57C : 0;
    57D : 0;
    57E : 0;
    57F : 0;
    580 : 0;
    581 : 0;
    582 : 0;
    583 : 0;
    584 : 0;
    585 : 0;
    586 : 1;
    587 : 1;
    588 : 1;
    589 : 1;
    58A : 1;
    58B : 1;
    58C : 1;
    58D : 1;
    58E : 1;
    58F : 2;
    590 : 2;
    591 : 2;
    592 : 2;
    593 : 2;
    594 : 2;
    595 : 2;
    596 : 2;
    597 : 2;
    598 : 3;
    599 : 3;
    59A : 3;
    59B : 3;
    59C : 3;
    59D : 4;
    59E : 4;
    59F : 4;
    5A0 : 4;
    5A1 : 5;
    5A2 : 5;
    5A3 : 6;
    5A4 : 7;
    5A5 : 8;
    5A6 : 8;
    5A7 : 9;
    5A8 : A;
    5A9 : A;
    5AA : A;
    5AB : B;
    5AC : B;
    5AD : B;
    5AE : B;
    5AF : C;
    5B0 : C;
    5B1 : C;
    5B2 : C;
    5B3 : C;
    5B4 : C;
    5B5 : C;
    5B6 : D;
    5B7 : D;
    5B8 : D;
    5B9 : D;
    5BA : D;
    5BB : D;
    5BC : D;
    5BD : D;
    5BE : E;
    5BF : E;
    5C0 : E;
    5C1 : E;
    5C2 : E;
    5C3 : E;
    5C4 : E;
    5C5 : E;
    5C6 : E;
    5C7 : E;
    5C8 : E;
    5C9 : E;
    5CA : E;
    5CB : E;
    5CC : E;
    5CD : E;
    5CE : E;
    5CF : E;
    5D0 : E;
    5D1 : E;
    5D2 : E;
    5D3 : E;
    5D4 : E;
    5D5 : E;
    5D6 : D;
    5D7 : C;
    5D8 : C;
    5D9 : C;
    5DA : C;
    5DB : C;
    5DC : C;
    5DD : C;
    5DE : C;
    5DF : D;
    5E0 : C;
    5E1 : C;
    5E2 : C;
    5E3 : C;
    5E4 : C;
    5E5 : C;
    5E6 : C;
    5E7 : C;
    5E8 : C;
    5E9 : C;
    5EA : C;
    5EB : C;
    5EC : B;
    5ED : B;
    5EE : B;
    5EF : B;
    5F0 : B;
    5F1 : B;
    5F2 : C;
    5F3 : C;
    5F4 : C;
    5F5 : C;
    5F6 : C;
    5F7 : C;
    5F8 : C;
    5F9 : C;
    5FA : C;
    5FB : C;
    5FC : C;
    5FD : C;
    5FE : C;
    5FF : C;
    600 : C;
    601 : C;
    602 : C;
    603 : C;
    604 : C;
    605 : C;
    606 : C;
    607 : C;
    608 : C;
    609 : C;
    60A : C;
    60B : C;
    60C : C;
    60D : B;
    60E : B;
    60F : B;
    610 : B;
    611 : B;
    612 : B;
    613 : B;
    614 : B;
    615 : B;
    616 : B;
    617 : B;
    618 : B;
    619 : B;
    61A : B;
    61B : B;
    61C : B;
    61D : B;
    61E : B;
    61F : B;
    620 : A;
    621 : A;
    622 : B;
    623 : B;
    624 : B;
    625 : B;
    626 : B;
    627 : B;
    628 : B;
    629 : B;
    62A : A;
    62B : A;
    62C : A;
    62D : A;
    62E : A;
    62F : A;
    630 : A;
    631 : A;
    632 : A;
    633 : A;
    634 : A;
    635 : A;
    636 : A;
    637 : A;
    638 : A;
    639 : 9;
    63A : 9;
    63B : 9;
    63C : 9;
    63D : 9;
    63E : 9;
    63F : 9;
    640 : 0;
    641 : 0;
    642 : 0;
    643 : 0;
    644 : 0;
    645 : 0;
    646 : 0;
    647 : 0;
    648 : 0;
    649 : 0;
    64A : 0;
    64B : 0;
    64C : 1;
    64D : 1;
    64E : 1;
    64F : 1;
    650 : 1;
    651 : 1;
    652 : 1;
    653 : 1;
    654 : 1;
    655 : 2;
    656 : 2;
    657 : 2;
    658 : 2;
    659 : 2;
    65A : 2;
    65B : 2;
    65C : 2;
    65D : 3;
    65E : 3;
    65F : 3;
    660 : 3;
    661 : 3;
    662 : 3;
    663 : 4;
    664 : 4;
    665 : 4;
    666 : 5;
    667 : 5;
    668 : 6;
    669 : 6;
    66A : 7;
    66B : 8;
    66C : 9;
    66D : 9;
    66E : A;
    66F : A;
    670 : B;
    671 : B;
    672 : B;
    673 : B;
    674 : B;
    675 : C;
    676 : C;
    677 : C;
    678 : C;
    679 : C;
    67A : C;
    67B : D;
    67C : D;
    67D : D;
    67E : D;
    67F : D;
    680 : D;
    681 : D;
    682 : E;
    683 : E;
    684 : E;
    685 : E;
    686 : E;
    687 : E;
    688 : E;
    689 : E;
    68A : E;
    68B : E;
    68C : E;
    68D : E;
    68E : E;
    68F : E;
    690 : E;
    691 : E;
    692 : E;
    693 : E;
    694 : E;
    695 : E;
    696 : E;
    697 : E;
    698 : E;
    699 : E;
    69A : E;
    69B : E;
    69C : D;
    69D : D;
    69E : D;
    69F : C;
    6A0 : C;
    6A1 : C;
    6A2 : C;
    6A3 : C;
    6A4 : C;
    6A5 : C;
    6A6 : C;
    6A7 : C;
    6A8 : C;
    6A9 : C;
    6AA : C;
    6AB : C;
    6AC : C;
    6AD : C;
    6AE : C;
    6AF : C;
    6B0 : C;
    6B1 : B;
    6B2 : B;
    6B3 : B;
    6B4 : B;
    6B5 : B;
    6B6 : C;
    6B7 : C;
    6B8 : C;
    6B9 : C;
    6BA : B;
    6BB : B;
    6BC : C;
    6BD : C;
    6BE : C;
    6BF : C;
    6C0 : C;
    6C1 : C;
    6C2 : C;
    6C3 : C;
    6C4 : C;
    6C5 : C;
    6C6 : C;
    6C7 : C;
    6C8 : C;
    6C9 : C;
    6CA : C;
    6CB : C;
    6CC : C;
    6CD : C;
    6CE : C;
    6CF : C;
    6D0 : C;
    6D1 : C;
    6D2 : C;
    6D3 : B;
    6D4 : B;
    6D5 : B;
    6D6 : B;
    6D7 : B;
    6D8 : B;
    6D9 : B;
    6DA : B;
    6DB : B;
    6DC : B;
    6DD : B;
    6DE : B;
    6DF : B;
    6E0 : B;
    6E1 : B;
    6E2 : B;
    6E3 : B;
    6E4 : B;
    6E5 : B;
    6E6 : B;
    6E7 : B;
    6E8 : B;
    6E9 : B;
    6EA : B;
    6EB : B;
    6EC : B;
    6ED : B;
    6EE : B;
    6EF : B;
    6F0 : A;
    6F1 : A;
    6F2 : A;
    6F3 : A;
    6F4 : A;
    6F5 : A;
    6F6 : A;
    6F7 : A;
    6F8 : A;
    6F9 : A;
    6FA : A;
    6FB : A;
    6FC : A;
    6FD : A;
    6FE : A;
    6FF : A;
    700 : 9;
    701 : 9;
    702 : 9;
    703 : 9;
    704 : 9;
    705 : 9;
    706 : 9;
    707 : 9;
    708 : 0;
    709 : 0;
    70A : 0;
    70B : 0;
    70C : 0;
    70D : 0;
    70E : 0;
    70F : 0;
    710 : 0;
    711 : 0;
    712 : 1;
    713 : 1;
    714 : 1;
    715 : 1;
    716 : 1;
    717 : 1;
    718 : 1;
    719 : 1;
    71A : 1;
    71B : 2;
    71C : 2;
    71D : 2;
    71E : 2;
    71F : 2;
    720 : 2;
    721 : 2;
    722 : 2;
    723 : 3;
    724 : 3;
    725 : 3;
    726 : 3;
    727 : 3;
    728 : 3;
    729 : 4;
    72A : 4;
    72B : 4;
    72C : 5;
    72D : 5;
    72E : 6;
    72F : 7;
    730 : 8;
    731 : 8;
    732 : 9;
    733 : A;
    734 : A;
    735 : A;
    736 : B;
    737 : B;
    738 : B;
    739 : B;
    73A : C;
    73B : C;
    73C : C;
    73D : C;
    73E : C;
    73F : C;
    740 : D;
    741 : D;
    742 : D;
    743 : D;
    744 : D;
    745 : D;
    746 : D;
    747 : D;
    748 : E;
    749 : E;
    74A : E;
    74B : E;
    74C : E;
    74D : E;
    74E : E;
    74F : E;
    750 : E;
    751 : E;
    752 : E;
    753 : E;
    754 : E;
    755 : E;
    756 : E;
    757 : E;
    758 : E;
    759 : D;
    75A : D;
    75B : E;
    75C : E;
    75D : D;
    75E : E;
    75F : E;
    760 : D;
    761 : D;
    762 : D;
    763 : D;
    764 : C;
    765 : C;
    766 : C;
    767 : C;
    768 : C;
    769 : D;
    76A : D;
    76B : D;
    76C : C;
    76D : C;
    76E : C;
    76F : C;
    770 : C;
    771 : C;
    772 : C;
    773 : C;
    774 : B;
    775 : B;
    776 : B;
    777 : C;
    778 : C;
    779 : B;
    77A : B;
    77B : C;
    77C : C;
    77D : B;
    77E : B;
    77F : C;
    780 : C;
    781 : B;
    782 : C;
    783 : C;
    784 : C;
    785 : C;
    786 : C;
    787 : C;
    788 : C;
    789 : C;
    78A : C;
    78B : C;
    78C : C;
    78D : C;
    78E : C;
    78F : C;
    790 : C;
    791 : C;
    792 : C;
    793 : C;
    794 : C;
    795 : C;
    796 : C;
    797 : C;
    798 : C;
    799 : C;
    79A : C;
    79B : B;
    79C : B;
    79D : B;
    79E : B;
    79F : B;
    7A0 : B;
    7A1 : B;
    7A2 : B;
    7A3 : B;
    7A4 : B;
    7A5 : B;
    7A6 : B;
    7A7 : B;
    7A8 : B;
    7A9 : B;
    7AA : B;
    7AB : B;
    7AC : A;
    7AD : B;
    7AE : B;
    7AF : B;
    7B0 : B;
    7B1 : B;
    7B2 : B;
    7B3 : B;
    7B4 : B;
    7B5 : B;
    7B6 : A;
    7B7 : A;
    7B8 : A;
    7B9 : A;
    7BA : A;
    7BB : A;
    7BC : A;
    7BD : A;
    7BE : A;
    7BF : A;
    7C0 : A;
    7C1 : A;
    7C2 : A;
    7C3 : A;
    7C4 : A;
    7C5 : 9;
    7C6 : 9;
    7C7 : 9;
    7C8 : 9;
    7C9 : 9;
    7CA : 9;
    7CB : 9;
    7CC : 9;
    7CD : A;
    7CE : A;
    7CF : A;
    7D0 : 0;
    7D1 : 0;
    7D2 : 0;
    7D3 : 0;
    7D4 : 0;
    7D5 : 0;
    7D6 : 0;
    7D7 : 0;
    7D8 : 1;
    7D9 : 1;
    7DA : 1;
    7DB : 1;
    7DC : 1;
    7DD : 1;
    7DE : 1;
    7DF : 1;
    7E0 : 1;
    7E1 : 2;
    7E2 : 2;
    7E3 : 2;
    7E4 : 2;
    7E5 : 2;
    7E6 : 2;
    7E7 : 2;
    7E8 : 3;
    7E9 : 3;
    7EA : 3;
    7EB : 3;
    7EC : 3;
    7ED : 3;
    7EE : 4;
    7EF : 4;
    7F0 : 4;
    7F1 : 4;
    7F2 : 5;
    7F3 : 5;
    7F4 : 6;
    7F5 : 7;
    7F6 : 8;
    7F7 : 9;
    7F8 : 9;
    7F9 : A;
    7FA : A;
    7FB : B;
    7FC : B;
    7FD : B;
    7FE : B;
    7FF : B;
    800 : C;
    801 : C;
    802 : C;
    803 : C;
    804 : C;
    805 : C;
    806 : D;
    807 : D;
    808 : D;
    809 : D;
    80A : D;
    80B : D;
    80C : D;
    80D : E;
    80E : E;
    80F : E;
    810 : E;
    811 : E;
    812 : E;
    813 : E;
    814 : E;
    815 : E;
    816 : E;
    817 : E;
    818 : E;
    819 : E;
    81A : E;
    81B : E;
    81C : E;
    81D : E;
    81E : E;
    81F : E;
    820 : D;
    821 : E;
    822 : E;
    823 : D;
    824 : D;
    825 : E;
    826 : E;
    827 : D;
    828 : D;
    829 : D;
    82A : D;
    82B : D;
    82C : D;
    82D : D;
    82E : D;
    82F : C;
    830 : D;
    831 : C;
    832 : C;
    833 : C;
    834 : C;
    835 : C;
    836 : C;
    837 : C;
    838 : C;
    839 : C;
    83A : B;
    83B : B;
    83C : B;
    83D : B;
    83E : C;
    83F : C;
    840 : B;
    841 : B;
    842 : B;
    843 : B;
    844 : B;
    845 : B;
    846 : C;
    847 : C;
    848 : C;
    849 : C;
    84A : C;
    84B : C;
    84C : C;
    84D : C;
    84E : C;
    84F : C;
    850 : C;
    851 : B;
    852 : B;
    853 : C;
    854 : C;
    855 : C;
    856 : C;
    857 : C;
    858 : C;
    859 : C;
    85A : C;
    85B : C;
    85C : C;
    85D : C;
    85E : C;
    85F : B;
    860 : B;
    861 : B;
    862 : B;
    863 : B;
    864 : B;
    865 : B;
    866 : B;
    867 : B;
    868 : B;
    869 : B;
    86A : B;
    86B : B;
    86C : B;
    86D : B;
    86E : B;
    86F : B;
    870 : B;
    871 : B;
    872 : B;
    873 : B;
    874 : B;
    875 : B;
    876 : B;
    877 : B;
    878 : B;
    879 : B;
    87A : B;
    87B : A;
    87C : B;
    87D : B;
    87E : A;
    87F : A;
    880 : A;
    881 : A;
    882 : A;
    883 : A;
    884 : A;
    885 : A;
    886 : A;
    887 : A;
    888 : A;
    889 : A;
    88A : A;
    88B : A;
    88C : A;
    88D : A;
    88E : A;
    88F : A;
    890 : A;
    891 : A;
    892 : A;
    893 : A;
    894 : A;
    895 : A;
    896 : A;
    897 : A;
    898 : 0;
    899 : 0;
    89A : 0;
    89B : 0;
    89C : 0;
    89D : 1;
    89E : 1;
    89F : 1;
    8A0 : 1;
    8A1 : 1;
    8A2 : 1;
    8A3 : 1;
    8A4 : 1;
    8A5 : 1;
    8A6 : 1;
    8A7 : 2;
    8A8 : 2;
    8A9 : 2;
    8AA : 2;
    8AB : 2;
    8AC : 2;
    8AD : 2;
    8AE : 3;
    8AF : 3;
    8B0 : 3;
    8B1 : 3;
    8B2 : 3;
    8B3 : 3;
    8B4 : 4;
    8B5 : 4;
    8B6 : 4;
    8B7 : 5;
    8B8 : 5;
    8B9 : 6;
    8BA : 6;
    8BB : 7;
    8BC : 8;
    8BD : 9;
    8BE : 9;
    8BF : A;
    8C0 : A;
    8C1 : B;
    8C2 : B;
    8C3 : B;
    8C4 : B;
    8C5 : C;
    8C6 : C;
    8C7 : C;
    8C8 : C;
    8C9 : C;
    8CA : C;
    8CB : C;
    8CC : D;
    8CD : D;
    8CE : D;
    8CF : D;
    8D0 : D;
    8D1 : D;
    8D2 : D;
    8D3 : D;
    8D4 : E;
    8D5 : E;
    8D6 : E;
    8D7 : E;
    8D8 : E;
    8D9 : E;
    8DA : E;
    8DB : E;
    8DC : E;
    8DD : E;
    8DE : E;
    8DF : E;
    8E0 : E;
    8E1 : E;
    8E2 : E;
    8E3 : E;
    8E4 : E;
    8E5 : E;
    8E6 : E;
    8E7 : E;
    8E8 : E;
    8E9 : E;
    8EA : E;
    8EB : E;
    8EC : E;
    8ED : D;
    8EE : C;
    8EF : C;
    8F0 : C;
    8F1 : D;
    8F2 : D;
    8F3 : D;
    8F4 : C;
    8F5 : D;
    8F6 : C;
    8F7 : C;
    8F8 : C;
    8F9 : C;
    8FA : C;
    8FB : C;
    8FC : C;
    8FD : C;
    8FE : B;
    8FF : B;
    900 : B;
    901 : C;
    902 : C;
    903 : C;
    904 : C;
    905 : C;
    906 : C;
    907 : B;
    908 : B;
    909 : B;
    90A : B;
    90B : B;
    90C : C;
    90D : C;
    90E : C;
    90F : C;
    910 : C;
    911 : C;
    912 : C;
    913 : C;
    914 : C;
    915 : C;
    916 : C;
    917 : C;
    918 : C;
    919 : C;
    91A : C;
    91B : C;
    91C : C;
    91D : C;
    91E : C;
    91F : C;
    920 : C;
    921 : C;
    922 : C;
    923 : B;
    924 : B;
    925 : B;
    926 : B;
    927 : B;
    928 : B;
    929 : B;
    92A : B;
    92B : B;
    92C : B;
    92D : B;
    92E : B;
    92F : B;
    930 : B;
    931 : B;
    932 : B;
    933 : B;
    934 : B;
    935 : B;
    936 : B;
    937 : B;
    938 : B;
    939 : B;
    93A : B;
    93B : B;
    93C : B;
    93D : B;
    93E : B;
    93F : B;
    940 : B;
    941 : A;
    942 : A;
    943 : B;
    944 : B;
    945 : B;
    946 : A;
    947 : A;
    948 : A;
    949 : A;
    94A : A;
    94B : A;
    94C : A;
    94D : A;
    94E : A;
    94F : A;
    950 : A;
    951 : A;
    952 : A;
    953 : A;
    954 : A;
    955 : A;
    956 : A;
    957 : A;
    958 : A;
    959 : B;
    95A : B;
    95B : B;
    95C : A;
    95D : A;
    95E : A;
    95F : A;
    960 : 0;
    961 : 0;
    962 : 0;
    963 : 1;
    964 : 1;
    965 : 1;
    966 : 1;
    967 : 1;
    968 : 1;
    969 : 1;
    96A : 1;
    96B : 1;
    96C : 2;
    96D : 2;
    96E : 2;
    96F : 2;
    970 : 2;
    971 : 2;
    972 : 2;
    973 : 2;
    974 : 3;
    975 : 3;
    976 : 3;
    977 : 3;
    978 : 3;
    979 : 3;
    97A : 4;
    97B : 4;
    97C : 4;
    97D : 5;
    97E : 5;
    97F : 6;
    980 : 7;
    981 : 8;
    982 : 8;
    983 : 9;
    984 : A;
    985 : A;
    986 : A;
    987 : B;
    988 : B;
    989 : B;
    98A : B;
    98B : C;
    98C : C;
    98D : C;
    98E : C;
    98F : C;
    990 : C;
    991 : D;
    992 : D;
    993 : D;
    994 : D;
    995 : D;
    996 : D;
    997 : D;
    998 : D;
    999 : D;
    99A : E;
    99B : E;
    99C : E;
    99D : E;
    99E : E;
    99F : E;
    9A0 : F;
    9A1 : E;
    9A2 : E;
    9A3 : E;
    9A4 : E;
    9A5 : E;
    9A6 : E;
    9A7 : E;
    9A8 : E;
    9A9 : F;
    9AA : E;
    9AB : E;
    9AC : E;
    9AD : D;
    9AE : D;
    9AF : D;
    9B0 : D;
    9B1 : D;
    9B2 : E;
    9B3 : E;
    9B4 : D;
    9B5 : D;
    9B6 : D;
    9B7 : D;
    9B8 : D;
    9B9 : D;
    9BA : D;
    9BB : D;
    9BC : D;
    9BD : D;
    9BE : C;
    9BF : C;
    9C0 : C;
    9C1 : C;
    9C2 : C;
    9C3 : C;
    9C4 : C;
    9C5 : C;
    9C6 : C;
    9C7 : C;
    9C8 : C;
    9C9 : C;
    9CA : C;
    9CB : C;
    9CC : B;
    9CD : C;
    9CE : C;
    9CF : C;
    9D0 : C;
    9D1 : C;
    9D2 : C;
    9D3 : C;
    9D4 : C;
    9D5 : C;
    9D6 : C;
    9D7 : C;
    9D8 : C;
    9D9 : C;
    9DA : C;
    9DB : C;
    9DC : C;
    9DD : C;
    9DE : C;
    9DF : C;
    9E0 : C;
    9E1 : C;
    9E2 : C;
    9E3 : C;
    9E4 : C;
    9E5 : C;
    9E6 : C;
    9E7 : C;
    9E8 : B;
    9E9 : B;
    9EA : B;
    9EB : B;
    9EC : B;
    9ED : B;
    9EE : B;
    9EF : B;
    9F0 : B;
    9F1 : B;
    9F2 : B;
    9F3 : B;
    9F4 : B;
    9F5 : B;
    9F6 : B;
    9F7 : B;
    9F8 : B;
    9F9 : B;
    9FA : B;
    9FB : B;
    9FC : B;
    9FD : B;
    9FE : B;
    9FF : B;
    A00 : B;
    A01 : B;
    A02 : B;
    A03 : B;
    A04 : B;
    A05 : B;
    A06 : B;
    A07 : B;
    A08 : B;
    A09 : B;
    A0A : A;
    A0B : B;
    A0C : B;
    A0D : A;
    A0E : A;
    A0F : A;
    A10 : A;
    A11 : A;
    A12 : A;
    A13 : A;
    A14 : A;
    A15 : A;
    A16 : A;
    A17 : A;
    A18 : A;
    A19 : A;
    A1A : A;
    A1B : A;
    A1C : A;
    A1D : A;
    A1E : A;
    A1F : B;
    A20 : B;
    A21 : B;
    A22 : A;
    A23 : A;
    A24 : A;
    A25 : A;
    A26 : A;
    A27 : A;
    A28 : 0;
    A29 : 0;
    A2A : 1;
    A2B : 1;
    A2C : 1;
    A2D : 1;
    A2E : 1;
    A2F : 1;
    A30 : 1;
    A31 : 1;
    A32 : 2;
    A33 : 2;
    A34 : 2;
    A35 : 2;
    A36 : 2;
    A37 : 2;
    A38 : 2;
    A39 : 3;
    A3A : 3;
    A3B : 3;
    A3C : 3;
    A3D : 3;
    A3E : 3;
    A3F : 4;
    A40 : 4;
    A41 : 4;
    A42 : 4;
    A43 : 5;
    A44 : 5;
    A45 : 6;
    A46 : 7;
    A47 : 8;
    A48 : 9;
    A49 : 9;
    A4A : A;
    A4B : A;
    A4C : B;
    A4D : B;
    A4E : B;
    A4F : B;
    A50 : B;
    A51 : C;
    A52 : C;
    A53 : C;
    A54 : C;
    A55 : C;
    A56 : C;
    A57 : D;
    A58 : D;
    A59 : D;
    A5A : D;
    A5B : D;
    A5C : D;
    A5D : D;
    A5E : D;
    A5F : E;
    A60 : E;
    A61 : E;
    A62 : E;
    A63 : E;
    A64 : E;
    A65 : E;
    A66 : F;
    A67 : E;
    A68 : E;
    A69 : E;
    A6A : E;
    A6B : E;
    A6C : E;
    A6D : E;
    A6E : E;
    A6F : E;
    A70 : F;
    A71 : F;
    A72 : F;
    A73 : F;
    A74 : E;
    A75 : D;
    A76 : C;
    A77 : C;
    A78 : C;
    A79 : D;
    A7A : D;
    A7B : D;
    A7C : D;
    A7D : D;
    A7E : D;
    A7F : D;
    A80 : D;
    A81 : D;
    A82 : D;
    A83 : D;
    A84 : D;
    A85 : C;
    A86 : C;
    A87 : C;
    A88 : C;
    A89 : C;
    A8A : C;
    A8B : C;
    A8C : C;
    A8D : C;
    A8E : C;
    A8F : C;
    A90 : C;
    A91 : C;
    A92 : C;
    A93 : C;
    A94 : B;
    A95 : C;
    A96 : C;
    A97 : B;
    A98 : B;
    A99 : C;
    A9A : C;
    A9B : C;
    A9C : C;
    A9D : C;
    A9E : C;
    A9F : C;
    AA0 : C;
    AA1 : C;
    AA2 : C;
    AA3 : C;
    AA4 : C;
    AA5 : C;
    AA6 : C;
    AA7 : B;
    AA8 : C;
    AA9 : C;
    AAA : C;
    AAB : C;
    AAC : B;
    AAD : B;
    AAE : B;
    AAF : B;
    AB0 : B;
    AB1 : B;
    AB2 : B;
    AB3 : B;
    AB4 : B;
    AB5 : B;
    AB6 : B;
    AB7 : B;
    AB8 : B;
    AB9 : B;
    ABA : B;
    ABB : B;
    ABC : B;
    ABD : B;
    ABE : B;
    ABF : B;
    AC0 : B;
    AC1 : B;
    AC2 : B;
    AC3 : B;
    AC4 : B;
    AC5 : B;
    AC6 : B;
    AC7 : B;
    AC8 : B;
    AC9 : B;
    ACA : B;
    ACB : B;
    ACC : B;
    ACD : B;
    ACE : B;
    ACF : B;
    AD0 : B;
    AD1 : A;
    AD2 : A;
    AD3 : A;
    AD4 : A;
    AD5 : A;
    AD6 : A;
    AD7 : A;
    AD8 : A;
    AD9 : A;
    ADA : A;
    ADB : A;
    ADC : A;
    ADD : A;
    ADE : A;
    ADF : A;
    AE0 : A;
    AE1 : A;
    AE2 : A;
    AE3 : B;
    AE4 : A;
    AE5 : B;
    AE6 : A;
    AE7 : A;
    AE8 : A;
    AE9 : A;
    AEA : A;
    AEB : A;
    AEC : A;
    AED : 9;
    AEE : A;
    AEF : A;
    AF0 : 1;
    AF1 : 1;
    AF2 : 1;
    AF3 : 1;
    AF4 : 1;
    AF5 : 1;
    AF6 : 1;
    AF7 : 2;
    AF8 : 2;
    AF9 : 2;
    AFA : 2;
    AFB : 2;
    AFC : 2;
    AFD : 2;
    AFE : 3;
    AFF : 3;
    B00 : 3;
    B01 : 3;
    B02 : 3;
    B03 : 3;
    B04 : 3;
    B05 : 4;
    B06 : 4;
    B07 : 4;
    B08 : 5;
    B09 : 5;
    B0A : 6;
    B0B : 6;
    B0C : 7;
    B0D : 8;
    B0E : 9;
    B0F : 9;
    B10 : A;
    B11 : A;
    B12 : B;
    B13 : B;
    B14 : B;
    B15 : B;
    B16 : B;
    B17 : C;
    B18 : C;
    B19 : C;
    B1A : C;
    B1B : C;
    B1C : D;
    B1D : D;
    B1E : D;
    B1F : D;
    B20 : D;
    B21 : D;
    B22 : D;
    B23 : D;
    B24 : E;
    B25 : E;
    B26 : E;
    B27 : E;
    B28 : E;
    B29 : E;
    B2A : E;
    B2B : E;
    B2C : F;
    B2D : F;
    B2E : E;
    B2F : E;
    B30 : E;
    B31 : E;
    B32 : E;
    B33 : E;
    B34 : F;
    B35 : F;
    B36 : F;
    B37 : F;
    B38 : F;
    B39 : F;
    B3A : E;
    B3B : E;
    B3C : E;
    B3D : D;
    B3E : D;
    B3F : D;
    B40 : D;
    B41 : D;
    B42 : D;
    B43 : C;
    B44 : C;
    B45 : C;
    B46 : D;
    B47 : D;
    B48 : D;
    B49 : D;
    B4A : D;
    B4B : D;
    B4C : C;
    B4D : C;
    B4E : C;
    B4F : C;
    B50 : C;
    B51 : C;
    B52 : C;
    B53 : C;
    B54 : C;
    B55 : C;
    B56 : C;
    B57 : C;
    B58 : C;
    B59 : C;
    B5A : C;
    B5B : B;
    B5C : C;
    B5D : C;
    B5E : C;
    B5F : C;
    B60 : C;
    B61 : C;
    B62 : C;
    B63 : C;
    B64 : C;
    B65 : C;
    B66 : C;
    B67 : C;
    B68 : C;
    B69 : C;
    B6A : C;
    B6B : C;
    B6C : B;
    B6D : B;
    B6E : B;
    B6F : B;
    B70 : B;
    B71 : B;
    B72 : B;
    B73 : B;
    B74 : B;
    B75 : B;
    B76 : B;
    B77 : B;
    B78 : B;
    B79 : B;
    B7A : B;
    B7B : B;
    B7C : B;
    B7D : B;
    B7E : B;
    B7F : B;
    B80 : C;
    B81 : C;
    B82 : B;
    B83 : B;
    B84 : B;
    B85 : B;
    B86 : B;
    B87 : B;
    B88 : B;
    B89 : B;
    B8A : B;
    B8B : B;
    B8C : B;
    B8D : B;
    B8E : B;
    B8F : B;
    B90 : B;
    B91 : B;
    B92 : B;
    B93 : B;
    B94 : B;
    B95 : B;
    B96 : B;
    B97 : A;
    B98 : A;
    B99 : A;
    B9A : A;
    B9B : A;
    B9C : A;
    B9D : A;
    B9E : A;
    B9F : A;
    BA0 : A;
    BA1 : A;
    BA2 : A;
    BA3 : B;
    BA4 : B;
    BA5 : B;
    BA6 : B;
    BA7 : B;
    BA8 : A;
    BA9 : A;
    BAA : A;
    BAB : A;
    BAC : B;
    BAD : B;
    BAE : A;
    BAF : A;
    BB0 : B;
    BB1 : B;
    BB2 : B;
    BB3 : A;
    BB4 : A;
    BB5 : A;
    BB6 : A;
    BB7 : B;
    BB8 : 1;
    BB9 : 1;
    BBA : 1;
    BBB : 1;
    BBC : 1;
    BBD : 2;
    BBE : 2;
    BBF : 2;
    BC0 : 2;
    BC1 : 2;
    BC2 : 2;
    BC3 : 2;
    BC4 : 2;
    BC5 : 3;
    BC6 : 3;
    BC7 : 3;
    BC8 : 3;
    BC9 : 3;
    BCA : 3;
    BCB : 4;
    BCC : 4;
    BCD : 4;
    BCE : 5;
    BCF : 5;
    BD0 : 6;
    BD1 : 7;
    BD2 : 7;
    BD3 : 8;
    BD4 : 9;
    BD5 : A;
    BD6 : A;
    BD7 : A;
    BD8 : B;
    BD9 : B;
    BDA : B;
    BDB : B;
    BDC : C;
    BDD : C;
    BDE : C;
    BDF : C;
    BE0 : C;
    BE1 : C;
    BE2 : D;
    BE3 : D;
    BE4 : D;
    BE5 : D;
    BE6 : D;
    BE7 : D;
    BE8 : D;
    BE9 : E;
    BEA : E;
    BEB : E;
    BEC : E;
    BED : E;
    BEE : E;
    BEF : E;
    BF0 : E;
    BF1 : E;
    BF2 : F;
    BF3 : F;
    BF4 : E;
    BF5 : E;
    BF6 : E;
    BF7 : F;
    BF8 : F;
    BF9 : F;
    BFA : F;
    BFB : F;
    BFC : F;
    BFD : F;
    BFE : F;
    BFF : F;
    C00 : F;
    C01 : F;
    C02 : F;
    C03 : D;
    C04 : C;
    C05 : D;
    C06 : D;
    C07 : D;
    C08 : D;
    C09 : D;
    C0A : D;
    C0B : C;
    C0C : C;
    C0D : C;
    C0E : C;
    C0F : C;
    C10 : C;
    C11 : C;
    C12 : C;
    C13 : C;
    C14 : C;
    C15 : C;
    C16 : C;
    C17 : C;
    C18 : C;
    C19 : C;
    C1A : C;
    C1B : C;
    C1C : C;
    C1D : C;
    C1E : C;
    C1F : C;
    C20 : C;
    C21 : C;
    C22 : C;
    C23 : C;
    C24 : C;
    C25 : C;
    C26 : C;
    C27 : C;
    C28 : C;
    C29 : C;
    C2A : C;
    C2B : C;
    C2C : C;
    C2D : C;
    C2E : C;
    C2F : C;
    C30 : C;
    C31 : C;
    C32 : B;
    C33 : B;
    C34 : B;
    C35 : B;
    C36 : B;
    C37 : B;
    C38 : B;
    C39 : B;
    C3A : B;
    C3B : B;
    C3C : B;
    C3D : B;
    C3E : B;
    C3F : B;
    C40 : B;
    C41 : B;
    C42 : B;
    C43 : B;
    C44 : B;
    C45 : B;
    C46 : B;
    C47 : B;
    C48 : C;
    C49 : B;
    C4A : B;
    C4B : B;
    C4C : B;
    C4D : B;
    C4E : B;
    C4F : B;
    C50 : B;
    C51 : B;
    C52 : B;
    C53 : B;
    C54 : B;
    C55 : B;
    C56 : B;
    C57 : B;
    C58 : B;
    C59 : B;
    C5A : B;
    C5B : B;
    C5C : B;
    C5D : A;
    C5E : A;
    C5F : A;
    C60 : A;
    C61 : A;
    C62 : A;
    C63 : A;
    C64 : A;
    C65 : A;
    C66 : A;
    C67 : A;
    C68 : B;
    C69 : B;
    C6A : B;
    C6B : B;
    C6C : B;
    C6D : B;
    C6E : B;
    C6F : B;
    C70 : B;
    C71 : B;
    C72 : B;
    C73 : B;
    C74 : A;
    C75 : A;
    C76 : A;
    C77 : A;
    C78 : A;
    C79 : B;
    C7A : B;
    C7B : A;
    C7C : A;
    C7D : A;
    C7E : A;
    C7F : A;
    C80 : 1;
    C81 : 1;
    C82 : 1;
    C83 : 1;
    C84 : 2;
    C85 : 2;
    C86 : 2;
    C87 : 2;
    C88 : 2;
    C89 : 2;
    C8A : 3;
    C8B : 3;
    C8C : 3;
    C8D : 3;
    C8E : 3;
    C8F : 3;
    C90 : 3;
    C91 : 4;
    C92 : 4;
    C93 : 4;
    C94 : 5;
    C95 : 5;
    C96 : 6;
    C97 : 7;
    C98 : 8;
    C99 : 8;
    C9A : 9;
    C9B : A;
    C9C : A;
    C9D : B;
    C9E : B;
    C9F : B;
    CA0 : B;
    CA1 : B;
    CA2 : C;
    CA3 : C;
    CA4 : C;
    CA5 : C;
    CA6 : C;
    CA7 : C;
    CA8 : D;
    CA9 : D;
    CAA : D;
    CAB : D;
    CAC : D;
    CAD : D;
    CAE : D;
    CAF : E;
    CB0 : E;
    CB1 : E;
    CB2 : E;
    CB3 : E;
    CB4 : E;
    CB5 : E;
    CB6 : E;
    CB7 : F;
    CB8 : F;
    CB9 : F;
    CBA : E;
    CBB : E;
    CBC : E;
    CBD : F;
    CBE : F;
    CBF : F;
    CC0 : F;
    CC1 : F;
    CC2 : F;
    CC3 : F;
    CC4 : F;
    CC5 : F;
    CC6 : F;
    CC7 : E;
    CC8 : F;
    CC9 : F;
    CCA : E;
    CCB : D;
    CCC : D;
    CCD : D;
    CCE : D;
    CCF : D;
    CD0 : D;
    CD1 : D;
    CD2 : D;
    CD3 : C;
    CD4 : C;
    CD5 : C;
    CD6 : B;
    CD7 : C;
    CD8 : C;
    CD9 : C;
    CDA : C;
    CDB : C;
    CDC : C;
    CDD : C;
    CDE : C;
    CDF : C;
    CE0 : C;
    CE1 : C;
    CE2 : C;
    CE3 : C;
    CE4 : C;
    CE5 : C;
    CE6 : C;
    CE7 : C;
    CE8 : C;
    CE9 : C;
    CEA : C;
    CEB : C;
    CEC : C;
    CED : C;
    CEE : C;
    CEF : C;
    CF0 : C;
    CF1 : C;
    CF2 : C;
    CF3 : B;
    CF4 : B;
    CF5 : B;
    CF6 : B;
    CF7 : B;
    CF8 : B;
    CF9 : B;
    CFA : B;
    CFB : B;
    CFC : B;
    CFD : B;
    CFE : B;
    CFF : B;
    D00 : B;
    D01 : B;
    D02 : B;
    D03 : B;
    D04 : B;
    D05 : B;
    D06 : B;
    D07 : B;
    D08 : C;
    D09 : C;
    D0A : B;
    D0B : C;
    D0C : C;
    D0D : C;
    D0E : B;
    D0F : B;
    D10 : B;
    D11 : B;
    D12 : B;
    D13 : B;
    D14 : B;
    D15 : B;
    D16 : B;
    D17 : B;
    D18 : B;
    D19 : B;
    D1A : B;
    D1B : B;
    D1C : B;
    D1D : B;
    D1E : B;
    D1F : B;
    D20 : B;
    D21 : B;
    D22 : B;
    D23 : A;
    D24 : A;
    D25 : A;
    D26 : A;
    D27 : A;
    D28 : A;
    D29 : A;
    D2A : A;
    D2B : A;
    D2C : A;
    D2D : B;
    D2E : B;
    D2F : B;
    D30 : B;
    D31 : B;
    D32 : B;
    D33 : B;
    D34 : B;
    D35 : B;
    D36 : B;
    D37 : B;
    D38 : B;
    D39 : B;
    D3A : B;
    D3B : B;
    D3C : A;
    D3D : A;
    D3E : A;
    D3F : A;
    D40 : A;
    D41 : B;
    D42 : B;
    D43 : A;
    D44 : A;
    D45 : A;
    D46 : A;
    D47 : 9;
    D48 : 1;
    D49 : 2;
    D4A : 2;
    D4B : 2;
    D4C : 2;
    D4D : 2;
    D4E : 2;
    D4F : 2;
    D50 : 2;
    D51 : 3;
    D52 : 3;
    D53 : 3;
    D54 : 3;
    D55 : 3;
    D56 : 3;
    D57 : 4;
    D58 : 4;
    D59 : 4;
    D5A : 5;
    D5B : 5;
    D5C : 6;
    D5D : 7;
    D5E : 8;
    D5F : 9;
    D60 : 9;
    D61 : A;
    D62 : A;
    D63 : B;
    D64 : B;
    D65 : B;
    D66 : B;
    D67 : B;
    D68 : C;
    D69 : C;
    D6A : C;
    D6B : C;
    D6C : C;
    D6D : C;
    D6E : D;
    D6F : D;
    D70 : D;
    D71 : D;
    D72 : D;
    D73 : D;
    D74 : D;
    D75 : D;
    D76 : E;
    D77 : E;
    D78 : E;
    D79 : E;
    D7A : E;
    D7B : E;
    D7C : E;
    D7D : E;
    D7E : E;
    D7F : E;
    D80 : E;
    D81 : E;
    D82 : E;
    D83 : E;
    D84 : F;
    D85 : E;
    D86 : E;
    D87 : F;
    D88 : F;
    D89 : E;
    D8A : E;
    D8B : E;
    D8C : E;
    D8D : F;
    D8E : F;
    D8F : F;
    D90 : E;
    D91 : E;
    D92 : D;
    D93 : D;
    D94 : D;
    D95 : D;
    D96 : D;
    D97 : D;
    D98 : D;
    D99 : C;
    D9A : C;
    D9B : C;
    D9C : C;
    D9D : C;
    D9E : C;
    D9F : C;
    DA0 : C;
    DA1 : C;
    DA2 : C;
    DA3 : C;
    DA4 : C;
    DA5 : C;
    DA6 : C;
    DA7 : C;
    DA8 : C;
    DA9 : C;
    DAA : C;
    DAB : C;
    DAC : C;
    DAD : C;
    DAE : C;
    DAF : C;
    DB0 : C;
    DB1 : C;
    DB2 : C;
    DB3 : B;
    DB4 : B;
    DB5 : B;
    DB6 : B;
    DB7 : B;
    DB8 : C;
    DB9 : B;
    DBA : B;
    DBB : B;
    DBC : B;
    DBD : B;
    DBE : B;
    DBF : B;
    DC0 : B;
    DC1 : B;
    DC2 : B;
    DC3 : B;
    DC4 : B;
    DC5 : B;
    DC6 : B;
    DC7 : B;
    DC8 : C;
    DC9 : B;
    DCA : B;
    DCB : B;
    DCC : B;
    DCD : B;
    DCE : B;
    DCF : B;
    DD0 : B;
    DD1 : B;
    DD2 : B;
    DD3 : C;
    DD4 : B;
    DD5 : C;
    DD6 : B;
    DD7 : B;
    DD8 : B;
    DD9 : B;
    DDA : B;
    DDB : B;
    DDC : B;
    DDD : B;
    DDE : B;
    DDF : B;
    DE0 : B;
    DE1 : B;
    DE2 : B;
    DE3 : B;
    DE4 : B;
    DE5 : B;
    DE6 : B;
    DE7 : B;
    DE8 : B;
    DE9 : B;
    DEA : A;
    DEB : A;
    DEC : A;
    DED : A;
    DEE : A;
    DEF : A;
    DF0 : A;
    DF1 : B;
    DF2 : B;
    DF3 : B;
    DF4 : B;
    DF5 : B;
    DF6 : B;
    DF7 : C;
    DF8 : C;
    DF9 : B;
    DFA : B;
    DFB : B;
    DFC : B;
    DFD : B;
    DFE : B;
    DFF : B;
    E00 : B;
    E01 : B;
    E02 : A;
    E03 : 9;
    E04 : A;
    E05 : B;
    E06 : B;
    E07 : B;
    E08 : B;
    E09 : B;
    E0A : A;
    E0B : 9;
    E0C : 9;
    E0D : 9;
    E0E : 9;
    E0F : 9;
    E10 : 2;
    E11 : 2;
    E12 : 2;
    E13 : 2;
    E14 : 2;
    E15 : 2;
    E16 : 3;
    E17 : 3;
    E18 : 3;
    E19 : 3;
    E1A : 3;
    E1B : 3;
    E1C : 4;
    E1D : 4;
    E1E : 4;
    E1F : 5;
    E20 : 5;
    E21 : 6;
    E22 : 6;
    E23 : 7;
    E24 : 8;
    E25 : 9;
    E26 : 9;
    E27 : A;
    E28 : A;
    E29 : B;
    E2A : B;
    E2B : B;
    E2C : B;
    E2D : B;
    E2E : C;
    E2F : C;
    E30 : C;
    E31 : C;
    E32 : C;
    E33 : D;
    E34 : D;
    E35 : D;
    E36 : D;
    E37 : D;
    E38 : D;
    E39 : D;
    E3A : D;
    E3B : D;
    E3C : E;
    E3D : E;
    E3E : E;
    E3F : E;
    E40 : E;
    E41 : E;
    E42 : F;
    E43 : F;
    E44 : F;
    E45 : F;
    E46 : E;
    E47 : E;
    E48 : E;
    E49 : E;
    E4A : F;
    E4B : E;
    E4C : D;
    E4D : D;
    E4E : E;
    E4F : E;
    E50 : F;
    E51 : E;
    E52 : C;
    E53 : D;
    E54 : E;
    E55 : F;
    E56 : E;
    E57 : D;
    E58 : D;
    E59 : C;
    E5A : D;
    E5B : C;
    E5C : C;
    E5D : C;
    E5E : C;
    E5F : B;
    E60 : C;
    E61 : C;
    E62 : C;
    E63 : C;
    E64 : C;
    E65 : C;
    E66 : C;
    E67 : C;
    E68 : C;
    E69 : C;
    E6A : C;
    E6B : C;
    E6C : C;
    E6D : C;
    E6E : C;
    E6F : C;
    E70 : C;
    E71 : C;
    E72 : C;
    E73 : C;
    E74 : C;
    E75 : C;
    E76 : C;
    E77 : C;
    E78 : C;
    E79 : C;
    E7A : B;
    E7B : B;
    E7C : B;
    E7D : B;
    E7E : B;
    E7F : B;
    E80 : B;
    E81 : C;
    E82 : B;
    E83 : B;
    E84 : B;
    E85 : B;
    E86 : B;
    E87 : B;
    E88 : B;
    E89 : B;
    E8A : B;
    E8B : B;
    E8C : B;
    E8D : B;
    E8E : B;
    E8F : B;
    E90 : A;
    E91 : 9;
    E92 : A;
    E93 : B;
    E94 : B;
    E95 : B;
    E96 : B;
    E97 : B;
    E98 : B;
    E99 : B;
    E9A : B;
    E9B : B;
    E9C : B;
    E9D : B;
    E9E : B;
    E9F : B;
    EA0 : B;
    EA1 : B;
    EA2 : B;
    EA3 : B;
    EA4 : B;
    EA5 : B;
    EA6 : B;
    EA7 : B;
    EA8 : B;
    EA9 : B;
    EAA : B;
    EAB : B;
    EAC : B;
    EAD : B;
    EAE : B;
    EAF : B;
    EB0 : A;
    EB1 : A;
    EB2 : A;
    EB3 : A;
    EB4 : A;
    EB5 : B;
    EB6 : B;
    EB7 : B;
    EB8 : C;
    EB9 : C;
    EBA : C;
    EBB : B;
    EBC : C;
    EBD : B;
    EBE : C;
    EBF : B;
    EC0 : B;
    EC1 : B;
    EC2 : A;
    EC3 : B;
    EC4 : B;
    EC5 : B;
    EC6 : B;
    EC7 : B;
    EC8 : A;
    EC9 : 9;
    ECA : 9;
    ECB : A;
    ECC : A;
    ECD : B;
    ECE : B;
    ECF : A;
    ED0 : A;
    ED1 : A;
    ED2 : 9;
    ED3 : 9;
    ED4 : 9;
    ED5 : 9;
    ED6 : 9;
    ED7 : A;
    ED8 : 2;
    ED9 : 2;
    EDA : 2;
    EDB : 2;
    EDC : 3;
    EDD : 3;
    EDE : 3;
    EDF : 3;
    EE0 : 3;
    EE1 : 3;
    EE2 : 4;
    EE3 : 4;
    EE4 : 4;
    EE5 : 5;
    EE6 : 5;
    EE7 : 6;
    EE8 : 6;
    EE9 : 7;
    EEA : 8;
    EEB : 9;
    EEC : 9;
    EED : A;
    EEE : A;
    EEF : B;
    EF0 : B;
    EF1 : B;
    EF2 : B;
    EF3 : B;
    EF4 : B;
    EF5 : C;
    EF6 : C;
    EF7 : C;
    EF8 : C;
    EF9 : C;
    EFA : D;
    EFB : D;
    EFC : D;
    EFD : D;
    EFE : D;
    EFF : D;
    F00 : D;
    F01 : E;
    F02 : E;
    F03 : E;
    F04 : E;
    F05 : E;
    F06 : E;
    F07 : E;
    F08 : E;
    F09 : F;
    F0A : F;
    F0B : F;
    F0C : E;
    F0D : E;
    F0E : F;
    F0F : E;
    F10 : F;
    F11 : F;
    F12 : F;
    F13 : F;
    F14 : F;
    F15 : F;
    F16 : E;
    F17 : F;
    F18 : F;
    F19 : E;
    F1A : D;
    F1B : E;
    F1C : E;
    F1D : D;
    F1E : D;
    F1F : C;
    F20 : D;
    F21 : D;
    F22 : C;
    F23 : C;
    F24 : C;
    F25 : C;
    F26 : C;
    F27 : C;
    F28 : C;
    F29 : C;
    F2A : C;
    F2B : C;
    F2C : C;
    F2D : C;
    F2E : C;
    F2F : C;
    F30 : C;
    F31 : C;
    F32 : C;
    F33 : C;
    F34 : C;
    F35 : C;
    F36 : C;
    F37 : C;
    F38 : C;
    F39 : C;
    F3A : C;
    F3B : C;
    F3C : B;
    F3D : C;
    F3E : B;
    F3F : B;
    F40 : B;
    F41 : B;
    F42 : B;
    F43 : B;
    F44 : B;
    F45 : B;
    F46 : B;
    F47 : B;
    F48 : B;
    F49 : B;
    F4A : B;
    F4B : B;
    F4C : B;
    F4D : B;
    F4E : B;
    F4F : B;
    F50 : B;
    F51 : B;
    F52 : B;
    F53 : A;
    F54 : A;
    F55 : 8;
    F56 : 8;
    F57 : 8;
    F58 : 7;
    F59 : 7;
    F5A : B;
    F5B : B;
    F5C : B;
    F5D : B;
    F5E : B;
    F5F : B;
    F60 : B;
    F61 : B;
    F62 : B;
    F63 : B;
    F64 : B;
    F65 : B;
    F66 : B;
    F67 : B;
    F68 : B;
    F69 : B;
    F6A : B;
    F6B : B;
    F6C : B;
    F6D : B;
    F6E : B;
    F6F : B;
    F70 : B;
    F71 : B;
    F72 : B;
    F73 : B;
    F74 : A;
    F75 : A;
    F76 : A;
    F77 : A;
    F78 : A;
    F79 : B;
    F7A : B;
    F7B : B;
    F7C : B;
    F7D : C;
    F7E : B;
    F7F : B;
    F80 : C;
    F81 : C;
    F82 : B;
    F83 : B;
    F84 : B;
    F85 : B;
    F86 : B;
    F87 : B;
    F88 : A;
    F89 : A;
    F8A : A;
    F8B : B;
    F8C : B;
    F8D : B;
    F8E : B;
    F8F : A;
    F90 : A;
    F91 : A;
    F92 : B;
    F93 : B;
    F94 : B;
    F95 : A;
    F96 : A;
    F97 : B;
    F98 : A;
    F99 : A;
    F9A : 9;
    F9B : 9;
    F9C : 9;
    F9D : A;
    F9E : A;
    F9F : A;
    FA0 : 2;
    FA1 : 2;
    FA2 : 3;
    FA3 : 3;
    FA4 : 3;
    FA5 : 3;
    FA6 : 3;
    FA7 : 3;
    FA8 : 4;
    FA9 : 4;
    FAA : 4;
    FAB : 5;
    FAC : 5;
    FAD : 6;
    FAE : 7;
    FAF : 7;
    FB0 : 8;
    FB1 : 9;
    FB2 : 9;
    FB3 : A;
    FB4 : A;
    FB5 : B;
    FB6 : B;
    FB7 : B;
    FB8 : B;
    FB9 : B;
    FBA : C;
    FBB : C;
    FBC : C;
    FBD : C;
    FBE : C;
    FBF : D;
    FC0 : D;
    FC1 : D;
    FC2 : D;
    FC3 : D;
    FC4 : D;
    FC5 : E;
    FC6 : D;
    FC7 : D;
    FC8 : E;
    FC9 : E;
    FCA : E;
    FCB : E;
    FCC : E;
    FCD : E;
    FCE : E;
    FCF : F;
    FD0 : E;
    FD1 : E;
    FD2 : E;
    FD3 : E;
    FD4 : E;
    FD5 : E;
    FD6 : F;
    FD7 : F;
    FD8 : F;
    FD9 : F;
    FDA : F;
    FDB : F;
    FDC : F;
    FDD : F;
    FDE : F;
    FDF : F;
    FE0 : F;
    FE1 : E;
    FE2 : C;
    FE3 : D;
    FE4 : C;
    FE5 : C;
    FE6 : C;
    FE7 : C;
    FE8 : C;
    FE9 : C;
    FEA : C;
    FEB : C;
    FEC : C;
    FED : C;
    FEE : C;
    FEF : C;
    FF0 : C;
    FF1 : C;
    FF2 : C;
    FF3 : C;
    FF4 : C;
    FF5 : C;
    FF6 : C;
    FF7 : C;
    FF8 : C;
    FF9 : C;
    FFA : C;
    FFB : C;
    FFC : C;
    FFD : C;
    FFE : C;
    FFF : C;
    1000 : C;
    1001 : B;
    1002 : B;
    1003 : B;
    1004 : B;
    1005 : B;
    1006 : B;
    1007 : B;
    1008 : B;
    1009 : B;
    100A : B;
    100B : B;
    100C : B;
    100D : B;
    100E : B;
    100F : B;
    1010 : B;
    1011 : B;
    1012 : B;
    1013 : B;
    1014 : B;
    1015 : B;
    1016 : B;
    1017 : B;
    1018 : 9;
    1019 : 8;
    101A : 7;
    101B : 5;
    101C : 5;
    101D : 4;
    101E : 8;
    101F : 8;
    1020 : 8;
    1021 : 7;
    1022 : A;
    1023 : B;
    1024 : B;
    1025 : B;
    1026 : B;
    1027 : B;
    1028 : B;
    1029 : B;
    102A : B;
    102B : B;
    102C : B;
    102D : B;
    102E : B;
    102F : B;
    1030 : B;
    1031 : B;
    1032 : B;
    1033 : B;
    1034 : B;
    1035 : B;
    1036 : B;
    1037 : B;
    1038 : A;
    1039 : A;
    103A : A;
    103B : A;
    103C : A;
    103D : A;
    103E : A;
    103F : A;
    1040 : B;
    1041 : B;
    1042 : B;
    1043 : B;
    1044 : C;
    1045 : B;
    1046 : B;
    1047 : B;
    1048 : B;
    1049 : B;
    104A : B;
    104B : B;
    104C : B;
    104D : A;
    104E : A;
    104F : B;
    1050 : B;
    1051 : A;
    1052 : B;
    1053 : B;
    1054 : B;
    1055 : B;
    1056 : A;
    1057 : B;
    1058 : B;
    1059 : A;
    105A : B;
    105B : B;
    105C : A;
    105D : B;
    105E : B;
    105F : B;
    1060 : A;
    1061 : A;
    1062 : A;
    1063 : A;
    1064 : A;
    1065 : A;
    1066 : A;
    1067 : A;
    1068 : 2;
    1069 : 3;
    106A : 3;
    106B : 3;
    106C : 3;
    106D : 3;
    106E : 4;
    106F : 4;
    1070 : 4;
    1071 : 5;
    1072 : 5;
    1073 : 6;
    1074 : 6;
    1075 : 7;
    1076 : 8;
    1077 : 9;
    1078 : 9;
    1079 : A;
    107A : A;
    107B : B;
    107C : B;
    107D : B;
    107E : B;
    107F : B;
    1080 : C;
    1081 : C;
    1082 : C;
    1083 : C;
    1084 : C;
    1085 : C;
    1086 : D;
    1087 : D;
    1088 : D;
    1089 : D;
    108A : D;
    108B : D;
    108C : D;
    108D : E;
    108E : E;
    108F : E;
    1090 : E;
    1091 : E;
    1092 : E;
    1093 : E;
    1094 : E;
    1095 : E;
    1096 : E;
    1097 : E;
    1098 : D;
    1099 : E;
    109A : E;
    109B : E;
    109C : E;
    109D : F;
    109E : F;
    109F : F;
    10A0 : F;
    10A1 : F;
    10A2 : F;
    10A3 : F;
    10A4 : F;
    10A5 : F;
    10A6 : F;
    10A7 : E;
    10A8 : E;
    10A9 : D;
    10AA : D;
    10AB : C;
    10AC : C;
    10AD : C;
    10AE : C;
    10AF : C;
    10B0 : C;
    10B1 : C;
    10B2 : C;
    10B3 : C;
    10B4 : C;
    10B5 : C;
    10B6 : C;
    10B7 : C;
    10B8 : C;
    10B9 : C;
    10BA : C;
    10BB : C;
    10BC : C;
    10BD : C;
    10BE : C;
    10BF : C;
    10C0 : C;
    10C1 : C;
    10C2 : C;
    10C3 : C;
    10C4 : C;
    10C5 : B;
    10C6 : B;
    10C7 : C;
    10C8 : B;
    10C9 : B;
    10CA : B;
    10CB : B;
    10CC : B;
    10CD : C;
    10CE : B;
    10CF : B;
    10D0 : B;
    10D1 : B;
    10D2 : B;
    10D3 : B;
    10D4 : B;
    10D5 : B;
    10D6 : B;
    10D7 : B;
    10D8 : B;
    10D9 : C;
    10DA : C;
    10DB : C;
    10DC : B;
    10DD : 9;
    10DE : 7;
    10DF : 5;
    10E0 : 4;
    10E1 : 2;
    10E2 : 2;
    10E3 : 2;
    10E4 : 4;
    10E5 : 6;
    10E6 : A;
    10E7 : 9;
    10E8 : 9;
    10E9 : 8;
    10EA : 9;
    10EB : B;
    10EC : B;
    10ED : B;
    10EE : B;
    10EF : B;
    10F0 : B;
    10F1 : B;
    10F2 : B;
    10F3 : B;
    10F4 : B;
    10F5 : B;
    10F6 : B;
    10F7 : B;
    10F8 : B;
    10F9 : B;
    10FA : B;
    10FB : B;
    10FC : B;
    10FD : A;
    10FE : A;
    10FF : A;
    1100 : A;
    1101 : A;
    1102 : B;
    1103 : B;
    1104 : B;
    1105 : B;
    1106 : B;
    1107 : B;
    1108 : C;
    1109 : C;
    110A : C;
    110B : C;
    110C : C;
    110D : C;
    110E : C;
    110F : B;
    1110 : B;
    1111 : C;
    1112 : B;
    1113 : B;
    1114 : B;
    1115 : B;
    1116 : B;
    1117 : B;
    1118 : B;
    1119 : B;
    111A : B;
    111B : B;
    111C : B;
    111D : B;
    111E : B;
    111F : B;
    1120 : A;
    1121 : B;
    1122 : B;
    1123 : A;
    1124 : B;
    1125 : B;
    1126 : A;
    1127 : A;
    1128 : A;
    1129 : 9;
    112A : A;
    112B : A;
    112C : A;
    112D : A;
    112E : A;
    112F : 9;
    1130 : 3;
    1131 : 3;
    1132 : 3;
    1133 : 3;
    1134 : 4;
    1135 : 4;
    1136 : 4;
    1137 : 5;
    1138 : 5;
    1139 : 6;
    113A : 7;
    113B : 8;
    113C : 8;
    113D : 9;
    113E : A;
    113F : A;
    1140 : A;
    1141 : B;
    1142 : B;
    1143 : B;
    1144 : B;
    1145 : B;
    1146 : C;
    1147 : C;
    1148 : C;
    1149 : C;
    114A : C;
    114B : C;
    114C : D;
    114D : D;
    114E : D;
    114F : D;
    1150 : D;
    1151 : D;
    1152 : D;
    1153 : E;
    1154 : E;
    1155 : E;
    1156 : E;
    1157 : E;
    1158 : E;
    1159 : E;
    115A : E;
    115B : E;
    115C : E;
    115D : E;
    115E : D;
    115F : D;
    1160 : E;
    1161 : E;
    1162 : E;
    1163 : F;
    1164 : F;
    1165 : F;
    1166 : F;
    1167 : F;
    1168 : F;
    1169 : F;
    116A : F;
    116B : F;
    116C : F;
    116D : E;
    116E : D;
    116F : E;
    1170 : D;
    1171 : C;
    1172 : C;
    1173 : C;
    1174 : C;
    1175 : C;
    1176 : C;
    1177 : C;
    1178 : C;
    1179 : C;
    117A : C;
    117B : C;
    117C : C;
    117D : C;
    117E : C;
    117F : C;
    1180 : C;
    1181 : C;
    1182 : C;
    1183 : C;
    1184 : C;
    1185 : C;
    1186 : C;
    1187 : C;
    1188 : C;
    1189 : C;
    118A : B;
    118B : B;
    118C : C;
    118D : B;
    118E : C;
    118F : D;
    1190 : C;
    1191 : B;
    1192 : B;
    1193 : B;
    1194 : B;
    1195 : B;
    1196 : B;
    1197 : B;
    1198 : B;
    1199 : B;
    119A : B;
    119B : B;
    119C : B;
    119D : B;
    119E : B;
    119F : B;
    11A0 : C;
    11A1 : C;
    11A2 : B;
    11A3 : A;
    11A4 : 6;
    11A5 : 4;
    11A6 : 3;
    11A7 : 3;
    11A8 : 4;
    11A9 : 5;
    11AA : 2;
    11AB : 2;
    11AC : 5;
    11AD : 7;
    11AE : A;
    11AF : 9;
    11B0 : 9;
    11B1 : 9;
    11B2 : 9;
    11B3 : A;
    11B4 : B;
    11B5 : B;
    11B6 : B;
    11B7 : B;
    11B8 : B;
    11B9 : B;
    11BA : B;
    11BB : C;
    11BC : C;
    11BD : C;
    11BE : B;
    11BF : B;
    11C0 : B;
    11C1 : B;
    11C2 : B;
    11C3 : A;
    11C4 : A;
    11C5 : A;
    11C6 : A;
    11C7 : B;
    11C8 : B;
    11C9 : B;
    11CA : C;
    11CB : D;
    11CC : C;
    11CD : C;
    11CE : D;
    11CF : D;
    11D0 : C;
    11D1 : C;
    11D2 : C;
    11D3 : C;
    11D4 : B;
    11D5 : B;
    11D6 : C;
    11D7 : C;
    11D8 : C;
    11D9 : C;
    11DA : C;
    11DB : C;
    11DC : C;
    11DD : B;
    11DE : B;
    11DF : B;
    11E0 : B;
    11E1 : B;
    11E2 : B;
    11E3 : B;
    11E4 : B;
    11E5 : B;
    11E6 : A;
    11E7 : A;
    11E8 : A;
    11E9 : B;
    11EA : A;
    11EB : A;
    11EC : A;
    11ED : A;
    11EE : 9;
    11EF : A;
    11F0 : A;
    11F1 : A;
    11F2 : A;
    11F3 : A;
    11F4 : A;
    11F5 : 9;
    11F6 : 9;
    11F7 : 9;
    11F8 : 3;
    11F9 : 3;
    11FA : 4;
    11FB : 4;
    11FC : 4;
    11FD : 5;
    11FE : 5;
    11FF : 6;
    1200 : 7;
    1201 : 8;
    1202 : 8;
    1203 : 9;
    1204 : A;
    1205 : A;
    1206 : A;
    1207 : B;
    1208 : B;
    1209 : B;
    120A : B;
    120B : B;
    120C : C;
    120D : C;
    120E : C;
    120F : C;
    1210 : C;
    1211 : D;
    1212 : D;
    1213 : D;
    1214 : D;
    1215 : D;
    1216 : D;
    1217 : D;
    1218 : D;
    1219 : E;
    121A : E;
    121B : E;
    121C : E;
    121D : E;
    121E : E;
    121F : E;
    1220 : E;
    1221 : E;
    1222 : E;
    1223 : E;
    1224 : E;
    1225 : E;
    1226 : E;
    1227 : E;
    1228 : E;
    1229 : E;
    122A : E;
    122B : F;
    122C : F;
    122D : F;
    122E : F;
    122F : F;
    1230 : F;
    1231 : F;
    1232 : F;
    1233 : E;
    1234 : E;
    1235 : D;
    1236 : C;
    1237 : C;
    1238 : C;
    1239 : C;
    123A : C;
    123B : C;
    123C : C;
    123D : B;
    123E : C;
    123F : C;
    1240 : C;
    1241 : C;
    1242 : C;
    1243 : C;
    1244 : C;
    1245 : C;
    1246 : C;
    1247 : C;
    1248 : C;
    1249 : C;
    124A : C;
    124B : C;
    124C : C;
    124D : C;
    124E : C;
    124F : C;
    1250 : C;
    1251 : C;
    1252 : C;
    1253 : C;
    1254 : C;
    1255 : C;
    1256 : B;
    1257 : B;
    1258 : B;
    1259 : B;
    125A : B;
    125B : B;
    125C : B;
    125D : C;
    125E : B;
    125F : B;
    1260 : B;
    1261 : B;
    1262 : B;
    1263 : B;
    1264 : B;
    1265 : B;
    1266 : B;
    1267 : A;
    1268 : A;
    1269 : A;
    126A : 7;
    126B : 4;
    126C : 3;
    126D : 4;
    126E : 5;
    126F : 7;
    1270 : A;
    1271 : 6;
    1272 : 2;
    1273 : 3;
    1274 : 5;
    1275 : 7;
    1276 : A;
    1277 : 9;
    1278 : 9;
    1279 : 9;
    127A : 9;
    127B : A;
    127C : B;
    127D : B;
    127E : B;
    127F : B;
    1280 : B;
    1281 : C;
    1282 : C;
    1283 : C;
    1284 : B;
    1285 : B;
    1286 : A;
    1287 : B;
    1288 : B;
    1289 : B;
    128A : B;
    128B : C;
    128C : C;
    128D : C;
    128E : C;
    128F : C;
    1290 : C;
    1291 : B;
    1292 : B;
    1293 : A;
    1294 : A;
    1295 : A;
    1296 : 9;
    1297 : 9;
    1298 : 9;
    1299 : 8;
    129A : 7;
    129B : 7;
    129C : 7;
    129D : 6;
    129E : 6;
    129F : 6;
    12A0 : 6;
    12A1 : 7;
    12A2 : 8;
    12A3 : 9;
    12A4 : B;
    12A5 : A;
    12A6 : A;
    12A7 : B;
    12A8 : B;
    12A9 : B;
    12AA : B;
    12AB : B;
    12AC : A;
    12AD : A;
    12AE : A;
    12AF : B;
    12B0 : A;
    12B1 : 9;
    12B2 : A;
    12B3 : A;
    12B4 : A;
    12B5 : A;
    12B6 : A;
    12B7 : A;
    12B8 : A;
    12B9 : A;
    12BA : A;
    12BB : A;
    12BC : 9;
    12BD : 9;
    12BE : A;
    12BF : 9;
    12C0 : 4;
    12C1 : 4;
    12C2 : 4;
    12C3 : 5;
    12C4 : 5;
    12C5 : 6;
    12C6 : 7;
    12C7 : 8;
    12C8 : 8;
    12C9 : 9;
    12CA : A;
    12CB : A;
    12CC : A;
    12CD : B;
    12CE : B;
    12CF : B;
    12D0 : B;
    12D1 : C;
    12D2 : C;
    12D3 : C;
    12D4 : C;
    12D5 : C;
    12D6 : D;
    12D7 : D;
    12D8 : D;
    12D9 : D;
    12DA : D;
    12DB : D;
    12DC : D;
    12DD : D;
    12DE : D;
    12DF : D;
    12E0 : E;
    12E1 : E;
    12E2 : E;
    12E3 : E;
    12E4 : E;
    12E5 : E;
    12E6 : E;
    12E7 : E;
    12E8 : E;
    12E9 : E;
    12EA : E;
    12EB : E;
    12EC : E;
    12ED : E;
    12EE : E;
    12EF : E;
    12F0 : E;
    12F1 : E;
    12F2 : F;
    12F3 : F;
    12F4 : E;
    12F5 : E;
    12F6 : F;
    12F7 : F;
    12F8 : F;
    12F9 : F;
    12FA : F;
    12FB : D;
    12FC : C;
    12FD : C;
    12FE : C;
    12FF : C;
    1300 : C;
    1301 : C;
    1302 : C;
    1303 : C;
    1304 : C;
    1305 : C;
    1306 : C;
    1307 : C;
    1308 : C;
    1309 : C;
    130A : C;
    130B : B;
    130C : C;
    130D : D;
    130E : D;
    130F : C;
    1310 : C;
    1311 : C;
    1312 : C;
    1313 : C;
    1314 : C;
    1315 : C;
    1316 : B;
    1317 : C;
    1318 : C;
    1319 : C;
    131A : C;
    131B : B;
    131C : B;
    131D : B;
    131E : B;
    131F : B;
    1320 : B;
    1321 : B;
    1322 : B;
    1323 : B;
    1324 : B;
    1325 : B;
    1326 : B;
    1327 : B;
    1328 : B;
    1329 : B;
    132A : B;
    132B : B;
    132C : B;
    132D : B;
    132E : A;
    132F : A;
    1330 : A;
    1331 : 9;
    1332 : 7;
    1333 : 8;
    1334 : 9;
    1335 : A;
    1336 : B;
    1337 : B;
    1338 : A;
    1339 : 3;
    133A : 2;
    133B : 3;
    133C : 5;
    133D : 8;
    133E : A;
    133F : 9;
    1340 : 9;
    1341 : 9;
    1342 : 9;
    1343 : 9;
    1344 : B;
    1345 : B;
    1346 : B;
    1347 : B;
    1348 : C;
    1349 : C;
    134A : B;
    134B : A;
    134C : A;
    134D : B;
    134E : B;
    134F : B;
    1350 : C;
    1351 : B;
    1352 : B;
    1353 : B;
    1354 : B;
    1355 : A;
    1356 : 9;
    1357 : 9;
    1358 : 9;
    1359 : 9;
    135A : 9;
    135B : 9;
    135C : 9;
    135D : A;
    135E : 9;
    135F : A;
    1360 : A;
    1361 : A;
    1362 : A;
    1363 : A;
    1364 : 9;
    1365 : 9;
    1366 : 8;
    1367 : 6;
    1368 : 5;
    1369 : 4;
    136A : 4;
    136B : 6;
    136C : 7;
    136D : 9;
    136E : 9;
    136F : A;
    1370 : B;
    1371 : B;
    1372 : B;
    1373 : B;
    1374 : B;
    1375 : A;
    1376 : B;
    1377 : A;
    1378 : A;
    1379 : A;
    137A : A;
    137B : A;
    137C : A;
    137D : A;
    137E : A;
    137F : A;
    1380 : A;
    1381 : A;
    1382 : A;
    1383 : A;
    1384 : A;
    1385 : A;
    1386 : 9;
    1387 : 9;
    1388 : 4;
    1389 : 5;
    138A : 5;
    138B : 6;
    138C : 7;
    138D : 8;
    138E : 8;
    138F : 9;
    1390 : A;
    1391 : A;
    1392 : A;
    1393 : B;
    1394 : B;
    1395 : B;
    1396 : B;
    1397 : B;
    1398 : C;
    1399 : C;
    139A : C;
    139B : D;
    139C : D;
    139D : D;
    139E : D;
    139F : D;
    13A0 : D;
    13A1 : D;
    13A2 : D;
    13A3 : D;
    13A4 : D;
    13A5 : D;
    13A6 : E;
    13A7 : E;
    13A8 : E;
    13A9 : E;
    13AA : E;
    13AB : E;
    13AC : E;
    13AD : E;
    13AE : E;
    13AF : E;
    13B0 : E;
    13B1 : E;
    13B2 : E;
    13B3 : E;
    13B4 : E;
    13B5 : E;
    13B6 : E;
    13B7 : E;
    13B8 : E;
    13B9 : E;
    13BA : E;
    13BB : E;
    13BC : F;
    13BD : E;
    13BE : F;
    13BF : F;
    13C0 : F;
    13C1 : F;
    13C2 : E;
    13C3 : C;
    13C4 : C;
    13C5 : C;
    13C6 : C;
    13C7 : C;
    13C8 : C;
    13C9 : C;
    13CA : C;
    13CB : C;
    13CC : C;
    13CD : C;
    13CE : C;
    13CF : C;
    13D0 : C;
    13D1 : C;
    13D2 : C;
    13D3 : C;
    13D4 : C;
    13D5 : C;
    13D6 : C;
    13D7 : C;
    13D8 : C;
    13D9 : C;
    13DA : C;
    13DB : B;
    13DC : B;
    13DD : B;
    13DE : B;
    13DF : B;
    13E0 : B;
    13E1 : B;
    13E2 : B;
    13E3 : B;
    13E4 : B;
    13E5 : B;
    13E6 : B;
    13E7 : B;
    13E8 : B;
    13E9 : B;
    13EA : B;
    13EB : B;
    13EC : B;
    13ED : B;
    13EE : C;
    13EF : C;
    13F0 : B;
    13F1 : B;
    13F2 : B;
    13F3 : B;
    13F4 : B;
    13F5 : A;
    13F6 : A;
    13F7 : A;
    13F8 : A;
    13F9 : B;
    13FA : C;
    13FB : C;
    13FC : C;
    13FD : B;
    13FE : B;
    13FF : B;
    1400 : 8;
    1401 : 2;
    1402 : 3;
    1403 : 5;
    1404 : 6;
    1405 : 9;
    1406 : A;
    1407 : 9;
    1408 : 9;
    1409 : 9;
    140A : 9;
    140B : 9;
    140C : B;
    140D : B;
    140E : B;
    140F : B;
    1410 : B;
    1411 : B;
    1412 : B;
    1413 : C;
    1414 : C;
    1415 : A;
    1416 : 9;
    1417 : 8;
    1418 : A;
    1419 : A;
    141A : A;
    141B : 9;
    141C : 9;
    141D : 9;
    141E : A;
    141F : A;
    1420 : B;
    1421 : A;
    1422 : B;
    1423 : B;
    1424 : B;
    1425 : B;
    1426 : B;
    1427 : A;
    1428 : A;
    1429 : A;
    142A : A;
    142B : A;
    142C : A;
    142D : A;
    142E : A;
    142F : 8;
    1430 : 7;
    1431 : 6;
    1432 : 4;
    1433 : 4;
    1434 : 6;
    1435 : 7;
    1436 : 9;
    1437 : 8;
    1438 : A;
    1439 : A;
    143A : A;
    143B : A;
    143C : B;
    143D : B;
    143E : A;
    143F : A;
    1440 : A;
    1441 : 9;
    1442 : 9;
    1443 : A;
    1444 : A;
    1445 : A;
    1446 : A;
    1447 : A;
    1448 : A;
    1449 : A;
    144A : A;
    144B : A;
    144C : A;
    144D : 9;
    144E : 9;
    144F : 9;
    1450 : 5;
    1451 : 6;
    1452 : 7;
    1453 : 8;
    1454 : 8;
    1455 : 9;
    1456 : A;
    1457 : A;
    1458 : A;
    1459 : B;
    145A : B;
    145B : B;
    145C : B;
    145D : B;
    145E : C;
    145F : C;
    1460 : C;
    1461 : D;
    1462 : D;
    1463 : D;
    1464 : D;
    1465 : D;
    1466 : D;
    1467 : D;
    1468 : D;
    1469 : D;
    146A : D;
    146B : E;
    146C : E;
    146D : E;
    146E : E;
    146F : E;
    1470 : E;
    1471 : E;
    1472 : E;
    1473 : E;
    1474 : E;
    1475 : E;
    1476 : E;
    1477 : E;
    1478 : E;
    1479 : E;
    147A : E;
    147B : E;
    147C : E;
    147D : E;
    147E : E;
    147F : E;
    1480 : E;
    1481 : E;
    1482 : E;
    1483 : E;
    1484 : D;
    1485 : D;
    1486 : E;
    1487 : E;
    1488 : D;
    1489 : C;
    148A : C;
    148B : C;
    148C : C;
    148D : C;
    148E : C;
    148F : C;
    1490 : C;
    1491 : C;
    1492 : C;
    1493 : C;
    1494 : C;
    1495 : C;
    1496 : C;
    1497 : C;
    1498 : C;
    1499 : C;
    149A : C;
    149B : B;
    149C : B;
    149D : B;
    149E : C;
    149F : C;
    14A0 : C;
    14A1 : B;
    14A2 : C;
    14A3 : D;
    14A4 : E;
    14A5 : D;
    14A6 : B;
    14A7 : B;
    14A8 : B;
    14A9 : B;
    14AA : B;
    14AB : B;
    14AC : B;
    14AD : A;
    14AE : A;
    14AF : A;
    14B0 : B;
    14B1 : B;
    14B2 : B;
    14B3 : B;
    14B4 : C;
    14B5 : C;
    14B6 : C;
    14B7 : B;
    14B8 : B;
    14B9 : B;
    14BA : B;
    14BB : B;
    14BC : A;
    14BD : A;
    14BE : A;
    14BF : A;
    14C0 : B;
    14C1 : B;
    14C2 : B;
    14C3 : B;
    14C4 : B;
    14C5 : B;
    14C6 : B;
    14C7 : B;
    14C8 : 6;
    14C9 : 4;
    14CA : 3;
    14CB : 6;
    14CC : 6;
    14CD : 9;
    14CE : A;
    14CF : 9;
    14D0 : 9;
    14D1 : 9;
    14D2 : 9;
    14D3 : 9;
    14D4 : A;
    14D5 : B;
    14D6 : B;
    14D7 : B;
    14D8 : B;
    14D9 : C;
    14DA : B;
    14DB : 9;
    14DC : 8;
    14DD : 9;
    14DE : 9;
    14DF : A;
    14E0 : 9;
    14E1 : B;
    14E2 : B;
    14E3 : A;
    14E4 : B;
    14E5 : C;
    14E6 : B;
    14E7 : B;
    14E8 : B;
    14E9 : A;
    14EA : A;
    14EB : B;
    14EC : B;
    14ED : B;
    14EE : B;
    14EF : B;
    14F0 : A;
    14F1 : B;
    14F2 : A;
    14F3 : A;
    14F4 : A;
    14F5 : A;
    14F6 : 9;
    14F7 : 4;
    14F8 : 6;
    14F9 : 7;
    14FA : 5;
    14FB : 4;
    14FC : 4;
    14FD : 6;
    14FE : 8;
    14FF : 8;
    1500 : 9;
    1501 : A;
    1502 : A;
    1503 : A;
    1504 : A;
    1505 : A;
    1506 : A;
    1507 : A;
    1508 : 9;
    1509 : A;
    150A : A;
    150B : A;
    150C : A;
    150D : A;
    150E : A;
    150F : A;
    1510 : A;
    1511 : A;
    1512 : 9;
    1513 : 9;
    1514 : 9;
    1515 : 8;
    1516 : 8;
    1517 : 8;
    1518 : 7;
    1519 : 7;
    151A : 8;
    151B : 9;
    151C : A;
    151D : A;
    151E : A;
    151F : B;
    1520 : B;
    1521 : B;
    1522 : B;
    1523 : B;
    1524 : C;
    1525 : C;
    1526 : C;
    1527 : D;
    1528 : D;
    1529 : D;
    152A : E;
    152B : D;
    152C : D;
    152D : D;
    152E : D;
    152F : D;
    1530 : D;
    1531 : D;
    1532 : D;
    1533 : E;
    1534 : E;
    1535 : E;
    1536 : E;
    1537 : E;
    1538 : E;
    1539 : E;
    153A : E;
    153B : E;
    153C : E;
    153D : E;
    153E : E;
    153F : E;
    1540 : E;
    1541 : E;
    1542 : E;
    1543 : E;
    1544 : E;
    1545 : E;
    1546 : E;
    1547 : E;
    1548 : E;
    1549 : E;
    154A : E;
    154B : E;
    154C : C;
    154D : C;
    154E : C;
    154F : C;
    1550 : C;
    1551 : C;
    1552 : C;
    1553 : C;
    1554 : C;
    1555 : C;
    1556 : B;
    1557 : C;
    1558 : C;
    1559 : C;
    155A : C;
    155B : C;
    155C : C;
    155D : C;
    155E : C;
    155F : B;
    1560 : B;
    1561 : C;
    1562 : B;
    1563 : B;
    1564 : B;
    1565 : B;
    1566 : B;
    1567 : B;
    1568 : B;
    1569 : B;
    156A : C;
    156B : C;
    156C : C;
    156D : B;
    156E : B;
    156F : A;
    1570 : B;
    1571 : B;
    1572 : B;
    1573 : B;
    1574 : B;
    1575 : A;
    1576 : A;
    1577 : A;
    1578 : A;
    1579 : A;
    157A : B;
    157B : C;
    157C : C;
    157D : B;
    157E : B;
    157F : B;
    1580 : B;
    1581 : B;
    1582 : B;
    1583 : B;
    1584 : B;
    1585 : B;
    1586 : B;
    1587 : B;
    1588 : B;
    1589 : B;
    158A : B;
    158B : B;
    158C : B;
    158D : B;
    158E : B;
    158F : A;
    1590 : 5;
    1591 : 4;
    1592 : 3;
    1593 : 6;
    1594 : 7;
    1595 : A;
    1596 : 9;
    1597 : 9;
    1598 : 9;
    1599 : 9;
    159A : 9;
    159B : 8;
    159C : 9;
    159D : C;
    159E : C;
    159F : C;
    15A0 : A;
    15A1 : 9;
    15A2 : 8;
    15A3 : 9;
    15A4 : 9;
    15A5 : 8;
    15A6 : 7;
    15A7 : 5;
    15A8 : 8;
    15A9 : B;
    15AA : A;
    15AB : A;
    15AC : B;
    15AD : C;
    15AE : C;
    15AF : C;
    15B0 : B;
    15B1 : B;
    15B2 : B;
    15B3 : B;
    15B4 : A;
    15B5 : B;
    15B6 : B;
    15B7 : B;
    15B8 : B;
    15B9 : B;
    15BA : A;
    15BB : A;
    15BC : A;
    15BD : 9;
    15BE : 5;
    15BF : 3;
    15C0 : 4;
    15C1 : 8;
    15C2 : 6;
    15C3 : 5;
    15C4 : 3;
    15C5 : 5;
    15C6 : 7;
    15C7 : 8;
    15C8 : 8;
    15C9 : A;
    15CA : B;
    15CB : A;
    15CC : 9;
    15CD : A;
    15CE : A;
    15CF : A;
    15D0 : A;
    15D1 : A;
    15D2 : A;
    15D3 : A;
    15D4 : A;
    15D5 : A;
    15D6 : A;
    15D7 : A;
    15D8 : A;
    15D9 : 9;
    15DA : A;
    15DB : 9;
    15DC : 8;
    15DD : 8;
    15DE : 9;
    15DF : 9;
    15E0 : 8;
    15E1 : 9;
    15E2 : 9;
    15E3 : A;
    15E4 : A;
    15E5 : B;
    15E6 : B;
    15E7 : B;
    15E8 : B;
    15E9 : B;
    15EA : C;
    15EB : C;
    15EC : C;
    15ED : D;
    15EE : D;
    15EF : D;
    15F0 : E;
    15F1 : E;
    15F2 : D;
    15F3 : D;
    15F4 : D;
    15F5 : D;
    15F6 : D;
    15F7 : D;
    15F8 : D;
    15F9 : D;
    15FA : D;
    15FB : E;
    15FC : E;
    15FD : E;
    15FE : E;
    15FF : E;
    1600 : E;
    1601 : E;
    1602 : E;
    1603 : E;
    1604 : E;
    1605 : E;
    1606 : E;
    1607 : E;
    1608 : E;
    1609 : E;
    160A : E;
    160B : E;
    160C : E;
    160D : E;
    160E : D;
    160F : D;
    1610 : E;
    1611 : F;
    1612 : F;
    1613 : E;
    1614 : D;
    1615 : C;
    1616 : C;
    1617 : C;
    1618 : C;
    1619 : C;
    161A : C;
    161B : C;
    161C : B;
    161D : C;
    161E : C;
    161F : C;
    1620 : C;
    1621 : C;
    1622 : C;
    1623 : C;
    1624 : C;
    1625 : B;
    1626 : B;
    1627 : C;
    1628 : C;
    1629 : B;
    162A : B;
    162B : C;
    162C : C;
    162D : B;
    162E : B;
    162F : C;
    1630 : B;
    1631 : B;
    1632 : B;
    1633 : B;
    1634 : C;
    1635 : C;
    1636 : B;
    1637 : B;
    1638 : B;
    1639 : B;
    163A : B;
    163B : B;
    163C : B;
    163D : B;
    163E : A;
    163F : B;
    1640 : C;
    1641 : C;
    1642 : C;
    1643 : C;
    1644 : B;
    1645 : B;
    1646 : B;
    1647 : B;
    1648 : B;
    1649 : B;
    164A : B;
    164B : B;
    164C : B;
    164D : B;
    164E : B;
    164F : B;
    1650 : B;
    1651 : B;
    1652 : B;
    1653 : B;
    1654 : B;
    1655 : B;
    1656 : B;
    1657 : 7;
    1658 : 4;
    1659 : 4;
    165A : 4;
    165B : 6;
    165C : 7;
    165D : A;
    165E : 9;
    165F : 9;
    1660 : 9;
    1661 : 9;
    1662 : 9;
    1663 : A;
    1664 : B;
    1665 : B;
    1666 : 9;
    1667 : 7;
    1668 : 7;
    1669 : 7;
    166A : 7;
    166B : 6;
    166C : 5;
    166D : 5;
    166E : 6;
    166F : A;
    1670 : C;
    1671 : B;
    1672 : B;
    1673 : B;
    1674 : C;
    1675 : C;
    1676 : C;
    1677 : B;
    1678 : A;
    1679 : B;
    167A : B;
    167B : B;
    167C : A;
    167D : B;
    167E : B;
    167F : A;
    1680 : A;
    1681 : A;
    1682 : B;
    1683 : B;
    1684 : 9;
    1685 : 6;
    1686 : 5;
    1687 : 4;
    1688 : 5;
    1689 : 7;
    168A : 7;
    168B : 5;
    168C : 4;
    168D : 4;
    168E : 6;
    168F : 8;
    1690 : 8;
    1691 : A;
    1692 : A;
    1693 : 9;
    1694 : A;
    1695 : 9;
    1696 : A;
    1697 : A;
    1698 : 9;
    1699 : 9;
    169A : A;
    169B : A;
    169C : A;
    169D : 9;
    169E : 9;
    169F : 9;
    16A0 : 9;
    16A1 : 9;
    16A2 : 9;
    16A3 : 9;
    16A4 : 9;
    16A5 : 9;
    16A6 : 9;
    16A7 : 9;
    16A8 : 9;
    16A9 : A;
    16AA : A;
    16AB : B;
    16AC : B;
    16AD : B;
    16AE : B;
    16AF : B;
    16B0 : C;
    16B1 : C;
    16B2 : C;
    16B3 : D;
    16B4 : D;
    16B5 : D;
    16B6 : E;
    16B7 : E;
    16B8 : D;
    16B9 : D;
    16BA : D;
    16BB : D;
    16BC : D;
    16BD : D;
    16BE : D;
    16BF : D;
    16C0 : D;
    16C1 : D;
    16C2 : D;
    16C3 : E;
    16C4 : E;
    16C5 : E;
    16C6 : E;
    16C7 : E;
    16C8 : D;
    16C9 : E;
    16CA : E;
    16CB : E;
    16CC : E;
    16CD : E;
    16CE : D;
    16CF : E;
    16D0 : E;
    16D1 : E;
    16D2 : E;
    16D3 : E;
    16D4 : E;
    16D5 : E;
    16D6 : E;
    16D7 : E;
    16D8 : F;
    16D9 : F;
    16DA : F;
    16DB : F;
    16DC : F;
    16DD : F;
    16DE : D;
    16DF : C;
    16E0 : C;
    16E1 : C;
    16E2 : C;
    16E3 : C;
    16E4 : C;
    16E5 : C;
    16E6 : C;
    16E7 : C;
    16E8 : B;
    16E9 : B;
    16EA : C;
    16EB : C;
    16EC : C;
    16ED : C;
    16EE : C;
    16EF : B;
    16F0 : B;
    16F1 : B;
    16F2 : C;
    16F3 : E;
    16F4 : C;
    16F5 : B;
    16F6 : B;
    16F7 : B;
    16F8 : B;
    16F9 : C;
    16FA : E;
    16FB : E;
    16FC : D;
    16FD : D;
    16FE : C;
    16FF : B;
    1700 : B;
    1701 : B;
    1702 : B;
    1703 : B;
    1704 : B;
    1705 : B;
    1706 : D;
    1707 : D;
    1708 : D;
    1709 : C;
    170A : B;
    170B : A;
    170C : B;
    170D : B;
    170E : B;
    170F : B;
    1710 : B;
    1711 : B;
    1712 : B;
    1713 : B;
    1714 : B;
    1715 : B;
    1716 : B;
    1717 : B;
    1718 : B;
    1719 : B;
    171A : B;
    171B : B;
    171C : C;
    171D : B;
    171E : B;
    171F : 6;
    1720 : 4;
    1721 : 4;
    1722 : 4;
    1723 : 6;
    1724 : 7;
    1725 : A;
    1726 : 9;
    1727 : 9;
    1728 : 9;
    1729 : 8;
    172A : C;
    172B : B;
    172C : 9;
    172D : 8;
    172E : 8;
    172F : 6;
    1730 : 5;
    1731 : 5;
    1732 : 5;
    1733 : 6;
    1734 : 7;
    1735 : A;
    1736 : C;
    1737 : C;
    1738 : A;
    1739 : A;
    173A : A;
    173B : B;
    173C : B;
    173D : A;
    173E : A;
    173F : 9;
    1740 : A;
    1741 : A;
    1742 : A;
    1743 : A;
    1744 : A;
    1745 : A;
    1746 : A;
    1747 : A;
    1748 : A;
    1749 : A;
    174A : A;
    174B : 8;
    174C : 7;
    174D : 5;
    174E : 5;
    174F : 5;
    1750 : 8;
    1751 : 9;
    1752 : 7;
    1753 : 5;
    1754 : 4;
    1755 : 4;
    1756 : 6;
    1757 : 8;
    1758 : 8;
    1759 : 8;
    175A : 9;
    175B : 9;
    175C : 9;
    175D : A;
    175E : A;
    175F : 9;
    1760 : 9;
    1761 : A;
    1762 : A;
    1763 : 9;
    1764 : 8;
    1765 : 8;
    1766 : 8;
    1767 : 8;
    1768 : 7;
    1769 : 8;
    176A : 8;
    176B : 8;
    176C : 8;
    176D : 8;
    176E : 8;
    176F : 8;
    1770 : A;
    1771 : B;
    1772 : B;
    1773 : B;
    1774 : B;
    1775 : B;
    1776 : C;
    1777 : C;
    1778 : C;
    1779 : D;
    177A : D;
    177B : D;
    177C : E;
    177D : E;
    177E : D;
    177F : D;
    1780 : D;
    1781 : D;
    1782 : D;
    1783 : D;
    1784 : D;
    1785 : D;
    1786 : D;
    1787 : D;
    1788 : D;
    1789 : D;
    178A : D;
    178B : D;
    178C : E;
    178D : E;
    178E : E;
    178F : E;
    1790 : E;
    1791 : E;
    1792 : E;
    1793 : E;
    1794 : E;
    1795 : E;
    1796 : E;
    1797 : E;
    1798 : E;
    1799 : E;
    179A : E;
    179B : E;
    179C : D;
    179D : D;
    179E : E;
    179F : F;
    17A0 : F;
    17A1 : F;
    17A2 : F;
    17A3 : E;
    17A4 : F;
    17A5 : E;
    17A6 : E;
    17A7 : D;
    17A8 : C;
    17A9 : C;
    17AA : B;
    17AB : C;
    17AC : C;
    17AD : C;
    17AE : C;
    17AF : B;
    17B0 : B;
    17B1 : B;
    17B2 : B;
    17B3 : C;
    17B4 : C;
    17B5 : C;
    17B6 : B;
    17B7 : B;
    17B8 : B;
    17B9 : B;
    17BA : B;
    17BB : B;
    17BC : B;
    17BD : D;
    17BE : B;
    17BF : B;
    17C0 : B;
    17C1 : C;
    17C2 : B;
    17C3 : B;
    17C4 : B;
    17C5 : B;
    17C6 : B;
    17C7 : B;
    17C8 : B;
    17C9 : B;
    17CA : B;
    17CB : B;
    17CC : C;
    17CD : D;
    17CE : C;
    17CF : C;
    17D0 : B;
    17D1 : B;
    17D2 : B;
    17D3 : B;
    17D4 : B;
    17D5 : B;
    17D6 : B;
    17D7 : B;
    17D8 : B;
    17D9 : B;
    17DA : B;
    17DB : B;
    17DC : B;
    17DD : B;
    17DE : B;
    17DF : B;
    17E0 : B;
    17E1 : C;
    17E2 : C;
    17E3 : C;
    17E4 : C;
    17E5 : C;
    17E6 : 9;
    17E7 : 4;
    17E8 : 4;
    17E9 : 4;
    17EA : 4;
    17EB : 6;
    17EC : 7;
    17ED : A;
    17EE : 9;
    17EF : 9;
    17F0 : 4;
    17F1 : 3;
    17F2 : 6;
    17F3 : 8;
    17F4 : 8;
    17F5 : 7;
    17F6 : 7;
    17F7 : 6;
    17F8 : 6;
    17F9 : 6;
    17FA : 7;
    17FB : 9;
    17FC : A;
    17FD : A;
    17FE : B;
    17FF : B;
    1800 : A;
    1801 : A;
    1802 : A;
    1803 : A;
    1804 : A;
    1805 : A;
    1806 : A;
    1807 : A;
    1808 : A;
    1809 : A;
    180A : A;
    180B : A;
    180C : A;
    180D : A;
    180E : A;
    180F : A;
    1810 : A;
    1811 : A;
    1812 : 8;
    1813 : 7;
    1814 : 6;
    1815 : 5;
    1816 : 5;
    1817 : 7;
    1818 : A;
    1819 : 9;
    181A : 7;
    181B : 6;
    181C : 4;
    181D : 4;
    181E : 6;
    181F : 7;
    1820 : 8;
    1821 : 8;
    1822 : 9;
    1823 : 9;
    1824 : 9;
    1825 : 9;
    1826 : 8;
    1827 : 8;
    1828 : 9;
    1829 : 9;
    182A : 8;
    182B : 8;
    182C : 8;
    182D : 8;
    182E : 8;
    182F : 8;
    1830 : 8;
    1831 : 8;
    1832 : 8;
    1833 : 8;
    1834 : 8;
    1835 : 8;
    1836 : 8;
    1837 : 8;
    1838 : B;
    1839 : B;
    183A : B;
    183B : B;
    183C : C;
    183D : C;
    183E : C;
    183F : D;
    1840 : D;
    1841 : D;
    1842 : D;
    1843 : D;
    1844 : E;
    1845 : D;
    1846 : D;
    1847 : D;
    1848 : D;
    1849 : D;
    184A : D;
    184B : D;
    184C : D;
    184D : D;
    184E : D;
    184F : D;
    1850 : D;
    1851 : D;
    1852 : D;
    1853 : D;
    1854 : D;
    1855 : E;
    1856 : E;
    1857 : E;
    1858 : E;
    1859 : E;
    185A : E;
    185B : E;
    185C : E;
    185D : E;
    185E : E;
    185F : E;
    1860 : D;
    1861 : E;
    1862 : E;
    1863 : D;
    1864 : C;
    1865 : D;
    1866 : D;
    1867 : D;
    1868 : F;
    1869 : D;
    186A : C;
    186B : C;
    186C : C;
    186D : C;
    186E : C;
    186F : C;
    1870 : B;
    1871 : B;
    1872 : B;
    1873 : B;
    1874 : B;
    1875 : B;
    1876 : B;
    1877 : B;
    1878 : C;
    1879 : C;
    187A : C;
    187B : C;
    187C : B;
    187D : B;
    187E : B;
    187F : B;
    1880 : B;
    1881 : B;
    1882 : B;
    1883 : B;
    1884 : B;
    1885 : B;
    1886 : B;
    1887 : B;
    1888 : B;
    1889 : B;
    188A : B;
    188B : B;
    188C : A;
    188D : B;
    188E : A;
    188F : A;
    1890 : A;
    1891 : A;
    1892 : B;
    1893 : B;
    1894 : B;
    1895 : B;
    1896 : A;
    1897 : B;
    1898 : B;
    1899 : B;
    189A : B;
    189B : B;
    189C : B;
    189D : B;
    189E : B;
    189F : B;
    18A0 : B;
    18A1 : B;
    18A2 : B;
    18A3 : B;
    18A4 : C;
    18A5 : B;
    18A6 : C;
    18A7 : C;
    18A8 : C;
    18A9 : C;
    18AA : C;
    18AB : D;
    18AC : D;
    18AD : C;
    18AE : 7;
    18AF : 4;
    18B0 : 4;
    18B1 : 4;
    18B2 : 5;
    18B3 : 6;
    18B4 : 8;
    18B5 : 9;
    18B6 : 8;
    18B7 : 8;
    18B8 : 7;
    18B9 : A;
    18BA : C;
    18BB : 9;
    18BC : 7;
    18BD : 7;
    18BE : 6;
    18BF : 5;
    18C0 : 7;
    18C1 : 8;
    18C2 : A;
    18C3 : B;
    18C4 : A;
    18C5 : A;
    18C6 : A;
    18C7 : B;
    18C8 : B;
    18C9 : A;
    18CA : B;
    18CB : B;
    18CC : B;
    18CD : B;
    18CE : B;
    18CF : B;
    18D0 : A;
    18D1 : A;
    18D2 : A;
    18D3 : A;
    18D4 : A;
    18D5 : A;
    18D6 : A;
    18D7 : A;
    18D8 : A;
    18D9 : 8;
    18DA : 7;
    18DB : 7;
    18DC : 5;
    18DD : 5;
    18DE : 7;
    18DF : A;
    18E0 : 9;
    18E1 : 8;
    18E2 : 7;
    18E3 : 5;
    18E4 : 5;
    18E5 : 5;
    18E6 : 5;
    18E7 : 7;
    18E8 : 8;
    18E9 : 8;
    18EA : 9;
    18EB : 9;
    18EC : 9;
    18ED : 9;
    18EE : 9;
    18EF : 9;
    18F0 : 9;
    18F1 : 9;
    18F2 : 9;
    18F3 : A;
    18F4 : 9;
    18F5 : 9;
    18F6 : 8;
    18F7 : 9;
    18F8 : 9;
    18F9 : 9;
    18FA : 9;
    18FB : 9;
    18FC : 8;
    18FD : 8;
    18FE : 8;
    18FF : 8;
    1900 : B;
    1901 : B;
    1902 : C;
    1903 : C;
    1904 : C;
    1905 : D;
    1906 : D;
    1907 : D;
    1908 : D;
    1909 : D;
    190A : D;
    190B : D;
    190C : D;
    190D : D;
    190E : D;
    190F : D;
    1910 : D;
    1911 : D;
    1912 : D;
    1913 : D;
    1914 : D;
    1915 : D;
    1916 : D;
    1917 : D;
    1918 : D;
    1919 : D;
    191A : D;
    191B : D;
    191C : D;
    191D : D;
    191E : E;
    191F : E;
    1920 : E;
    1921 : D;
    1922 : D;
    1923 : E;
    1924 : E;
    1925 : E;
    1926 : E;
    1927 : E;
    1928 : E;
    1929 : E;
    192A : E;
    192B : E;
    192C : E;
    192D : F;
    192E : E;
    192F : D;
    1930 : D;
    1931 : D;
    1932 : D;
    1933 : C;
    1934 : C;
    1935 : D;
    1936 : D;
    1937 : B;
    1938 : B;
    1939 : B;
    193A : B;
    193B : C;
    193C : C;
    193D : C;
    193E : B;
    193F : B;
    1940 : B;
    1941 : B;
    1942 : B;
    1943 : B;
    1944 : B;
    1945 : B;
    1946 : B;
    1947 : B;
    1948 : C;
    1949 : B;
    194A : B;
    194B : B;
    194C : B;
    194D : B;
    194E : B;
    194F : B;
    1950 : B;
    1951 : A;
    1952 : B;
    1953 : B;
    1954 : A;
    1955 : A;
    1956 : A;
    1957 : A;
    1958 : B;
    1959 : B;
    195A : B;
    195B : B;
    195C : B;
    195D : B;
    195E : B;
    195F : B;
    1960 : B;
    1961 : B;
    1962 : D;
    1963 : C;
    1964 : B;
    1965 : B;
    1966 : B;
    1967 : B;
    1968 : B;
    1969 : B;
    196A : C;
    196B : C;
    196C : B;
    196D : C;
    196E : D;
    196F : C;
    1970 : C;
    1971 : C;
    1972 : D;
    1973 : C;
    1974 : B;
    1975 : 9;
    1976 : 5;
    1977 : 5;
    1978 : 4;
    1979 : 4;
    197A : 6;
    197B : 6;
    197C : 8;
    197D : 9;
    197E : 7;
    197F : 7;
    1980 : 9;
    1981 : 9;
    1982 : 8;
    1983 : 7;
    1984 : 5;
    1985 : 4;
    1986 : 4;
    1987 : 9;
    1988 : A;
    1989 : B;
    198A : A;
    198B : B;
    198C : A;
    198D : B;
    198E : B;
    198F : B;
    1990 : A;
    1991 : A;
    1992 : B;
    1993 : B;
    1994 : B;
    1995 : B;
    1996 : B;
    1997 : B;
    1998 : A;
    1999 : A;
    199A : A;
    199B : A;
    199C : A;
    199D : A;
    199E : A;
    199F : 9;
    19A0 : 8;
    19A1 : 7;
    19A2 : 7;
    19A3 : 6;
    19A4 : 6;
    19A5 : 8;
    19A6 : A;
    19A7 : A;
    19A8 : 9;
    19A9 : 9;
    19AA : 7;
    19AB : 5;
    19AC : 5;
    19AD : 5;
    19AE : 5;
    19AF : 7;
    19B0 : 8;
    19B1 : 8;
    19B2 : 9;
    19B3 : 9;
    19B4 : 9;
    19B5 : 9;
    19B6 : 9;
    19B7 : A;
    19B8 : A;
    19B9 : A;
    19BA : A;
    19BB : 9;
    19BC : 8;
    19BD : 9;
    19BE : 9;
    19BF : 9;
    19C0 : 9;
    19C1 : 9;
    19C2 : 9;
    19C3 : 9;
    19C4 : 8;
    19C5 : 9;
    19C6 : 9;
    19C7 : 9;
    19C8 : C;
    19C9 : C;
    19CA : C;
    19CB : C;
    19CC : D;
    19CD : D;
    19CE : D;
    19CF : D;
    19D0 : D;
    19D1 : D;
    19D2 : D;
    19D3 : D;
    19D4 : D;
    19D5 : D;
    19D6 : D;
    19D7 : D;
    19D8 : D;
    19D9 : D;
    19DA : D;
    19DB : D;
    19DC : D;
    19DD : D;
    19DE : D;
    19DF : D;
    19E0 : D;
    19E1 : D;
    19E2 : D;
    19E3 : D;
    19E4 : D;
    19E5 : D;
    19E6 : D;
    19E7 : D;
    19E8 : D;
    19E9 : D;
    19EA : D;
    19EB : E;
    19EC : D;
    19ED : D;
    19EE : D;
    19EF : E;
    19F0 : E;
    19F1 : E;
    19F2 : D;
    19F3 : E;
    19F4 : E;
    19F5 : D;
    19F6 : D;
    19F7 : D;
    19F8 : E;
    19F9 : E;
    19FA : D;
    19FB : C;
    19FC : D;
    19FD : D;
    19FE : C;
    19FF : B;
    1A00 : B;
    1A01 : B;
    1A02 : C;
    1A03 : C;
    1A04 : B;
    1A05 : B;
    1A06 : B;
    1A07 : B;
    1A08 : B;
    1A09 : B;
    1A0A : B;
    1A0B : B;
    1A0C : B;
    1A0D : B;
    1A0E : A;
    1A0F : B;
    1A10 : B;
    1A11 : B;
    1A12 : A;
    1A13 : B;
    1A14 : A;
    1A15 : A;
    1A16 : B;
    1A17 : B;
    1A18 : B;
    1A19 : B;
    1A1A : B;
    1A1B : A;
    1A1C : A;
    1A1D : B;
    1A1E : B;
    1A1F : B;
    1A20 : B;
    1A21 : B;
    1A22 : B;
    1A23 : B;
    1A24 : B;
    1A25 : B;
    1A26 : B;
    1A27 : B;
    1A28 : C;
    1A29 : D;
    1A2A : D;
    1A2B : C;
    1A2C : B;
    1A2D : B;
    1A2E : B;
    1A2F : C;
    1A30 : C;
    1A31 : C;
    1A32 : B;
    1A33 : C;
    1A34 : C;
    1A35 : C;
    1A36 : C;
    1A37 : C;
    1A38 : C;
    1A39 : C;
    1A3A : B;
    1A3B : A;
    1A3C : B;
    1A3D : 8;
    1A3E : 5;
    1A3F : 5;
    1A40 : 4;
    1A41 : 4;
    1A42 : 6;
    1A43 : 6;
    1A44 : 9;
    1A45 : 9;
    1A46 : 8;
    1A47 : 6;
    1A48 : 5;
    1A49 : 4;
    1A4A : 2;
    1A4B : 3;
    1A4C : 3;
    1A4D : 4;
    1A4E : 4;
    1A4F : A;
    1A50 : B;
    1A51 : A;
    1A52 : A;
    1A53 : A;
    1A54 : A;
    1A55 : A;
    1A56 : 9;
    1A57 : A;
    1A58 : B;
    1A59 : B;
    1A5A : B;
    1A5B : B;
    1A5C : B;
    1A5D : B;
    1A5E : B;
    1A5F : A;
    1A60 : A;
    1A61 : A;
    1A62 : A;
    1A63 : A;
    1A64 : A;
    1A65 : A;
    1A66 : A;
    1A67 : 8;
    1A68 : 7;
    1A69 : 7;
    1A6A : 6;
    1A6B : 6;
    1A6C : 8;
    1A6D : A;
    1A6E : A;
    1A6F : A;
    1A70 : A;
    1A71 : 9;
    1A72 : 7;
    1A73 : 6;
    1A74 : 5;
    1A75 : 4;
    1A76 : 5;
    1A77 : 7;
    1A78 : 8;
    1A79 : 8;
    1A7A : 9;
    1A7B : A;
    1A7C : A;
    1A7D : A;
    1A7E : A;
    1A7F : 9;
    1A80 : 9;
    1A81 : 9;
    1A82 : 9;
    1A83 : 8;
    1A84 : 9;
    1A85 : 9;
    1A86 : 9;
    1A87 : 9;
    1A88 : 9;
    1A89 : 8;
    1A8A : 8;
    1A8B : 8;
    1A8C : 8;
    1A8D : 9;
    1A8E : 9;
    1A8F : 8;
    1A90 : C;
    1A91 : C;
    1A92 : D;
    1A93 : D;
    1A94 : D;
    1A95 : D;
    1A96 : D;
    1A97 : D;
    1A98 : D;
    1A99 : D;
    1A9A : D;
    1A9B : D;
    1A9C : D;
    1A9D : D;
    1A9E : D;
    1A9F : D;
    1AA0 : D;
    1AA1 : D;
    1AA2 : D;
    1AA3 : D;
    1AA4 : D;
    1AA5 : D;
    1AA6 : D;
    1AA7 : D;
    1AA8 : D;
    1AA9 : D;
    1AAA : D;
    1AAB : D;
    1AAC : D;
    1AAD : D;
    1AAE : D;
    1AAF : D;
    1AB0 : D;
    1AB1 : D;
    1AB2 : E;
    1AB3 : E;
    1AB4 : D;
    1AB5 : D;
    1AB6 : E;
    1AB7 : E;
    1AB8 : E;
    1AB9 : E;
    1ABA : D;
    1ABB : E;
    1ABC : E;
    1ABD : E;
    1ABE : E;
    1ABF : F;
    1AC0 : F;
    1AC1 : E;
    1AC2 : C;
    1AC3 : C;
    1AC4 : C;
    1AC5 : B;
    1AC6 : B;
    1AC7 : B;
    1AC8 : B;
    1AC9 : B;
    1ACA : B;
    1ACB : C;
    1ACC : B;
    1ACD : B;
    1ACE : C;
    1ACF : B;
    1AD0 : B;
    1AD1 : B;
    1AD2 : A;
    1AD3 : A;
    1AD4 : A;
    1AD5 : A;
    1AD6 : A;
    1AD7 : A;
    1AD8 : A;
    1AD9 : B;
    1ADA : A;
    1ADB : B;
    1ADC : B;
    1ADD : B;
    1ADE : B;
    1ADF : B;
    1AE0 : B;
    1AE1 : B;
    1AE2 : B;
    1AE3 : B;
    1AE4 : B;
    1AE5 : B;
    1AE6 : B;
    1AE7 : B;
    1AE8 : B;
    1AE9 : B;
    1AEA : C;
    1AEB : B;
    1AEC : C;
    1AED : B;
    1AEE : C;
    1AEF : C;
    1AF0 : D;
    1AF1 : D;
    1AF2 : C;
    1AF3 : B;
    1AF4 : B;
    1AF5 : B;
    1AF6 : C;
    1AF7 : C;
    1AF8 : C;
    1AF9 : C;
    1AFA : C;
    1AFB : C;
    1AFC : C;
    1AFD : C;
    1AFE : B;
    1AFF : B;
    1B00 : B;
    1B01 : B;
    1B02 : B;
    1B03 : B;
    1B04 : B;
    1B05 : 6;
    1B06 : 5;
    1B07 : 5;
    1B08 : 4;
    1B09 : 4;
    1B0A : 6;
    1B0B : 6;
    1B0C : A;
    1B0D : 9;
    1B0E : 9;
    1B0F : 9;
    1B10 : 8;
    1B11 : 7;
    1B12 : 6;
    1B13 : 5;
    1B14 : 4;
    1B15 : 5;
    1B16 : 4;
    1B17 : 6;
    1B18 : A;
    1B19 : A;
    1B1A : B;
    1B1B : A;
    1B1C : A;
    1B1D : 8;
    1B1E : 7;
    1B1F : 8;
    1B20 : B;
    1B21 : B;
    1B22 : B;
    1B23 : B;
    1B24 : B;
    1B25 : B;
    1B26 : A;
    1B27 : A;
    1B28 : A;
    1B29 : A;
    1B2A : A;
    1B2B : A;
    1B2C : A;
    1B2D : 9;
    1B2E : 8;
    1B2F : 8;
    1B30 : 7;
    1B31 : 7;
    1B32 : 6;
    1B33 : 8;
    1B34 : A;
    1B35 : A;
    1B36 : 9;
    1B37 : 9;
    1B38 : 9;
    1B39 : 9;
    1B3A : 7;
    1B3B : 6;
    1B3C : 5;
    1B3D : 4;
    1B3E : 5;
    1B3F : 7;
    1B40 : 8;
    1B41 : 8;
    1B42 : 9;
    1B43 : 9;
    1B44 : 9;
    1B45 : 9;
    1B46 : A;
    1B47 : 9;
    1B48 : 9;
    1B49 : 9;
    1B4A : 9;
    1B4B : 9;
    1B4C : 9;
    1B4D : 9;
    1B4E : 9;
    1B4F : 9;
    1B50 : 9;
    1B51 : 8;
    1B52 : 8;
    1B53 : 8;
    1B54 : 9;
    1B55 : 9;
    1B56 : 9;
    1B57 : 9;
    1B58 : D;
    1B59 : D;
    1B5A : D;
    1B5B : D;
    1B5C : D;
    1B5D : D;
    1B5E : D;
    1B5F : D;
    1B60 : D;
    1B61 : C;
    1B62 : C;
    1B63 : D;
    1B64 : D;
    1B65 : D;
    1B66 : D;
    1B67 : D;
    1B68 : D;
    1B69 : D;
    1B6A : D;
    1B6B : D;
    1B6C : D;
    1B6D : D;
    1B6E : D;
    1B6F : D;
    1B70 : D;
    1B71 : D;
    1B72 : D;
    1B73 : D;
    1B74 : D;
    1B75 : D;
    1B76 : D;
    1B77 : D;
    1B78 : D;
    1B79 : D;
    1B7A : D;
    1B7B : D;
    1B7C : E;
    1B7D : E;
    1B7E : E;
    1B7F : E;
    1B80 : E;
    1B81 : E;
    1B82 : E;
    1B83 : E;
    1B84 : F;
    1B85 : F;
    1B86 : F;
    1B87 : E;
    1B88 : C;
    1B89 : C;
    1B8A : C;
    1B8B : B;
    1B8C : B;
    1B8D : B;
    1B8E : B;
    1B8F : B;
    1B90 : B;
    1B91 : B;
    1B92 : B;
    1B93 : B;
    1B94 : B;
    1B95 : B;
    1B96 : B;
    1B97 : B;
    1B98 : A;
    1B99 : A;
    1B9A : A;
    1B9B : A;
    1B9C : A;
    1B9D : A;
    1B9E : B;
    1B9F : B;
    1BA0 : B;
    1BA1 : B;
    1BA2 : B;
    1BA3 : B;
    1BA4 : B;
    1BA5 : A;
    1BA6 : B;
    1BA7 : B;
    1BA8 : B;
    1BA9 : B;
    1BAA : B;
    1BAB : B;
    1BAC : B;
    1BAD : B;
    1BAE : A;
    1BAF : A;
    1BB0 : B;
    1BB1 : B;
    1BB2 : C;
    1BB3 : C;
    1BB4 : B;
    1BB5 : C;
    1BB6 : C;
    1BB7 : D;
    1BB8 : C;
    1BB9 : C;
    1BBA : B;
    1BBB : C;
    1BBC : B;
    1BBD : B;
    1BBE : C;
    1BBF : C;
    1BC0 : D;
    1BC1 : C;
    1BC2 : D;
    1BC3 : C;
    1BC4 : C;
    1BC5 : B;
    1BC6 : B;
    1BC7 : B;
    1BC8 : C;
    1BC9 : B;
    1BCA : B;
    1BCB : B;
    1BCC : 9;
    1BCD : 5;
    1BCE : 5;
    1BCF : 5;
    1BD0 : 4;
    1BD1 : 4;
    1BD2 : 7;
    1BD3 : 6;
    1BD4 : A;
    1BD5 : 9;
    1BD6 : 9;
    1BD7 : 9;
    1BD8 : 9;
    1BD9 : 8;
    1BDA : 8;
    1BDB : 7;
    1BDC : 6;
    1BDD : 5;
    1BDE : 4;
    1BDF : 6;
    1BE0 : B;
    1BE1 : B;
    1BE2 : A;
    1BE3 : 9;
    1BE4 : 8;
    1BE5 : 8;
    1BE6 : 8;
    1BE7 : 8;
    1BE8 : A;
    1BE9 : B;
    1BEA : B;
    1BEB : A;
    1BEC : A;
    1BED : A;
    1BEE : A;
    1BEF : A;
    1BF0 : A;
    1BF1 : A;
    1BF2 : A;
    1BF3 : B;
    1BF4 : 9;
    1BF5 : 8;
    1BF6 : 8;
    1BF7 : 7;
    1BF8 : 7;
    1BF9 : 6;
    1BFA : 8;
    1BFB : B;
    1BFC : A;
    1BFD : B;
    1BFE : A;
    1BFF : 9;
    1C00 : 9;
    1C01 : 9;
    1C02 : 7;
    1C03 : 6;
    1C04 : 5;
    1C05 : 3;
    1C06 : 5;
    1C07 : 7;
    1C08 : 8;
    1C09 : 8;
    1C0A : 9;
    1C0B : 9;
    1C0C : 9;
    1C0D : 9;
    1C0E : 8;
    1C0F : 8;
    1C10 : 8;
    1C11 : 9;
    1C12 : 9;
    1C13 : 8;
    1C14 : 9;
    1C15 : 9;
    1C16 : 9;
    1C17 : 9;
    1C18 : 9;
    1C19 : 8;
    1C1A : 8;
    1C1B : 9;
    1C1C : 9;
    1C1D : 9;
    1C1E : 9;
    1C1F : 9;
    1C20 : E;
    1C21 : E;
    1C22 : D;
    1C23 : D;
    1C24 : D;
    1C25 : D;
    1C26 : D;
    1C27 : D;
    1C28 : C;
    1C29 : D;
    1C2A : D;
    1C2B : D;
    1C2C : D;
    1C2D : D;
    1C2E : D;
    1C2F : D;
    1C30 : D;
    1C31 : D;
    1C32 : D;
    1C33 : D;
    1C34 : D;
    1C35 : D;
    1C36 : D;
    1C37 : D;
    1C38 : D;
    1C39 : D;
    1C3A : D;
    1C3B : D;
    1C3C : D;
    1C3D : D;
    1C3E : D;
    1C3F : D;
    1C40 : D;
    1C41 : D;
    1C42 : D;
    1C43 : D;
    1C44 : D;
    1C45 : D;
    1C46 : D;
    1C47 : E;
    1C48 : E;
    1C49 : E;
    1C4A : E;
    1C4B : E;
    1C4C : E;
    1C4D : E;
    1C4E : E;
    1C4F : D;
    1C50 : D;
    1C51 : D;
    1C52 : B;
    1C53 : B;
    1C54 : B;
    1C55 : B;
    1C56 : B;
    1C57 : B;
    1C58 : A;
    1C59 : B;
    1C5A : B;
    1C5B : B;
    1C5C : B;
    1C5D : A;
    1C5E : B;
    1C5F : A;
    1C60 : A;
    1C61 : A;
    1C62 : A;
    1C63 : A;
    1C64 : B;
    1C65 : B;
    1C66 : B;
    1C67 : B;
    1C68 : B;
    1C69 : B;
    1C6A : B;
    1C6B : A;
    1C6C : A;
    1C6D : B;
    1C6E : B;
    1C6F : C;
    1C70 : B;
    1C71 : A;
    1C72 : A;
    1C73 : A;
    1C74 : A;
    1C75 : A;
    1C76 : A;
    1C77 : B;
    1C78 : B;
    1C79 : C;
    1C7A : C;
    1C7B : C;
    1C7C : C;
    1C7D : D;
    1C7E : D;
    1C7F : C;
    1C80 : C;
    1C81 : B;
    1C82 : B;
    1C83 : B;
    1C84 : B;
    1C85 : B;
    1C86 : C;
    1C87 : C;
    1C88 : C;
    1C89 : C;
    1C8A : C;
    1C8B : C;
    1C8C : B;
    1C8D : B;
    1C8E : B;
    1C8F : B;
    1C90 : B;
    1C91 : B;
    1C92 : B;
    1C93 : B;
    1C94 : 7;
    1C95 : 5;
    1C96 : 5;
    1C97 : 5;
    1C98 : 4;
    1C99 : 4;
    1C9A : 7;
    1C9B : 6;
    1C9C : A;
    1C9D : 9;
    1C9E : 9;
    1C9F : 9;
    1CA0 : 9;
    1CA1 : 9;
    1CA2 : 8;
    1CA3 : 8;
    1CA4 : 8;
    1CA5 : 8;
    1CA6 : 9;
    1CA7 : A;
    1CA8 : A;
    1CA9 : 8;
    1CAA : 8;
    1CAB : 8;
    1CAC : 8;
    1CAD : 8;
    1CAE : 7;
    1CAF : 7;
    1CB0 : 9;
    1CB1 : A;
    1CB2 : A;
    1CB3 : A;
    1CB4 : A;
    1CB5 : A;
    1CB6 : A;
    1CB7 : 9;
    1CB8 : A;
    1CB9 : B;
    1CBA : A;
    1CBB : 8;
    1CBC : 8;
    1CBD : 8;
    1CBE : 7;
    1CBF : 7;
    1CC0 : 7;
    1CC1 : 9;
    1CC2 : A;
    1CC3 : B;
    1CC4 : B;
    1CC5 : A;
    1CC6 : A;
    1CC7 : 9;
    1CC8 : 9;
    1CC9 : 9;
    1CCA : 7;
    1CCB : 6;
    1CCC : 5;
    1CCD : 3;
    1CCE : 5;
    1CCF : 7;
    1CD0 : 8;
    1CD1 : 8;
    1CD2 : 9;
    1CD3 : 9;
    1CD4 : 9;
    1CD5 : 9;
    1CD6 : 9;
    1CD7 : 9;
    1CD8 : 9;
    1CD9 : 9;
    1CDA : 9;
    1CDB : 9;
    1CDC : 8;
    1CDD : 8;
    1CDE : 8;
    1CDF : 9;
    1CE0 : 9;
    1CE1 : 9;
    1CE2 : 9;
    1CE3 : 9;
    1CE4 : 9;
    1CE5 : 9;
    1CE6 : 9;
    1CE7 : 8;
    1CE8 : E;
    1CE9 : D;
    1CEA : D;
    1CEB : D;
    1CEC : D;
    1CED : D;
    1CEE : D;
    1CEF : C;
    1CF0 : C;
    1CF1 : C;
    1CF2 : C;
    1CF3 : D;
    1CF4 : D;
    1CF5 : D;
    1CF6 : D;
    1CF7 : D;
    1CF8 : D;
    1CF9 : D;
    1CFA : D;
    1CFB : D;
    1CFC : D;
    1CFD : D;
    1CFE : D;
    1CFF : D;
    1D00 : D;
    1D01 : D;
    1D02 : D;
    1D03 : D;
    1D04 : D;
    1D05 : D;
    1D06 : D;
    1D07 : D;
    1D08 : D;
    1D09 : C;
    1D0A : C;
    1D0B : C;
    1D0C : C;
    1D0D : C;
    1D0E : D;
    1D0F : E;
    1D10 : E;
    1D11 : E;
    1D12 : E;
    1D13 : E;
    1D14 : E;
    1D15 : E;
    1D16 : E;
    1D17 : E;
    1D18 : E;
    1D19 : C;
    1D1A : B;
    1D1B : B;
    1D1C : B;
    1D1D : B;
    1D1E : B;
    1D1F : B;
    1D20 : B;
    1D21 : A;
    1D22 : A;
    1D23 : A;
    1D24 : A;
    1D25 : A;
    1D26 : A;
    1D27 : A;
    1D28 : B;
    1D29 : B;
    1D2A : B;
    1D2B : B;
    1D2C : B;
    1D2D : B;
    1D2E : B;
    1D2F : B;
    1D30 : A;
    1D31 : A;
    1D32 : A;
    1D33 : B;
    1D34 : B;
    1D35 : B;
    1D36 : C;
    1D37 : B;
    1D38 : A;
    1D39 : A;
    1D3A : A;
    1D3B : A;
    1D3C : B;
    1D3D : B;
    1D3E : C;
    1D3F : C;
    1D40 : C;
    1D41 : C;
    1D42 : C;
    1D43 : D;
    1D44 : D;
    1D45 : D;
    1D46 : D;
    1D47 : C;
    1D48 : B;
    1D49 : B;
    1D4A : B;
    1D4B : B;
    1D4C : B;
    1D4D : C;
    1D4E : B;
    1D4F : C;
    1D50 : C;
    1D51 : C;
    1D52 : B;
    1D53 : B;
    1D54 : C;
    1D55 : A;
    1D56 : B;
    1D57 : B;
    1D58 : B;
    1D59 : B;
    1D5A : B;
    1D5B : A;
    1D5C : 6;
    1D5D : 5;
    1D5E : 5;
    1D5F : 5;
    1D60 : 4;
    1D61 : 5;
    1D62 : 7;
    1D63 : 7;
    1D64 : A;
    1D65 : 9;
    1D66 : 9;
    1D67 : 9;
    1D68 : 9;
    1D69 : 9;
    1D6A : A;
    1D6B : B;
    1D6C : B;
    1D6D : A;
    1D6E : 9;
    1D6F : 8;
    1D70 : 8;
    1D71 : 8;
    1D72 : 8;
    1D73 : 8;
    1D74 : 7;
    1D75 : 7;
    1D76 : 9;
    1D77 : A;
    1D78 : A;
    1D79 : A;
    1D7A : A;
    1D7B : A;
    1D7C : A;
    1D7D : A;
    1D7E : 9;
    1D7F : A;
    1D80 : B;
    1D81 : A;
    1D82 : 8;
    1D83 : 8;
    1D84 : 8;
    1D85 : 8;
    1D86 : 7;
    1D87 : 7;
    1D88 : 9;
    1D89 : B;
    1D8A : B;
    1D8B : B;
    1D8C : B;
    1D8D : A;
    1D8E : 9;
    1D8F : 9;
    1D90 : 9;
    1D91 : 9;
    1D92 : 6;
    1D93 : 5;
    1D94 : 4;
    1D95 : 4;
    1D96 : 5;
    1D97 : 7;
    1D98 : 8;
    1D99 : 8;
    1D9A : 9;
    1D9B : 9;
    1D9C : 9;
    1D9D : 9;
    1D9E : 9;
    1D9F : 9;
    1DA0 : 9;
    1DA1 : 9;
    1DA2 : 9;
    1DA3 : 9;
    1DA4 : 8;
    1DA5 : 8;
    1DA6 : 8;
    1DA7 : 8;
    1DA8 : 9;
    1DA9 : 9;
    1DAA : 9;
    1DAB : 8;
    1DAC : 8;
    1DAD : 8;
    1DAE : 8;
    1DAF : 9;
    1DB0 : D;
    1DB1 : D;
    1DB2 : D;
    1DB3 : D;
    1DB4 : D;
    1DB5 : D;
    1DB6 : C;
    1DB7 : C;
    1DB8 : C;
    1DB9 : C;
    1DBA : D;
    1DBB : D;
    1DBC : D;
    1DBD : D;
    1DBE : D;
    1DBF : D;
    1DC0 : D;
    1DC1 : D;
    1DC2 : D;
    1DC3 : D;
    1DC4 : D;
    1DC5 : D;
    1DC6 : D;
    1DC7 : D;
    1DC8 : D;
    1DC9 : D;
    1DCA : D;
    1DCB : D;
    1DCC : D;
    1DCD : D;
    1DCE : C;
    1DCF : B;
    1DD0 : B;
    1DD1 : B;
    1DD2 : C;
    1DD3 : C;
    1DD4 : D;
    1DD5 : E;
    1DD6 : E;
    1DD7 : E;
    1DD8 : E;
    1DD9 : E;
    1DDA : E;
    1DDB : E;
    1DDC : E;
    1DDD : E;
    1DDE : D;
    1DDF : D;
    1DE0 : C;
    1DE1 : B;
    1DE2 : B;
    1DE3 : B;
    1DE4 : B;
    1DE5 : B;
    1DE6 : B;
    1DE7 : B;
    1DE8 : A;
    1DE9 : A;
    1DEA : A;
    1DEB : A;
    1DEC : A;
    1DED : A;
    1DEE : A;
    1DEF : B;
    1DF0 : B;
    1DF1 : B;
    1DF2 : B;
    1DF3 : A;
    1DF4 : A;
    1DF5 : A;
    1DF6 : B;
    1DF7 : B;
    1DF8 : B;
    1DF9 : B;
    1DFA : B;
    1DFB : B;
    1DFC : A;
    1DFD : A;
    1DFE : A;
    1DFF : A;
    1E00 : A;
    1E01 : A;
    1E02 : B;
    1E03 : C;
    1E04 : C;
    1E05 : B;
    1E06 : B;
    1E07 : B;
    1E08 : B;
    1E09 : C;
    1E0A : C;
    1E0B : C;
    1E0C : C;
    1E0D : C;
    1E0E : B;
    1E0F : B;
    1E10 : B;
    1E11 : B;
    1E12 : A;
    1E13 : B;
    1E14 : B;
    1E15 : C;
    1E16 : C;
    1E17 : B;
    1E18 : C;
    1E19 : B;
    1E1A : C;
    1E1B : A;
    1E1C : B;
    1E1D : B;
    1E1E : B;
    1E1F : B;
    1E20 : B;
    1E21 : B;
    1E22 : B;
    1E23 : 8;
    1E24 : 6;
    1E25 : 5;
    1E26 : 5;
    1E27 : 5;
    1E28 : 4;
    1E29 : 5;
    1E2A : 6;
    1E2B : 7;
    1E2C : A;
    1E2D : 9;
    1E2E : 9;
    1E2F : 9;
    1E30 : A;
    1E31 : C;
    1E32 : B;
    1E33 : A;
    1E34 : 8;
    1E35 : 8;
    1E36 : 8;
    1E37 : 8;
    1E38 : 8;
    1E39 : 7;
    1E3A : 7;
    1E3B : 7;
    1E3C : 8;
    1E3D : A;
    1E3E : B;
    1E3F : B;
    1E40 : B;
    1E41 : A;
    1E42 : A;
    1E43 : A;
    1E44 : A;
    1E45 : A;
    1E46 : B;
    1E47 : B;
    1E48 : 9;
    1E49 : 8;
    1E4A : 8;
    1E4B : 8;
    1E4C : 8;
    1E4D : 7;
    1E4E : 7;
    1E4F : A;
    1E50 : B;
    1E51 : A;
    1E52 : B;
    1E53 : A;
    1E54 : 9;
    1E55 : 9;
    1E56 : 8;
    1E57 : 9;
    1E58 : A;
    1E59 : 9;
    1E5A : 6;
    1E5B : 5;
    1E5C : 4;
    1E5D : 3;
    1E5E : 5;
    1E5F : 7;
    1E60 : 8;
    1E61 : 8;
    1E62 : 9;
    1E63 : 9;
    1E64 : 9;
    1E65 : 9;
    1E66 : 9;
    1E67 : 9;
    1E68 : 9;
    1E69 : 8;
    1E6A : 9;
    1E6B : 9;
    1E6C : 9;
    1E6D : 9;
    1E6E : 9;
    1E6F : 9;
    1E70 : A;
    1E71 : 9;
    1E72 : A;
    1E73 : 9;
    1E74 : 9;
    1E75 : 8;
    1E76 : 7;
    1E77 : 8;
    1E78 : D;
    1E79 : D;
    1E7A : D;
    1E7B : D;
    1E7C : C;
    1E7D : C;
    1E7E : C;
    1E7F : C;
    1E80 : C;
    1E81 : D;
    1E82 : D;
    1E83 : D;
    1E84 : D;
    1E85 : D;
    1E86 : D;
    1E87 : D;
    1E88 : D;
    1E89 : D;
    1E8A : D;
    1E8B : D;
    1E8C : D;
    1E8D : D;
    1E8E : D;
    1E8F : D;
    1E90 : D;
    1E91 : D;
    1E92 : D;
    1E93 : D;
    1E94 : C;
    1E95 : C;
    1E96 : B;
    1E97 : C;
    1E98 : C;
    1E99 : D;
    1E9A : D;
    1E9B : E;
    1E9C : E;
    1E9D : E;
    1E9E : E;
    1E9F : E;
    1EA0 : E;
    1EA1 : E;
    1EA2 : E;
    1EA3 : E;
    1EA4 : D;
    1EA5 : B;
    1EA6 : B;
    1EA7 : B;
    1EA8 : B;
    1EA9 : B;
    1EAA : B;
    1EAB : A;
    1EAC : A;
    1EAD : A;
    1EAE : A;
    1EAF : A;
    1EB0 : A;
    1EB1 : A;
    1EB2 : A;
    1EB3 : B;
    1EB4 : A;
    1EB5 : A;
    1EB6 : B;
    1EB7 : B;
    1EB8 : B;
    1EB9 : B;
    1EBA : A;
    1EBB : A;
    1EBC : B;
    1EBD : B;
    1EBE : B;
    1EBF : B;
    1EC0 : B;
    1EC1 : B;
    1EC2 : B;
    1EC3 : A;
    1EC4 : A;
    1EC5 : A;
    1EC6 : A;
    1EC7 : A;
    1EC8 : A;
    1EC9 : B;
    1ECA : B;
    1ECB : B;
    1ECC : C;
    1ECD : B;
    1ECE : B;
    1ECF : B;
    1ED0 : C;
    1ED1 : B;
    1ED2 : B;
    1ED3 : B;
    1ED4 : C;
    1ED5 : B;
    1ED6 : B;
    1ED7 : B;
    1ED8 : A;
    1ED9 : B;
    1EDA : B;
    1EDB : C;
    1EDC : C;
    1EDD : B;
    1EDE : C;
    1EDF : B;
    1EE0 : C;
    1EE1 : A;
    1EE2 : B;
    1EE3 : B;
    1EE4 : B;
    1EE5 : B;
    1EE6 : B;
    1EE7 : B;
    1EE8 : B;
    1EE9 : B;
    1EEA : A;
    1EEB : 7;
    1EEC : 6;
    1EED : 5;
    1EEE : 5;
    1EEF : 5;
    1EF0 : 4;
    1EF1 : 6;
    1EF2 : 6;
    1EF3 : 7;
    1EF4 : A;
    1EF5 : 9;
    1EF6 : 9;
    1EF7 : 4;
    1EF8 : 5;
    1EF9 : 9;
    1EFA : 8;
    1EFB : 8;
    1EFC : 8;
    1EFD : 8;
    1EFE : 8;
    1EFF : 7;
    1F00 : 6;
    1F01 : 5;
    1F02 : 7;
    1F03 : 9;
    1F04 : A;
    1F05 : A;
    1F06 : A;
    1F07 : A;
    1F08 : A;
    1F09 : A;
    1F0A : A;
    1F0B : 9;
    1F0C : B;
    1F0D : C;
    1F0E : A;
    1F0F : 8;
    1F10 : 8;
    1F11 : 8;
    1F12 : 8;
    1F13 : 8;
    1F14 : 7;
    1F15 : 7;
    1F16 : A;
    1F17 : A;
    1F18 : A;
    1F19 : A;
    1F1A : A;
    1F1B : 9;
    1F1C : A;
    1F1D : A;
    1F1E : A;
    1F1F : B;
    1F20 : A;
    1F21 : 9;
    1F22 : 6;
    1F23 : 5;
    1F24 : 4;
    1F25 : 3;
    1F26 : 5;
    1F27 : 7;
    1F28 : 8;
    1F29 : 8;
    1F2A : 9;
    1F2B : A;
    1F2C : 9;
    1F2D : 9;
    1F2E : 9;
    1F2F : 9;
    1F30 : 9;
    1F31 : 9;
    1F32 : 8;
    1F33 : 9;
    1F34 : A;
    1F35 : A;
    1F36 : A;
    1F37 : A;
    1F38 : A;
    1F39 : A;
    1F3A : A;
    1F3B : 9;
    1F3C : 8;
    1F3D : 8;
    1F3E : 9;
    1F3F : 9;
    1F40 : D;
    1F41 : D;
    1F42 : D;
    1F43 : C;
    1F44 : C;
    1F45 : C;
    1F46 : C;
    1F47 : C;
    1F48 : C;
    1F49 : D;
    1F4A : D;
    1F4B : D;
    1F4C : D;
    1F4D : D;
    1F4E : D;
    1F4F : D;
    1F50 : D;
    1F51 : D;
    1F52 : D;
    1F53 : D;
    1F54 : C;
    1F55 : C;
    1F56 : D;
    1F57 : D;
    1F58 : D;
    1F59 : D;
    1F5A : C;
    1F5B : C;
    1F5C : C;
    1F5D : C;
    1F5E : C;
    1F5F : D;
    1F60 : D;
    1F61 : D;
    1F62 : D;
    1F63 : D;
    1F64 : D;
    1F65 : D;
    1F66 : D;
    1F67 : E;
    1F68 : E;
    1F69 : E;
    1F6A : D;
    1F6B : C;
    1F6C : B;
    1F6D : B;
    1F6E : B;
    1F6F : B;
    1F70 : A;
    1F71 : A;
    1F72 : A;
    1F73 : B;
    1F74 : A;
    1F75 : A;
    1F76 : A;
    1F77 : A;
    1F78 : B;
    1F79 : B;
    1F7A : A;
    1F7B : A;
    1F7C : A;
    1F7D : A;
    1F7E : B;
    1F7F : A;
    1F80 : A;
    1F81 : B;
    1F82 : B;
    1F83 : B;
    1F84 : B;
    1F85 : B;
    1F86 : B;
    1F87 : B;
    1F88 : B;
    1F89 : B;
    1F8A : B;
    1F8B : A;
    1F8C : A;
    1F8D : A;
    1F8E : B;
    1F8F : A;
    1F90 : A;
    1F91 : B;
    1F92 : B;
    1F93 : B;
    1F94 : B;
    1F95 : B;
    1F96 : B;
    1F97 : B;
    1F98 : B;
    1F99 : B;
    1F9A : B;
    1F9B : B;
    1F9C : B;
    1F9D : B;
    1F9E : A;
    1F9F : B;
    1FA0 : B;
    1FA1 : C;
    1FA2 : C;
    1FA3 : B;
    1FA4 : B;
    1FA5 : B;
    1FA6 : C;
    1FA7 : C;
    1FA8 : C;
    1FA9 : C;
    1FAA : B;
    1FAB : B;
    1FAC : B;
    1FAD : C;
    1FAE : B;
    1FAF : B;
    1FB0 : A;
    1FB1 : B;
    1FB2 : 9;
    1FB3 : 6;
    1FB4 : 6;
    1FB5 : 5;
    1FB6 : 5;
    1FB7 : 5;
    1FB8 : 4;
    1FB9 : 6;
    1FBA : 6;
    1FBB : 8;
    1FBC : 9;
    1FBD : 9;
    1FBE : 7;
    1FBF : 5;
    1FC0 : 9;
    1FC1 : A;
    1FC2 : 9;
    1FC3 : 8;
    1FC4 : 8;
    1FC5 : 7;
    1FC6 : 5;
    1FC7 : 4;
    1FC8 : 4;
    1FC9 : 5;
    1FCA : A;
    1FCB : A;
    1FCC : A;
    1FCD : A;
    1FCE : A;
    1FCF : A;
    1FD0 : A;
    1FD1 : 9;
    1FD2 : A;
    1FD3 : C;
    1FD4 : C;
    1FD5 : 9;
    1FD6 : 8;
    1FD7 : 8;
    1FD8 : 8;
    1FD9 : 8;
    1FDA : 8;
    1FDB : 7;
    1FDC : 8;
    1FDD : 9;
    1FDE : A;
    1FDF : 9;
    1FE0 : 9;
    1FE1 : 9;
    1FE2 : 9;
    1FE3 : A;
    1FE4 : B;
    1FE5 : A;
    1FE6 : B;
    1FE7 : A;
    1FE8 : 9;
    1FE9 : 8;
    1FEA : 6;
    1FEB : 5;
    1FEC : 4;
    1FED : 3;
    1FEE : 5;
    1FEF : 7;
    1FF0 : 8;
    1FF1 : 8;
    1FF2 : 9;
    1FF3 : 9;
    1FF4 : 9;
    1FF5 : 9;
    1FF6 : 9;
    1FF7 : 9;
    1FF8 : A;
    1FF9 : 9;
    1FFA : 9;
    1FFB : A;
    1FFC : A;
    1FFD : 9;
    1FFE : A;
    1FFF : 9;
    2000 : A;
    2001 : 9;
    2002 : 9;
    2003 : 8;
    2004 : 8;
    2005 : 9;
    2006 : A;
    2007 : 9;
    2008 : D;
    2009 : C;
    200A : C;
    200B : C;
    200C : B;
    200D : C;
    200E : C;
    200F : C;
    2010 : D;
    2011 : D;
    2012 : D;
    2013 : D;
    2014 : D;
    2015 : D;
    2016 : D;
    2017 : D;
    2018 : D;
    2019 : C;
    201A : C;
    201B : C;
    201C : C;
    201D : D;
    201E : D;
    201F : D;
    2020 : C;
    2021 : C;
    2022 : C;
    2023 : D;
    2024 : D;
    2025 : D;
    2026 : D;
    2027 : D;
    2028 : D;
    2029 : D;
    202A : D;
    202B : D;
    202C : D;
    202D : D;
    202E : D;
    202F : D;
    2030 : D;
    2031 : C;
    2032 : B;
    2033 : B;
    2034 : B;
    2035 : A;
    2036 : A;
    2037 : A;
    2038 : A;
    2039 : A;
    203A : A;
    203B : A;
    203C : B;
    203D : B;
    203E : B;
    203F : B;
    2040 : A;
    2041 : A;
    2042 : A;
    2043 : A;
    2044 : A;
    2045 : A;
    2046 : A;
    2047 : B;
    2048 : B;
    2049 : B;
    204A : B;
    204B : B;
    204C : B;
    204D : B;
    204E : B;
    204F : B;
    2050 : A;
    2051 : A;
    2052 : A;
    2053 : A;
    2054 : A;
    2055 : A;
    2056 : A;
    2057 : B;
    2058 : B;
    2059 : B;
    205A : B;
    205B : A;
    205C : B;
    205D : B;
    205E : B;
    205F : B;
    2060 : B;
    2061 : B;
    2062 : B;
    2063 : B;
    2064 : B;
    2065 : A;
    2066 : A;
    2067 : B;
    2068 : C;
    2069 : B;
    206A : B;
    206B : B;
    206C : B;
    206D : C;
    206E : C;
    206F : C;
    2070 : C;
    2071 : C;
    2072 : B;
    2073 : B;
    2074 : B;
    2075 : B;
    2076 : A;
    2077 : B;
    2078 : B;
    2079 : A;
    207A : 8;
    207B : 6;
    207C : 6;
    207D : 5;
    207E : 5;
    207F : 5;
    2080 : 4;
    2081 : 6;
    2082 : 5;
    2083 : 8;
    2084 : 9;
    2085 : 7;
    2086 : 8;
    2087 : B;
    2088 : B;
    2089 : 9;
    208A : 7;
    208B : 6;
    208C : 5;
    208D : 4;
    208E : 4;
    208F : 4;
    2090 : 5;
    2091 : 5;
    2092 : 9;
    2093 : A;
    2094 : A;
    2095 : A;
    2096 : A;
    2097 : 9;
    2098 : A;
    2099 : C;
    209A : C;
    209B : A;
    209C : 8;
    209D : 8;
    209E : 8;
    209F : 8;
    20A0 : 8;
    20A1 : 7;
    20A2 : 7;
    20A3 : 8;
    20A4 : 9;
    20A5 : 9;
    20A6 : A;
    20A7 : A;
    20A8 : A;
    20A9 : A;
    20AA : A;
    20AB : A;
    20AC : A;
    20AD : A;
    20AE : 9;
    20AF : 9;
    20B0 : A;
    20B1 : 8;
    20B2 : 6;
    20B3 : 5;
    20B4 : 4;
    20B5 : 3;
    20B6 : 5;
    20B7 : 7;
    20B8 : 9;
    20B9 : 8;
    20BA : 9;
    20BB : 9;
    20BC : A;
    20BD : A;
    20BE : 9;
    20BF : 9;
    20C0 : 9;
    20C1 : 9;
    20C2 : A;
    20C3 : A;
    20C4 : A;
    20C5 : A;
    20C6 : A;
    20C7 : 9;
    20C8 : 9;
    20C9 : 9;
    20CA : 9;
    20CB : A;
    20CC : A;
    20CD : 9;
    20CE : 9;
    20CF : 9;
    20D0 : C;
    20D1 : C;
    20D2 : B;
    20D3 : B;
    20D4 : C;
    20D5 : D;
    20D6 : D;
    20D7 : D;
    20D8 : D;
    20D9 : D;
    20DA : D;
    20DB : D;
    20DC : D;
    20DD : D;
    20DE : D;
    20DF : C;
    20E0 : C;
    20E1 : C;
    20E2 : C;
    20E3 : D;
    20E4 : D;
    20E5 : C;
    20E6 : C;
    20E7 : D;
    20E8 : C;
    20E9 : D;
    20EA : D;
    20EB : D;
    20EC : D;
    20ED : D;
    20EE : D;
    20EF : D;
    20F0 : D;
    20F1 : D;
    20F2 : D;
    20F3 : D;
    20F4 : D;
    20F5 : D;
    20F6 : D;
    20F7 : D;
    20F8 : B;
    20F9 : B;
    20FA : B;
    20FB : B;
    20FC : A;
    20FD : A;
    20FE : A;
    20FF : A;
    2100 : A;
    2101 : B;
    2102 : B;
    2103 : B;
    2104 : B;
    2105 : A;
    2106 : A;
    2107 : A;
    2108 : A;
    2109 : A;
    210A : A;
    210B : A;
    210C : A;
    210D : A;
    210E : B;
    210F : B;
    2110 : B;
    2111 : B;
    2112 : B;
    2113 : B;
    2114 : B;
    2115 : B;
    2116 : B;
    2117 : A;
    2118 : A;
    2119 : A;
    211A : A;
    211B : A;
    211C : A;
    211D : A;
    211E : A;
    211F : B;
    2120 : A;
    2121 : A;
    2122 : A;
    2123 : A;
    2124 : A;
    2125 : B;
    2126 : A;
    2127 : B;
    2128 : B;
    2129 : B;
    212A : B;
    212B : B;
    212C : B;
    212D : B;
    212E : C;
    212F : C;
    2130 : B;
    2131 : B;
    2132 : B;
    2133 : B;
    2134 : D;
    2135 : D;
    2136 : D;
    2137 : C;
    2138 : B;
    2139 : A;
    213A : B;
    213B : B;
    213C : A;
    213D : B;
    213E : A;
    213F : A;
    2140 : B;
    2141 : A;
    2142 : 7;
    2143 : 6;
    2144 : 6;
    2145 : 5;
    2146 : 5;
    2147 : 5;
    2148 : 4;
    2149 : 7;
    214A : 5;
    214B : 8;
    214C : 8;
    214D : 7;
    214E : 6;
    214F : 5;
    2150 : 4;
    2151 : 2;
    2152 : 4;
    2153 : 4;
    2154 : 4;
    2155 : 5;
    2156 : 5;
    2157 : 5;
    2158 : 5;
    2159 : 5;
    215A : 8;
    215B : A;
    215C : A;
    215D : 9;
    215E : 9;
    215F : B;
    2160 : D;
    2161 : B;
    2162 : 8;
    2163 : 8;
    2164 : 8;
    2165 : 8;
    2166 : 8;
    2167 : 8;
    2168 : 7;
    2169 : 7;
    216A : 8;
    216B : 9;
    216C : A;
    216D : A;
    216E : A;
    216F : A;
    2170 : A;
    2171 : A;
    2172 : A;
    2173 : A;
    2174 : 9;
    2175 : 9;
    2176 : A;
    2177 : 9;
    2178 : A;
    2179 : 7;
    217A : 5;
    217B : 5;
    217C : 4;
    217D : 3;
    217E : 5;
    217F : 7;
    2180 : 9;
    2181 : 8;
    2182 : 9;
    2183 : A;
    2184 : A;
    2185 : A;
    2186 : A;
    2187 : A;
    2188 : A;
    2189 : A;
    218A : A;
    218B : A;
    218C : 9;
    218D : 9;
    218E : 9;
    218F : 9;
    2190 : 9;
    2191 : A;
    2192 : A;
    2193 : A;
    2194 : A;
    2195 : A;
    2196 : A;
    2197 : A;
    2198 : C;
    2199 : C;
    219A : B;
    219B : C;
    219C : C;
    219D : D;
    219E : D;
    219F : D;
    21A0 : D;
    21A1 : D;
    21A2 : D;
    21A3 : D;
    21A4 : C;
    21A5 : C;
    21A6 : C;
    21A7 : C;
    21A8 : C;
    21A9 : C;
    21AA : C;
    21AB : C;
    21AC : C;
    21AD : C;
    21AE : C;
    21AF : C;
    21B0 : D;
    21B1 : D;
    21B2 : C;
    21B3 : D;
    21B4 : D;
    21B5 : D;
    21B6 : D;
    21B7 : D;
    21B8 : D;
    21B9 : D;
    21BA : D;
    21BB : D;
    21BC : D;
    21BD : D;
    21BE : D;
    21BF : C;
    21C0 : B;
    21C1 : A;
    21C2 : A;
    21C3 : A;
    21C4 : A;
    21C5 : A;
    21C6 : A;
    21C7 : A;
    21C8 : A;
    21C9 : B;
    21CA : A;
    21CB : A;
    21CC : A;
    21CD : A;
    21CE : A;
    21CF : A;
    21D0 : A;
    21D1 : A;
    21D2 : A;
    21D3 : A;
    21D4 : C;
    21D5 : D;
    21D6 : B;
    21D7 : B;
    21D8 : B;
    21D9 : B;
    21DA : B;
    21DB : B;
    21DC : B;
    21DD : A;
    21DE : A;
    21DF : A;
    21E0 : A;
    21E1 : A;
    21E2 : A;
    21E3 : A;
    21E4 : A;
    21E5 : A;
    21E6 : A;
    21E7 : A;
    21E8 : A;
    21E9 : A;
    21EA : A;
    21EB : B;
    21EC : B;
    21ED : B;
    21EE : B;
    21EF : B;
    21F0 : B;
    21F1 : B;
    21F2 : C;
    21F3 : C;
    21F4 : C;
    21F5 : B;
    21F6 : C;
    21F7 : C;
    21F8 : B;
    21F9 : B;
    21FA : B;
    21FB : C;
    21FC : D;
    21FD : C;
    21FE : B;
    21FF : A;
    2200 : A;
    2201 : A;
    2202 : A;
    2203 : A;
    2204 : A;
    2205 : B;
    2206 : B;
    2207 : A;
    2208 : A;
    2209 : 8;
    220A : 6;
    220B : 6;
    220C : 6;
    220D : 5;
    220E : 5;
    220F : 5;
    2210 : 4;
    2211 : 7;
    2212 : 5;
    2213 : 9;
    2214 : 9;
    2215 : 8;
    2216 : 7;
    2217 : 7;
    2218 : 6;
    2219 : 5;
    221A : 4;
    221B : 5;
    221C : 6;
    221D : 6;
    221E : 6;
    221F : 6;
    2220 : 6;
    2221 : 6;
    2222 : 7;
    2223 : 9;
    2224 : 9;
    2225 : B;
    2226 : D;
    2227 : C;
    2228 : 9;
    2229 : 8;
    222A : 8;
    222B : 8;
    222C : 8;
    222D : 8;
    222E : 8;
    222F : 7;
    2230 : 7;
    2231 : 8;
    2232 : A;
    2233 : 9;
    2234 : A;
    2235 : A;
    2236 : A;
    2237 : A;
    2238 : A;
    2239 : 9;
    223A : 8;
    223B : 8;
    223C : 9;
    223D : 9;
    223E : A;
    223F : 8;
    2240 : 9;
    2241 : 6;
    2242 : 5;
    2243 : 5;
    2244 : 4;
    2245 : 4;
    2246 : 5;
    2247 : 7;
    2248 : 8;
    2249 : 8;
    224A : 9;
    224B : 9;
    224C : 8;
    224D : 9;
    224E : 9;
    224F : 9;
    2250 : 9;
    2251 : 9;
    2252 : 9;
    2253 : 9;
    2254 : 9;
    2255 : 8;
    2256 : 8;
    2257 : 8;
    2258 : 8;
    2259 : 8;
    225A : 8;
    225B : 8;
    225C : 8;
    225D : 8;
    225E : 8;
    225F : 8;
    2260 : C;
    2261 : C;
    2262 : C;
    2263 : C;
    2264 : C;
    2265 : C;
    2266 : C;
    2267 : D;
    2268 : D;
    2269 : D;
    226A : C;
    226B : C;
    226C : C;
    226D : C;
    226E : C;
    226F : C;
    2270 : C;
    2271 : C;
    2272 : C;
    2273 : C;
    2274 : C;
    2275 : C;
    2276 : C;
    2277 : C;
    2278 : C;
    2279 : C;
    227A : D;
    227B : D;
    227C : D;
    227D : D;
    227E : D;
    227F : D;
    2280 : D;
    2281 : D;
    2282 : D;
    2283 : D;
    2284 : D;
    2285 : D;
    2286 : C;
    2287 : B;
    2288 : A;
    2289 : A;
    228A : A;
    228B : B;
    228C : B;
    228D : A;
    228E : A;
    228F : A;
    2290 : A;
    2291 : 9;
    2292 : A;
    2293 : A;
    2294 : A;
    2295 : A;
    2296 : A;
    2297 : A;
    2298 : A;
    2299 : A;
    229A : C;
    229B : E;
    229C : E;
    229D : E;
    229E : B;
    229F : B;
    22A0 : B;
    22A1 : B;
    22A2 : B;
    22A3 : B;
    22A4 : B;
    22A5 : B;
    22A6 : B;
    22A7 : A;
    22A8 : A;
    22A9 : A;
    22AA : A;
    22AB : A;
    22AC : A;
    22AD : A;
    22AE : B;
    22AF : A;
    22B0 : A;
    22B1 : B;
    22B2 : C;
    22B3 : C;
    22B4 : C;
    22B5 : B;
    22B6 : B;
    22B7 : B;
    22B8 : B;
    22B9 : B;
    22BA : B;
    22BB : B;
    22BC : B;
    22BD : B;
    22BE : C;
    22BF : C;
    22C0 : C;
    22C1 : B;
    22C2 : B;
    22C3 : C;
    22C4 : B;
    22C5 : B;
    22C6 : B;
    22C7 : A;
    22C8 : B;
    22C9 : A;
    22CA : A;
    22CB : A;
    22CC : A;
    22CD : A;
    22CE : A;
    22CF : A;
    22D0 : A;
    22D1 : 7;
    22D2 : 6;
    22D3 : 6;
    22D4 : 6;
    22D5 : 5;
    22D6 : 5;
    22D7 : 5;
    22D8 : 4;
    22D9 : 7;
    22DA : 5;
    22DB : 9;
    22DC : 9;
    22DD : 9;
    22DE : 9;
    22DF : 8;
    22E0 : 8;
    22E1 : 8;
    22E2 : 7;
    22E3 : 6;
    22E4 : 6;
    22E5 : 6;
    22E6 : 6;
    22E7 : 6;
    22E8 : 6;
    22E9 : 5;
    22EA : 5;
    22EB : A;
    22EC : D;
    22ED : D;
    22EE : A;
    22EF : 8;
    22F0 : 8;
    22F1 : 8;
    22F2 : 8;
    22F3 : 8;
    22F4 : 8;
    22F5 : 7;
    22F6 : 7;
    22F7 : 7;
    22F8 : 9;
    22F9 : 9;
    22FA : 9;
    22FB : 9;
    22FC : B;
    22FD : B;
    22FE : A;
    22FF : A;
    2300 : 9;
    2301 : 8;
    2302 : 8;
    2303 : 8;
    2304 : 9;
    2305 : 9;
    2306 : 8;
    2307 : 8;
    2308 : 9;
    2309 : 6;
    230A : 5;
    230B : 5;
    230C : 4;
    230D : 4;
    230E : 6;
    230F : 8;
    2310 : 8;
    2311 : 8;
    2312 : A;
    2313 : A;
    2314 : 9;
    2315 : 8;
    2316 : 9;
    2317 : 8;
    2318 : 8;
    2319 : 7;
    231A : 7;
    231B : 9;
    231C : 9;
    231D : 9;
    231E : 9;
    231F : 9;
    2320 : 8;
    2321 : 7;
    2322 : 7;
    2323 : 7;
    2324 : 7;
    2325 : 7;
    2326 : 7;
    2327 : 6;
    2328 : C;
    2329 : C;
    232A : C;
    232B : C;
    232C : C;
    232D : D;
    232E : D;
    232F : C;
    2330 : C;
    2331 : C;
    2332 : C;
    2333 : C;
    2334 : C;
    2335 : C;
    2336 : C;
    2337 : C;
    2338 : C;
    2339 : C;
    233A : C;
    233B : C;
    233C : C;
    233D : C;
    233E : C;
    233F : C;
    2340 : C;
    2341 : C;
    2342 : C;
    2343 : D;
    2344 : D;
    2345 : D;
    2346 : D;
    2347 : D;
    2348 : D;
    2349 : D;
    234A : D;
    234B : D;
    234C : D;
    234D : C;
    234E : B;
    234F : B;
    2350 : B;
    2351 : B;
    2352 : C;
    2353 : C;
    2354 : A;
    2355 : A;
    2356 : B;
    2357 : A;
    2358 : A;
    2359 : A;
    235A : A;
    235B : A;
    235C : A;
    235D : A;
    235E : A;
    235F : B;
    2360 : C;
    2361 : E;
    2362 : E;
    2363 : E;
    2364 : E;
    2365 : E;
    2366 : D;
    2367 : B;
    2368 : B;
    2369 : B;
    236A : B;
    236B : B;
    236C : B;
    236D : B;
    236E : A;
    236F : A;
    2370 : A;
    2371 : A;
    2372 : A;
    2373 : A;
    2374 : A;
    2375 : B;
    2376 : B;
    2377 : B;
    2378 : C;
    2379 : C;
    237A : C;
    237B : A;
    237C : B;
    237D : D;
    237E : B;
    237F : B;
    2380 : A;
    2381 : A;
    2382 : A;
    2383 : A;
    2384 : B;
    2385 : B;
    2386 : B;
    2387 : B;
    2388 : A;
    2389 : A;
    238A : B;
    238B : B;
    238C : A;
    238D : A;
    238E : A;
    238F : A;
    2390 : A;
    2391 : A;
    2392 : A;
    2393 : B;
    2394 : A;
    2395 : A;
    2396 : B;
    2397 : B;
    2398 : 8;
    2399 : 7;
    239A : 7;
    239B : 6;
    239C : 6;
    239D : 5;
    239E : 5;
    239F : 4;
    23A0 : 4;
    23A1 : 7;
    23A2 : 5;
    23A3 : 9;
    23A4 : 9;
    23A5 : 9;
    23A6 : 9;
    23A7 : 9;
    23A8 : 9;
    23A9 : 9;
    23AA : 9;
    23AB : 8;
    23AC : 7;
    23AD : 6;
    23AE : 6;
    23AF : 6;
    23B0 : 6;
    23B1 : 8;
    23B2 : C;
    23B3 : D;
    23B4 : B;
    23B5 : 8;
    23B6 : 7;
    23B7 : 8;
    23B8 : 8;
    23B9 : 8;
    23BA : 8;
    23BB : 7;
    23BC : 7;
    23BD : 7;
    23BE : 8;
    23BF : 9;
    23C0 : A;
    23C1 : 9;
    23C2 : 9;
    23C3 : A;
    23C4 : A;
    23C5 : 9;
    23C6 : 8;
    23C7 : 8;
    23C8 : 8;
    23C9 : 8;
    23CA : 8;
    23CB : A;
    23CC : A;
    23CD : 9;
    23CE : 9;
    23CF : A;
    23D0 : 9;
    23D1 : 6;
    23D2 : 5;
    23D3 : 5;
    23D4 : 4;
    23D5 : 4;
    23D6 : 6;
    23D7 : 7;
    23D8 : 7;
    23D9 : 8;
    23DA : 8;
    23DB : 8;
    23DC : 8;
    23DD : 8;
    23DE : 7;
    23DF : 7;
    23E0 : 7;
    23E1 : 7;
    23E2 : 7;
    23E3 : 7;
    23E4 : 7;
    23E5 : 7;
    23E6 : 8;
    23E7 : 8;
    23E8 : 7;
    23E9 : 7;
    23EA : 7;
    23EB : 8;
    23EC : 8;
    23ED : 8;
    23EE : 7;
    23EF : 7;
    23F0 : C;
    23F1 : C;
    23F2 : C;
    23F3 : C;
    23F4 : C;
    23F5 : C;
    23F6 : C;
    23F7 : C;
    23F8 : C;
    23F9 : C;
    23FA : C;
    23FB : C;
    23FC : C;
    23FD : C;
    23FE : C;
    23FF : C;
    2400 : C;
    2401 : C;
    2402 : C;
    2403 : C;
    2404 : C;
    2405 : C;
    2406 : C;
    2407 : C;
    2408 : C;
    2409 : C;
    240A : C;
    240B : D;
    240C : D;
    240D : D;
    240E : D;
    240F : D;
    2410 : D;
    2411 : D;
    2412 : D;
    2413 : D;
    2414 : D;
    2415 : C;
    2416 : B;
    2417 : B;
    2418 : C;
    2419 : C;
    241A : B;
    241B : A;
    241C : A;
    241D : B;
    241E : B;
    241F : B;
    2420 : B;
    2421 : A;
    2422 : A;
    2423 : A;
    2424 : A;
    2425 : B;
    2426 : D;
    2427 : E;
    2428 : E;
    2429 : E;
    242A : E;
    242B : E;
    242C : E;
    242D : E;
    242E : F;
    242F : D;
    2430 : A;
    2431 : B;
    2432 : B;
    2433 : A;
    2434 : A;
    2435 : A;
    2436 : A;
    2437 : A;
    2438 : A;
    2439 : A;
    243A : A;
    243B : B;
    243C : B;
    243D : B;
    243E : A;
    243F : B;
    2440 : A;
    2441 : B;
    2442 : B;
    2443 : A;
    2444 : C;
    2445 : B;
    2446 : B;
    2447 : A;
    2448 : B;
    2449 : A;
    244A : A;
    244B : B;
    244C : B;
    244D : B;
    244E : A;
    244F : A;
    2450 : A;
    2451 : A;
    2452 : A;
    2453 : A;
    2454 : A;
    2455 : A;
    2456 : A;
    2457 : A;
    2458 : A;
    2459 : B;
    245A : A;
    245B : A;
    245C : A;
    245D : B;
    245E : B;
    245F : A;
    2460 : 7;
    2461 : 7;
    2462 : 7;
    2463 : 6;
    2464 : 6;
    2465 : 5;
    2466 : 5;
    2467 : 5;
    2468 : 4;
    2469 : 7;
    246A : 5;
    246B : 9;
    246C : A;
    246D : 9;
    246E : 9;
    246F : 9;
    2470 : 9;
    2471 : 9;
    2472 : 9;
    2473 : 9;
    2474 : 9;
    2475 : 7;
    2476 : 6;
    2477 : 8;
    2478 : C;
    2479 : D;
    247A : B;
    247B : 8;
    247C : 7;
    247D : 8;
    247E : 8;
    247F : 8;
    2480 : 8;
    2481 : 8;
    2482 : 7;
    2483 : 6;
    2484 : 6;
    2485 : 8;
    2486 : A;
    2487 : A;
    2488 : 9;
    2489 : 9;
    248A : 9;
    248B : A;
    248C : A;
    248D : 9;
    248E : 8;
    248F : 8;
    2490 : 8;
    2491 : A;
    2492 : A;
    2493 : 9;
    2494 : 8;
    2495 : 8;
    2496 : 8;
    2497 : 9;
    2498 : 7;
    2499 : 6;
    249A : 5;
    249B : 5;
    249C : 4;
    249D : 4;
    249E : 5;
    249F : 7;
    24A0 : 8;
    24A1 : 8;
    24A2 : 7;
    24A3 : 8;
    24A4 : 9;
    24A5 : 8;
    24A6 : 8;
    24A7 : 8;
    24A8 : 8;
    24A9 : 7;
    24AA : 8;
    24AB : 8;
    24AC : 8;
    24AD : 7;
    24AE : 7;
    24AF : 7;
    24B0 : 7;
    24B1 : 7;
    24B2 : 8;
    24B3 : 8;
    24B4 : 7;
    24B5 : 7;
    24B6 : 7;
    24B7 : 7;
    24B8 : C;
    24B9 : C;
    24BA : C;
    24BB : C;
    24BC : C;
    24BD : C;
    24BE : C;
    24BF : C;
    24C0 : C;
    24C1 : C;
    24C2 : C;
    24C3 : C;
    24C4 : C;
    24C5 : C;
    24C6 : C;
    24C7 : C;
    24C8 : C;
    24C9 : C;
    24CA : C;
    24CB : C;
    24CC : C;
    24CD : C;
    24CE : C;
    24CF : C;
    24D0 : C;
    24D1 : D;
    24D2 : D;
    24D3 : D;
    24D4 : D;
    24D5 : D;
    24D6 : D;
    24D7 : D;
    24D8 : D;
    24D9 : D;
    24DA : D;
    24DB : C;
    24DC : C;
    24DD : B;
    24DE : C;
    24DF : C;
    24E0 : C;
    24E1 : B;
    24E2 : B;
    24E3 : B;
    24E4 : B;
    24E5 : B;
    24E6 : B;
    24E7 : B;
    24E8 : A;
    24E9 : A;
    24EA : A;
    24EB : C;
    24EC : D;
    24ED : E;
    24EE : E;
    24EF : E;
    24F0 : E;
    24F1 : E;
    24F2 : E;
    24F3 : E;
    24F4 : E;
    24F5 : E;
    24F6 : E;
    24F7 : D;
    24F8 : A;
    24F9 : B;
    24FA : A;
    24FB : A;
    24FC : A;
    24FD : A;
    24FE : A;
    24FF : A;
    2500 : A;
    2501 : B;
    2502 : A;
    2503 : A;
    2504 : A;
    2505 : A;
    2506 : C;
    2507 : B;
    2508 : B;
    2509 : B;
    250A : B;
    250B : B;
    250C : B;
    250D : A;
    250E : A;
    250F : A;
    2510 : A;
    2511 : A;
    2512 : B;
    2513 : B;
    2514 : B;
    2515 : A;
    2516 : A;
    2517 : A;
    2518 : B;
    2519 : B;
    251A : A;
    251B : A;
    251C : A;
    251D : A;
    251E : A;
    251F : B;
    2520 : B;
    2521 : A;
    2522 : A;
    2523 : A;
    2524 : B;
    2525 : B;
    2526 : B;
    2527 : 9;
    2528 : 7;
    2529 : 7;
    252A : 7;
    252B : 6;
    252C : 6;
    252D : 5;
    252E : 5;
    252F : 5;
    2530 : 4;
    2531 : 7;
    2532 : 4;
    2533 : 9;
    2534 : A;
    2535 : 9;
    2536 : 9;
    2537 : 9;
    2538 : 9;
    2539 : 9;
    253A : 9;
    253B : 8;
    253C : 9;
    253D : B;
    253E : D;
    253F : E;
    2540 : B;
    2541 : 9;
    2542 : 8;
    2543 : 8;
    2544 : 8;
    2545 : 8;
    2546 : 8;
    2547 : 8;
    2548 : 7;
    2549 : 7;
    254A : 6;
    254B : 6;
    254C : 9;
    254D : A;
    254E : A;
    254F : A;
    2550 : A;
    2551 : A;
    2552 : 9;
    2553 : 9;
    2554 : 9;
    2555 : 8;
    2556 : 9;
    2557 : B;
    2558 : B;
    2559 : A;
    255A : 8;
    255B : 6;
    255C : 7;
    255D : 8;
    255E : 8;
    255F : 9;
    2560 : 7;
    2561 : 6;
    2562 : 5;
    2563 : 4;
    2564 : 4;
    2565 : 6;
    2566 : 8;
    2567 : 8;
    2568 : 7;
    2569 : 7;
    256A : 7;
    256B : 8;
    256C : A;
    256D : A;
    256E : A;
    256F : 9;
    2570 : 9;
    2571 : 9;
    2572 : A;
    2573 : 9;
    2574 : 9;
    2575 : 9;
    2576 : 8;
    2577 : 8;
    2578 : 8;
    2579 : 9;
    257A : 9;
    257B : 9;
    257C : 9;
    257D : 9;
    257E : 8;
    257F : 8;
    2580 : C;
    2581 : C;
    2582 : C;
    2583 : C;
    2584 : C;
    2585 : C;
    2586 : C;
    2587 : C;
    2588 : C;
    2589 : C;
    258A : C;
    258B : C;
    258C : C;
    258D : C;
    258E : C;
    258F : C;
    2590 : C;
    2591 : C;
    2592 : C;
    2593 : C;
    2594 : C;
    2595 : C;
    2596 : C;
    2597 : C;
    2598 : D;
    2599 : D;
    259A : D;
    259B : D;
    259C : D;
    259D : D;
    259E : D;
    259F : D;
    25A0 : D;
    25A1 : D;
    25A2 : D;
    25A3 : D;
    25A4 : C;
    25A5 : C;
    25A6 : C;
    25A7 : C;
    25A8 : C;
    25A9 : B;
    25AA : C;
    25AB : B;
    25AC : B;
    25AD : B;
    25AE : A;
    25AF : B;
    25B0 : C;
    25B1 : D;
    25B2 : D;
    25B3 : E;
    25B4 : E;
    25B5 : E;
    25B6 : E;
    25B7 : E;
    25B8 : E;
    25B9 : E;
    25BA : E;
    25BB : E;
    25BC : E;
    25BD : E;
    25BE : E;
    25BF : E;
    25C0 : B;
    25C1 : B;
    25C2 : A;
    25C3 : B;
    25C4 : B;
    25C5 : A;
    25C6 : A;
    25C7 : A;
    25C8 : A;
    25C9 : A;
    25CA : A;
    25CB : B;
    25CC : B;
    25CD : C;
    25CE : B;
    25CF : B;
    25D0 : B;
    25D1 : A;
    25D2 : A;
    25D3 : B;
    25D4 : B;
    25D5 : B;
    25D6 : B;
    25D7 : B;
    25D8 : B;
    25D9 : B;
    25DA : B;
    25DB : B;
    25DC : A;
    25DD : B;
    25DE : B;
    25DF : A;
    25E0 : A;
    25E1 : A;
    25E2 : A;
    25E3 : A;
    25E4 : B;
    25E5 : B;
    25E6 : A;
    25E7 : A;
    25E8 : B;
    25E9 : A;
    25EA : B;
    25EB : B;
    25EC : B;
    25ED : B;
    25EE : A;
    25EF : 8;
    25F0 : 7;
    25F1 : 7;
    25F2 : 6;
    25F3 : 6;
    25F4 : 6;
    25F5 : 5;
    25F6 : 5;
    25F7 : 5;
    25F8 : 4;
    25F9 : 7;
    25FA : 4;
    25FB : 9;
    25FC : 9;
    25FD : 9;
    25FE : 9;
    25FF : 9;
    2600 : 9;
    2601 : 9;
    2602 : 9;
    2603 : B;
    2604 : D;
    2605 : D;
    2606 : B;
    2607 : 9;
    2608 : 8;
    2609 : 8;
    260A : 8;
    260B : 8;
    260C : 8;
    260D : 8;
    260E : 7;
    260F : 7;
    2610 : 6;
    2611 : 4;
    2612 : 6;
    2613 : A;
    2614 : B;
    2615 : A;
    2616 : B;
    2617 : B;
    2618 : A;
    2619 : A;
    261A : A;
    261B : A;
    261C : B;
    261D : B;
    261E : C;
    261F : A;
    2620 : 8;
    2621 : 7;
    2622 : 7;
    2623 : 6;
    2624 : 6;
    2625 : 8;
    2626 : 9;
    2627 : 9;
    2628 : 6;
    2629 : 5;
    262A : 5;
    262B : 6;
    262C : 8;
    262D : 8;
    262E : 7;
    262F : 7;
    2630 : 7;
    2631 : 8;
    2632 : 8;
    2633 : 8;
    2634 : 9;
    2635 : A;
    2636 : A;
    2637 : 9;
    2638 : A;
    2639 : A;
    263A : A;
    263B : 9;
    263C : 9;
    263D : 9;
    263E : 9;
    263F : 9;
    2640 : 9;
    2641 : 9;
    2642 : 9;
    2643 : 9;
    2644 : 9;
    2645 : 8;
    2646 : 9;
    2647 : 9;
    2648 : C;
    2649 : C;
    264A : C;
    264B : C;
    264C : C;
    264D : C;
    264E : C;
    264F : C;
    2650 : C;
    2651 : C;
    2652 : C;
    2653 : C;
    2654 : C;
    2655 : C;
    2656 : C;
    2657 : C;
    2658 : C;
    2659 : C;
    265A : C;
    265B : C;
    265C : C;
    265D : C;
    265E : D;
    265F : D;
    2660 : D;
    2661 : D;
    2662 : D;
    2663 : D;
    2664 : D;
    2665 : D;
    2666 : D;
    2667 : D;
    2668 : D;
    2669 : D;
    266A : D;
    266B : D;
    266C : D;
    266D : D;
    266E : D;
    266F : D;
    2670 : C;
    2671 : D;
    2672 : D;
    2673 : B;
    2674 : A;
    2675 : A;
    2676 : C;
    2677 : E;
    2678 : E;
    2679 : E;
    267A : E;
    267B : E;
    267C : E;
    267D : E;
    267E : E;
    267F : E;
    2680 : E;
    2681 : E;
    2682 : E;
    2683 : E;
    2684 : E;
    2685 : E;
    2686 : E;
    2687 : D;
    2688 : B;
    2689 : B;
    268A : C;
    268B : B;
    268C : A;
    268D : A;
    268E : A;
    268F : A;
    2690 : A;
    2691 : 9;
    2692 : B;
    2693 : B;
    2694 : B;
    2695 : B;
    2696 : A;
    2697 : A;
    2698 : A;
    2699 : B;
    269A : A;
    269B : A;
    269C : A;
    269D : A;
    269E : B;
    269F : B;
    26A0 : A;
    26A1 : B;
    26A2 : B;
    26A3 : A;
    26A4 : B;
    26A5 : B;
    26A6 : A;
    26A7 : A;
    26A8 : A;
    26A9 : A;
    26AA : A;
    26AB : A;
    26AC : A;
    26AD : B;
    26AE : B;
    26AF : B;
    26B0 : C;
    26B1 : C;
    26B2 : C;
    26B3 : C;
    26B4 : C;
    26B5 : C;
    26B6 : 9;
    26B7 : 7;
    26B8 : 7;
    26B9 : 7;
    26BA : 6;
    26BB : 6;
    26BC : 6;
    26BD : 5;
    26BE : 5;
    26BF : 5;
    26C0 : 4;
    26C1 : 7;
    26C2 : 4;
    26C3 : 9;
    26C4 : A;
    26C5 : 9;
    26C6 : 9;
    26C7 : 9;
    26C8 : A;
    26C9 : C;
    26CA : D;
    26CB : D;
    26CC : B;
    26CD : 9;
    26CE : 8;
    26CF : 8;
    26D0 : 8;
    26D1 : 8;
    26D2 : 8;
    26D3 : 8;
    26D4 : 8;
    26D5 : 7;
    26D6 : 6;
    26D7 : 5;
    26D8 : 4;
    26D9 : 8;
    26DA : B;
    26DB : B;
    26DC : B;
    26DD : A;
    26DE : A;
    26DF : A;
    26E0 : A;
    26E1 : A;
    26E2 : A;
    26E3 : C;
    26E4 : B;
    26E5 : A;
    26E6 : 8;
    26E7 : 7;
    26E8 : 7;
    26E9 : 7;
    26EA : 6;
    26EB : 5;
    26EC : 6;
    26ED : 7;
    26EE : 8;
    26EF : 9;
    26F0 : 8;
    26F1 : 8;
    26F2 : 8;
    26F3 : 8;
    26F4 : 7;
    26F5 : 7;
    26F6 : 7;
    26F7 : 8;
    26F8 : 8;
    26F9 : 8;
    26FA : 8;
    26FB : 9;
    26FC : A;
    26FD : A;
    26FE : A;
    26FF : A;
    2700 : A;
    2701 : A;
    2702 : 9;
    2703 : 9;
    2704 : 9;
    2705 : 9;
    2706 : A;
    2707 : A;
    2708 : 9;
    2709 : 9;
    270A : 9;
    270B : 9;
    270C : 9;
    270D : 9;
    270E : A;
    270F : 9;
    2710 : C;
    2711 : C;
    2712 : C;
    2713 : C;
    2714 : C;
    2715 : C;
    2716 : C;
    2717 : C;
    2718 : C;
    2719 : C;
    271A : C;
    271B : C;
    271C : C;
    271D : C;
    271E : C;
    271F : C;
    2720 : C;
    2721 : C;
    2722 : C;
    2723 : C;
    2724 : C;
    2725 : C;
    2726 : C;
    2727 : D;
    2728 : D;
    2729 : D;
    272A : D;
    272B : D;
    272C : D;
    272D : D;
    272E : C;
    272F : D;
    2730 : D;
    2731 : D;
    2732 : D;
    2733 : D;
    2734 : C;
    2735 : C;
    2736 : C;
    2737 : C;
    2738 : D;
    2739 : C;
    273A : B;
    273B : B;
    273C : B;
    273D : D;
    273E : E;
    273F : E;
    2740 : E;
    2741 : E;
    2742 : E;
    2743 : E;
    2744 : E;
    2745 : E;
    2746 : E;
    2747 : E;
    2748 : E;
    2749 : E;
    274A : E;
    274B : E;
    274C : E;
    274D : E;
    274E : E;
    274F : B;
    2750 : A;
    2751 : A;
    2752 : A;
    2753 : A;
    2754 : A;
    2755 : A;
    2756 : 9;
    2757 : 9;
    2758 : 9;
    2759 : B;
    275A : A;
    275B : A;
    275C : A;
    275D : A;
    275E : A;
    275F : A;
    2760 : A;
    2761 : A;
    2762 : A;
    2763 : A;
    2764 : A;
    2765 : B;
    2766 : B;
    2767 : A;
    2768 : B;
    2769 : B;
    276A : B;
    276B : C;
    276C : B;
    276D : A;
    276E : A;
    276F : A;
    2770 : A;
    2771 : A;
    2772 : A;
    2773 : A;
    2774 : A;
    2775 : A;
    2776 : A;
    2777 : B;
    2778 : B;
    2779 : B;
    277A : B;
    277B : B;
    277C : A;
    277D : A;
    277E : 8;
    277F : 7;
    2780 : 7;
    2781 : 7;
    2782 : 6;
    2783 : 6;
    2784 : 6;
    2785 : 5;
    2786 : 5;
    2787 : 5;
    2788 : 4;
    2789 : 7;
    278A : 4;
    278B : 8;
    278C : 9;
    278D : 9;
    278E : B;
    278F : D;
    2790 : E;
    2791 : D;
    2792 : B;
    2793 : 9;
    2794 : 8;
    2795 : 8;
    2796 : 8;
    2797 : 8;
    2798 : 8;
    2799 : 8;
    279A : 8;
    279B : 7;
    279C : 6;
    279D : 6;
    279E : 4;
    279F : 2;
    27A0 : 7;
    27A1 : A;
    27A2 : B;
    27A3 : B;
    27A4 : B;
    27A5 : B;
    27A6 : A;
    27A7 : B;
    27A8 : B;
    27A9 : C;
    27AA : B;
    27AB : 9;
    27AC : 8;
    27AD : 7;
    27AE : 8;
    27AF : 7;
    27B0 : 6;
    27B1 : 5;
    27B2 : 6;
    27B3 : 7;
    27B4 : 8;
    27B5 : 8;
    27B6 : B;
    27B7 : D;
    27B8 : 8;
    27B9 : 7;
    27BA : 7;
    27BB : 7;
    27BC : 7;
    27BD : 8;
    27BE : 8;
    27BF : 8;
    27C0 : 8;
    27C1 : 8;
    27C2 : 9;
    27C3 : A;
    27C4 : A;
    27C5 : A;
    27C6 : A;
    27C7 : A;
    27C8 : A;
    27C9 : A;
    27CA : 9;
    27CB : 9;
    27CC : 9;
    27CD : 9;
    27CE : 9;
    27CF : A;
    27D0 : A;
    27D1 : A;
    27D2 : 9;
    27D3 : 9;
    27D4 : 9;
    27D5 : 9;
    27D6 : 9;
    27D7 : 9;
    27D8 : C;
    27D9 : C;
    27DA : C;
    27DB : C;
    27DC : C;
    27DD : C;
    27DE : C;
    27DF : C;
    27E0 : C;
    27E1 : C;
    27E2 : C;
    27E3 : C;
    27E4 : C;
    27E5 : C;
    27E6 : C;
    27E7 : C;
    27E8 : C;
    27E9 : C;
    27EA : C;
    27EB : C;
    27EC : C;
    27ED : C;
    27EE : C;
    27EF : C;
    27F0 : C;
    27F1 : C;
    27F2 : C;
    27F3 : C;
    27F4 : C;
    27F5 : C;
    27F6 : C;
    27F7 : D;
    27F8 : D;
    27F9 : C;
    27FA : C;
    27FB : C;
    27FC : C;
    27FD : C;
    27FE : C;
    27FF : C;
    2800 : C;
    2801 : C;
    2802 : C;
    2803 : D;
    2804 : D;
    2805 : D;
    2806 : D;
    2807 : E;
    2808 : E;
    2809 : E;
    280A : E;
    280B : E;
    280C : E;
    280D : E;
    280E : E;
    280F : E;
    2810 : E;
    2811 : E;
    2812 : E;
    2813 : E;
    2814 : E;
    2815 : E;
    2816 : D;
    2817 : A;
    2818 : A;
    2819 : A;
    281A : A;
    281B : A;
    281C : 9;
    281D : 9;
    281E : 9;
    281F : 9;
    2820 : A;
    2821 : B;
    2822 : A;
    2823 : B;
    2824 : B;
    2825 : B;
    2826 : A;
    2827 : A;
    2828 : B;
    2829 : B;
    282A : A;
    282B : A;
    282C : B;
    282D : B;
    282E : A;
    282F : B;
    2830 : B;
    2831 : A;
    2832 : A;
    2833 : B;
    2834 : A;
    2835 : A;
    2836 : B;
    2837 : A;
    2838 : A;
    2839 : B;
    283A : B;
    283B : A;
    283C : A;
    283D : B;
    283E : A;
    283F : B;
    2840 : A;
    2841 : 9;
    2842 : 9;
    2843 : 9;
    2844 : 9;
    2845 : 8;
    2846 : 8;
    2847 : 7;
    2848 : 7;
    2849 : 7;
    284A : 6;
    284B : 6;
    284C : 6;
    284D : 5;
    284E : 5;
    284F : 5;
    2850 : 4;
    2851 : 7;
    2852 : 3;
    2853 : 9;
    2854 : C;
    2855 : D;
    2856 : E;
    2857 : D;
    2858 : B;
    2859 : A;
    285A : 8;
    285B : 8;
    285C : 8;
    285D : 8;
    285E : 8;
    285F : 8;
    2860 : 8;
    2861 : 7;
    2862 : 7;
    2863 : 6;
    2864 : 5;
    2865 : 3;
    2866 : 2;
    2867 : 3;
    2868 : 3;
    2869 : 4;
    286A : 5;
    286B : 5;
    286C : 6;
    286D : 7;
    286E : B;
    286F : C;
    2870 : B;
    2871 : 9;
    2872 : 8;
    2873 : 7;
    2874 : 7;
    2875 : 7;
    2876 : 7;
    2877 : 5;
    2878 : 5;
    2879 : 7;
    287A : 8;
    287B : 8;
    287C : 9;
    287D : C;
    287E : D;
    287F : 8;
    2880 : 7;
    2881 : 7;
    2882 : 7;
    2883 : 8;
    2884 : 8;
    2885 : 8;
    2886 : 7;
    2887 : 7;
    2888 : 8;
    2889 : 9;
    288A : A;
    288B : A;
    288C : A;
    288D : A;
    288E : A;
    288F : A;
    2890 : A;
    2891 : A;
    2892 : A;
    2893 : A;
    2894 : A;
    2895 : A;
    2896 : A;
    2897 : 9;
    2898 : 9;
    2899 : 9;
    289A : 9;
    289B : 9;
    289C : 9;
    289D : 9;
    289E : 9;
    289F : 9;
    28A0 : C;
    28A1 : C;
    28A2 : C;
    28A3 : C;
    28A4 : C;
    28A5 : C;
    28A6 : C;
    28A7 : C;
    28A8 : C;
    28A9 : C;
    28AA : C;
    28AB : C;
    28AC : C;
    28AD : C;
    28AE : C;
    28AF : C;
    28B0 : C;
    28B1 : C;
    28B2 : C;
    28B3 : C;
    28B4 : C;
    28B5 : C;
    28B6 : C;
    28B7 : C;
    28B8 : C;
    28B9 : C;
    28BA : C;
    28BB : C;
    28BC : C;
    28BD : C;
    28BE : C;
    28BF : C;
    28C0 : C;
    28C1 : C;
    28C2 : C;
    28C3 : C;
    28C4 : C;
    28C5 : C;
    28C6 : C;
    28C7 : C;
    28C8 : D;
    28C9 : D;
    28CA : D;
    28CB : D;
    28CC : D;
    28CD : D;
    28CE : E;
    28CF : E;
    28D0 : E;
    28D1 : E;
    28D2 : E;
    28D3 : E;
    28D4 : E;
    28D5 : E;
    28D6 : E;
    28D7 : E;
    28D8 : E;
    28D9 : E;
    28DA : E;
    28DB : E;
    28DC : E;
    28DD : E;
    28DE : B;
    28DF : A;
    28E0 : A;
    28E1 : A;
    28E2 : A;
    28E3 : 9;
    28E4 : 9;
    28E5 : 9;
    28E6 : 9;
    28E7 : 9;
    28E8 : B;
    28E9 : A;
    28EA : B;
    28EB : A;
    28EC : A;
    28ED : B;
    28EE : B;
    28EF : A;
    28F0 : B;
    28F1 : A;
    28F2 : A;
    28F3 : C;
    28F4 : B;
    28F5 : A;
    28F6 : B;
    28F7 : A;
    28F8 : A;
    28F9 : B;
    28FA : B;
    28FB : B;
    28FC : B;
    28FD : B;
    28FE : B;
    28FF : B;
    2900 : B;
    2901 : A;
    2902 : B;
    2903 : A;
    2904 : B;
    2905 : B;
    2906 : A;
    2907 : A;
    2908 : A;
    2909 : A;
    290A : A;
    290B : 9;
    290C : 9;
    290D : 8;
    290E : 8;
    290F : 7;
    2910 : 7;
    2911 : 7;
    2912 : 6;
    2913 : 6;
    2914 : 6;
    2915 : 5;
    2916 : 4;
    2917 : 4;
    2918 : 5;
    2919 : 9;
    291A : B;
    291B : D;
    291C : D;
    291D : C;
    291E : B;
    291F : 9;
    2920 : 9;
    2921 : 8;
    2922 : 8;
    2923 : 8;
    2924 : 8;
    2925 : 8;
    2926 : 8;
    2927 : 8;
    2928 : 7;
    2929 : 6;
    292A : 5;
    292B : 4;
    292C : 2;
    292D : 3;
    292E : 4;
    292F : 4;
    2930 : 5;
    2931 : 5;
    2932 : 5;
    2933 : 5;
    2934 : 4;
    2935 : 8;
    2936 : B;
    2937 : 9;
    2938 : 8;
    2939 : 7;
    293A : 8;
    293B : 7;
    293C : 7;
    293D : 5;
    293E : 3;
    293F : 4;
    2940 : 7;
    2941 : 7;
    2942 : 8;
    2943 : 9;
    2944 : 9;
    2945 : 9;
    2946 : 9;
    2947 : 9;
    2948 : 8;
    2949 : 8;
    294A : 8;
    294B : 8;
    294C : 6;
    294D : 6;
    294E : 8;
    294F : 9;
    2950 : A;
    2951 : A;
    2952 : A;
    2953 : A;
    2954 : A;
    2955 : A;
    2956 : A;
    2957 : A;
    2958 : A;
    2959 : A;
    295A : A;
    295B : A;
    295C : A;
    295D : A;
    295E : A;
    295F : 9;
    2960 : 9;
    2961 : 9;
    2962 : 9;
    2963 : A;
    2964 : A;
    2965 : A;
    2966 : 9;
    2967 : 9;
    2968 : C;
    2969 : C;
    296A : C;
    296B : C;
    296C : C;
    296D : C;
    296E : C;
    296F : C;
    2970 : C;
    2971 : C;
    2972 : C;
    2973 : C;
    2974 : C;
    2975 : C;
    2976 : C;
    2977 : C;
    2978 : C;
    2979 : C;
    297A : C;
    297B : C;
    297C : C;
    297D : C;
    297E : C;
    297F : C;
    2980 : C;
    2981 : C;
    2982 : C;
    2983 : C;
    2984 : C;
    2985 : C;
    2986 : C;
    2987 : C;
    2988 : C;
    2989 : C;
    298A : C;
    298B : C;
    298C : C;
    298D : C;
    298E : C;
    298F : D;
    2990 : D;
    2991 : D;
    2992 : D;
    2993 : D;
    2994 : D;
    2995 : E;
    2996 : E;
    2997 : E;
    2998 : E;
    2999 : E;
    299A : E;
    299B : E;
    299C : E;
    299D : E;
    299E : E;
    299F : E;
    29A0 : E;
    29A1 : E;
    29A2 : E;
    29A3 : E;
    29A4 : E;
    29A5 : C;
    29A6 : A;
    29A7 : A;
    29A8 : A;
    29A9 : 9;
    29AA : 9;
    29AB : 9;
    29AC : 9;
    29AD : 9;
    29AE : A;
    29AF : 9;
    29B0 : A;
    29B1 : A;
    29B2 : B;
    29B3 : B;
    29B4 : B;
    29B5 : B;
    29B6 : A;
    29B7 : B;
    29B8 : B;
    29B9 : B;
    29BA : B;
    29BB : B;
    29BC : A;
    29BD : B;
    29BE : B;
    29BF : 9;
    29C0 : B;
    29C1 : C;
    29C2 : B;
    29C3 : B;
    29C4 : A;
    29C5 : A;
    29C6 : A;
    29C7 : A;
    29C8 : A;
    29C9 : 9;
    29CA : 9;
    29CB : 9;
    29CC : A;
    29CD : 9;
    29CE : 9;
    29CF : 9;
    29D0 : 9;
    29D1 : A;
    29D2 : 9;
    29D3 : 9;
    29D4 : 9;
    29D5 : 8;
    29D6 : 8;
    29D7 : 7;
    29D8 : 7;
    29D9 : 7;
    29DA : 6;
    29DB : 6;
    29DC : 5;
    29DD : 5;
    29DE : 6;
    29DF : 9;
    29E0 : C;
    29E1 : E;
    29E2 : D;
    29E3 : C;
    29E4 : A;
    29E5 : A;
    29E6 : 9;
    29E7 : 8;
    29E8 : 8;
    29E9 : 8;
    29EA : 8;
    29EB : 8;
    29EC : 8;
    29ED : 8;
    29EE : 7;
    29EF : 6;
    29F0 : 6;
    29F1 : 4;
    29F2 : 3;
    29F3 : 3;
    29F4 : 4;
    29F5 : 4;
    29F6 : 5;
    29F7 : 5;
    29F8 : 5;
    29F9 : 5;
    29FA : 6;
    29FB : 5;
    29FC : 4;
    29FD : 7;
    29FE : 8;
    29FF : 8;
    2A00 : 8;
    2A01 : 8;
    2A02 : 7;
    2A03 : 5;
    2A04 : 3;
    2A05 : 2;
    2A06 : 3;
    2A07 : 3;
    2A08 : 4;
    2A09 : 4;
    2A0A : 5;
    2A0B : 6;
    2A0C : 4;
    2A0D : 4;
    2A0E : 6;
    2A0F : 9;
    2A10 : 8;
    2A11 : 8;
    2A12 : 7;
    2A13 : 6;
    2A14 : 6;
    2A15 : 8;
    2A16 : A;
    2A17 : 9;
    2A18 : A;
    2A19 : A;
    2A1A : A;
    2A1B : A;
    2A1C : A;
    2A1D : A;
    2A1E : A;
    2A1F : A;
    2A20 : A;
    2A21 : A;
    2A22 : A;
    2A23 : A;
    2A24 : 9;
    2A25 : 9;
    2A26 : A;
    2A27 : 9;
    2A28 : 9;
    2A29 : 9;
    2A2A : A;
    2A2B : A;
    2A2C : 9;
    2A2D : A;
    2A2E : 9;
    2A2F : 9;
    2A30 : C;
    2A31 : C;
    2A32 : C;
    2A33 : C;
    2A34 : C;
    2A35 : C;
    2A36 : C;
    2A37 : C;
    2A38 : C;
    2A39 : C;
    2A3A : C;
    2A3B : C;
    2A3C : C;
    2A3D : C;
    2A3E : C;
    2A3F : C;
    2A40 : C;
    2A41 : C;
    2A42 : C;
    2A43 : C;
    2A44 : C;
    2A45 : C;
    2A46 : C;
    2A47 : C;
    2A48 : C;
    2A49 : C;
    2A4A : C;
    2A4B : C;
    2A4C : C;
    2A4D : C;
    2A4E : C;
    2A4F : C;
    2A50 : C;
    2A51 : C;
    2A52 : C;
    2A53 : C;
    2A54 : C;
    2A55 : C;
    2A56 : D;
    2A57 : D;
    2A58 : D;
    2A59 : D;
    2A5A : D;
    2A5B : D;
    2A5C : D;
    2A5D : E;
    2A5E : E;
    2A5F : E;
    2A60 : E;
    2A61 : E;
    2A62 : E;
    2A63 : E;
    2A64 : E;
    2A65 : E;
    2A66 : E;
    2A67 : E;
    2A68 : E;
    2A69 : E;
    2A6A : E;
    2A6B : E;
    2A6C : E;
    2A6D : B;
    2A6E : A;
    2A6F : 9;
    2A70 : 9;
    2A71 : 9;
    2A72 : 9;
    2A73 : A;
    2A74 : 9;
    2A75 : 9;
    2A76 : 9;
    2A77 : B;
    2A78 : B;
    2A79 : B;
    2A7A : C;
    2A7B : B;
    2A7C : B;
    2A7D : B;
    2A7E : C;
    2A7F : C;
    2A80 : A;
    2A81 : B;
    2A82 : A;
    2A83 : B;
    2A84 : 9;
    2A85 : A;
    2A86 : C;
    2A87 : A;
    2A88 : C;
    2A89 : B;
    2A8A : A;
    2A8B : A;
    2A8C : A;
    2A8D : A;
    2A8E : 9;
    2A8F : 9;
    2A90 : 9;
    2A91 : 9;
    2A92 : 9;
    2A93 : 9;
    2A94 : 9;
    2A95 : 9;
    2A96 : 9;
    2A97 : 9;
    2A98 : 9;
    2A99 : 9;
    2A9A : 9;
    2A9B : 9;
    2A9C : 8;
    2A9D : 8;
    2A9E : 8;
    2A9F : 7;
    2AA0 : 7;
    2AA1 : 6;
    2AA2 : 6;
    2AA3 : 6;
    2AA4 : 9;
    2AA5 : B;
    2AA6 : D;
    2AA7 : E;
    2AA8 : D;
    2AA9 : B;
    2AAA : A;
    2AAB : 9;
    2AAC : 9;
    2AAD : 8;
    2AAE : 8;
    2AAF : 8;
    2AB0 : 8;
    2AB1 : 8;
    2AB2 : 8;
    2AB3 : 8;
    2AB4 : 7;
    2AB5 : 7;
    2AB6 : 6;
    2AB7 : 5;
    2AB8 : 3;
    2AB9 : 3;
    2ABA : 4;
    2ABB : 5;
    2ABC : 5;
    2ABD : 5;
    2ABE : 5;
    2ABF : 5;
    2AC0 : 6;
    2AC1 : 5;
    2AC2 : 5;
    2AC3 : 6;
    2AC4 : 9;
    2AC5 : B;
    2AC6 : B;
    2AC7 : 8;
    2AC8 : 7;
    2AC9 : 5;
    2ACA : 3;
    2ACB : 2;
    2ACC : 3;
    2ACD : 4;
    2ACE : 5;
    2ACF : 5;
    2AD0 : 5;
    2AD1 : 5;
    2AD2 : 5;
    2AD3 : 5;
    2AD4 : 7;
    2AD5 : A;
    2AD6 : B;
    2AD7 : 8;
    2AD8 : 7;
    2AD9 : 5;
    2ADA : 3;
    2ADB : 3;
    2ADC : 6;
    2ADD : 7;
    2ADE : 7;
    2ADF : 8;
    2AE0 : 9;
    2AE1 : 9;
    2AE2 : 9;
    2AE3 : A;
    2AE4 : A;
    2AE5 : A;
    2AE6 : A;
    2AE7 : 9;
    2AE8 : A;
    2AE9 : A;
    2AEA : 9;
    2AEB : 9;
    2AEC : 9;
    2AED : A;
    2AEE : 9;
    2AEF : 9;
    2AF0 : A;
    2AF1 : A;
    2AF2 : A;
    2AF3 : 9;
    2AF4 : 9;
    2AF5 : 9;
    2AF6 : 9;
    2AF7 : 9;
    2AF8 : C;
    2AF9 : C;
    2AFA : C;
    2AFB : C;
    2AFC : C;
    2AFD : C;
    2AFE : C;
    2AFF : C;
    2B00 : C;
    2B01 : C;
    2B02 : C;
    2B03 : C;
    2B04 : C;
    2B05 : C;
    2B06 : C;
    2B07 : C;
    2B08 : C;
    2B09 : C;
    2B0A : C;
    2B0B : C;
    2B0C : C;
    2B0D : C;
    2B0E : C;
    2B0F : C;
    2B10 : C;
    2B11 : C;
    2B12 : C;
    2B13 : C;
    2B14 : C;
    2B15 : C;
    2B16 : C;
    2B17 : C;
    2B18 : C;
    2B19 : C;
    2B1A : C;
    2B1B : C;
    2B1C : C;
    2B1D : C;
    2B1E : D;
    2B1F : D;
    2B20 : D;
    2B21 : D;
    2B22 : D;
    2B23 : D;
    2B24 : D;
    2B25 : D;
    2B26 : D;
    2B27 : D;
    2B28 : D;
    2B29 : D;
    2B2A : E;
    2B2B : E;
    2B2C : E;
    2B2D : E;
    2B2E : E;
    2B2F : E;
    2B30 : E;
    2B31 : E;
    2B32 : E;
    2B33 : E;
    2B34 : C;
    2B35 : A;
    2B36 : A;
    2B37 : 9;
    2B38 : 9;
    2B39 : 9;
    2B3A : 9;
    2B3B : 9;
    2B3C : A;
    2B3D : 9;
    2B3E : A;
    2B3F : C;
    2B40 : A;
    2B41 : B;
    2B42 : B;
    2B43 : B;
    2B44 : C;
    2B45 : A;
    2B46 : A;
    2B47 : A;
    2B48 : B;
    2B49 : B;
    2B4A : A;
    2B4B : C;
    2B4C : A;
    2B4D : 9;
    2B4E : 9;
    2B4F : 9;
    2B50 : B;
    2B51 : A;
    2B52 : A;
    2B53 : A;
    2B54 : A;
    2B55 : A;
    2B56 : A;
    2B57 : A;
    2B58 : 9;
    2B59 : 9;
    2B5A : A;
    2B5B : A;
    2B5C : A;
    2B5D : 9;
    2B5E : A;
    2B5F : A;
    2B60 : A;
    2B61 : A;
    2B62 : 9;
    2B63 : 9;
    2B64 : 8;
    2B65 : 8;
    2B66 : 7;
    2B67 : 7;
    2B68 : 7;
    2B69 : 8;
    2B6A : B;
    2B6B : D;
    2B6C : E;
    2B6D : D;
    2B6E : C;
    2B6F : B;
    2B70 : A;
    2B71 : A;
    2B72 : 9;
    2B73 : 8;
    2B74 : 8;
    2B75 : 8;
    2B76 : 8;
    2B77 : 8;
    2B78 : 8;
    2B79 : 8;
    2B7A : 8;
    2B7B : 7;
    2B7C : 6;
    2B7D : 5;
    2B7E : 4;
    2B7F : 3;
    2B80 : 4;
    2B81 : 5;
    2B82 : 5;
    2B83 : 6;
    2B84 : 6;
    2B85 : 6;
    2B86 : 6;
    2B87 : 6;
    2B88 : 5;
    2B89 : 5;
    2B8A : 4;
    2B8B : 7;
    2B8C : 8;
    2B8D : 6;
    2B8E : 2;
    2B8F : 4;
    2B90 : 4;
    2B91 : 3;
    2B92 : 3;
    2B93 : 4;
    2B94 : 5;
    2B95 : 5;
    2B96 : 5;
    2B97 : 6;
    2B98 : 6;
    2B99 : 5;
    2B9A : 4;
    2B9B : 5;
    2B9C : 8;
    2B9D : 6;
    2B9E : 2;
    2B9F : 2;
    2BA0 : 4;
    2BA1 : 3;
    2BA2 : 3;
    2BA3 : 4;
    2BA4 : 5;
    2BA5 : 5;
    2BA6 : 5;
    2BA7 : 6;
    2BA8 : 6;
    2BA9 : 6;
    2BAA : 6;
    2BAB : 7;
    2BAC : 8;
    2BAD : 8;
    2BAE : 9;
    2BAF : A;
    2BB0 : A;
    2BB1 : A;
    2BB2 : 9;
    2BB3 : 9;
    2BB4 : 9;
    2BB5 : 9;
    2BB6 : 9;
    2BB7 : 9;
    2BB8 : 9;
    2BB9 : 9;
    2BBA : 9;
    2BBB : 9;
    2BBC : 9;
    2BBD : 9;
    2BBE : 9;
    2BBF : 9;
    2BC0 : C;
    2BC1 : C;
    2BC2 : C;
    2BC3 : C;
    2BC4 : C;
    2BC5 : C;
    2BC6 : C;
    2BC7 : C;
    2BC8 : C;
    2BC9 : C;
    2BCA : C;
    2BCB : C;
    2BCC : C;
    2BCD : C;
    2BCE : C;
    2BCF : C;
    2BD0 : C;
    2BD1 : C;
    2BD2 : C;
    2BD3 : C;
    2BD4 : C;
    2BD5 : C;
    2BD6 : C;
    2BD7 : C;
    2BD8 : C;
    2BD9 : C;
    2BDA : C;
    2BDB : C;
    2BDC : C;
    2BDD : C;
    2BDE : C;
    2BDF : C;
    2BE0 : C;
    2BE1 : C;
    2BE2 : C;
    2BE3 : C;
    2BE4 : C;
    2BE5 : D;
    2BE6 : D;
    2BE7 : D;
    2BE8 : D;
    2BE9 : D;
    2BEA : D;
    2BEB : D;
    2BEC : D;
    2BED : D;
    2BEE : D;
    2BEF : D;
    2BF0 : D;
    2BF1 : D;
    2BF2 : D;
    2BF3 : E;
    2BF4 : E;
    2BF5 : E;
    2BF6 : E;
    2BF7 : E;
    2BF8 : E;
    2BF9 : E;
    2BFA : E;
    2BFB : E;
    2BFC : B;
    2BFD : 9;
    2BFE : A;
    2BFF : 9;
    2C00 : 9;
    2C01 : 9;
    2C02 : 9;
    2C03 : A;
    2C04 : A;
    2C05 : A;
    2C06 : B;
    2C07 : A;
    2C08 : B;
    2C09 : B;
    2C0A : A;
    2C0B : B;
    2C0C : B;
    2C0D : A;
    2C0E : 9;
    2C0F : 8;
    2C10 : A;
    2C11 : A;
    2C12 : 9;
    2C13 : A;
    2C14 : 9;
    2C15 : A;
    2C16 : 9;
    2C17 : A;
    2C18 : A;
    2C19 : 9;
    2C1A : 9;
    2C1B : A;
    2C1C : A;
    2C1D : A;
    2C1E : A;
    2C1F : A;
    2C20 : A;
    2C21 : A;
    2C22 : 9;
    2C23 : 9;
    2C24 : A;
    2C25 : A;
    2C26 : 9;
    2C27 : A;
    2C28 : B;
    2C29 : 9;
    2C2A : 9;
    2C2B : 8;
    2C2C : 8;
    2C2D : 8;
    2C2E : 8;
    2C2F : A;
    2C30 : C;
    2C31 : E;
    2C32 : D;
    2C33 : D;
    2C34 : C;
    2C35 : B;
    2C36 : A;
    2C37 : 9;
    2C38 : 9;
    2C39 : 8;
    2C3A : 8;
    2C3B : 8;
    2C3C : 8;
    2C3D : 8;
    2C3E : 8;
    2C3F : 8;
    2C40 : 8;
    2C41 : 7;
    2C42 : 7;
    2C43 : 6;
    2C44 : 5;
    2C45 : 4;
    2C46 : 4;
    2C47 : 5;
    2C48 : 6;
    2C49 : 6;
    2C4A : 6;
    2C4B : 6;
    2C4C : 6;
    2C4D : 6;
    2C4E : 6;
    2C4F : 6;
    2C50 : 6;
    2C51 : 6;
    2C52 : 7;
    2C53 : 8;
    2C54 : 8;
    2C55 : 6;
    2C56 : 3;
    2C57 : 3;
    2C58 : 4;
    2C59 : 5;
    2C5A : 5;
    2C5B : 5;
    2C5C : 6;
    2C5D : 6;
    2C5E : 6;
    2C5F : 6;
    2C60 : 5;
    2C61 : 5;
    2C62 : 7;
    2C63 : 9;
    2C64 : 9;
    2C65 : 8;
    2C66 : 5;
    2C67 : 3;
    2C68 : 4;
    2C69 : 4;
    2C6A : 4;
    2C6B : 4;
    2C6C : 4;
    2C6D : 5;
    2C6E : 6;
    2C6F : 6;
    2C70 : 6;
    2C71 : 6;
    2C72 : 7;
    2C73 : 7;
    2C74 : 9;
    2C75 : B;
    2C76 : B;
    2C77 : C;
    2C78 : C;
    2C79 : C;
    2C7A : B;
    2C7B : B;
    2C7C : B;
    2C7D : B;
    2C7E : A;
    2C7F : A;
    2C80 : 9;
    2C81 : 9;
    2C82 : 9;
    2C83 : 9;
    2C84 : 9;
    2C85 : 9;
    2C86 : 8;
    2C87 : 8;
    2C88 : C;
    2C89 : C;
    2C8A : C;
    2C8B : C;
    2C8C : C;
    2C8D : C;
    2C8E : C;
    2C8F : C;
    2C90 : C;
    2C91 : C;
    2C92 : C;
    2C93 : C;
    2C94 : C;
    2C95 : C;
    2C96 : C;
    2C97 : C;
    2C98 : C;
    2C99 : C;
    2C9A : C;
    2C9B : C;
    2C9C : C;
    2C9D : C;
    2C9E : C;
    2C9F : C;
    2CA0 : C;
    2CA1 : C;
    2CA2 : C;
    2CA3 : C;
    2CA4 : C;
    2CA5 : C;
    2CA6 : C;
    2CA7 : C;
    2CA8 : C;
    2CA9 : C;
    2CAA : C;
    2CAB : C;
    2CAC : D;
    2CAD : D;
    2CAE : D;
    2CAF : D;
    2CB0 : D;
    2CB1 : D;
    2CB2 : D;
    2CB3 : D;
    2CB4 : D;
    2CB5 : D;
    2CB6 : D;
    2CB7 : D;
    2CB8 : D;
    2CB9 : D;
    2CBA : D;
    2CBB : D;
    2CBC : E;
    2CBD : E;
    2CBE : E;
    2CBF : E;
    2CC0 : E;
    2CC1 : C;
    2CC2 : D;
    2CC3 : D;
    2CC4 : A;
    2CC5 : 9;
    2CC6 : 9;
    2CC7 : 9;
    2CC8 : 9;
    2CC9 : 9;
    2CCA : 9;
    2CCB : 9;
    2CCC : 9;
    2CCD : A;
    2CCE : A;
    2CCF : A;
    2CD0 : B;
    2CD1 : B;
    2CD2 : A;
    2CD3 : A;
    2CD4 : A;
    2CD5 : A;
    2CD6 : A;
    2CD7 : A;
    2CD8 : 9;
    2CD9 : A;
    2CDA : A;
    2CDB : A;
    2CDC : 9;
    2CDD : A;
    2CDE : B;
    2CDF : A;
    2CE0 : A;
    2CE1 : 9;
    2CE2 : 9;
    2CE3 : A;
    2CE4 : A;
    2CE5 : A;
    2CE6 : A;
    2CE7 : 9;
    2CE8 : A;
    2CE9 : A;
    2CEA : A;
    2CEB : A;
    2CEC : A;
    2CED : B;
    2CEE : A;
    2CEF : B;
    2CF0 : A;
    2CF1 : 9;
    2CF2 : 8;
    2CF3 : 9;
    2CF4 : A;
    2CF5 : C;
    2CF6 : D;
    2CF7 : E;
    2CF8 : D;
    2CF9 : C;
    2CFA : B;
    2CFB : B;
    2CFC : A;
    2CFD : 9;
    2CFE : 9;
    2CFF : 8;
    2D00 : 8;
    2D01 : 8;
    2D02 : 8;
    2D03 : 8;
    2D04 : 8;
    2D05 : 8;
    2D06 : 8;
    2D07 : 8;
    2D08 : 7;
    2D09 : 6;
    2D0A : 5;
    2D0B : 4;
    2D0C : 4;
    2D0D : 5;
    2D0E : 6;
    2D0F : 6;
    2D10 : 6;
    2D11 : 6;
    2D12 : 6;
    2D13 : 6;
    2D14 : 6;
    2D15 : 7;
    2D16 : 7;
    2D17 : 9;
    2D18 : B;
    2D19 : C;
    2D1A : C;
    2D1B : C;
    2D1C : C;
    2D1D : C;
    2D1E : A;
    2D1F : 6;
    2D20 : 6;
    2D21 : 6;
    2D22 : 6;
    2D23 : 7;
    2D24 : 6;
    2D25 : 6;
    2D26 : 7;
    2D27 : 7;
    2D28 : 9;
    2D29 : B;
    2D2A : C;
    2D2B : C;
    2D2C : C;
    2D2D : C;
    2D2E : B;
    2D2F : 6;
    2D30 : 6;
    2D31 : 6;
    2D32 : 7;
    2D33 : 7;
    2D34 : 7;
    2D35 : 6;
    2D36 : 6;
    2D37 : 6;
    2D38 : 9;
    2D39 : B;
    2D3A : C;
    2D3B : C;
    2D3C : D;
    2D3D : C;
    2D3E : C;
    2D3F : C;
    2D40 : C;
    2D41 : C;
    2D42 : C;
    2D43 : C;
    2D44 : C;
    2D45 : C;
    2D46 : 9;
    2D47 : 8;
    2D48 : 8;
    2D49 : 9;
    2D4A : 8;
    2D4B : 8;
    2D4C : 7;
    2D4D : 7;
    2D4E : 7;
    2D4F : 7;
    2D50 : C;
    2D51 : C;
    2D52 : C;
    2D53 : C;
    2D54 : C;
    2D55 : C;
    2D56 : C;
    2D57 : C;
    2D58 : C;
    2D59 : C;
    2D5A : C;
    2D5B : C;
    2D5C : C;
    2D5D : C;
    2D5E : C;
    2D5F : C;
    2D60 : C;
    2D61 : C;
    2D62 : C;
    2D63 : C;
    2D64 : C;
    2D65 : C;
    2D66 : C;
    2D67 : C;
    2D68 : C;
    2D69 : C;
    2D6A : C;
    2D6B : C;
    2D6C : C;
    2D6D : C;
    2D6E : C;
    2D6F : C;
    2D70 : C;
    2D71 : C;
    2D72 : C;
    2D73 : D;
    2D74 : D;
    2D75 : D;
    2D76 : D;
    2D77 : D;
    2D78 : D;
    2D79 : D;
    2D7A : D;
    2D7B : D;
    2D7C : D;
    2D7D : D;
    2D7E : D;
    2D7F : D;
    2D80 : D;
    2D81 : D;
    2D82 : D;
    2D83 : D;
    2D84 : D;
    2D85 : D;
    2D86 : D;
    2D87 : C;
    2D88 : D;
    2D89 : D;
    2D8A : E;
    2D8B : D;
    2D8C : A;
    2D8D : 9;
    2D8E : 9;
    2D8F : 9;
    2D90 : 9;
    2D91 : 9;
    2D92 : 9;
    2D93 : A;
    2D94 : A;
    2D95 : 9;
    2D96 : A;
    2D97 : 9;
    2D98 : A;
    2D99 : 9;
    2D9A : B;
    2D9B : 9;
    2D9C : 9;
    2D9D : 9;
    2D9E : 9;
    2D9F : A;
    2DA0 : A;
    2DA1 : 9;
    2DA2 : 9;
    2DA3 : 9;
    2DA4 : 9;
    2DA5 : A;
    2DA6 : A;
    2DA7 : A;
    2DA8 : A;
    2DA9 : 9;
    2DAA : A;
    2DAB : A;
    2DAC : A;
    2DAD : 9;
    2DAE : B;
    2DAF : B;
    2DB0 : A;
    2DB1 : A;
    2DB2 : A;
    2DB3 : A;
    2DB4 : A;
    2DB5 : B;
    2DB6 : B;
    2DB7 : C;
    2DB8 : 9;
    2DB9 : A;
    2DBA : B;
    2DBB : D;
    2DBC : E;
    2DBD : D;
    2DBE : C;
    2DBF : C;
    2DC0 : B;
    2DC1 : A;
    2DC2 : A;
    2DC3 : 9;
    2DC4 : 9;
    2DC5 : 8;
    2DC6 : 8;
    2DC7 : 8;
    2DC8 : 8;
    2DC9 : 8;
    2DCA : 8;
    2DCB : 8;
    2DCC : 8;
    2DCD : 8;
    2DCE : 7;
    2DCF : 6;
    2DD0 : 5;
    2DD1 : 4;
    2DD2 : 3;
    2DD3 : 3;
    2DD4 : 3;
    2DD5 : 4;
    2DD6 : 4;
    2DD7 : 4;
    2DD8 : 4;
    2DD9 : 4;
    2DDA : 4;
    2DDB : 5;
    2DDC : 5;
    2DDD : 7;
    2DDE : 8;
    2DDF : 9;
    2DE0 : 9;
    2DE1 : 9;
    2DE2 : 9;
    2DE3 : 9;
    2DE4 : 9;
    2DE5 : 9;
    2DE6 : 9;
    2DE7 : 7;
    2DE8 : 7;
    2DE9 : 8;
    2DEA : 8;
    2DEB : 9;
    2DEC : 8;
    2DED : 8;
    2DEE : 8;
    2DEF : 9;
    2DF0 : A;
    2DF1 : A;
    2DF2 : 9;
    2DF3 : 9;
    2DF4 : 9;
    2DF5 : 9;
    2DF6 : 9;
    2DF7 : 8;
    2DF8 : 8;
    2DF9 : 9;
    2DFA : 9;
    2DFB : 9;
    2DFC : 9;
    2DFD : 8;
    2DFE : 8;
    2DFF : 8;
    2E00 : 8;
    2E01 : 9;
    2E02 : 9;
    2E03 : 9;
    2E04 : 9;
    2E05 : 9;
    2E06 : 9;
    2E07 : 8;
    2E08 : 8;
    2E09 : 8;
    2E0A : 8;
    2E0B : 8;
    2E0C : 6;
    2E0D : 6;
    2E0E : 9;
    2E0F : 9;
    2E10 : 9;
    2E11 : 9;
    2E12 : 9;
    2E13 : 8;
    2E14 : 8;
    2E15 : 8;
    2E16 : 7;
    2E17 : 6;
    2E18 : C;
    2E19 : C;
    2E1A : C;
    2E1B : C;
    2E1C : C;
    2E1D : C;
    2E1E : C;
    2E1F : C;
    2E20 : C;
    2E21 : C;
    2E22 : C;
    2E23 : C;
    2E24 : C;
    2E25 : C;
    2E26 : C;
    2E27 : C;
    2E28 : C;
    2E29 : C;
    2E2A : C;
    2E2B : C;
    2E2C : C;
    2E2D : C;
    2E2E : C;
    2E2F : C;
    2E30 : C;
    2E31 : C;
    2E32 : C;
    2E33 : C;
    2E34 : C;
    2E35 : C;
    2E36 : C;
    2E37 : C;
    2E38 : C;
    2E39 : C;
    2E3A : C;
    2E3B : D;
    2E3C : D;
    2E3D : D;
    2E3E : D;
    2E3F : D;
    2E40 : D;
    2E41 : D;
    2E42 : D;
    2E43 : D;
    2E44 : D;
    2E45 : D;
    2E46 : D;
    2E47 : D;
    2E48 : D;
    2E49 : D;
    2E4A : C;
    2E4B : C;
    2E4C : B;
    2E4D : B;
    2E4E : B;
    2E4F : C;
    2E50 : D;
    2E51 : E;
    2E52 : E;
    2E53 : B;
    2E54 : 9;
    2E55 : A;
    2E56 : 9;
    2E57 : 9;
    2E58 : 9;
    2E59 : 9;
    2E5A : 9;
    2E5B : A;
    2E5C : A;
    2E5D : 9;
    2E5E : A;
    2E5F : 9;
    2E60 : 9;
    2E61 : 9;
    2E62 : A;
    2E63 : 9;
    2E64 : A;
    2E65 : A;
    2E66 : A;
    2E67 : 9;
    2E68 : 9;
    2E69 : A;
    2E6A : 9;
    2E6B : 9;
    2E6C : A;
    2E6D : B;
    2E6E : A;
    2E6F : A;
    2E70 : A;
    2E71 : A;
    2E72 : A;
    2E73 : B;
    2E74 : C;
    2E75 : B;
    2E76 : B;
    2E77 : B;
    2E78 : A;
    2E79 : B;
    2E7A : B;
    2E7B : B;
    2E7C : B;
    2E7D : B;
    2E7E : C;
    2E7F : C;
    2E80 : C;
    2E81 : D;
    2E82 : E;
    2E83 : D;
    2E84 : C;
    2E85 : C;
    2E86 : B;
    2E87 : A;
    2E88 : A;
    2E89 : 9;
    2E8A : 9;
    2E8B : 8;
    2E8C : 8;
    2E8D : 8;
    2E8E : 8;
    2E8F : 8;
    2E90 : 8;
    2E91 : 8;
    2E92 : 8;
    2E93 : 8;
    2E94 : 8;
    2E95 : 7;
    2E96 : 6;
    2E97 : 5;
    2E98 : 3;
    2E99 : 3;
    2E9A : 3;
    2E9B : 3;
    2E9C : 3;
    2E9D : 3;
    2E9E : 3;
    2E9F : 3;
    2EA0 : 3;
    2EA1 : 4;
    2EA2 : 5;
    2EA3 : 6;
    2EA4 : 7;
    2EA5 : 7;
    2EA6 : 6;
    2EA7 : 6;
    2EA8 : 6;
    2EA9 : 6;
    2EAA : 6;
    2EAB : 6;
    2EAC : 6;
    2EAD : 6;
    2EAE : 6;
    2EAF : 7;
    2EB0 : 7;
    2EB1 : 7;
    2EB2 : 7;
    2EB3 : 6;
    2EB4 : 6;
    2EB5 : 7;
    2EB6 : 6;
    2EB7 : 6;
    2EB8 : 6;
    2EB9 : 6;
    2EBA : 6;
    2EBB : 6;
    2EBC : 6;
    2EBD : 6;
    2EBE : 6;
    2EBF : 6;
    2EC0 : 6;
    2EC1 : 6;
    2EC2 : 5;
    2EC3 : 5;
    2EC4 : 5;
    2EC5 : 5;
    2EC6 : 5;
    2EC7 : 5;
    2EC8 : 5;
    2EC9 : 5;
    2ECA : 5;
    2ECB : 5;
    2ECC : 5;
    2ECD : 5;
    2ECE : 5;
    2ECF : 5;
    2ED0 : 5;
    2ED1 : 4;
    2ED2 : 4;
    2ED3 : 5;
    2ED4 : 7;
    2ED5 : 8;
    2ED6 : 9;
    2ED7 : 8;
    2ED8 : 7;
    2ED9 : 8;
    2EDA : 8;
    2EDB : 7;
    2EDC : 7;
    2EDD : 7;
    2EDE : 7;
    2EDF : 7;
    2EE0 : C;
    2EE1 : C;
    2EE2 : C;
    2EE3 : C;
    2EE4 : C;
    2EE5 : C;
    2EE6 : C;
    2EE7 : C;
    2EE8 : C;
    2EE9 : C;
    2EEA : C;
    2EEB : C;
    2EEC : C;
    2EED : C;
    2EEE : C;
    2EEF : C;
    2EF0 : C;
    2EF1 : C;
    2EF2 : C;
    2EF3 : C;
    2EF4 : C;
    2EF5 : C;
    2EF6 : B;
    2EF7 : B;
    2EF8 : B;
    2EF9 : C;
    2EFA : C;
    2EFB : C;
    2EFC : C;
    2EFD : C;
    2EFE : C;
    2EFF : C;
    2F00 : C;
    2F01 : C;
    2F02 : C;
    2F03 : C;
    2F04 : D;
    2F05 : D;
    2F06 : D;
    2F07 : D;
    2F08 : D;
    2F09 : D;
    2F0A : D;
    2F0B : D;
    2F0C : D;
    2F0D : D;
    2F0E : D;
    2F0F : C;
    2F10 : C;
    2F11 : B;
    2F12 : B;
    2F13 : B;
    2F14 : B;
    2F15 : C;
    2F16 : D;
    2F17 : D;
    2F18 : E;
    2F19 : D;
    2F1A : B;
    2F1B : 9;
    2F1C : 9;
    2F1D : 9;
    2F1E : 9;
    2F1F : A;
    2F20 : A;
    2F21 : 9;
    2F22 : 9;
    2F23 : A;
    2F24 : 9;
    2F25 : 9;
    2F26 : A;
    2F27 : A;
    2F28 : 9;
    2F29 : A;
    2F2A : 9;
    2F2B : 8;
    2F2C : 9;
    2F2D : A;
    2F2E : 9;
    2F2F : 9;
    2F30 : 9;
    2F31 : A;
    2F32 : A;
    2F33 : 9;
    2F34 : 9;
    2F35 : 9;
    2F36 : 9;
    2F37 : A;
    2F38 : B;
    2F39 : C;
    2F3A : C;
    2F3B : B;
    2F3C : C;
    2F3D : B;
    2F3E : B;
    2F3F : B;
    2F40 : B;
    2F41 : C;
    2F42 : C;
    2F43 : C;
    2F44 : C;
    2F45 : D;
    2F46 : E;
    2F47 : E;
    2F48 : E;
    2F49 : D;
    2F4A : C;
    2F4B : B;
    2F4C : B;
    2F4D : A;
    2F4E : A;
    2F4F : 9;
    2F50 : 8;
    2F51 : 8;
    2F52 : 8;
    2F53 : 8;
    2F54 : 8;
    2F55 : 8;
    2F56 : 8;
    2F57 : 8;
    2F58 : 8;
    2F59 : 8;
    2F5A : 8;
    2F5B : 7;
    2F5C : 6;
    2F5D : 5;
    2F5E : 4;
    2F5F : 3;
    2F60 : 3;
    2F61 : 3;
    2F62 : 3;
    2F63 : 3;
    2F64 : 3;
    2F65 : 3;
    2F66 : 3;
    2F67 : 3;
    2F68 : 4;
    2F69 : 6;
    2F6A : 6;
    2F6B : 6;
    2F6C : 6;
    2F6D : 6;
    2F6E : 6;
    2F6F : 6;
    2F70 : 6;
    2F71 : 6;
    2F72 : 6;
    2F73 : 5;
    2F74 : 6;
    2F75 : 5;
    2F76 : 5;
    2F77 : 5;
    2F78 : 5;
    2F79 : 5;
    2F7A : 5;
    2F7B : 5;
    2F7C : 5;
    2F7D : 5;
    2F7E : 5;
    2F7F : 5;
    2F80 : 5;
    2F81 : 5;
    2F82 : 5;
    2F83 : 5;
    2F84 : 5;
    2F85 : 5;
    2F86 : 5;
    2F87 : 4;
    2F88 : 4;
    2F89 : 4;
    2F8A : 4;
    2F8B : 4;
    2F8C : 4;
    2F8D : 4;
    2F8E : 4;
    2F8F : 4;
    2F90 : 4;
    2F91 : 5;
    2F92 : 5;
    2F93 : 5;
    2F94 : 5;
    2F95 : 5;
    2F96 : 5;
    2F97 : 4;
    2F98 : 4;
    2F99 : 3;
    2F9A : 5;
    2F9B : 8;
    2F9C : 7;
    2F9D : 9;
    2F9E : 8;
    2F9F : 8;
    2FA0 : 7;
    2FA1 : 7;
    2FA2 : 7;
    2FA3 : 6;
    2FA4 : 6;
    2FA5 : 6;
    2FA6 : 6;
    2FA7 : 6;
    2FA8 : C;
    2FA9 : C;
    2FAA : C;
    2FAB : C;
    2FAC : C;
    2FAD : C;
    2FAE : C;
    2FAF : C;
    2FB0 : C;
    2FB1 : C;
    2FB2 : C;
    2FB3 : C;
    2FB4 : C;
    2FB5 : C;
    2FB6 : C;
    2FB7 : C;
    2FB8 : C;
    2FB9 : C;
    2FBA : C;
    2FBB : C;
    2FBC : B;
    2FBD : B;
    2FBE : B;
    2FBF : B;
    2FC0 : C;
    2FC1 : C;
    2FC2 : B;
    2FC3 : C;
    2FC4 : C;
    2FC5 : C;
    2FC6 : C;
    2FC7 : C;
    2FC8 : C;
    2FC9 : C;
    2FCA : C;
    2FCB : C;
    2FCC : C;
    2FCD : C;
    2FCE : C;
    2FCF : D;
    2FD0 : D;
    2FD1 : D;
    2FD2 : D;
    2FD3 : D;
    2FD4 : D;
    2FD5 : C;
    2FD6 : B;
    2FD7 : B;
    2FD8 : B;
    2FD9 : B;
    2FDA : B;
    2FDB : B;
    2FDC : C;
    2FDD : D;
    2FDE : D;
    2FDF : D;
    2FE0 : C;
    2FE1 : A;
    2FE2 : 9;
    2FE3 : A;
    2FE4 : 9;
    2FE5 : 9;
    2FE6 : 9;
    2FE7 : 9;
    2FE8 : A;
    2FE9 : A;
    2FEA : 9;
    2FEB : A;
    2FEC : A;
    2FED : 9;
    2FEE : A;
    2FEF : A;
    2FF0 : 9;
    2FF1 : A;
    2FF2 : A;
    2FF3 : 9;
    2FF4 : 9;
    2FF5 : 9;
    2FF6 : A;
    2FF7 : A;
    2FF8 : 9;
    2FF9 : A;
    2FFA : 9;
    2FFB : 9;
    2FFC : A;
    2FFD : B;
    2FFE : B;
    2FFF : B;
    3000 : C;
    3001 : C;
    3002 : B;
    3003 : C;
    3004 : B;
    3005 : B;
    3006 : C;
    3007 : C;
    3008 : C;
    3009 : B;
    300A : C;
    300B : D;
    300C : E;
    300D : E;
    300E : D;
    300F : C;
    3010 : C;
    3011 : B;
    3012 : B;
    3013 : A;
    3014 : A;
    3015 : 9;
    3016 : 8;
    3017 : 8;
    3018 : 8;
    3019 : 8;
    301A : 8;
    301B : 8;
    301C : 8;
    301D : 8;
    301E : 8;
    301F : 8;
    3020 : 8;
    3021 : 8;
    3022 : 7;
    3023 : 6;
    3024 : 4;
    3025 : 3;
    3026 : 3;
    3027 : 4;
    3028 : 4;
    3029 : 4;
    302A : 4;
    302B : 4;
    302C : 3;
    302D : 3;
    302E : 5;
    302F : 6;
    3030 : 7;
    3031 : 7;
    3032 : 7;
    3033 : 7;
    3034 : 7;
    3035 : 7;
    3036 : 7;
    3037 : 6;
    3038 : 6;
    3039 : 6;
    303A : 6;
    303B : 6;
    303C : 6;
    303D : 6;
    303E : 6;
    303F : 6;
    3040 : 6;
    3041 : 6;
    3042 : 6;
    3043 : 6;
    3044 : 6;
    3045 : 6;
    3046 : 6;
    3047 : 6;
    3048 : 6;
    3049 : 6;
    304A : 6;
    304B : 6;
    304C : 6;
    304D : 6;
    304E : 6;
    304F : 6;
    3050 : 6;
    3051 : 7;
    3052 : 7;
    3053 : 7;
    3054 : 8;
    3055 : 7;
    3056 : 8;
    3057 : 7;
    3058 : 8;
    3059 : 8;
    305A : 8;
    305B : 8;
    305C : 7;
    305D : 6;
    305E : 4;
    305F : 4;
    3060 : 4;
    3061 : 7;
    3062 : 8;
    3063 : 8;
    3064 : 7;
    3065 : 9;
    3066 : 8;
    3067 : 8;
    3068 : 7;
    3069 : 6;
    306A : 6;
    306B : 6;
    306C : 7;
    306D : 7;
    306E : 7;
    306F : 8;
    3070 : C;
    3071 : C;
    3072 : C;
    3073 : C;
    3074 : C;
    3075 : C;
    3076 : C;
    3077 : C;
    3078 : C;
    3079 : C;
    307A : B;
    307B : C;
    307C : B;
    307D : B;
    307E : B;
    307F : B;
    3080 : C;
    3081 : B;
    3082 : B;
    3083 : B;
    3084 : B;
    3085 : B;
    3086 : B;
    3087 : B;
    3088 : C;
    3089 : B;
    308A : B;
    308B : C;
    308C : C;
    308D : C;
    308E : C;
    308F : C;
    3090 : C;
    3091 : C;
    3092 : C;
    3093 : C;
    3094 : C;
    3095 : C;
    3096 : C;
    3097 : C;
    3098 : C;
    3099 : C;
    309A : C;
    309B : C;
    309C : B;
    309D : B;
    309E : B;
    309F : B;
    30A0 : B;
    30A1 : B;
    30A2 : C;
    30A3 : C;
    30A4 : D;
    30A5 : D;
    30A6 : D;
    30A7 : C;
    30A8 : A;
    30A9 : A;
    30AA : A;
    30AB : 9;
    30AC : 9;
    30AD : 9;
    30AE : 9;
    30AF : A;
    30B0 : A;
    30B1 : A;
    30B2 : A;
    30B3 : A;
    30B4 : B;
    30B5 : A;
    30B6 : B;
    30B7 : 9;
    30B8 : 9;
    30B9 : 9;
    30BA : 9;
    30BB : 9;
    30BC : 9;
    30BD : 9;
    30BE : A;
    30BF : A;
    30C0 : A;
    30C1 : 9;
    30C2 : 9;
    30C3 : 9;
    30C4 : A;
    30C5 : B;
    30C6 : B;
    30C7 : B;
    30C8 : B;
    30C9 : B;
    30CA : B;
    30CB : B;
    30CC : B;
    30CD : C;
    30CE : B;
    30CF : B;
    30D0 : C;
    30D1 : E;
    30D2 : E;
    30D3 : E;
    30D4 : D;
    30D5 : C;
    30D6 : C;
    30D7 : B;
    30D8 : B;
    30D9 : A;
    30DA : 9;
    30DB : 9;
    30DC : 8;
    30DD : 8;
    30DE : 8;
    30DF : 8;
    30E0 : 8;
    30E1 : 8;
    30E2 : 8;
    30E3 : 8;
    30E4 : 8;
    30E5 : 9;
    30E6 : 8;
    30E7 : 8;
    30E8 : 7;
    30E9 : 6;
    30EA : 5;
    30EB : 4;
    30EC : 4;
    30ED : 4;
    30EE : 4;
    30EF : 4;
    30F0 : 4;
    30F1 : 4;
    30F2 : 4;
    30F3 : 4;
    30F4 : 5;
    30F5 : 6;
    30F6 : 8;
    30F7 : 7;
    30F8 : 7;
    30F9 : 7;
    30FA : 7;
    30FB : 7;
    30FC : 7;
    30FD : 7;
    30FE : 7;
    30FF : 7;
    3100 : 7;
    3101 : 7;
    3102 : 7;
    3103 : 7;
    3104 : 7;
    3105 : 7;
    3106 : 7;
    3107 : 7;
    3108 : 7;
    3109 : 7;
    310A : 7;
    310B : 7;
    310C : 7;
    310D : 8;
    310E : 8;
    310F : 8;
    3110 : 9;
    3111 : 9;
    3112 : 9;
    3113 : 8;
    3114 : 9;
    3115 : 9;
    3116 : 9;
    3117 : 9;
    3118 : A;
    3119 : A;
    311A : 9;
    311B : 9;
    311C : 8;
    311D : 8;
    311E : 7;
    311F : 7;
    3120 : 8;
    3121 : 8;
    3122 : 9;
    3123 : 8;
    3124 : 5;
    3125 : 4;
    3126 : 4;
    3127 : 5;
    3128 : 7;
    3129 : 8;
    312A : 7;
    312B : 7;
    312C : 8;
    312D : 8;
    312E : 7;
    312F : 7;
    3130 : 6;
    3131 : 6;
    3132 : 7;
    3133 : 8;
    3134 : 9;
    3135 : 9;
    3136 : 8;
    3137 : 8;
    3138 : C;
    3139 : C;
    313A : C;
    313B : B;
    313C : B;
    313D : B;
    313E : B;
    313F : B;
    3140 : B;
    3141 : B;
    3142 : B;
    3143 : B;
    3144 : B;
    3145 : B;
    3146 : B;
    3147 : B;
    3148 : B;
    3149 : B;
    314A : B;
    314B : B;
    314C : B;
    314D : B;
    314E : B;
    314F : B;
    3150 : B;
    3151 : B;
    3152 : C;
    3153 : C;
    3154 : C;
    3155 : C;
    3156 : C;
    3157 : C;
    3158 : C;
    3159 : C;
    315A : C;
    315B : C;
    315C : C;
    315D : C;
    315E : C;
    315F : C;
    3160 : C;
    3161 : C;
    3162 : B;
    3163 : B;
    3164 : B;
    3165 : B;
    3166 : B;
    3167 : B;
    3168 : C;
    3169 : C;
    316A : D;
    316B : D;
    316C : D;
    316D : D;
    316E : B;
    316F : A;
    3170 : 9;
    3171 : A;
    3172 : 9;
    3173 : 9;
    3174 : A;
    3175 : 9;
    3176 : 9;
    3177 : A;
    3178 : 9;
    3179 : B;
    317A : A;
    317B : A;
    317C : A;
    317D : 9;
    317E : 9;
    317F : 9;
    3180 : 9;
    3181 : 9;
    3182 : 9;
    3183 : 9;
    3184 : A;
    3185 : A;
    3186 : 9;
    3187 : 9;
    3188 : 9;
    3189 : 9;
    318A : 9;
    318B : A;
    318C : A;
    318D : B;
    318E : B;
    318F : C;
    3190 : A;
    3191 : A;
    3192 : B;
    3193 : B;
    3194 : C;
    3195 : C;
    3196 : C;
    3197 : E;
    3198 : E;
    3199 : E;
    319A : D;
    319B : C;
    319C : C;
    319D : B;
    319E : B;
    319F : A;
    31A0 : 9;
    31A1 : 9;
    31A2 : 8;
    31A3 : 8;
    31A4 : 8;
    31A5 : 8;
    31A6 : 8;
    31A7 : 8;
    31A8 : 8;
    31A9 : 8;
    31AA : 9;
    31AB : 9;
    31AC : 8;
    31AD : 8;
    31AE : 8;
    31AF : 7;
    31B0 : 5;
    31B1 : 4;
    31B2 : 4;
    31B3 : 4;
    31B4 : 4;
    31B5 : 4;
    31B6 : 4;
    31B7 : 4;
    31B8 : 4;
    31B9 : 4;
    31BA : 5;
    31BB : 6;
    31BC : 8;
    31BD : 8;
    31BE : 8;
    31BF : 8;
    31C0 : 8;
    31C1 : 8;
    31C2 : 8;
    31C3 : 8;
    31C4 : 8;
    31C5 : 8;
    31C6 : 8;
    31C7 : 8;
    31C8 : 8;
    31C9 : 8;
    31CA : 8;
    31CB : 9;
    31CC : 8;
    31CD : 9;
    31CE : 9;
    31CF : 8;
    31D0 : 7;
    31D1 : 8;
    31D2 : A;
    31D3 : 9;
    31D4 : A;
    31D5 : A;
    31D6 : B;
    31D7 : A;
    31D8 : A;
    31D9 : A;
    31DA : 9;
    31DB : 9;
    31DC : A;
    31DD : A;
    31DE : 9;
    31DF : 9;
    31E0 : 9;
    31E1 : 9;
    31E2 : 9;
    31E3 : 9;
    31E4 : 9;
    31E5 : 8;
    31E6 : 8;
    31E7 : 9;
    31E8 : 9;
    31E9 : 8;
    31EA : 8;
    31EB : 5;
    31EC : 5;
    31ED : 6;
    31EE : 7;
    31EF : 7;
    31F0 : 7;
    31F1 : 8;
    31F2 : 8;
    31F3 : 8;
    31F4 : 8;
    31F5 : 8;
    31F6 : 8;
    31F7 : 7;
    31F8 : 7;
    31F9 : 9;
    31FA : 9;
    31FB : 9;
    31FC : 9;
    31FD : 9;
    31FE : 9;
    31FF : 9;
    3200 : C;
    3201 : C;
    3202 : B;
    3203 : B;
    3204 : B;
    3205 : B;
    3206 : B;
    3207 : B;
    3208 : B;
    3209 : B;
    320A : B;
    320B : B;
    320C : B;
    320D : B;
    320E : B;
    320F : B;
    3210 : B;
    3211 : B;
    3212 : B;
    3213 : B;
    3214 : B;
    3215 : B;
    3216 : B;
    3217 : B;
    3218 : B;
    3219 : C;
    321A : C;
    321B : C;
    321C : C;
    321D : C;
    321E : C;
    321F : C;
    3220 : C;
    3221 : C;
    3222 : C;
    3223 : C;
    3224 : C;
    3225 : C;
    3226 : C;
    3227 : B;
    3228 : C;
    3229 : B;
    322A : B;
    322B : B;
    322C : B;
    322D : B;
    322E : C;
    322F : C;
    3230 : C;
    3231 : C;
    3232 : D;
    3233 : D;
    3234 : D;
    3235 : B;
    3236 : 9;
    3237 : A;
    3238 : 9;
    3239 : 9;
    323A : 9;
    323B : 9;
    323C : A;
    323D : 9;
    323E : A;
    323F : A;
    3240 : 9;
    3241 : A;
    3242 : A;
    3243 : 9;
    3244 : A;
    3245 : 9;
    3246 : 9;
    3247 : 9;
    3248 : 9;
    3249 : 9;
    324A : 9;
    324B : 9;
    324C : A;
    324D : A;
    324E : 9;
    324F : A;
    3250 : 9;
    3251 : A;
    3252 : A;
    3253 : A;
    3254 : 9;
    3255 : A;
    3256 : A;
    3257 : B;
    3258 : B;
    3259 : B;
    325A : A;
    325B : B;
    325C : C;
    325D : E;
    325E : E;
    325F : E;
    3260 : D;
    3261 : C;
    3262 : C;
    3263 : B;
    3264 : B;
    3265 : A;
    3266 : 9;
    3267 : 9;
    3268 : 8;
    3269 : 8;
    326A : 8;
    326B : 8;
    326C : 8;
    326D : 8;
    326E : 8;
    326F : 8;
    3270 : 9;
    3271 : 9;
    3272 : 9;
    3273 : 9;
    3274 : 8;
    3275 : 7;
    3276 : 6;
    3277 : 5;
    3278 : 4;
    3279 : 4;
    327A : 5;
    327B : 5;
    327C : 5;
    327D : 5;
    327E : 5;
    327F : 4;
    3280 : 4;
    3281 : 6;
    3282 : 8;
    3283 : 9;
    3284 : 9;
    3285 : 9;
    3286 : 9;
    3287 : 9;
    3288 : 8;
    3289 : A;
    328A : A;
    328B : 9;
    328C : A;
    328D : A;
    328E : 9;
    328F : 9;
    3290 : 9;
    3291 : 9;
    3292 : 9;
    3293 : 8;
    3294 : 8;
    3295 : 9;
    3296 : 9;
    3297 : 9;
    3298 : 9;
    3299 : A;
    329A : A;
    329B : A;
    329C : A;
    329D : A;
    329E : A;
    329F : A;
    32A0 : A;
    32A1 : 9;
    32A2 : 9;
    32A3 : A;
    32A4 : 9;
    32A5 : 9;
    32A6 : 9;
    32A7 : 9;
    32A8 : 9;
    32A9 : 9;
    32AA : 9;
    32AB : 8;
    32AC : 8;
    32AD : 8;
    32AE : 8;
    32AF : 7;
    32B0 : 7;
    32B1 : 8;
    32B2 : 6;
    32B3 : 6;
    32B4 : 7;
    32B5 : 8;
    32B6 : 9;
    32B7 : 9;
    32B8 : 9;
    32B9 : A;
    32BA : A;
    32BB : 9;
    32BC : 9;
    32BD : 9;
    32BE : A;
    32BF : A;
    32C0 : B;
    32C1 : B;
    32C2 : A;
    32C3 : A;
    32C4 : A;
    32C5 : A;
    32C6 : 9;
    32C7 : 9;
    32C8 : B;
    32C9 : B;
    32CA : B;
    32CB : B;
    32CC : B;
    32CD : B;
    32CE : B;
    32CF : B;
    32D0 : B;
    32D1 : B;
    32D2 : B;
    32D3 : B;
    32D4 : B;
    32D5 : B;
    32D6 : B;
    32D7 : B;
    32D8 : B;
    32D9 : B;
    32DA : B;
    32DB : B;
    32DC : B;
    32DD : B;
    32DE : B;
    32DF : B;
    32E0 : B;
    32E1 : C;
    32E2 : C;
    32E3 : C;
    32E4 : C;
    32E5 : C;
    32E6 : C;
    32E7 : C;
    32E8 : C;
    32E9 : C;
    32EA : C;
    32EB : C;
    32EC : C;
    32ED : B;
    32EE : B;
    32EF : B;
    32F0 : B;
    32F1 : B;
    32F2 : B;
    32F3 : C;
    32F4 : C;
    32F5 : C;
    32F6 : C;
    32F7 : C;
    32F8 : C;
    32F9 : C;
    32FA : D;
    32FB : C;
    32FC : B;
    32FD : A;
    32FE : A;
    32FF : 9;
    3300 : 9;
    3301 : A;
    3302 : A;
    3303 : 9;
    3304 : 9;
    3305 : 9;
    3306 : 9;
    3307 : 9;
    3308 : 9;
    3309 : 9;
    330A : A;
    330B : A;
    330C : 9;
    330D : 9;
    330E : 9;
    330F : 9;
    3310 : 9;
    3311 : 9;
    3312 : 9;
    3313 : 9;
    3314 : A;
    3315 : 9;
    3316 : A;
    3317 : A;
    3318 : 9;
    3319 : A;
    331A : B;
    331B : B;
    331C : B;
    331D : A;
    331E : 9;
    331F : B;
    3320 : B;
    3321 : A;
    3322 : C;
    3323 : E;
    3324 : E;
    3325 : E;
    3326 : D;
    3327 : C;
    3328 : C;
    3329 : B;
    332A : B;
    332B : A;
    332C : 9;
    332D : 9;
    332E : 8;
    332F : 8;
    3330 : 8;
    3331 : 8;
    3332 : 8;
    3333 : 8;
    3334 : 8;
    3335 : 8;
    3336 : 9;
    3337 : 9;
    3338 : 9;
    3339 : 9;
    333A : 9;
    333B : 8;
    333C : 6;
    333D : 5;
    333E : 5;
    333F : 5;
    3340 : 5;
    3341 : 5;
    3342 : 5;
    3343 : 5;
    3344 : 5;
    3345 : 5;
    3346 : 6;
    3347 : 6;
    3348 : 8;
    3349 : 9;
    334A : 9;
    334B : 8;
    334C : 8;
    334D : 9;
    334E : B;
    334F : A;
    3350 : A;
    3351 : C;
    3352 : A;
    3353 : 9;
    3354 : A;
    3355 : 9;
    3356 : 9;
    3357 : 9;
    3358 : 9;
    3359 : 8;
    335A : 8;
    335B : 7;
    335C : 7;
    335D : 8;
    335E : 9;
    335F : A;
    3360 : A;
    3361 : A;
    3362 : A;
    3363 : A;
    3364 : B;
    3365 : B;
    3366 : B;
    3367 : A;
    3368 : 9;
    3369 : A;
    336A : A;
    336B : A;
    336C : 9;
    336D : 9;
    336E : 9;
    336F : 9;
    3370 : 8;
    3371 : 8;
    3372 : 8;
    3373 : 7;
    3374 : 8;
    3375 : 7;
    3376 : 8;
    3377 : 8;
    3378 : 9;
    3379 : 9;
    337A : 9;
    337B : A;
    337C : 9;
    337D : 8;
    337E : 9;
    337F : A;
    3380 : A;
    3381 : A;
    3382 : A;
    3383 : A;
    3384 : A;
    3385 : B;
    3386 : B;
    3387 : B;
    3388 : B;
    3389 : B;
    338A : A;
    338B : A;
    338C : B;
    338D : B;
    338E : B;
    338F : A;
    3390 : B;
    3391 : B;
    3392 : B;
    3393 : B;
    3394 : B;
    3395 : B;
    3396 : B;
    3397 : B;
    3398 : B;
    3399 : B;
    339A : B;
    339B : B;
    339C : B;
    339D : B;
    339E : B;
    339F : B;
    33A0 : B;
    33A1 : B;
    33A2 : B;
    33A3 : B;
    33A4 : B;
    33A5 : B;
    33A6 : B;
    33A7 : B;
    33A8 : B;
    33A9 : B;
    33AA : B;
    33AB : B;
    33AC : B;
    33AD : C;
    33AE : C;
    33AF : C;
    33B0 : C;
    33B1 : C;
    33B2 : B;
    33B3 : B;
    33B4 : B;
    33B5 : B;
    33B6 : B;
    33B7 : B;
    33B8 : B;
    33B9 : C;
    33BA : C;
    33BB : C;
    33BC : C;
    33BD : C;
    33BE : C;
    33BF : C;
    33C0 : C;
    33C1 : C;
    33C2 : C;
    33C3 : A;
    33C4 : A;
    33C5 : 9;
    33C6 : 9;
    33C7 : 9;
    33C8 : 9;
    33C9 : 9;
    33CA : 9;
    33CB : 9;
    33CC : 9;
    33CD : 9;
    33CE : 9;
    33CF : 9;
    33D0 : 9;
    33D1 : A;
    33D2 : A;
    33D3 : A;
    33D4 : A;
    33D5 : 9;
    33D6 : 9;
    33D7 : A;
    33D8 : A;
    33D9 : A;
    33DA : A;
    33DB : 9;
    33DC : A;
    33DD : 9;
    33DE : A;
    33DF : 9;
    33E0 : 9;
    33E1 : B;
    33E2 : A;
    33E3 : A;
    33E4 : C;
    33E5 : B;
    33E6 : B;
    33E7 : B;
    33E8 : B;
    33E9 : D;
    33EA : E;
    33EB : E;
    33EC : D;
    33ED : D;
    33EE : C;
    33EF : B;
    33F0 : B;
    33F1 : A;
    33F2 : 9;
    33F3 : 9;
    33F4 : 8;
    33F5 : 8;
    33F6 : 8;
    33F7 : 8;
    33F8 : 8;
    33F9 : 8;
    33FA : 8;
    33FB : 9;
    33FC : 9;
    33FD : 9;
    33FE : 9;
    33FF : 9;
    3400 : 9;
    3401 : 9;
    3402 : 7;
    3403 : 6;
    3404 : 5;
    3405 : 5;
    3406 : 5;
    3407 : 6;
    3408 : 6;
    3409 : 7;
    340A : 7;
    340B : 9;
    340C : A;
    340D : 9;
    340E : A;
    340F : A;
    3410 : A;
    3411 : A;
    3412 : A;
    3413 : A;
    3414 : A;
    3415 : A;
    3416 : A;
    3417 : 9;
    3418 : A;
    3419 : A;
    341A : A;
    341B : B;
    341C : B;
    341D : 9;
    341E : B;
    341F : 9;
    3420 : 7;
    3421 : 7;
    3422 : 7;
    3423 : 7;
    3424 : 7;
    3425 : 7;
    3426 : 8;
    3427 : 9;
    3428 : 9;
    3429 : 9;
    342A : A;
    342B : A;
    342C : A;
    342D : A;
    342E : A;
    342F : 9;
    3430 : A;
    3431 : 9;
    3432 : 9;
    3433 : 9;
    3434 : 9;
    3435 : 9;
    3436 : 9;
    3437 : A;
    3438 : A;
    3439 : 9;
    343A : 9;
    343B : 9;
    343C : A;
    343D : 9;
    343E : A;
    343F : 9;
    3440 : 9;
    3441 : A;
    3442 : 9;
    3443 : 9;
    3444 : 9;
    3445 : A;
    3446 : A;
    3447 : A;
    3448 : A;
    3449 : A;
    344A : A;
    344B : A;
    344C : B;
    344D : B;
    344E : A;
    344F : A;
    3450 : A;
    3451 : A;
    3452 : B;
    3453 : B;
    3454 : B;
    3455 : A;
    3456 : 9;
    3457 : 9;
    3458 : B;
    3459 : B;
    345A : B;
    345B : B;
    345C : B;
    345D : B;
    345E : B;
    345F : B;
    3460 : B;
    3461 : B;
    3462 : B;
    3463 : B;
    3464 : B;
    3465 : B;
    3466 : B;
    3467 : B;
    3468 : B;
    3469 : B;
    346A : B;
    346B : B;
    346C : B;
    346D : B;
    346E : B;
    346F : B;
    3470 : B;
    3471 : B;
    3472 : B;
    3473 : B;
    3474 : C;
    3475 : C;
    3476 : C;
    3477 : C;
    3478 : B;
    3479 : B;
    347A : B;
    347B : B;
    347C : B;
    347D : B;
    347E : B;
    347F : C;
    3480 : C;
    3481 : C;
    3482 : C;
    3483 : C;
    3484 : C;
    3485 : C;
    3486 : C;
    3487 : C;
    3488 : C;
    3489 : D;
    348A : B;
    348B : 9;
    348C : 9;
    348D : 9;
    348E : 9;
    348F : 9;
    3490 : 9;
    3491 : 9;
    3492 : 9;
    3493 : 9;
    3494 : 9;
    3495 : 9;
    3496 : 9;
    3497 : 9;
    3498 : 9;
    3499 : A;
    349A : A;
    349B : 9;
    349C : A;
    349D : A;
    349E : A;
    349F : A;
    34A0 : 9;
    34A1 : A;
    34A2 : A;
    34A3 : A;
    34A4 : 9;
    34A5 : A;
    34A6 : 9;
    34A7 : 9;
    34A8 : A;
    34A9 : C;
    34AA : A;
    34AB : 9;
    34AC : A;
    34AD : A;
    34AE : B;
    34AF : D;
    34B0 : E;
    34B1 : E;
    34B2 : D;
    34B3 : C;
    34B4 : C;
    34B5 : B;
    34B6 : B;
    34B7 : A;
    34B8 : 9;
    34B9 : 9;
    34BA : 8;
    34BB : 8;
    34BC : 8;
    34BD : 8;
    34BE : 8;
    34BF : 8;
    34C0 : 8;
    34C1 : 9;
    34C2 : 9;
    34C3 : 9;
    34C4 : 9;
    34C5 : 9;
    34C6 : 8;
    34C7 : 8;
    34C8 : 9;
    34C9 : 7;
    34CA : 5;
    34CB : 4;
    34CC : 5;
    34CD : 6;
    34CE : 8;
    34CF : 9;
    34D0 : 9;
    34D1 : 7;
    34D2 : 8;
    34D3 : C;
    34D4 : C;
    34D5 : A;
    34D6 : B;
    34D7 : B;
    34D8 : A;
    34D9 : A;
    34DA : A;
    34DB : B;
    34DC : B;
    34DD : 9;
    34DE : A;
    34DF : B;
    34E0 : B;
    34E1 : A;
    34E2 : 8;
    34E3 : 9;
    34E4 : 9;
    34E5 : 9;
    34E6 : 9;
    34E7 : 7;
    34E8 : 7;
    34E9 : 7;
    34EA : 7;
    34EB : 7;
    34EC : 7;
    34ED : 7;
    34EE : 8;
    34EF : A;
    34F0 : A;
    34F1 : B;
    34F2 : B;
    34F3 : B;
    34F4 : A;
    34F5 : 9;
    34F6 : 9;
    34F7 : 9;
    34F8 : 9;
    34F9 : 9;
    34FA : 9;
    34FB : 9;
    34FC : 9;
    34FD : A;
    34FE : A;
    34FF : B;
    3500 : B;
    3501 : B;
    3502 : B;
    3503 : A;
    3504 : A;
    3505 : 9;
    3506 : 9;
    3507 : 9;
    3508 : A;
    3509 : A;
    350A : 8;
    350B : 9;
    350C : 9;
    350D : A;
    350E : 9;
    350F : 9;
    3510 : 9;
    3511 : A;
    3512 : A;
    3513 : A;
    3514 : A;
    3515 : 9;
    3516 : 9;
    3517 : 9;
    3518 : 9;
    3519 : A;
    351A : A;
    351B : A;
    351C : A;
    351D : A;
    351E : 9;
    351F : A;
    3520 : B;
    3521 : B;
    3522 : B;
    3523 : B;
    3524 : B;
    3525 : B;
    3526 : B;
    3527 : B;
    3528 : B;
    3529 : B;
    352A : B;
    352B : B;
    352C : B;
    352D : B;
    352E : B;
    352F : B;
    3530 : B;
    3531 : B;
    3532 : B;
    3533 : B;
    3534 : B;
    3535 : B;
    3536 : B;
    3537 : B;
    3538 : B;
    3539 : B;
    353A : B;
    353B : B;
    353C : B;
    353D : B;
    353E : B;
    353F : B;
    3540 : B;
    3541 : B;
    3542 : B;
    3543 : B;
    3544 : B;
    3545 : B;
    3546 : C;
    3547 : C;
    3548 : C;
    3549 : C;
    354A : C;
    354B : C;
    354C : C;
    354D : C;
    354E : D;
    354F : C;
    3550 : C;
    3551 : A;
    3552 : 9;
    3553 : 9;
    3554 : 9;
    3555 : 9;
    3556 : 9;
    3557 : 8;
    3558 : 8;
    3559 : 8;
    355A : 8;
    355B : 9;
    355C : 9;
    355D : 9;
    355E : 9;
    355F : 9;
    3560 : 9;
    3561 : A;
    3562 : A;
    3563 : 9;
    3564 : A;
    3565 : 9;
    3566 : A;
    3567 : A;
    3568 : 9;
    3569 : A;
    356A : A;
    356B : A;
    356C : A;
    356D : B;
    356E : A;
    356F : 9;
    3570 : B;
    3571 : B;
    3572 : 9;
    3573 : 9;
    3574 : 9;
    3575 : C;
    3576 : E;
    3577 : E;
    3578 : D;
    3579 : C;
    357A : C;
    357B : B;
    357C : B;
    357D : A;
    357E : 9;
    357F : 9;
    3580 : 8;
    3581 : 8;
    3582 : 8;
    3583 : 8;
    3584 : 8;
    3585 : 8;
    3586 : 8;
    3587 : 9;
    3588 : 9;
    3589 : 9;
    358A : 9;
    358B : 9;
    358C : 9;
    358D : 9;
    358E : 8;
    358F : 8;
    3590 : 9;
    3591 : 5;
    3592 : 4;
    3593 : 6;
    3594 : 9;
    3595 : B;
    3596 : A;
    3597 : 9;
    3598 : 8;
    3599 : 8;
    359A : A;
    359B : C;
    359C : B;
    359D : A;
    359E : A;
    359F : 9;
    35A0 : 9;
    35A1 : 8;
    35A2 : A;
    35A3 : 9;
    35A4 : 9;
    35A5 : 9;
    35A6 : B;
    35A7 : A;
    35A8 : 8;
    35A9 : 7;
    35AA : 7;
    35AB : 7;
    35AC : 7;
    35AD : 7;
    35AE : 7;
    35AF : 6;
    35B0 : 6;
    35B1 : 6;
    35B2 : 7;
    35B3 : 7;
    35B4 : 7;
    35B5 : 7;
    35B6 : 9;
    35B7 : 9;
    35B8 : A;
    35B9 : A;
    35BA : A;
    35BB : 9;
    35BC : 8;
    35BD : 9;
    35BE : 9;
    35BF : 9;
    35C0 : 9;
    35C1 : 8;
    35C2 : 9;
    35C3 : 9;
    35C4 : B;
    35C5 : B;
    35C6 : C;
    35C7 : B;
    35C8 : 9;
    35C9 : 8;
    35CA : 9;
    35CB : 9;
    35CC : A;
    35CD : A;
    35CE : A;
    35CF : 9;
    35D0 : 9;
    35D1 : 8;
    35D2 : 9;
    35D3 : 9;
    35D4 : 8;
    35D5 : 9;
    35D6 : 8;
    35D7 : 9;
    35D8 : A;
    35D9 : B;
    35DA : A;
    35DB : A;
    35DC : A;
    35DD : A;
    35DE : 9;
    35DF : 9;
    35E0 : 9;
    35E1 : 8;
    35E2 : 8;
    35E3 : 8;
    35E4 : 9;
    35E5 : 9;
    35E6 : 9;
    35E7 : 8;
    35E8 : B;
    35E9 : B;
    35EA : B;
    35EB : B;
    35EC : B;
    35ED : B;
    35EE : B;
    35EF : B;
    35F0 : B;
    35F1 : B;
    35F2 : B;
    35F3 : B;
    35F4 : B;
    35F5 : B;
    35F6 : B;
    35F7 : B;
    35F8 : B;
    35F9 : B;
    35FA : B;
    35FB : B;
    35FC : B;
    35FD : B;
    35FE : B;
    35FF : B;
    3600 : B;
    3601 : B;
    3602 : B;
    3603 : B;
    3604 : B;
    3605 : B;
    3606 : B;
    3607 : B;
    3608 : B;
    3609 : B;
    360A : B;
    360B : B;
    360C : B;
    360D : C;
    360E : C;
    360F : C;
    3610 : C;
    3611 : C;
    3612 : C;
    3613 : C;
    3614 : C;
    3615 : C;
    3616 : B;
    3617 : B;
    3618 : A;
    3619 : 9;
    361A : 9;
    361B : 9;
    361C : 9;
    361D : 9;
    361E : 8;
    361F : 9;
    3620 : 9;
    3621 : 9;
    3622 : 9;
    3623 : 9;
    3624 : 9;
    3625 : 9;
    3626 : 9;
    3627 : 9;
    3628 : 9;
    3629 : 9;
    362A : 9;
    362B : 9;
    362C : A;
    362D : A;
    362E : A;
    362F : 9;
    3630 : A;
    3631 : A;
    3632 : C;
    3633 : B;
    3634 : A;
    3635 : A;
    3636 : 9;
    3637 : A;
    3638 : B;
    3639 : A;
    363A : 9;
    363B : B;
    363C : D;
    363D : D;
    363E : D;
    363F : C;
    3640 : C;
    3641 : B;
    3642 : B;
    3643 : A;
    3644 : 9;
    3645 : 9;
    3646 : 8;
    3647 : 8;
    3648 : 8;
    3649 : 8;
    364A : 8;
    364B : 8;
    364C : 8;
    364D : 9;
    364E : 9;
    364F : 9;
    3650 : 9;
    3651 : 9;
    3652 : 9;
    3653 : 8;
    3654 : 8;
    3655 : 8;
    3656 : 9;
    3657 : 7;
    3658 : 5;
    3659 : 6;
    365A : 8;
    365B : 9;
    365C : 9;
    365D : 9;
    365E : 7;
    365F : 6;
    3660 : 8;
    3661 : 9;
    3662 : A;
    3663 : 9;
    3664 : 8;
    3665 : 9;
    3666 : 9;
    3667 : 8;
    3668 : 8;
    3669 : A;
    366A : A;
    366B : A;
    366C : 9;
    366D : A;
    366E : A;
    366F : 7;
    3670 : 6;
    3671 : 6;
    3672 : 6;
    3673 : 7;
    3674 : 7;
    3675 : 6;
    3676 : 6;
    3677 : 6;
    3678 : 6;
    3679 : 7;
    367A : 8;
    367B : 9;
    367C : 9;
    367D : A;
    367E : B;
    367F : A;
    3680 : A;
    3681 : A;
    3682 : 9;
    3683 : A;
    3684 : B;
    3685 : 9;
    3686 : 9;
    3687 : A;
    3688 : 9;
    3689 : 9;
    368A : A;
    368B : A;
    368C : A;
    368D : B;
    368E : B;
    368F : A;
    3690 : 9;
    3691 : A;
    3692 : 9;
    3693 : 9;
    3694 : A;
    3695 : 9;
    3696 : 9;
    3697 : 8;
    3698 : 8;
    3699 : 8;
    369A : 8;
    369B : 7;
    369C : 7;
    369D : 8;
    369E : A;
    369F : B;
    36A0 : A;
    36A1 : 8;
    36A2 : 7;
    36A3 : 8;
    36A4 : 9;
    36A5 : 8;
    36A6 : 8;
    36A7 : 7;
    36A8 : 9;
    36A9 : 8;
    36AA : 9;
    36AB : 8;
    36AC : 8;
    36AD : 8;
    36AE : 8;
    36AF : 8;
    36B0 : B;
    36B1 : B;
    36B2 : B;
    36B3 : B;
    36B4 : B;
    36B5 : B;
    36B6 : B;
    36B7 : B;
    36B8 : B;
    36B9 : B;
    36BA : B;
    36BB : B;
    36BC : B;
    36BD : B;
    36BE : B;
    36BF : B;
    36C0 : B;
    36C1 : B;
    36C2 : B;
    36C3 : B;
    36C4 : B;
    36C5 : B;
    36C6 : B;
    36C7 : B;
    36C8 : B;
    36C9 : B;
    36CA : B;
    36CB : B;
    36CC : B;
    36CD : B;
    36CE : B;
    36CF : B;
    36D0 : B;
    36D1 : B;
    36D2 : B;
    36D3 : B;
    36D4 : B;
    36D5 : C;
    36D6 : C;
    36D7 : C;
    36D8 : C;
    36D9 : C;
    36DA : C;
    36DB : C;
    36DC : B;
    36DD : B;
    36DE : B;
    36DF : B;
    36E0 : A;
    36E1 : 9;
    36E2 : 9;
    36E3 : 9;
    36E4 : 9;
    36E5 : 9;
    36E6 : 9;
    36E7 : 9;
    36E8 : 9;
    36E9 : 9;
    36EA : 9;
    36EB : 9;
    36EC : 9;
    36ED : 9;
    36EE : 9;
    36EF : 9;
    36F0 : 9;
    36F1 : 9;
    36F2 : 9;
    36F3 : 9;
    36F4 : A;
    36F5 : A;
    36F6 : A;
    36F7 : B;
    36F8 : B;
    36F9 : C;
    36FA : C;
    36FB : C;
    36FC : B;
    36FD : B;
    36FE : A;
    36FF : 9;
    3700 : 9;
    3701 : 9;
    3702 : B;
    3703 : D;
    3704 : C;
    3705 : B;
    3706 : B;
    3707 : B;
    3708 : A;
    3709 : A;
    370A : 9;
    370B : 9;
    370C : 8;
    370D : 8;
    370E : 8;
    370F : 8;
    3710 : 8;
    3711 : 8;
    3712 : 8;
    3713 : 8;
    3714 : 9;
    3715 : 9;
    3716 : 9;
    3717 : 9;
    3718 : 9;
    3719 : 9;
    371A : 8;
    371B : 8;
    371C : 9;
    371D : 7;
    371E : 5;
    371F : 5;
    3720 : 8;
    3721 : 9;
    3722 : 8;
    3723 : 8;
    3724 : 8;
    3725 : 8;
    3726 : 7;
    3727 : 8;
    3728 : 8;
    3729 : 8;
    372A : 9;
    372B : 6;
    372C : 6;
    372D : 7;
    372E : 8;
    372F : 8;
    3730 : 9;
    3731 : A;
    3732 : 8;
    3733 : 9;
    3734 : 8;
    3735 : 6;
    3736 : 6;
    3737 : 6;
    3738 : 7;
    3739 : 6;
    373A : 6;
    373B : 7;
    373C : 7;
    373D : 8;
    373E : 7;
    373F : 7;
    3740 : 6;
    3741 : 8;
    3742 : 9;
    3743 : 8;
    3744 : 8;
    3745 : 9;
    3746 : A;
    3747 : A;
    3748 : A;
    3749 : A;
    374A : 9;
    374B : A;
    374C : A;
    374D : A;
    374E : A;
    374F : 9;
    3750 : 9;
    3751 : B;
    3752 : A;
    3753 : 9;
    3754 : 9;
    3755 : 9;
    3756 : 9;
    3757 : 8;
    3758 : 8;
    3759 : 8;
    375A : 8;
    375B : 8;
    375C : 8;
    375D : 7;
    375E : 9;
    375F : A;
    3760 : 7;
    3761 : 7;
    3762 : 8;
    3763 : 8;
    3764 : 7;
    3765 : 8;
    3766 : 9;
    3767 : 8;
    3768 : 8;
    3769 : 7;
    376A : 7;
    376B : 7;
    376C : 6;
    376D : 6;
    376E : 6;
    376F : 7;
    3770 : 8;
    3771 : 7;
    3772 : 7;
    3773 : 8;
    3774 : 7;
    3775 : 7;
    3776 : 7;
    3777 : 8;
    3778 : B;
    3779 : B;
    377A : B;
    377B : B;
    377C : B;
    377D : B;
    377E : B;
    377F : B;
    3780 : B;
    3781 : B;
    3782 : B;
    3783 : B;
    3784 : B;
    3785 : B;
    3786 : B;
    3787 : B;
    3788 : B;
    3789 : B;
    378A : B;
    378B : B;
    378C : B;
    378D : B;
    378E : B;
    378F : B;
    3790 : B;
    3791 : B;
    3792 : B;
    3793 : B;
    3794 : B;
    3795 : B;
    3796 : B;
    3797 : B;
    3798 : B;
    3799 : B;
    379A : B;
    379B : B;
    379C : B;
    379D : B;
    379E : C;
    379F : C;
    37A0 : C;
    37A1 : B;
    37A2 : B;
    37A3 : B;
    37A4 : B;
    37A5 : B;
    37A6 : B;
    37A7 : B;
    37A8 : 9;
    37A9 : 9;
    37AA : 9;
    37AB : 9;
    37AC : 9;
    37AD : 9;
    37AE : 9;
    37AF : 9;
    37B0 : 8;
    37B1 : 9;
    37B2 : 9;
    37B3 : 9;
    37B4 : 9;
    37B5 : 9;
    37B6 : 9;
    37B7 : 9;
    37B8 : 9;
    37B9 : 9;
    37BA : A;
    37BB : 9;
    37BC : A;
    37BD : B;
    37BE : B;
    37BF : A;
    37C0 : A;
    37C1 : B;
    37C2 : A;
    37C3 : 9;
    37C4 : 9;
    37C5 : A;
    37C6 : 9;
    37C7 : 9;
    37C8 : B;
    37C9 : C;
    37CA : B;
    37CB : B;
    37CC : A;
    37CD : A;
    37CE : A;
    37CF : 9;
    37D0 : 9;
    37D1 : 8;
    37D2 : 8;
    37D3 : 8;
    37D4 : 8;
    37D5 : 8;
    37D6 : 8;
    37D7 : 8;
    37D8 : 8;
    37D9 : 9;
    37DA : 9;
    37DB : 9;
    37DC : 9;
    37DD : 9;
    37DE : 9;
    37DF : 9;
    37E0 : 8;
    37E1 : 8;
    37E2 : 8;
    37E3 : 7;
    37E4 : 5;
    37E5 : 5;
    37E6 : 7;
    37E7 : 9;
    37E8 : 8;
    37E9 : 7;
    37EA : 6;
    37EB : 7;
    37EC : A;
    37ED : A;
    37EE : 9;
    37EF : 8;
    37F0 : 7;
    37F1 : 8;
    37F2 : 8;
    37F3 : 7;
    37F4 : 7;
    37F5 : 8;
    37F6 : 9;
    37F7 : A;
    37F8 : A;
    37F9 : 8;
    37FA : 7;
    37FB : 8;
    37FC : 7;
    37FD : 6;
    37FE : 7;
    37FF : 6;
    3800 : 7;
    3801 : 7;
    3802 : 7;
    3803 : 7;
    3804 : 7;
    3805 : 8;
    3806 : 8;
    3807 : 8;
    3808 : 8;
    3809 : 9;
    380A : 9;
    380B : A;
    380C : B;
    380D : A;
    380E : A;
    380F : A;
    3810 : A;
    3811 : A;
    3812 : B;
    3813 : A;
    3814 : A;
    3815 : 9;
    3816 : 9;
    3817 : 9;
    3818 : 8;
    3819 : 8;
    381A : 7;
    381B : 8;
    381C : 9;
    381D : 9;
    381E : 9;
    381F : 8;
    3820 : 7;
    3821 : 7;
    3822 : 7;
    3823 : 8;
    3824 : 8;
    3825 : 7;
    3826 : 8;
    3827 : 8;
    3828 : 8;
    3829 : 9;
    382A : 8;
    382B : 7;
    382C : 8;
    382D : 9;
    382E : 8;
    382F : 7;
    3830 : 7;
    3831 : 6;
    3832 : 6;
    3833 : 7;
    3834 : 8;
    3835 : 7;
    3836 : 8;
    3837 : 9;
    3838 : 9;
    3839 : 8;
    383A : 7;
    383B : 7;
    383C : 7;
    383D : 8;
    383E : 8;
    383F : 9;
    3840 : B;
    3841 : B;
    3842 : B;
    3843 : B;
    3844 : B;
    3845 : B;
    3846 : B;
    3847 : B;
    3848 : B;
    3849 : B;
    384A : B;
    384B : B;
    384C : B;
    384D : B;
    384E : B;
    384F : B;
    3850 : B;
    3851 : B;
    3852 : B;
    3853 : B;
    3854 : B;
    3855 : B;
    3856 : B;
    3857 : B;
    3858 : B;
    3859 : B;
    385A : B;
    385B : B;
    385C : B;
    385D : B;
    385E : B;
    385F : B;
    3860 : B;
    3861 : B;
    3862 : B;
    3863 : B;
    3864 : B;
    3865 : B;
    3866 : B;
    3867 : B;
    3868 : B;
    3869 : B;
    386A : B;
    386B : B;
    386C : B;
    386D : B;
    386E : B;
    386F : A;
    3870 : 9;
    3871 : 9;
    3872 : 9;
    3873 : 9;
    3874 : 9;
    3875 : 9;
    3876 : 9;
    3877 : 8;
    3878 : 8;
    3879 : 9;
    387A : 9;
    387B : 9;
    387C : 9;
    387D : 9;
    387E : 9;
    387F : 9;
    3880 : 9;
    3881 : 9;
    3882 : 9;
    3883 : 9;
    3884 : 9;
    3885 : A;
    3886 : A;
    3887 : B;
    3888 : B;
    3889 : A;
    388A : A;
    388B : 9;
    388C : A;
    388D : A;
    388E : A;
    388F : B;
    3890 : A;
    3891 : A;
    3892 : 9;
    3893 : 9;
    3894 : 9;
    3895 : 9;
    3896 : 8;
    3897 : 8;
    3898 : 8;
    3899 : 7;
    389A : 8;
    389B : 8;
    389C : 8;
    389D : 8;
    389E : 8;
    389F : 9;
    38A0 : 9;
    38A1 : 9;
    38A2 : 9;
    38A3 : 9;
    38A4 : 9;
    38A5 : 8;
    38A6 : 8;
    38A7 : 8;
    38A8 : 8;
    38A9 : 7;
    38AA : 5;
    38AB : 5;
    38AC : 7;
    38AD : 9;
    38AE : A;
    38AF : 9;
    38B0 : 7;
    38B1 : 7;
    38B2 : 7;
    38B3 : 9;
    38B4 : 8;
    38B5 : 8;
    38B6 : 8;
    38B7 : 8;
    38B8 : 7;
    38B9 : 9;
    38BA : 8;
    38BB : 6;
    38BC : 8;
    38BD : B;
    38BE : B;
    38BF : A;
    38C0 : 9;
    38C1 : 9;
    38C2 : 9;
    38C3 : 8;
    38C4 : 8;
    38C5 : 7;
    38C6 : 7;
    38C7 : 7;
    38C8 : 7;
    38C9 : 7;
    38CA : 7;
    38CB : 7;
    38CC : 7;
    38CD : 9;
    38CE : 9;
    38CF : A;
    38D0 : A;
    38D1 : 9;
    38D2 : A;
    38D3 : B;
    38D4 : 9;
    38D5 : A;
    38D6 : A;
    38D7 : A;
    38D8 : A;
    38D9 : A;
    38DA : A;
    38DB : 9;
    38DC : 9;
    38DD : 8;
    38DE : 8;
    38DF : 9;
    38E0 : 9;
    38E1 : 7;
    38E2 : 6;
    38E3 : 8;
    38E4 : 8;
    38E5 : 9;
    38E6 : 8;
    38E7 : 6;
    38E8 : 6;
    38E9 : 7;
    38EA : 7;
    38EB : 8;
    38EC : 9;
    38ED : 8;
    38EE : 9;
    38EF : A;
    38F0 : 9;
    38F1 : 7;
    38F2 : 8;
    38F3 : 7;
    38F4 : 9;
    38F5 : 9;
    38F6 : 9;
    38F7 : 9;
    38F8 : 8;
    38F9 : 7;
    38FA : 6;
    38FB : 6;
    38FC : 6;
    38FD : 7;
    38FE : 8;
    38FF : 7;
    3900 : 6;
    3901 : 6;
    3902 : 6;
    3903 : 6;
    3904 : 7;
    3905 : 8;
    3906 : 8;
    3907 : 8;
    3908 : B;
    3909 : B;
    390A : B;
    390B : B;
    390C : B;
    390D : B;
    390E : B;
    390F : B;
    3910 : B;
    3911 : B;
    3912 : A;
    3913 : B;
    3914 : B;
    3915 : B;
    3916 : B;
    3917 : B;
    3918 : B;
    3919 : B;
    391A : B;
    391B : B;
    391C : B;
    391D : B;
    391E : B;
    391F : B;
    3920 : B;
    3921 : B;
    3922 : B;
    3923 : B;
    3924 : B;
    3925 : B;
    3926 : B;
    3927 : B;
    3928 : B;
    3929 : B;
    392A : B;
    392B : B;
    392C : B;
    392D : B;
    392E : B;
    392F : B;
    3930 : B;
    3931 : A;
    3932 : A;
    3933 : A;
    3934 : B;
    3935 : B;
    3936 : A;
    3937 : 9;
    3938 : 9;
    3939 : 9;
    393A : 9;
    393B : 9;
    393C : 9;
    393D : 9;
    393E : 9;
    393F : 9;
    3940 : 9;
    3941 : 9;
    3942 : 9;
    3943 : 8;
    3944 : 9;
    3945 : 9;
    3946 : 9;
    3947 : 9;
    3948 : 9;
    3949 : 9;
    394A : 9;
    394B : 9;
    394C : 9;
    394D : 9;
    394E : A;
    394F : B;
    3950 : A;
    3951 : B;
    3952 : B;
    3953 : A;
    3954 : A;
    3955 : A;
    3956 : 9;
    3957 : 9;
    3958 : 8;
    3959 : 8;
    395A : 8;
    395B : 8;
    395C : 8;
    395D : 7;
    395E : 7;
    395F : 7;
    3960 : 7;
    3961 : 7;
    3962 : 7;
    3963 : 8;
    3964 : 8;
    3965 : 8;
    3966 : 9;
    3967 : 9;
    3968 : 9;
    3969 : 9;
    396A : 9;
    396B : 8;
    396C : 8;
    396D : 8;
    396E : 8;
    396F : 7;
    3970 : 5;
    3971 : 5;
    3972 : 7;
    3973 : 9;
    3974 : A;
    3975 : 9;
    3976 : 8;
    3977 : 8;
    3978 : 8;
    3979 : 7;
    397A : A;
    397B : B;
    397C : A;
    397D : 9;
    397E : 8;
    397F : 8;
    3980 : 8;
    3981 : 9;
    3982 : 7;
    3983 : 9;
    3984 : B;
    3985 : B;
    3986 : A;
    3987 : 8;
    3988 : 8;
    3989 : B;
    398A : A;
    398B : 9;
    398C : 7;
    398D : 7;
    398E : 7;
    398F : 7;
    3990 : 8;
    3991 : 9;
    3992 : 9;
    3993 : 8;
    3994 : A;
    3995 : B;
    3996 : A;
    3997 : 9;
    3998 : 9;
    3999 : B;
    399A : B;
    399B : A;
    399C : A;
    399D : A;
    399E : 9;
    399F : 9;
    39A0 : 9;
    39A1 : 8;
    39A2 : 7;
    39A3 : 7;
    39A4 : 7;
    39A5 : 9;
    39A6 : 8;
    39A7 : 7;
    39A8 : 7;
    39A9 : 7;
    39AA : 9;
    39AB : 9;
    39AC : 8;
    39AD : 7;
    39AE : 6;
    39AF : 7;
    39B0 : 7;
    39B1 : 8;
    39B2 : 8;
    39B3 : 9;
    39B4 : 9;
    39B5 : 8;
    39B6 : 8;
    39B7 : 8;
    39B8 : 7;
    39B9 : 8;
    39BA : 9;
    39BB : 9;
    39BC : 9;
    39BD : 8;
    39BE : 7;
    39BF : 8;
    39C0 : 8;
    39C1 : 7;
    39C2 : 6;
    39C3 : 6;
    39C4 : 6;
    39C5 : 7;
    39C6 : 6;
    39C7 : 5;
    39C8 : 5;
    39C9 : 5;
    39CA : 7;
    39CB : 7;
    39CC : 7;
    39CD : 8;
    39CE : 9;
    39CF : 7;
    39D0 : B;
    39D1 : B;
    39D2 : B;
    39D3 : B;
    39D4 : A;
    39D5 : B;
    39D6 : A;
    39D7 : A;
    39D8 : A;
    39D9 : A;
    39DA : A;
    39DB : A;
    39DC : A;
    39DD : A;
    39DE : A;
    39DF : B;
    39E0 : B;
    39E1 : A;
    39E2 : A;
    39E3 : A;
    39E4 : A;
    39E5 : A;
    39E6 : A;
    39E7 : A;
    39E8 : A;
    39E9 : B;
    39EA : B;
    39EB : B;
    39EC : B;
    39ED : B;
    39EE : B;
    39EF : B;
    39F0 : B;
    39F1 : B;
    39F2 : B;
    39F3 : B;
    39F4 : B;
    39F5 : B;
    39F6 : B;
    39F7 : B;
    39F8 : A;
    39F9 : A;
    39FA : A;
    39FB : A;
    39FC : A;
    39FD : A;
    39FE : A;
    39FF : 9;
    3A00 : 9;
    3A01 : 9;
    3A02 : 9;
    3A03 : 9;
    3A04 : 9;
    3A05 : 9;
    3A06 : 9;
    3A07 : 9;
    3A08 : 9;
    3A09 : 9;
    3A0A : 8;
    3A0B : 8;
    3A0C : 9;
    3A0D : 9;
    3A0E : 9;
    3A0F : 9;
    3A10 : 9;
    3A11 : 9;
    3A12 : 9;
    3A13 : 9;
    3A14 : 9;
    3A15 : A;
    3A16 : A;
    3A17 : B;
    3A18 : A;
    3A19 : A;
    3A1A : 9;
    3A1B : 9;
    3A1C : 8;
    3A1D : 8;
    3A1E : 7;
    3A1F : 7;
    3A20 : 7;
    3A21 : 7;
    3A22 : 7;
    3A23 : 7;
    3A24 : 6;
    3A25 : 6;
    3A26 : 6;
    3A27 : 7;
    3A28 : 7;
    3A29 : 7;
    3A2A : 8;
    3A2B : 8;
    3A2C : 8;
    3A2D : 9;
    3A2E : 8;
    3A2F : 5;
    3A30 : 8;
    3A31 : 9;
    3A32 : 8;
    3A33 : 8;
    3A34 : 8;
    3A35 : 6;
    3A36 : 5;
    3A37 : 5;
    3A38 : 8;
    3A39 : 9;
    3A3A : A;
    3A3B : A;
    3A3C : 9;
    3A3D : 9;
    3A3E : 9;
    3A3F : 9;
    3A40 : 8;
    3A41 : A;
    3A42 : B;
    3A43 : A;
    3A44 : C;
    3A45 : B;
    3A46 : B;
    3A47 : B;
    3A48 : B;
    3A49 : 9;
    3A4A : A;
    3A4B : B;
    3A4C : 9;
    3A4D : 9;
    3A4E : 9;
    3A4F : A;
    3A50 : B;
    3A51 : A;
    3A52 : 8;
    3A53 : 7;
    3A54 : 7;
    3A55 : 7;
    3A56 : 7;
    3A57 : 9;
    3A58 : A;
    3A59 : A;
    3A5A : 9;
    3A5B : B;
    3A5C : A;
    3A5D : 8;
    3A5E : 8;
    3A5F : 8;
    3A60 : A;
    3A61 : 9;
    3A62 : A;
    3A63 : B;
    3A64 : B;
    3A65 : A;
    3A66 : 9;
    3A67 : 8;
    3A68 : 7;
    3A69 : 6;
    3A6A : 7;
    3A6B : 8;
    3A6C : 7;
    3A6D : 8;
    3A6E : 7;
    3A6F : 7;
    3A70 : 7;
    3A71 : 9;
    3A72 : 8;
    3A73 : 6;
    3A74 : 7;
    3A75 : 7;
    3A76 : 6;
    3A77 : 6;
    3A78 : 7;
    3A79 : 7;
    3A7A : 7;
    3A7B : 8;
    3A7C : 6;
    3A7D : 5;
    3A7E : 6;
    3A7F : 8;
    3A80 : 8;
    3A81 : 8;
    3A82 : 8;
    3A83 : 8;
    3A84 : 8;
    3A85 : 7;
    3A86 : 7;
    3A87 : 7;
    3A88 : 7;
    3A89 : 6;
    3A8A : 6;
    3A8B : 6;
    3A8C : 7;
    3A8D : 7;
    3A8E : 7;
    3A8F : 8;
    3A90 : 7;
    3A91 : 7;
    3A92 : 8;
    3A93 : 6;
    3A94 : 7;
    3A95 : 8;
    3A96 : 8;
    3A97 : 6;
    3A98 : B;
    3A99 : B;
    3A9A : A;
    3A9B : A;
    3A9C : A;
    3A9D : A;
    3A9E : A;
    3A9F : A;
    3AA0 : A;
    3AA1 : A;
    3AA2 : A;
    3AA3 : A;
    3AA4 : A;
    3AA5 : A;
    3AA6 : A;
    3AA7 : A;
    3AA8 : A;
    3AA9 : A;
    3AAA : A;
    3AAB : A;
    3AAC : A;
    3AAD : A;
    3AAE : A;
    3AAF : A;
    3AB0 : A;
    3AB1 : A;
    3AB2 : A;
    3AB3 : A;
    3AB4 : A;
    3AB5 : B;
    3AB6 : B;
    3AB7 : B;
    3AB8 : B;
    3AB9 : B;
    3ABA : B;
    3ABB : B;
    3ABC : B;
    3ABD : B;
    3ABE : B;
    3ABF : A;
    3AC0 : A;
    3AC1 : B;
    3AC2 : B;
    3AC3 : A;
    3AC4 : A;
    3AC5 : A;
    3AC6 : B;
    3AC7 : B;
    3AC8 : B;
    3AC9 : B;
    3ACA : A;
    3ACB : 9;
    3ACC : 9;
    3ACD : 9;
    3ACE : 9;
    3ACF : 9;
    3AD0 : 9;
    3AD1 : 9;
    3AD2 : 9;
    3AD3 : 9;
    3AD4 : 9;
    3AD5 : 9;
    3AD6 : 9;
    3AD7 : 9;
    3AD8 : 9;
    3AD9 : 9;
    3ADA : 9;
    3ADB : 9;
    3ADC : 9;
    3ADD : A;
    3ADE : A;
    3ADF : B;
    3AE0 : A;
    3AE1 : 9;
    3AE2 : 8;
    3AE3 : 7;
    3AE4 : 7;
    3AE5 : 6;
    3AE6 : 6;
    3AE7 : 6;
    3AE8 : 6;
    3AE9 : 6;
    3AEA : 6;
    3AEB : 5;
    3AEC : 6;
    3AED : 6;
    3AEE : 6;
    3AEF : 6;
    3AF0 : 7;
    3AF1 : 7;
    3AF2 : 8;
    3AF3 : 8;
    3AF4 : 8;
    3AF5 : 9;
    3AF6 : 6;
    3AF7 : 4;
    3AF8 : 7;
    3AF9 : 9;
    3AFA : 8;
    3AFB : 6;
    3AFC : 5;
    3AFD : 6;
    3AFE : 8;
    3AFF : 9;
    3B00 : 8;
    3B01 : 9;
    3B02 : 9;
    3B03 : 9;
    3B04 : 9;
    3B05 : 9;
    3B06 : 9;
    3B07 : 9;
    3B08 : A;
    3B09 : B;
    3B0A : 8;
    3B0B : A;
    3B0C : B;
    3B0D : A;
    3B0E : 9;
    3B0F : 8;
    3B10 : 9;
    3B11 : 9;
    3B12 : A;
    3B13 : 9;
    3B14 : A;
    3B15 : 9;
    3B16 : 9;
    3B17 : 9;
    3B18 : 8;
    3B19 : 7;
    3B1A : 6;
    3B1B : 7;
    3B1C : 9;
    3B1D : A;
    3B1E : A;
    3B1F : A;
    3B20 : A;
    3B21 : 9;
    3B22 : 9;
    3B23 : A;
    3B24 : 8;
    3B25 : 7;
    3B26 : 8;
    3B27 : 9;
    3B28 : 9;
    3B29 : 8;
    3B2A : 9;
    3B2B : 9;
    3B2C : 8;
    3B2D : 7;
    3B2E : 7;
    3B2F : 7;
    3B30 : 8;
    3B31 : 7;
    3B32 : 7;
    3B33 : 7;
    3B34 : 7;
    3B35 : 7;
    3B36 : 8;
    3B37 : 8;
    3B38 : 9;
    3B39 : 8;
    3B3A : 6;
    3B3B : 7;
    3B3C : 7;
    3B3D : 7;
    3B3E : 7;
    3B3F : 7;
    3B40 : 7;
    3B41 : 9;
    3B42 : 7;
    3B43 : 6;
    3B44 : 6;
    3B45 : 7;
    3B46 : 7;
    3B47 : 8;
    3B48 : 9;
    3B49 : 8;
    3B4A : 8;
    3B4B : 8;
    3B4C : 7;
    3B4D : 5;
    3B4E : 7;
    3B4F : 8;
    3B50 : 9;
    3B51 : 9;
    3B52 : 9;
    3B53 : 8;
    3B54 : 7;
    3B55 : 7;
    3B56 : 7;
    3B57 : 7;
    3B58 : 6;
    3B59 : 6;
    3B5A : 6;
    3B5B : 5;
    3B5C : 6;
    3B5D : 6;
    3B5E : 5;
    3B5F : 6;
    3B60 : A;
    3B61 : A;
    3B62 : A;
    3B63 : A;
    3B64 : A;
    3B65 : A;
    3B66 : A;
    3B67 : A;
    3B68 : A;
    3B69 : A;
    3B6A : A;
    3B6B : A;
    3B6C : A;
    3B6D : A;
    3B6E : A;
    3B6F : A;
    3B70 : A;
    3B71 : A;
    3B72 : A;
    3B73 : A;
    3B74 : A;
    3B75 : A;
    3B76 : A;
    3B77 : A;
    3B78 : A;
    3B79 : A;
    3B7A : A;
    3B7B : A;
    3B7C : A;
    3B7D : A;
    3B7E : A;
    3B7F : A;
    3B80 : A;
    3B81 : A;
    3B82 : A;
    3B83 : A;
    3B84 : A;
    3B85 : A;
    3B86 : A;
    3B87 : A;
    3B88 : A;
    3B89 : A;
    3B8A : A;
    3B8B : B;
    3B8C : B;
    3B8D : B;
    3B8E : C;
    3B8F : C;
    3B90 : C;
    3B91 : C;
    3B92 : C;
    3B93 : A;
    3B94 : 8;
    3B95 : 9;
    3B96 : 9;
    3B97 : 9;
    3B98 : 9;
    3B99 : 9;
    3B9A : 9;
    3B9B : 9;
    3B9C : 9;
    3B9D : 9;
    3B9E : 9;
    3B9F : 9;
    3BA0 : 9;
    3BA1 : 9;
    3BA2 : 9;
    3BA3 : 9;
    3BA4 : 9;
    3BA5 : 9;
    3BA6 : A;
    3BA7 : A;
    3BA8 : 8;
    3BA9 : 6;
    3BAA : 6;
    3BAB : 6;
    3BAC : 6;
    3BAD : 6;
    3BAE : 5;
    3BAF : 5;
    3BB0 : 5;
    3BB1 : 5;
    3BB2 : 5;
    3BB3 : 5;
    3BB4 : 6;
    3BB5 : 6;
    3BB6 : 6;
    3BB7 : 7;
    3BB8 : 7;
    3BB9 : 8;
    3BBA : 8;
    3BBB : 8;
    3BBC : 8;
    3BBD : 9;
    3BBE : 6;
    3BBF : 5;
    3BC0 : 7;
    3BC1 : 6;
    3BC2 : 5;
    3BC3 : 6;
    3BC4 : 8;
    3BC5 : 9;
    3BC6 : A;
    3BC7 : 9;
    3BC8 : 9;
    3BC9 : 9;
    3BCA : 9;
    3BCB : 9;
    3BCC : 9;
    3BCD : 9;
    3BCE : 9;
    3BCF : A;
    3BD0 : A;
    3BD1 : 9;
    3BD2 : B;
    3BD3 : B;
    3BD4 : 8;
    3BD5 : 8;
    3BD6 : 7;
    3BD7 : 7;
    3BD8 : 7;
    3BD9 : 8;
    3BDA : A;
    3BDB : 9;
    3BDC : 9;
    3BDD : 9;
    3BDE : 9;
    3BDF : 8;
    3BE0 : 6;
    3BE1 : 6;
    3BE2 : 6;
    3BE3 : 8;
    3BE4 : A;
    3BE5 : 9;
    3BE6 : 8;
    3BE7 : 7;
    3BE8 : 7;
    3BE9 : 7;
    3BEA : 7;
    3BEB : 6;
    3BEC : 7;
    3BED : 9;
    3BEE : 8;
    3BEF : 8;
    3BF0 : 8;
    3BF1 : 8;
    3BF2 : 8;
    3BF3 : 7;
    3BF4 : 7;
    3BF5 : 8;
    3BF6 : 8;
    3BF7 : 7;
    3BF8 : 6;
    3BF9 : 7;
    3BFA : 8;
    3BFB : 8;
    3BFC : 8;
    3BFD : 9;
    3BFE : A;
    3BFF : 9;
    3C00 : 8;
    3C01 : 7;
    3C02 : 7;
    3C03 : 8;
    3C04 : 7;
    3C05 : 7;
    3C06 : 8;
    3C07 : 7;
    3C08 : 8;
    3C09 : A;
    3C0A : 8;
    3C0B : 6;
    3C0C : 8;
    3C0D : 7;
    3C0E : 7;
    3C0F : 8;
    3C10 : 6;
    3C11 : 7;
    3C12 : 6;
    3C13 : 6;
    3C14 : 6;
    3C15 : 7;
    3C16 : 8;
    3C17 : 9;
    3C18 : 8;
    3C19 : 7;
    3C1A : 6;
    3C1B : 6;
    3C1C : 6;
    3C1D : 6;
    3C1E : 5;
    3C1F : 5;
    3C20 : 5;
    3C21 : 5;
    3C22 : 5;
    3C23 : 5;
    3C24 : 6;
    3C25 : 6;
    3C26 : 5;
    3C27 : 5;
    3C28 : A;
    3C29 : A;
    3C2A : A;
    3C2B : A;
    3C2C : A;
    3C2D : A;
    3C2E : A;
    3C2F : A;
    3C30 : A;
    3C31 : A;
    3C32 : A;
    3C33 : A;
    3C34 : A;
    3C35 : A;
    3C36 : A;
    3C37 : A;
    3C38 : A;
    3C39 : A;
    3C3A : A;
    3C3B : A;
    3C3C : A;
    3C3D : A;
    3C3E : A;
    3C3F : A;
    3C40 : A;
    3C41 : A;
    3C42 : A;
    3C43 : A;
    3C44 : A;
    3C45 : A;
    3C46 : A;
    3C47 : A;
    3C48 : A;
    3C49 : A;
    3C4A : A;
    3C4B : A;
    3C4C : A;
    3C4D : A;
    3C4E : A;
    3C4F : A;
    3C50 : A;
    3C51 : A;
    3C52 : A;
    3C53 : B;
    3C54 : B;
    3C55 : B;
    3C56 : B;
    3C57 : B;
    3C58 : B;
    3C59 : C;
    3C5A : C;
    3C5B : A;
    3C5C : 9;
    3C5D : B;
    3C5E : 9;
    3C5F : 9;
    3C60 : 9;
    3C61 : 9;
    3C62 : 9;
    3C63 : 9;
    3C64 : 9;
    3C65 : 9;
    3C66 : 9;
    3C67 : 9;
    3C68 : 9;
    3C69 : 9;
    3C6A : 9;
    3C6B : 9;
    3C6C : 9;
    3C6D : 9;
    3C6E : 8;
    3C6F : 7;
    3C70 : 6;
    3C71 : 5;
    3C72 : 5;
    3C73 : 5;
    3C74 : 5;
    3C75 : 5;
    3C76 : 4;
    3C77 : 4;
    3C78 : 4;
    3C79 : 4;
    3C7A : 5;
    3C7B : 5;
    3C7C : 6;
    3C7D : 6;
    3C7E : 6;
    3C7F : 7;
    3C80 : 7;
    3C81 : 8;
    3C82 : 8;
    3C83 : 8;
    3C84 : 9;
    3C85 : 9;
    3C86 : 5;
    3C87 : 4;
    3C88 : 5;
    3C89 : 6;
    3C8A : 8;
    3C8B : A;
    3C8C : A;
    3C8D : B;
    3C8E : A;
    3C8F : A;
    3C90 : A;
    3C91 : A;
    3C92 : A;
    3C93 : A;
    3C94 : 9;
    3C95 : 9;
    3C96 : 9;
    3C97 : 9;
    3C98 : 8;
    3C99 : 7;
    3C9A : 8;
    3C9B : 8;
    3C9C : 6;
    3C9D : 7;
    3C9E : 8;
    3C9F : 8;
    3CA0 : 9;
    3CA1 : 9;
    3CA2 : A;
    3CA3 : 9;
    3CA4 : 8;
    3CA5 : 9;
    3CA6 : A;
    3CA7 : 9;
    3CA8 : 6;
    3CA9 : 6;
    3CAA : 6;
    3CAB : 8;
    3CAC : 7;
    3CAD : 5;
    3CAE : 6;
    3CAF : 6;
    3CB0 : 7;
    3CB1 : A;
    3CB2 : 8;
    3CB3 : 6;
    3CB4 : 6;
    3CB5 : 7;
    3CB6 : 7;
    3CB7 : 8;
    3CB8 : A;
    3CB9 : A;
    3CBA : 9;
    3CBB : 9;
    3CBC : 9;
    3CBD : 8;
    3CBE : 9;
    3CBF : 7;
    3CC0 : 7;
    3CC1 : 9;
    3CC2 : 9;
    3CC3 : 7;
    3CC4 : 6;
    3CC5 : 9;
    3CC6 : 9;
    3CC7 : 8;
    3CC8 : 9;
    3CC9 : 8;
    3CCA : 9;
    3CCB : 8;
    3CCC : 7;
    3CCD : 7;
    3CCE : 6;
    3CCF : 5;
    3CD0 : 9;
    3CD1 : 9;
    3CD2 : 6;
    3CD3 : 6;
    3CD4 : 6;
    3CD5 : 6;
    3CD6 : 6;
    3CD7 : 6;
    3CD8 : 5;
    3CD9 : 7;
    3CDA : 5;
    3CDB : 5;
    3CDC : 6;
    3CDD : 8;
    3CDE : 8;
    3CDF : 7;
    3CE0 : 6;
    3CE1 : 6;
    3CE2 : 6;
    3CE3 : 5;
    3CE4 : 5;
    3CE5 : 5;
    3CE6 : 5;
    3CE7 : 5;
    3CE8 : 5;
    3CE9 : 5;
    3CEA : 4;
    3CEB : 5;
    3CEC : 5;
    3CED : 5;
    3CEE : 5;
    3CEF : 5;
    3CF0 : A;
    3CF1 : A;
    3CF2 : A;
    3CF3 : A;
    3CF4 : A;
    3CF5 : A;
    3CF6 : A;
    3CF7 : A;
    3CF8 : A;
    3CF9 : A;
    3CFA : A;
    3CFB : A;
    3CFC : A;
    3CFD : A;
    3CFE : A;
    3CFF : A;
    3D00 : A;
    3D01 : A;
    3D02 : A;
    3D03 : A;
    3D04 : A;
    3D05 : A;
    3D06 : A;
    3D07 : A;
    3D08 : A;
    3D09 : A;
    3D0A : A;
    3D0B : A;
    3D0C : A;
    3D0D : A;
    3D0E : A;
    3D0F : A;
    3D10 : A;
    3D11 : A;
    3D12 : A;
    3D13 : A;
    3D14 : A;
    3D15 : A;
    3D16 : A;
    3D17 : A;
    3D18 : A;
    3D19 : A;
    3D1A : B;
    3D1B : B;
    3D1C : B;
    3D1D : B;
    3D1E : B;
    3D1F : B;
    3D20 : C;
    3D21 : C;
    3D22 : B;
    3D23 : B;
    3D24 : B;
    3D25 : C;
    3D26 : 9;
    3D27 : 8;
    3D28 : 9;
    3D29 : 9;
    3D2A : 9;
    3D2B : 9;
    3D2C : 9;
    3D2D : 9;
    3D2E : 9;
    3D2F : 9;
    3D30 : 9;
    3D31 : 9;
    3D32 : 9;
    3D33 : 8;
    3D34 : 8;
    3D35 : 7;
    3D36 : 6;
    3D37 : 5;
    3D38 : 5;
    3D39 : 5;
    3D3A : 5;
    3D3B : 4;
    3D3C : 4;
    3D3D : 4;
    3D3E : 4;
    3D3F : 4;
    3D40 : 4;
    3D41 : 4;
    3D42 : 5;
    3D43 : 5;
    3D44 : 6;
    3D45 : 6;
    3D46 : 6;
    3D47 : 7;
    3D48 : 7;
    3D49 : 7;
    3D4A : 8;
    3D4B : 8;
    3D4C : 6;
    3D4D : 5;
    3D4E : 6;
    3D4F : 7;
    3D50 : 9;
    3D51 : A;
    3D52 : B;
    3D53 : B;
    3D54 : B;
    3D55 : A;
    3D56 : A;
    3D57 : A;
    3D58 : A;
    3D59 : A;
    3D5A : 9;
    3D5B : A;
    3D5C : 9;
    3D5D : 9;
    3D5E : 8;
    3D5F : 8;
    3D60 : 7;
    3D61 : 5;
    3D62 : 7;
    3D63 : 9;
    3D64 : A;
    3D65 : A;
    3D66 : 9;
    3D67 : 8;
    3D68 : 9;
    3D69 : A;
    3D6A : A;
    3D6B : 9;
    3D6C : A;
    3D6D : A;
    3D6E : 8;
    3D6F : 6;
    3D70 : 6;
    3D71 : 6;
    3D72 : 8;
    3D73 : 9;
    3D74 : 6;
    3D75 : 8;
    3D76 : 9;
    3D77 : A;
    3D78 : B;
    3D79 : A;
    3D7A : 8;
    3D7B : 6;
    3D7C : 6;
    3D7D : 8;
    3D7E : 8;
    3D7F : B;
    3D80 : B;
    3D81 : A;
    3D82 : A;
    3D83 : 9;
    3D84 : 6;
    3D85 : 8;
    3D86 : 9;
    3D87 : 7;
    3D88 : 9;
    3D89 : A;
    3D8A : 9;
    3D8B : 6;
    3D8C : 7;
    3D8D : 9;
    3D8E : 8;
    3D8F : 8;
    3D90 : 8;
    3D91 : 7;
    3D92 : 7;
    3D93 : 6;
    3D94 : 6;
    3D95 : 6;
    3D96 : 6;
    3D97 : 6;
    3D98 : 9;
    3D99 : 6;
    3D9A : 6;
    3D9B : 6;
    3D9C : 5;
    3D9D : 6;
    3D9E : 6;
    3D9F : 5;
    3DA0 : 6;
    3DA1 : 6;
    3DA2 : 5;
    3DA3 : 5;
    3DA4 : 6;
    3DA5 : 6;
    3DA6 : 6;
    3DA7 : 5;
    3DA8 : 6;
    3DA9 : 5;
    3DAA : 5;
    3DAB : 6;
    3DAC : 6;
    3DAD : 5;
    3DAE : 5;
    3DAF : 5;
    3DB0 : 5;
    3DB1 : 5;
    3DB2 : 5;
    3DB3 : 4;
    3DB4 : 5;
    3DB5 : 5;
    3DB6 : 5;
    3DB7 : 5;
    3DB8 : A;
    3DB9 : A;
    3DBA : A;
    3DBB : A;
    3DBC : A;
    3DBD : A;
    3DBE : A;
    3DBF : A;
    3DC0 : A;
    3DC1 : A;
    3DC2 : A;
    3DC3 : A;
    3DC4 : A;
    3DC5 : A;
    3DC6 : A;
    3DC7 : A;
    3DC8 : A;
    3DC9 : A;
    3DCA : A;
    3DCB : A;
    3DCC : A;
    3DCD : A;
    3DCE : A;
    3DCF : A;
    3DD0 : A;
    3DD1 : A;
    3DD2 : A;
    3DD3 : A;
    3DD4 : A;
    3DD5 : A;
    3DD6 : A;
    3DD7 : A;
    3DD8 : A;
    3DD9 : A;
    3DDA : A;
    3DDB : A;
    3DDC : A;
    3DDD : A;
    3DDE : A;
    3DDF : A;
    3DE0 : A;
    3DE1 : A;
    3DE2 : B;
    3DE3 : B;
    3DE4 : B;
    3DE5 : B;
    3DE6 : B;
    3DE7 : B;
    3DE8 : B;
    3DE9 : B;
    3DEA : B;
    3DEB : C;
    3DEC : B;
    3DED : B;
    3DEE : B;
    3DEF : A;
    3DF0 : 9;
    3DF1 : 9;
    3DF2 : 9;
    3DF3 : 9;
    3DF4 : 9;
    3DF5 : 9;
    3DF6 : 9;
    3DF7 : 9;
    3DF8 : 9;
    3DF9 : 9;
    3DFA : 8;
    3DFB : 7;
    3DFC : 6;
    3DFD : 5;
    3DFE : 5;
    3DFF : 5;
    3E00 : 4;
    3E01 : 4;
    3E02 : 4;
    3E03 : 4;
    3E04 : 4;
    3E05 : 3;
    3E06 : 4;
    3E07 : 4;
    3E08 : 4;
    3E09 : 5;
    3E0A : 5;
    3E0B : 5;
    3E0C : 6;
    3E0D : 6;
    3E0E : 6;
    3E0F : 7;
    3E10 : 7;
    3E11 : 7;
    3E12 : 6;
    3E13 : 5;
    3E14 : 6;
    3E15 : 8;
    3E16 : 9;
    3E17 : A;
    3E18 : A;
    3E19 : A;
    3E1A : B;
    3E1B : A;
    3E1C : 9;
    3E1D : 9;
    3E1E : 9;
    3E1F : A;
    3E20 : A;
    3E21 : 9;
    3E22 : 9;
    3E23 : 8;
    3E24 : 7;
    3E25 : 9;
    3E26 : 7;
    3E27 : 8;
    3E28 : 9;
    3E29 : A;
    3E2A : C;
    3E2B : B;
    3E2C : 9;
    3E2D : 9;
    3E2E : 8;
    3E2F : A;
    3E30 : B;
    3E31 : A;
    3E32 : 9;
    3E33 : 9;
    3E34 : 9;
    3E35 : 8;
    3E36 : 6;
    3E37 : 6;
    3E38 : 6;
    3E39 : 6;
    3E3A : A;
    3E3B : 8;
    3E3C : A;
    3E3D : B;
    3E3E : B;
    3E3F : B;
    3E40 : A;
    3E41 : 9;
    3E42 : 6;
    3E43 : 6;
    3E44 : 9;
    3E45 : B;
    3E46 : A;
    3E47 : A;
    3E48 : 8;
    3E49 : 8;
    3E4A : 6;
    3E4B : 5;
    3E4C : 7;
    3E4D : 9;
    3E4E : 7;
    3E4F : 7;
    3E50 : A;
    3E51 : 9;
    3E52 : 7;
    3E53 : 6;
    3E54 : 8;
    3E55 : 9;
    3E56 : 8;
    3E57 : 9;
    3E58 : 7;
    3E59 : 6;
    3E5A : 6;
    3E5B : 6;
    3E5C : 6;
    3E5D : 7;
    3E5E : 6;
    3E5F : 7;
    3E60 : 7;
    3E61 : 6;
    3E62 : 7;
    3E63 : 6;
    3E64 : 5;
    3E65 : 5;
    3E66 : 6;
    3E67 : 5;
    3E68 : 5;
    3E69 : 4;
    3E6A : 5;
    3E6B : 5;
    3E6C : 6;
    3E6D : 6;
    3E6E : 7;
    3E6F : 6;
    3E70 : 6;
    3E71 : 7;
    3E72 : 5;
    3E73 : 6;
    3E74 : 7;
    3E75 : 7;
    3E76 : 6;
    3E77 : 6;
    3E78 : 5;
    3E79 : 6;
    3E7A : 6;
    3E7B : 5;
    3E7C : 5;
    3E7D : 5;
    3E7E : 5;
    3E7F : 5;
    3E80 : A;
    3E81 : A;
    3E82 : A;
    3E83 : A;
    3E84 : A;
    3E85 : A;
    3E86 : A;
    3E87 : A;
    3E88 : A;
    3E89 : A;
    3E8A : A;
    3E8B : A;
    3E8C : A;
    3E8D : A;
    3E8E : A;
    3E8F : A;
    3E90 : A;
    3E91 : A;
    3E92 : A;
    3E93 : A;
    3E94 : A;
    3E95 : A;
    3E96 : A;
    3E97 : A;
    3E98 : A;
    3E99 : A;
    3E9A : A;
    3E9B : A;
    3E9C : A;
    3E9D : A;
    3E9E : A;
    3E9F : A;
    3EA0 : A;
    3EA1 : A;
    3EA2 : A;
    3EA3 : A;
    3EA4 : A;
    3EA5 : A;
    3EA6 : A;
    3EA7 : A;
    3EA8 : A;
    3EA9 : B;
    3EAA : B;
    3EAB : B;
    3EAC : C;
    3EAD : B;
    3EAE : B;
    3EAF : B;
    3EB0 : B;
    3EB1 : B;
    3EB2 : B;
    3EB3 : B;
    3EB4 : B;
    3EB5 : B;
    3EB6 : B;
    3EB7 : B;
    3EB8 : A;
    3EB9 : 9;
    3EBA : 9;
    3EBB : 9;
    3EBC : 9;
    3EBD : 9;
    3EBE : 9;
    3EBF : 8;
    3EC0 : 8;
    3EC1 : 8;
    3EC2 : 7;
    3EC3 : 6;
    3EC4 : 5;
    3EC5 : 5;
    3EC6 : 5;
    3EC7 : 4;
    3EC8 : 4;
    3EC9 : 3;
    3ECA : 3;
    3ECB : 3;
    3ECC : 3;
    3ECD : 4;
    3ECE : 4;
    3ECF : 4;
    3ED0 : 4;
    3ED1 : 5;
    3ED2 : 5;
    3ED3 : 5;
    3ED4 : 5;
    3ED5 : 6;
    3ED6 : 6;
    3ED7 : 6;
    3ED8 : 5;
    3ED9 : 5;
    3EDA : 6;
    3EDB : 8;
    3EDC : 9;
    3EDD : A;
    3EDE : A;
    3EDF : A;
    3EE0 : A;
    3EE1 : A;
    3EE2 : 9;
    3EE3 : 9;
    3EE4 : 8;
    3EE5 : 8;
    3EE6 : 9;
    3EE7 : 9;
    3EE8 : 8;
    3EE9 : 8;
    3EEA : 8;
    3EEB : 7;
    3EEC : 7;
    3EED : 8;
    3EEE : A;
    3EEF : B;
    3EF0 : A;
    3EF1 : A;
    3EF2 : 9;
    3EF3 : 8;
    3EF4 : 9;
    3EF5 : A;
    3EF6 : B;
    3EF7 : B;
    3EF8 : A;
    3EF9 : A;
    3EFA : 9;
    3EFB : 9;
    3EFC : 7;
    3EFD : 6;
    3EFE : 6;
    3EFF : 6;
    3F00 : 6;
    3F01 : 7;
    3F02 : 9;
    3F03 : 8;
    3F04 : B;
    3F05 : A;
    3F06 : 9;
    3F07 : 9;
    3F08 : 8;
    3F09 : 6;
    3F0A : 6;
    3F0B : A;
    3F0C : A;
    3F0D : 8;
    3F0E : 7;
    3F0F : 6;
    3F10 : 9;
    3F11 : 8;
    3F12 : 7;
    3F13 : 8;
    3F14 : 9;
    3F15 : 7;
    3F16 : 7;
    3F17 : A;
    3F18 : 9;
    3F19 : 7;
    3F1A : 6;
    3F1B : 8;
    3F1C : 9;
    3F1D : 8;
    3F1E : 8;
    3F1F : 8;
    3F20 : 6;
    3F21 : 5;
    3F22 : 6;
    3F23 : 6;
    3F24 : 6;
    3F25 : 6;
    3F26 : 6;
    3F27 : 7;
    3F28 : 7;
    3F29 : 6;
    3F2A : 6;
    3F2B : 6;
    3F2C : 7;
    3F2D : 6;
    3F2E : 5;
    3F2F : 5;
    3F30 : 5;
    3F31 : 5;
    3F32 : 5;
    3F33 : 5;
    3F34 : 6;
    3F35 : 6;
    3F36 : 7;
    3F37 : 8;
    3F38 : 8;
    3F39 : 7;
    3F3A : 8;
    3F3B : 6;
    3F3C : 6;
    3F3D : 6;
    3F3E : 5;
    3F3F : 5;
    3F40 : 5;
    3F41 : 5;
    3F42 : 5;
    3F43 : 5;
    3F44 : 4;
    3F45 : 5;
    3F46 : 5;
    3F47 : 5;
    3F48 : A;
    3F49 : A;
    3F4A : A;
    3F4B : A;
    3F4C : A;
    3F4D : A;
    3F4E : A;
    3F4F : A;
    3F50 : A;
    3F51 : A;
    3F52 : A;
    3F53 : A;
    3F54 : A;
    3F55 : A;
    3F56 : A;
    3F57 : A;
    3F58 : A;
    3F59 : A;
    3F5A : A;
    3F5B : A;
    3F5C : A;
    3F5D : A;
    3F5E : A;
    3F5F : A;
    3F60 : A;
    3F61 : A;
    3F62 : A;
    3F63 : A;
    3F64 : A;
    3F65 : A;
    3F66 : A;
    3F67 : A;
    3F68 : A;
    3F69 : A;
    3F6A : A;
    3F6B : A;
    3F6C : A;
    3F6D : A;
    3F6E : A;
    3F6F : A;
    3F70 : B;
    3F71 : B;
    3F72 : B;
    3F73 : C;
    3F74 : B;
    3F75 : B;
    3F76 : B;
    3F77 : B;
    3F78 : B;
    3F79 : B;
    3F7A : B;
    3F7B : B;
    3F7C : B;
    3F7D : B;
    3F7E : B;
    3F7F : B;
    3F80 : B;
    3F81 : 9;
    3F82 : 9;
    3F83 : 9;
    3F84 : 9;
    3F85 : 9;
    3F86 : 8;
    3F87 : 8;
    3F88 : 7;
    3F89 : 6;
    3F8A : 5;
    3F8B : 5;
    3F8C : 5;
    3F8D : 4;
    3F8E : 4;
    3F8F : 4;
    3F90 : 3;
    3F91 : 3;
    3F92 : 3;
    3F93 : 3;
    3F94 : 4;
    3F95 : 4;
    3F96 : 4;
    3F97 : 4;
    3F98 : 4;
    3F99 : 5;
    3F9A : 5;
    3F9B : 5;
    3F9C : 6;
    3F9D : 5;
    3F9E : 4;
    3F9F : 4;
    3FA0 : 6;
    3FA1 : 8;
    3FA2 : 8;
    3FA3 : 9;
    3FA4 : 9;
    3FA5 : 9;
    3FA6 : A;
    3FA7 : 9;
    3FA8 : 9;
    3FA9 : 8;
    3FAA : 8;
    3FAB : 7;
    3FAC : 8;
    3FAD : 8;
    3FAE : 8;
    3FAF : 8;
    3FB0 : 7;
    3FB1 : 7;
    3FB2 : 7;
    3FB3 : 8;
    3FB4 : A;
    3FB5 : A;
    3FB6 : A;
    3FB7 : 9;
    3FB8 : A;
    3FB9 : 8;
    3FBA : 8;
    3FBB : 9;
    3FBC : A;
    3FBD : A;
    3FBE : A;
    3FBF : 8;
    3FC0 : 8;
    3FC1 : 8;
    3FC2 : 7;
    3FC3 : 6;
    3FC4 : 6;
    3FC5 : 6;
    3FC6 : 5;
    3FC7 : 7;
    3FC8 : 8;
    3FC9 : 7;
    3FCA : 7;
    3FCB : A;
    3FCC : 9;
    3FCD : 8;
    3FCE : 8;
    3FCF : 7;
    3FD0 : 6;
    3FD1 : 5;
    3FD2 : 7;
    3FD3 : A;
    3FD4 : A;
    3FD5 : 9;
    3FD6 : 9;
    3FD7 : 9;
    3FD8 : 8;
    3FD9 : 6;
    3FDA : 8;
    3FDB : 9;
    3FDC : 8;
    3FDD : 7;
    3FDE : A;
    3FDF : 9;
    3FE0 : 6;
    3FE1 : 6;
    3FE2 : 7;
    3FE3 : 8;
    3FE4 : 8;
    3FE5 : 7;
    3FE6 : 7;
    3FE7 : 6;
    3FE8 : 6;
    3FE9 : 5;
    3FEA : 5;
    3FEB : 6;
    3FEC : 5;
    3FED : 5;
    3FEE : 6;
    3FEF : 7;
    3FF0 : 6;
    3FF1 : 6;
    3FF2 : 6;
    3FF3 : 6;
    3FF4 : 7;
    3FF5 : 6;
    3FF6 : 5;
    3FF7 : 5;
    3FF8 : 5;
    3FF9 : 5;
    3FFA : 5;
    3FFB : 5;
    3FFC : 5;
    3FFD : 5;
    3FFE : 6;
    3FFF : 7;
    4000 : 7;
    4001 : 8;
    4002 : 8;
    4003 : 7;
    4004 : 6;
    4005 : 6;
    4006 : 5;
    4007 : 6;
    4008 : 6;
    4009 : 5;
    400A : 5;
    400B : 4;
    400C : 4;
    400D : 5;
    400E : 5;
    400F : 5;
    4010 : A;
    4011 : A;
    4012 : A;
    4013 : A;
    4014 : A;
    4015 : A;
    4016 : A;
    4017 : A;
    4018 : A;
    4019 : A;
    401A : A;
    401B : A;
    401C : A;
    401D : A;
    401E : A;
    401F : A;
    4020 : A;
    4021 : A;
    4022 : A;
    4023 : A;
    4024 : A;
    4025 : A;
    4026 : A;
    4027 : A;
    4028 : A;
    4029 : A;
    402A : A;
    402B : A;
    402C : A;
    402D : A;
    402E : A;
    402F : A;
    4030 : A;
    4031 : A;
    4032 : A;
    4033 : A;
    4034 : A;
    4035 : A;
    4036 : A;
    4037 : A;
    4038 : B;
    4039 : B;
    403A : B;
    403B : B;
    403C : B;
    403D : B;
    403E : B;
    403F : B;
    4040 : B;
    4041 : B;
    4042 : B;
    4043 : B;
    4044 : B;
    4045 : B;
    4046 : B;
    4047 : B;
    4048 : B;
    4049 : A;
    404A : B;
    404B : A;
    404C : 9;
    404D : 8;
    404E : 7;
    404F : 6;
    4050 : 6;
    4051 : 5;
    4052 : 5;
    4053 : 4;
    4054 : 4;
    4055 : 4;
    4056 : 3;
    4057 : 3;
    4058 : 3;
    4059 : 3;
    405A : 3;
    405B : 3;
    405C : 4;
    405D : 4;
    405E : 4;
    405F : 4;
    4060 : 4;
    4061 : 5;
    4062 : 5;
    4063 : 4;
    4064 : 4;
    4065 : 4;
    4066 : 6;
    4067 : 7;
    4068 : 9;
    4069 : 9;
    406A : 9;
    406B : 8;
    406C : 8;
    406D : 8;
    406E : 8;
    406F : 8;
    4070 : 7;
    4071 : 8;
    4072 : 8;
    4073 : 9;
    4074 : 8;
    4075 : 6;
    4076 : 7;
    4077 : 8;
    4078 : 9;
    4079 : A;
    407A : A;
    407B : B;
    407C : B;
    407D : A;
    407E : A;
    407F : A;
    4080 : 9;
    4081 : 9;
    4082 : A;
    4083 : A;
    4084 : A;
    4085 : 9;
    4086 : 8;
    4087 : 7;
    4088 : 7;
    4089 : 6;
    408A : 7;
    408B : 7;
    408C : 6;
    408D : 6;
    408E : 8;
    408F : 9;
    4090 : 7;
    4091 : 7;
    4092 : 9;
    4093 : 9;
    4094 : 8;
    4095 : 6;
    4096 : 6;
    4097 : 5;
    4098 : 6;
    4099 : 8;
    409A : B;
    409B : A;
    409C : 7;
    409D : 7;
    409E : 9;
    409F : 8;
    40A0 : 7;
    40A1 : 8;
    40A2 : 9;
    40A3 : 9;
    40A4 : 8;
    40A5 : 9;
    40A6 : 8;
    40A7 : 6;
    40A8 : 6;
    40A9 : 6;
    40AA : 7;
    40AB : 8;
    40AC : 7;
    40AD : 6;
    40AE : 6;
    40AF : 6;
    40B0 : 6;
    40B1 : 6;
    40B2 : 5;
    40B3 : 5;
    40B4 : 5;
    40B5 : 6;
    40B6 : 7;
    40B7 : 6;
    40B8 : 7;
    40B9 : 7;
    40BA : 7;
    40BB : 6;
    40BC : 6;
    40BD : 6;
    40BE : 5;
    40BF : 6;
    40C0 : 5;
    40C1 : 6;
    40C2 : 5;
    40C3 : 5;
    40C4 : 5;
    40C5 : 5;
    40C6 : 5;
    40C7 : 6;
    40C8 : 6;
    40C9 : 8;
    40CA : 7;
    40CB : 8;
    40CC : 7;
    40CD : 6;
    40CE : 6;
    40CF : 6;
    40D0 : 5;
    40D1 : 5;
    40D2 : 5;
    40D3 : 5;
    40D4 : 5;
    40D5 : 5;
    40D6 : 4;
    40D7 : 4;
    40D8 : A;
    40D9 : A;
    40DA : A;
    40DB : A;
    40DC : A;
    40DD : A;
    40DE : A;
    40DF : A;
    40E0 : A;
    40E1 : A;
    40E2 : A;
    40E3 : A;
    40E4 : A;
    40E5 : A;
    40E6 : A;
    40E7 : A;
    40E8 : A;
    40E9 : A;
    40EA : A;
    40EB : A;
    40EC : A;
    40ED : A;
    40EE : A;
    40EF : A;
    40F0 : A;
    40F1 : A;
    40F2 : A;
    40F3 : A;
    40F4 : A;
    40F5 : A;
    40F6 : A;
    40F7 : A;
    40F8 : A;
    40F9 : A;
    40FA : A;
    40FB : A;
    40FC : A;
    40FD : A;
    40FE : A;
    40FF : A;
    4100 : B;
    4101 : B;
    4102 : B;
    4103 : B;
    4104 : B;
    4105 : B;
    4106 : B;
    4107 : B;
    4108 : B;
    4109 : B;
    410A : B;
    410B : B;
    410C : B;
    410D : B;
    410E : B;
    410F : B;
    4110 : B;
    4111 : C;
    4112 : B;
    4113 : 9;
    4114 : 8;
    4115 : 7;
    4116 : 6;
    4117 : 5;
    4118 : 5;
    4119 : 5;
    411A : 4;
    411B : 4;
    411C : 3;
    411D : 3;
    411E : 3;
    411F : 3;
    4120 : 3;
    4121 : 4;
    4122 : 4;
    4123 : 4;
    4124 : 4;
    4125 : 4;
    4126 : 4;
    4127 : 4;
    4128 : 4;
    4129 : 4;
    412A : 3;
    412B : 4;
    412C : 5;
    412D : 7;
    412E : 9;
    412F : A;
    4130 : A;
    4131 : A;
    4132 : 9;
    4133 : 8;
    4134 : 9;
    4135 : 9;
    4136 : 8;
    4137 : 8;
    4138 : 9;
    4139 : 9;
    413A : 9;
    413B : 7;
    413C : 6;
    413D : 9;
    413E : B;
    413F : B;
    4140 : B;
    4141 : B;
    4142 : A;
    4143 : B;
    4144 : A;
    4145 : A;
    4146 : A;
    4147 : 9;
    4148 : 9;
    4149 : A;
    414A : A;
    414B : 9;
    414C : 9;
    414D : 8;
    414E : 7;
    414F : 5;
    4150 : 5;
    4151 : 5;
    4152 : 5;
    4153 : 5;
    4154 : 6;
    4155 : 7;
    4156 : 7;
    4157 : 7;
    4158 : 8;
    4159 : 9;
    415A : 8;
    415B : 7;
    415C : 7;
    415D : 5;
    415E : 6;
    415F : 9;
    4160 : A;
    4161 : A;
    4162 : A;
    4163 : 7;
    4164 : 6;
    4165 : 9;
    4166 : 8;
    4167 : 7;
    4168 : 9;
    4169 : 9;
    416A : 8;
    416B : 7;
    416C : 8;
    416D : 8;
    416E : 7;
    416F : 7;
    4170 : 8;
    4171 : 7;
    4172 : 7;
    4173 : 7;
    4174 : 6;
    4175 : 6;
    4176 : 5;
    4177 : 5;
    4178 : 5;
    4179 : 5;
    417A : 6;
    417B : 5;
    417C : 5;
    417D : 5;
    417E : 5;
    417F : 5;
    4180 : 6;
    4181 : 7;
    4182 : 7;
    4183 : 7;
    4184 : 6;
    4185 : 5;
    4186 : 6;
    4187 : 6;
    4188 : 6;
    4189 : 6;
    418A : 6;
    418B : 6;
    418C : 6;
    418D : 6;
    418E : 5;
    418F : 6;
    4190 : 6;
    4191 : 6;
    4192 : 7;
    4193 : 7;
    4194 : 5;
    4195 : 5;
    4196 : 5;
    4197 : 5;
    4198 : 5;
    4199 : 5;
    419A : 5;
    419B : 5;
    419C : 5;
    419D : 5;
    419E : 5;
    419F : 5;
    41A0 : A;
    41A1 : A;
    41A2 : A;
    41A3 : A;
    41A4 : A;
    41A5 : A;
    41A6 : A;
    41A7 : A;
    41A8 : A;
    41A9 : A;
    41AA : A;
    41AB : A;
    41AC : A;
    41AD : A;
    41AE : A;
    41AF : A;
    41B0 : A;
    41B1 : A;
    41B2 : A;
    41B3 : A;
    41B4 : A;
    41B5 : A;
    41B6 : A;
    41B7 : A;
    41B8 : A;
    41B9 : A;
    41BA : A;
    41BB : A;
    41BC : A;
    41BD : A;
    41BE : A;
    41BF : A;
    41C0 : A;
    41C1 : A;
    41C2 : A;
    41C3 : A;
    41C4 : A;
    41C5 : A;
    41C6 : A;
    41C7 : A;
    41C8 : A;
    41C9 : B;
    41CA : C;
    41CB : B;
    41CC : B;
    41CD : B;
    41CE : B;
    41CF : B;
    41D0 : B;
    41D1 : B;
    41D2 : B;
    41D3 : A;
    41D4 : A;
    41D5 : A;
    41D6 : 9;
    41D7 : 9;
    41D8 : 9;
    41D9 : 9;
    41DA : 9;
    41DB : 8;
    41DC : 6;
    41DD : 5;
    41DE : 5;
    41DF : 5;
    41E0 : 4;
    41E1 : 4;
    41E2 : 3;
    41E3 : 3;
    41E4 : 3;
    41E5 : 3;
    41E6 : 3;
    41E7 : 4;
    41E8 : 4;
    41E9 : 4;
    41EA : 4;
    41EB : 4;
    41EC : 4;
    41ED : 4;
    41EE : 4;
    41EF : 3;
    41F0 : 3;
    41F1 : 3;
    41F2 : 5;
    41F3 : 8;
    41F4 : B;
    41F5 : B;
    41F6 : C;
    41F7 : C;
    41F8 : A;
    41F9 : 9;
    41FA : 8;
    41FB : 8;
    41FC : 9;
    41FD : A;
    41FE : A;
    41FF : A;
    4200 : 9;
    4201 : 9;
    4202 : 8;
    4203 : 9;
    4204 : A;
    4205 : C;
    4206 : B;
    4207 : B;
    4208 : A;
    4209 : A;
    420A : B;
    420B : A;
    420C : 9;
    420D : 7;
    420E : 7;
    420F : 9;
    4210 : A;
    4211 : A;
    4212 : 9;
    4213 : 8;
    4214 : 7;
    4215 : 6;
    4216 : 5;
    4217 : 5;
    4218 : 5;
    4219 : 5;
    421A : 5;
    421B : 5;
    421C : 7;
    421D : 6;
    421E : 7;
    421F : 8;
    4220 : 6;
    4221 : 6;
    4222 : 5;
    4223 : 5;
    4224 : 5;
    4225 : 7;
    4226 : A;
    4227 : 9;
    4228 : 8;
    4229 : 8;
    422A : 6;
    422B : 5;
    422C : 7;
    422D : 8;
    422E : 6;
    422F : 8;
    4230 : 8;
    4231 : 7;
    4232 : 6;
    4233 : 7;
    4234 : 8;
    4235 : 8;
    4236 : 7;
    4237 : 7;
    4238 : 8;
    4239 : 7;
    423A : 6;
    423B : 5;
    423C : 5;
    423D : 5;
    423E : 5;
    423F : 5;
    4240 : 5;
    4241 : 5;
    4242 : 5;
    4243 : 5;
    4244 : 5;
    4245 : 5;
    4246 : 5;
    4247 : 5;
    4248 : 5;
    4249 : 5;
    424A : 5;
    424B : 5;
    424C : 5;
    424D : 5;
    424E : 5;
    424F : 6;
    4250 : 6;
    4251 : 5;
    4252 : 6;
    4253 : 6;
    4254 : 6;
    4255 : 5;
    4256 : 6;
    4257 : 7;
    4258 : 6;
    4259 : 6;
    425A : 5;
    425B : 6;
    425C : 5;
    425D : 6;
    425E : 6;
    425F : 5;
    4260 : 6;
    4261 : 7;
    4262 : 6;
    4263 : 5;
    4264 : 5;
    4265 : 5;
    4266 : 5;
    4267 : 5;
    4268 : A;
    4269 : A;
    426A : A;
    426B : A;
    426C : A;
    426D : A;
    426E : A;
    426F : A;
    4270 : A;
    4271 : A;
    4272 : A;
    4273 : A;
    4274 : A;
    4275 : A;
    4276 : A;
    4277 : A;
    4278 : A;
    4279 : A;
    427A : A;
    427B : A;
    427C : A;
    427D : A;
    427E : A;
    427F : A;
    4280 : A;
    4281 : A;
    4282 : A;
    4283 : A;
    4284 : A;
    4285 : A;
    4286 : A;
    4287 : A;
    4288 : A;
    4289 : A;
    428A : A;
    428B : A;
    428C : A;
    428D : A;
    428E : A;
    428F : A;
    4290 : A;
    4291 : B;
    4292 : B;
    4293 : B;
    4294 : B;
    4295 : B;
    4296 : B;
    4297 : B;
    4298 : A;
    4299 : 8;
    429A : 6;
    429B : 5;
    429C : 5;
    429D : 5;
    429E : 4;
    429F : 4;
    42A0 : 4;
    42A1 : 6;
    42A2 : 6;
    42A3 : 5;
    42A4 : 5;
    42A5 : 5;
    42A6 : 4;
    42A7 : 4;
    42A8 : 4;
    42A9 : 3;
    42AA : 3;
    42AB : 3;
    42AC : 3;
    42AD : 3;
    42AE : 4;
    42AF : 4;
    42B0 : 4;
    42B1 : 4;
    42B2 : 4;
    42B3 : 4;
    42B4 : 3;
    42B5 : 3;
    42B6 : 3;
    42B7 : 3;
    42B8 : 6;
    42B9 : 9;
    42BA : A;
    42BB : A;
    42BC : A;
    42BD : A;
    42BE : A;
    42BF : A;
    42C0 : A;
    42C1 : A;
    42C2 : A;
    42C3 : A;
    42C4 : B;
    42C5 : B;
    42C6 : B;
    42C7 : A;
    42C8 : A;
    42C9 : B;
    42CA : B;
    42CB : C;
    42CC : A;
    42CD : 8;
    42CE : 8;
    42CF : 9;
    42D0 : 8;
    42D1 : A;
    42D2 : A;
    42D3 : 8;
    42D4 : 7;
    42D5 : 7;
    42D6 : 8;
    42D7 : 9;
    42D8 : A;
    42D9 : 8;
    42DA : 7;
    42DB : 6;
    42DC : 6;
    42DD : 6;
    42DE : 6;
    42DF : 5;
    42E0 : 5;
    42E1 : 5;
    42E2 : 5;
    42E3 : 5;
    42E4 : 5;
    42E5 : 5;
    42E6 : 6;
    42E7 : 5;
    42E8 : 5;
    42E9 : 5;
    42EA : 5;
    42EB : 5;
    42EC : 7;
    42ED : 9;
    42EE : 8;
    42EF : 6;
    42F0 : 7;
    42F1 : 8;
    42F2 : 7;
    42F3 : 7;
    42F4 : 8;
    42F5 : 7;
    42F6 : 7;
    42F7 : 8;
    42F8 : 7;
    42F9 : 8;
    42FA : 7;
    42FB : 8;
    42FC : 8;
    42FD : 6;
    42FE : 6;
    42FF : 7;
    4300 : 6;
    4301 : 6;
    4302 : 5;
    4303 : 5;
    4304 : 5;
    4305 : 4;
    4306 : 4;
    4307 : 5;
    4308 : 5;
    4309 : 5;
    430A : 5;
    430B : 4;
    430C : 5;
    430D : 5;
    430E : 5;
    430F : 6;
    4310 : 5;
    4311 : 5;
    4312 : 4;
    4313 : 5;
    4314 : 5;
    4315 : 4;
    4316 : 5;
    4317 : 5;
    4318 : 5;
    4319 : 5;
    431A : 5;
    431B : 5;
    431C : 5;
    431D : 5;
    431E : 5;
    431F : 5;
    4320 : 4;
    4321 : 5;
    4322 : 5;
    4323 : 5;
    4324 : 6;
    4325 : 7;
    4326 : 7;
    4327 : 5;
    4328 : 7;
    4329 : 9;
    432A : 8;
    432B : 7;
    432C : 5;
    432D : 5;
    432E : 5;
    432F : 5;
    4330 : A;
    4331 : A;
    4332 : A;
    4333 : A;
    4334 : A;
    4335 : A;
    4336 : A;
    4337 : A;
    4338 : A;
    4339 : A;
    433A : A;
    433B : A;
    433C : A;
    433D : A;
    433E : A;
    433F : A;
    4340 : A;
    4341 : A;
    4342 : A;
    4343 : A;
    4344 : A;
    4345 : A;
    4346 : A;
    4347 : A;
    4348 : A;
    4349 : A;
    434A : A;
    434B : A;
    434C : A;
    434D : A;
    434E : A;
    434F : A;
    4350 : A;
    4351 : A;
    4352 : A;
    4353 : A;
    4354 : A;
    4355 : A;
    4356 : A;
    4357 : B;
    4358 : B;
    4359 : B;
    435A : B;
    435B : B;
    435C : B;
    435D : B;
    435E : B;
    435F : A;
    4360 : 5;
    4361 : 4;
    4362 : 4;
    4363 : 4;
    4364 : 4;
    4365 : 4;
    4366 : 4;
    4367 : 5;
    4368 : 6;
    4369 : 6;
    436A : 5;
    436B : 5;
    436C : 5;
    436D : 4;
    436E : 4;
    436F : 3;
    4370 : 3;
    4371 : 3;
    4372 : 3;
    4373 : 4;
    4374 : 4;
    4375 : 4;
    4376 : 4;
    4377 : 4;
    4378 : 4;
    4379 : 4;
    437A : 3;
    437B : 3;
    437C : 3;
    437D : 4;
    437E : 6;
    437F : 8;
    4380 : A;
    4381 : B;
    4382 : B;
    4383 : A;
    4384 : A;
    4385 : 9;
    4386 : 9;
    4387 : A;
    4388 : A;
    4389 : B;
    438A : B;
    438B : C;
    438C : C;
    438D : C;
    438E : B;
    438F : B;
    4390 : B;
    4391 : B;
    4392 : A;
    4393 : 9;
    4394 : 8;
    4395 : 9;
    4396 : 8;
    4397 : 8;
    4398 : 7;
    4399 : 9;
    439A : 8;
    439B : 6;
    439C : 7;
    439D : 8;
    439E : 9;
    439F : A;
    43A0 : 8;
    43A1 : 7;
    43A2 : 6;
    43A3 : 6;
    43A4 : 6;
    43A5 : 6;
    43A6 : 6;
    43A7 : 6;
    43A8 : 5;
    43A9 : 5;
    43AA : 5;
    43AB : 6;
    43AC : 7;
    43AD : 6;
    43AE : 5;
    43AF : 6;
    43B0 : 6;
    43B1 : 5;
    43B2 : 5;
    43B3 : 6;
    43B4 : 7;
    43B5 : 7;
    43B6 : 8;
    43B7 : 8;
    43B8 : 8;
    43B9 : 8;
    43BA : 9;
    43BB : 8;
    43BC : 7;
    43BD : 6;
    43BE : 6;
    43BF : 8;
    43C0 : 8;
    43C1 : 8;
    43C2 : 8;
    43C3 : 8;
    43C4 : 7;
    43C5 : 6;
    43C6 : 6;
    43C7 : 5;
    43C8 : 5;
    43C9 : 6;
    43CA : 5;
    43CB : 5;
    43CC : 4;
    43CD : 4;
    43CE : 4;
    43CF : 4;
    43D0 : 5;
    43D1 : 6;
    43D2 : 6;
    43D3 : 5;
    43D4 : 5;
    43D5 : 5;
    43D6 : 5;
    43D7 : 6;
    43D8 : 5;
    43D9 : 4;
    43DA : 4;
    43DB : 5;
    43DC : 5;
    43DD : 4;
    43DE : 5;
    43DF : 5;
    43E0 : 5;
    43E1 : 5;
    43E2 : 5;
    43E3 : 4;
    43E4 : 5;
    43E5 : 5;
    43E6 : 4;
    43E7 : 5;
    43E8 : 4;
    43E9 : 4;
    43EA : 5;
    43EB : 6;
    43EC : 5;
    43ED : 5;
    43EE : 7;
    43EF : 5;
    43F0 : 8;
    43F1 : 9;
    43F2 : 8;
    43F3 : 8;
    43F4 : 8;
    43F5 : 8;
    43F6 : 7;
    43F7 : 6;
    43F8 : A;
    43F9 : 9;
    43FA : A;
    43FB : A;
    43FC : A;
    43FD : A;
    43FE : A;
    43FF : A;
    4400 : A;
    4401 : 9;
    4402 : A;
    4403 : A;
    4404 : A;
    4405 : A;
    4406 : A;
    4407 : A;
    4408 : A;
    4409 : A;
    440A : A;
    440B : A;
    440C : A;
    440D : A;
    440E : A;
    440F : A;
    4410 : A;
    4411 : A;
    4412 : A;
    4413 : A;
    4414 : A;
    4415 : A;
    4416 : A;
    4417 : A;
    4418 : A;
    4419 : A;
    441A : A;
    441B : A;
    441C : A;
    441D : A;
    441E : A;
    441F : B;
    4420 : B;
    4421 : A;
    4422 : A;
    4423 : A;
    4424 : B;
    4425 : B;
    4426 : B;
    4427 : 7;
    4428 : 4;
    4429 : 4;
    442A : 4;
    442B : 4;
    442C : 4;
    442D : 4;
    442E : 6;
    442F : 6;
    4430 : 5;
    4431 : 5;
    4432 : 4;
    4433 : 4;
    4434 : 4;
    4435 : 3;
    4436 : 3;
    4437 : 3;
    4438 : 3;
    4439 : 3;
    443A : 4;
    443B : 4;
    443C : 4;
    443D : 4;
    443E : 4;
    443F : 4;
    4440 : 3;
    4441 : 3;
    4442 : 3;
    4443 : 4;
    4444 : 6;
    4445 : 9;
    4446 : B;
    4447 : A;
    4448 : 9;
    4449 : 9;
    444A : A;
    444B : B;
    444C : B;
    444D : A;
    444E : A;
    444F : A;
    4450 : A;
    4451 : A;
    4452 : B;
    4453 : B;
    4454 : B;
    4455 : A;
    4456 : A;
    4457 : B;
    4458 : A;
    4459 : A;
    445A : 9;
    445B : 9;
    445C : 9;
    445D : 9;
    445E : 7;
    445F : 8;
    4460 : 7;
    4461 : 7;
    4462 : 7;
    4463 : 7;
    4464 : 8;
    4465 : 9;
    4466 : A;
    4467 : 8;
    4468 : 6;
    4469 : 6;
    446A : 6;
    446B : 6;
    446C : 6;
    446D : 6;
    446E : 5;
    446F : 5;
    4470 : 5;
    4471 : 7;
    4472 : 9;
    4473 : B;
    4474 : B;
    4475 : 8;
    4476 : 7;
    4477 : 8;
    4478 : 7;
    4479 : 6;
    447A : 6;
    447B : 7;
    447C : 6;
    447D : 7;
    447E : 8;
    447F : 7;
    4480 : 7;
    4481 : 6;
    4482 : 8;
    4483 : 7;
    4484 : 6;
    4485 : 5;
    4486 : 6;
    4487 : 6;
    4488 : 6;
    4489 : 6;
    448A : 6;
    448B : 7;
    448C : 5;
    448D : 5;
    448E : 5;
    448F : 5;
    4490 : 5;
    4491 : 5;
    4492 : 5;
    4493 : 5;
    4494 : 4;
    4495 : 4;
    4496 : 4;
    4497 : 5;
    4498 : 5;
    4499 : 6;
    449A : 5;
    449B : 4;
    449C : 5;
    449D : 5;
    449E : 4;
    449F : 4;
    44A0 : 4;
    44A1 : 4;
    44A2 : 4;
    44A3 : 5;
    44A4 : 5;
    44A5 : 4;
    44A6 : 4;
    44A7 : 5;
    44A8 : 5;
    44A9 : 4;
    44AA : 4;
    44AB : 5;
    44AC : 4;
    44AD : 4;
    44AE : 4;
    44AF : 5;
    44B0 : 5;
    44B1 : 5;
    44B2 : 5;
    44B3 : 5;
    44B4 : 5;
    44B5 : 6;
    44B6 : 5;
    44B7 : 5;
    44B8 : 9;
    44B9 : 8;
    44BA : 8;
    44BB : 8;
    44BC : 8;
    44BD : 8;
    44BE : 7;
    44BF : 6;
    44C0 : 9;
    44C1 : 9;
    44C2 : 9;
    44C3 : 9;
    44C4 : 9;
    44C5 : A;
    44C6 : 9;
    44C7 : 9;
    44C8 : 9;
    44C9 : 9;
    44CA : A;
    44CB : A;
    44CC : A;
    44CD : A;
    44CE : A;
    44CF : A;
    44D0 : A;
    44D1 : A;
    44D2 : A;
    44D3 : A;
    44D4 : 9;
    44D5 : 9;
    44D6 : A;
    44D7 : A;
    44D8 : 9;
    44D9 : 9;
    44DA : A;
    44DB : A;
    44DC : A;
    44DD : A;
    44DE : A;
    44DF : A;
    44E0 : A;
    44E1 : A;
    44E2 : A;
    44E3 : A;
    44E4 : A;
    44E5 : A;
    44E6 : A;
    44E7 : A;
    44E8 : A;
    44E9 : A;
    44EA : A;
    44EB : A;
    44EC : A;
    44ED : B;
    44EE : A;
    44EF : 5;
    44F0 : 4;
    44F1 : 4;
    44F2 : 4;
    44F3 : 4;
    44F4 : 5;
    44F5 : 6;
    44F6 : 6;
    44F7 : 5;
    44F8 : 5;
    44F9 : 4;
    44FA : 4;
    44FB : 3;
    44FC : 3;
    44FD : 3;
    44FE : 3;
    44FF : 3;
    4500 : 4;
    4501 : 4;
    4502 : 4;
    4503 : 4;
    4504 : 4;
    4505 : 4;
    4506 : 3;
    4507 : 3;
    4508 : 3;
    4509 : 4;
    450A : 7;
    450B : 9;
    450C : A;
    450D : B;
    450E : A;
    450F : 9;
    4510 : 9;
    4511 : A;
    4512 : A;
    4513 : B;
    4514 : B;
    4515 : B;
    4516 : B;
    4517 : B;
    4518 : A;
    4519 : B;
    451A : B;
    451B : B;
    451C : A;
    451D : B;
    451E : B;
    451F : A;
    4520 : A;
    4521 : 9;
    4522 : 8;
    4523 : 8;
    4524 : 9;
    4525 : 8;
    4526 : 6;
    4527 : 6;
    4528 : 7;
    4529 : 7;
    452A : 8;
    452B : 9;
    452C : 9;
    452D : 8;
    452E : 7;
    452F : 6;
    4530 : 6;
    4531 : 6;
    4532 : 5;
    4533 : 5;
    4534 : 5;
    4535 : 5;
    4536 : 6;
    4537 : 7;
    4538 : 8;
    4539 : A;
    453A : A;
    453B : A;
    453C : 9;
    453D : 8;
    453E : A;
    453F : A;
    4540 : 9;
    4541 : 7;
    4542 : 8;
    4543 : 7;
    4544 : 6;
    4545 : 8;
    4546 : 7;
    4547 : 7;
    4548 : 6;
    4549 : 5;
    454A : 6;
    454B : 6;
    454C : 6;
    454D : 5;
    454E : 5;
    454F : 5;
    4550 : 5;
    4551 : 5;
    4552 : 5;
    4553 : 5;
    4554 : 5;
    4555 : 4;
    4556 : 4;
    4557 : 5;
    4558 : 5;
    4559 : 4;
    455A : 4;
    455B : 4;
    455C : 4;
    455D : 5;
    455E : 5;
    455F : 5;
    4560 : 5;
    4561 : 5;
    4562 : 5;
    4563 : 5;
    4564 : 5;
    4565 : 5;
    4566 : 5;
    4567 : 4;
    4568 : 4;
    4569 : 4;
    456A : 4;
    456B : 4;
    456C : 4;
    456D : 4;
    456E : 4;
    456F : 5;
    4570 : 4;
    4571 : 4;
    4572 : 4;
    4573 : 5;
    4574 : 5;
    4575 : 4;
    4576 : 4;
    4577 : 5;
    4578 : 5;
    4579 : 4;
    457A : 5;
    457B : 4;
    457C : 5;
    457D : 5;
    457E : 5;
    457F : 6;
    4580 : 7;
    4581 : 7;
    4582 : 7;
    4583 : 8;
    4584 : 7;
    4585 : 7;
    4586 : 7;
    4587 : 7;
    4588 : 9;
    4589 : 9;
    458A : 9;
    458B : 9;
    458C : A;
    458D : A;
    458E : 9;
    458F : 9;
    4590 : 9;
    4591 : A;
    4592 : A;
    4593 : A;
    4594 : 9;
    4595 : 9;
    4596 : 9;
    4597 : A;
    4598 : 9;
    4599 : 9;
    459A : A;
    459B : A;
    459C : 9;
    459D : 9;
    459E : A;
    459F : 9;
    45A0 : 9;
    45A1 : 9;
    45A2 : 9;
    45A3 : A;
    45A4 : A;
    45A5 : A;
    45A6 : A;
    45A7 : A;
    45A8 : A;
    45A9 : A;
    45AA : A;
    45AB : A;
    45AC : A;
    45AD : A;
    45AE : A;
    45AF : A;
    45B0 : A;
    45B1 : A;
    45B2 : A;
    45B3 : A;
    45B4 : A;
    45B5 : B;
    45B6 : 9;
    45B7 : 4;
    45B8 : 4;
    45B9 : 4;
    45BA : 5;
    45BB : 6;
    45BC : 6;
    45BD : 5;
    45BE : 5;
    45BF : 4;
    45C0 : 4;
    45C1 : 3;
    45C2 : 3;
    45C3 : 3;
    45C4 : 3;
    45C5 : 3;
    45C6 : 3;
    45C7 : 4;
    45C8 : 4;
    45C9 : 4;
    45CA : 4;
    45CB : 3;
    45CC : 3;
    45CD : 3;
    45CE : 3;
    45CF : 5;
    45D0 : 8;
    45D1 : A;
    45D2 : B;
    45D3 : 9;
    45D4 : 9;
    45D5 : 9;
    45D6 : 9;
    45D7 : A;
    45D8 : B;
    45D9 : B;
    45DA : A;
    45DB : A;
    45DC : B;
    45DD : B;
    45DE : B;
    45DF : B;
    45E0 : B;
    45E1 : B;
    45E2 : B;
    45E3 : B;
    45E4 : B;
    45E5 : B;
    45E6 : 9;
    45E7 : 9;
    45E8 : 9;
    45E9 : 8;
    45EA : 7;
    45EB : 6;
    45EC : 7;
    45ED : 7;
    45EE : 8;
    45EF : 8;
    45F0 : 8;
    45F1 : 8;
    45F2 : 8;
    45F3 : 7;
    45F4 : 6;
    45F5 : 6;
    45F6 : 6;
    45F7 : 6;
    45F8 : 6;
    45F9 : 5;
    45FA : 5;
    45FB : 5;
    45FC : 5;
    45FD : 5;
    45FE : 6;
    45FF : 8;
    4600 : 9;
    4601 : 9;
    4602 : 9;
    4603 : 8;
    4604 : 7;
    4605 : 8;
    4606 : 8;
    4607 : 9;
    4608 : 8;
    4609 : 7;
    460A : 8;
    460B : 6;
    460C : 6;
    460D : 6;
    460E : 7;
    460F : 7;
    4610 : 7;
    4611 : 6;
    4612 : 5;
    4613 : 5;
    4614 : 5;
    4615 : 5;
    4616 : 5;
    4617 : 5;
    4618 : 5;
    4619 : 5;
    461A : 5;
    461B : 4;
    461C : 4;
    461D : 4;
    461E : 4;
    461F : 4;
    4620 : 5;
    4621 : 5;
    4622 : 4;
    4623 : 4;
    4624 : 4;
    4625 : 5;
    4626 : 5;
    4627 : 5;
    4628 : 5;
    4629 : 5;
    462A : 5;
    462B : 5;
    462C : 4;
    462D : 4;
    462E : 4;
    462F : 4;
    4630 : 4;
    4631 : 5;
    4632 : 5;
    4633 : 4;
    4634 : 4;
    4635 : 4;
    4636 : 4;
    4637 : 4;
    4638 : 5;
    4639 : 4;
    463A : 4;
    463B : 5;
    463C : 5;
    463D : 4;
    463E : 5;
    463F : 5;
    4640 : 4;
    4641 : 4;
    4642 : 5;
    4643 : 5;
    4644 : 5;
    4645 : 5;
    4646 : 6;
    4647 : 6;
    4648 : 6;
    4649 : 6;
    464A : 6;
    464B : 6;
    464C : 6;
    464D : 6;
    464E : 7;
    464F : 7;
    4650 : 9;
    4651 : 9;
    4652 : 9;
    4653 : A;
    4654 : A;
    4655 : 9;
    4656 : 9;
    4657 : 9;
    4658 : 9;
    4659 : 9;
    465A : 9;
    465B : 9;
    465C : 9;
    465D : 9;
    465E : 9;
    465F : 9;
    4660 : 9;
    4661 : 9;
    4662 : A;
    4663 : A;
    4664 : A;
    4665 : 9;
    4666 : 9;
    4667 : 9;
    4668 : 9;
    4669 : 9;
    466A : 9;
    466B : A;
    466C : A;
    466D : A;
    466E : A;
    466F : A;
    4670 : A;
    4671 : A;
    4672 : A;
    4673 : A;
    4674 : A;
    4675 : A;
    4676 : A;
    4677 : A;
    4678 : A;
    4679 : A;
    467A : A;
    467B : A;
    467C : A;
    467D : B;
    467E : 7;
    467F : 4;
    4680 : 4;
    4681 : 6;
    4682 : 6;
    4683 : 6;
    4684 : 5;
    4685 : 4;
    4686 : 4;
    4687 : 4;
    4688 : 3;
    4689 : 3;
    468A : 3;
    468B : 3;
    468C : 3;
    468D : 3;
    468E : 4;
    468F : 3;
    4690 : 3;
    4691 : 3;
    4692 : 3;
    4693 : 2;
    4694 : 3;
    4695 : 5;
    4696 : 8;
    4697 : A;
    4698 : B;
    4699 : A;
    469A : A;
    469B : 9;
    469C : 9;
    469D : A;
    469E : B;
    469F : B;
    46A0 : B;
    46A1 : B;
    46A2 : B;
    46A3 : A;
    46A4 : B;
    46A5 : B;
    46A6 : B;
    46A7 : B;
    46A8 : B;
    46A9 : B;
    46AA : A;
    46AB : 9;
    46AC : A;
    46AD : 9;
    46AE : 9;
    46AF : 8;
    46B0 : 9;
    46B1 : 8;
    46B2 : 7;
    46B3 : 6;
    46B4 : 7;
    46B5 : 8;
    46B6 : 9;
    46B7 : 9;
    46B8 : 8;
    46B9 : 8;
    46BA : 7;
    46BB : 6;
    46BC : 5;
    46BD : 5;
    46BE : 5;
    46BF : 5;
    46C0 : 5;
    46C1 : 5;
    46C2 : 5;
    46C3 : 5;
    46C4 : 5;
    46C5 : 6;
    46C6 : 7;
    46C7 : 9;
    46C8 : 9;
    46C9 : 9;
    46CA : 8;
    46CB : 7;
    46CC : 7;
    46CD : 6;
    46CE : 6;
    46CF : 7;
    46D0 : 6;
    46D1 : 7;
    46D2 : 7;
    46D3 : 6;
    46D4 : 6;
    46D5 : 6;
    46D6 : 6;
    46D7 : 7;
    46D8 : 6;
    46D9 : 5;
    46DA : 5;
    46DB : 5;
    46DC : 5;
    46DD : 5;
    46DE : 5;
    46DF : 5;
    46E0 : 5;
    46E1 : 5;
    46E2 : 5;
    46E3 : 5;
    46E4 : 5;
    46E5 : 4;
    46E6 : 4;
    46E7 : 4;
    46E8 : 5;
    46E9 : 5;
    46EA : 4;
    46EB : 5;
    46EC : 5;
    46ED : 4;
    46EE : 5;
    46EF : 5;
    46F0 : 5;
    46F1 : 4;
    46F2 : 4;
    46F3 : 4;
    46F4 : 4;
    46F5 : 4;
    46F6 : 4;
    46F7 : 4;
    46F8 : 4;
    46F9 : 4;
    46FA : 5;
    46FB : 4;
    46FC : 4;
    46FD : 4;
    46FE : 4;
    46FF : 4;
    4700 : 4;
    4701 : 4;
    4702 : 4;
    4703 : 4;
    4704 : 4;
    4705 : 5;
    4706 : 5;
    4707 : 5;
    4708 : 4;
    4709 : 4;
    470A : 5;
    470B : 5;
    470C : 5;
    470D : 5;
    470E : 7;
    470F : 6;
    4710 : 6;
    4711 : 7;
    4712 : 7;
    4713 : 5;
    4714 : 6;
    4715 : 7;
    4716 : 7;
    4717 : 7;
    4718 : 9;
    4719 : A;
    471A : A;
    471B : 9;
    471C : 9;
    471D : 9;
    471E : 9;
    471F : 9;
    4720 : 9;
    4721 : 8;
    4722 : 8;
    4723 : 8;
    4724 : 8;
    4725 : 9;
    4726 : 9;
    4727 : 9;
    4728 : 9;
    4729 : 9;
    472A : 9;
    472B : 9;
    472C : 9;
    472D : 9;
    472E : 9;
    472F : 9;
    4730 : 9;
    4731 : 9;
    4732 : 9;
    4733 : A;
    4734 : A;
    4735 : A;
    4736 : A;
    4737 : A;
    4738 : A;
    4739 : A;
    473A : A;
    473B : A;
    473C : A;
    473D : A;
    473E : A;
    473F : A;
    4740 : A;
    4741 : A;
    4742 : A;
    4743 : A;
    4744 : A;
    4745 : A;
    4746 : 5;
    4747 : 5;
    4748 : 6;
    4749 : 6;
    474A : 5;
    474B : 4;
    474C : 4;
    474D : 4;
    474E : 3;
    474F : 3;
    4750 : 3;
    4751 : 3;
    4752 : 3;
    4753 : 3;
    4754 : 4;
    4755 : 3;
    4756 : 3;
    4757 : 3;
    4758 : 2;
    4759 : 2;
    475A : 2;
    475B : 5;
    475C : 8;
    475D : A;
    475E : B;
    475F : A;
    4760 : A;
    4761 : A;
    4762 : 9;
    4763 : 9;
    4764 : A;
    4765 : B;
    4766 : C;
    4767 : B;
    4768 : B;
    4769 : C;
    476A : B;
    476B : A;
    476C : A;
    476D : B;
    476E : B;
    476F : B;
    4770 : A;
    4771 : A;
    4772 : 9;
    4773 : A;
    4774 : 9;
    4775 : 9;
    4776 : 9;
    4777 : 9;
    4778 : 8;
    4779 : 7;
    477A : 7;
    477B : 8;
    477C : 8;
    477D : 7;
    477E : 7;
    477F : 8;
    4780 : 8;
    4781 : 6;
    4782 : 5;
    4783 : 5;
    4784 : 5;
    4785 : 5;
    4786 : 5;
    4787 : 5;
    4788 : 5;
    4789 : 5;
    478A : 5;
    478B : 5;
    478C : 6;
    478D : 7;
    478E : 7;
    478F : 7;
    4790 : 7;
    4791 : 7;
    4792 : 7;
    4793 : 8;
    4794 : 8;
    4795 : 6;
    4796 : 6;
    4797 : 6;
    4798 : 6;
    4799 : 6;
    479A : 6;
    479B : 7;
    479C : 7;
    479D : 6;
    479E : 7;
    479F : 8;
    47A0 : 6;
    47A1 : 5;
    47A2 : 5;
    47A3 : 5;
    47A4 : 5;
    47A5 : 5;
    47A6 : 5;
    47A7 : 5;
    47A8 : 5;
    47A9 : 5;
    47AA : 5;
    47AB : 5;
    47AC : 5;
    47AD : 4;
    47AE : 4;
    47AF : 4;
    47B0 : 4;
    47B1 : 4;
    47B2 : 4;
    47B3 : 5;
    47B4 : 4;
    47B5 : 4;
    47B6 : 5;
    47B7 : 4;
    47B8 : 4;
    47B9 : 4;
    47BA : 4;
    47BB : 4;
    47BC : 4;
    47BD : 4;
    47BE : 4;
    47BF : 4;
    47C0 : 4;
    47C1 : 4;
    47C2 : 4;
    47C3 : 4;
    47C4 : 4;
    47C5 : 4;
    47C6 : 4;
    47C7 : 4;
    47C8 : 4;
    47C9 : 4;
    47CA : 5;
    47CB : 5;
    47CC : 4;
    47CD : 5;
    47CE : 5;
    47CF : 4;
    47D0 : 5;
    47D1 : 4;
    47D2 : 4;
    47D3 : 5;
    47D4 : 5;
    47D5 : 5;
    47D6 : 6;
    47D7 : 7;
    47D8 : 6;
    47D9 : 6;
    47DA : 6;
    47DB : 7;
    47DC : 6;
    47DD : 6;
    47DE : 7;
    47DF : 8;
    47E0 : A;
    47E1 : 9;
    47E2 : 9;
    47E3 : 9;
    47E4 : 9;
    47E5 : 9;
    47E6 : 9;
    47E7 : 8;
    47E8 : 8;
    47E9 : 8;
    47EA : 8;
    47EB : 8;
    47EC : 8;
    47ED : 9;
    47EE : 9;
    47EF : 9;
    47F0 : 9;
    47F1 : 9;
    47F2 : 9;
    47F3 : 9;
    47F4 : 9;
    47F5 : 9;
    47F6 : 9;
    47F7 : 9;
    47F8 : 9;
    47F9 : 9;
    47FA : 9;
    47FB : A;
    47FC : A;
    47FD : A;
    47FE : A;
    47FF : B;
    4800 : B;
    4801 : A;
    4802 : A;
    4803 : A;
    4804 : A;
    4805 : A;
    4806 : A;
    4807 : A;
    4808 : A;
    4809 : A;
    480A : A;
    480B : A;
    480C : B;
    480D : 8;
    480E : 6;
    480F : 6;
    4810 : 5;
    4811 : 5;
    4812 : 4;
    4813 : 4;
    4814 : 3;
    4815 : 3;
    4816 : 3;
    4817 : 3;
    4818 : 3;
    4819 : 3;
    481A : 3;
    481B : 3;
    481C : 3;
    481D : 2;
    481E : 2;
    481F : 3;
    4820 : 3;
    4821 : 2;
    4822 : 6;
    4823 : A;
    4824 : B;
    4825 : B;
    4826 : A;
    4827 : A;
    4828 : A;
    4829 : A;
    482A : A;
    482B : A;
    482C : B;
    482D : B;
    482E : B;
    482F : B;
    4830 : C;
    4831 : B;
    4832 : A;
    4833 : 9;
    4834 : B;
    4835 : A;
    4836 : A;
    4837 : A;
    4838 : A;
    4839 : A;
    483A : A;
    483B : 9;
    483C : 9;
    483D : 9;
    483E : 8;
    483F : 8;
    4840 : 8;
    4841 : 7;
    4842 : 7;
    4843 : 6;
    4844 : 7;
    4845 : 8;
    4846 : 7;
    4847 : 6;
    4848 : 6;
    4849 : 5;
    484A : 5;
    484B : 5;
    484C : 5;
    484D : 5;
    484E : 5;
    484F : 5;
    4850 : 5;
    4851 : 5;
    4852 : 5;
    4853 : 5;
    4854 : 5;
    4855 : 6;
    4856 : 6;
    4857 : 6;
    4858 : 6;
    4859 : 6;
    485A : 6;
    485B : 7;
    485C : 7;
    485D : 6;
    485E : 5;
    485F : 5;
    4860 : 5;
    4861 : 6;
    4862 : 6;
    4863 : 7;
    4864 : 8;
    4865 : 8;
    4866 : 8;
    4867 : 8;
    4868 : 6;
    4869 : 5;
    486A : 5;
    486B : 5;
    486C : 5;
    486D : 5;
    486E : 5;
    486F : 5;
    4870 : 5;
    4871 : 5;
    4872 : 5;
    4873 : 5;
    4874 : 4;
    4875 : 4;
    4876 : 4;
    4877 : 4;
    4878 : 4;
    4879 : 5;
    487A : 5;
    487B : 4;
    487C : 4;
    487D : 4;
    487E : 5;
    487F : 4;
    4880 : 4;
    4881 : 4;
    4882 : 4;
    4883 : 4;
    4884 : 4;
    4885 : 4;
    4886 : 4;
    4887 : 4;
    4888 : 4;
    4889 : 4;
    488A : 4;
    488B : 4;
    488C : 4;
    488D : 4;
    488E : 4;
    488F : 4;
    4890 : 5;
    4891 : 4;
    4892 : 5;
    4893 : 5;
    4894 : 5;
    4895 : 5;
    4896 : 5;
    4897 : 5;
    4898 : 5;
    4899 : 4;
    489A : 5;
    489B : 5;
    489C : 6;
    489D : 6;
    489E : 6;
    489F : 6;
    48A0 : 6;
    48A1 : 7;
    48A2 : 7;
    48A3 : 8;
    48A4 : 6;
    48A5 : 6;
    48A6 : 7;
    48A7 : 7;
    48A8 : 9;
    48A9 : 9;
    48AA : 9;
    48AB : 9;
    48AC : 9;
    48AD : 9;
    48AE : 8;
    48AF : 8;
    48B0 : 8;
    48B1 : 8;
    48B2 : 8;
    48B3 : 8;
    48B4 : 8;
    48B5 : 9;
    48B6 : 9;
    48B7 : 9;
    48B8 : 9;
    48B9 : 9;
    48BA : 9;
    48BB : 8;
    48BC : 9;
    48BD : 9;
    48BE : 9;
    48BF : 9;
    48C0 : 9;
    48C1 : 9;
    48C2 : A;
    48C3 : A;
    48C4 : A;
    48C5 : A;
    48C6 : A;
    48C7 : A;
    48C8 : A;
    48C9 : A;
    48CA : A;
    48CB : A;
    48CC : A;
    48CD : A;
    48CE : A;
    48CF : A;
    48D0 : A;
    48D1 : A;
    48D2 : A;
    48D3 : A;
    48D4 : 9;
    48D5 : 7;
    48D6 : 6;
    48D7 : 5;
    48D8 : 4;
    48D9 : 4;
    48DA : 4;
    48DB : 3;
    48DC : 3;
    48DD : 3;
    48DE : 3;
    48DF : 3;
    48E0 : 3;
    48E1 : 3;
    48E2 : 3;
    48E3 : 2;
    48E4 : 3;
    48E5 : 3;
    48E6 : 3;
    48E7 : 3;
    48E8 : 2;
    48E9 : 4;
    48EA : A;
    48EB : B;
    48EC : B;
    48ED : B;
    48EE : B;
    48EF : A;
    48F0 : A;
    48F1 : A;
    48F2 : A;
    48F3 : B;
    48F4 : B;
    48F5 : B;
    48F6 : B;
    48F7 : B;
    48F8 : B;
    48F9 : 9;
    48FA : A;
    48FB : B;
    48FC : B;
    48FD : B;
    48FE : B;
    48FF : A;
    4900 : 9;
    4901 : A;
    4902 : A;
    4903 : 9;
    4904 : 9;
    4905 : 9;
    4906 : 8;
    4907 : 8;
    4908 : 8;
    4909 : 6;
    490A : 7;
    490B : 7;
    490C : 8;
    490D : 6;
    490E : 5;
    490F : 5;
    4910 : 5;
    4911 : 5;
    4912 : 5;
    4913 : 5;
    4914 : 5;
    4915 : 5;
    4916 : 5;
    4917 : 5;
    4918 : 5;
    4919 : 5;
    491A : 5;
    491B : 5;
    491C : 5;
    491D : 5;
    491E : 5;
    491F : 5;
    4920 : 5;
    4921 : 6;
    4922 : 6;
    4923 : 6;
    4924 : 6;
    4925 : 6;
    4926 : 6;
    4927 : 5;
    4928 : 6;
    4929 : 6;
    492A : 6;
    492B : 7;
    492C : 9;
    492D : A;
    492E : 8;
    492F : 7;
    4930 : 5;
    4931 : 5;
    4932 : 5;
    4933 : 5;
    4934 : 5;
    4935 : 5;
    4936 : 5;
    4937 : 5;
    4938 : 5;
    4939 : 5;
    493A : 5;
    493B : 4;
    493C : 4;
    493D : 4;
    493E : 4;
    493F : 4;
    4940 : 4;
    4941 : 5;
    4942 : 4;
    4943 : 4;
    4944 : 4;
    4945 : 4;
    4946 : 4;
    4947 : 4;
    4948 : 4;
    4949 : 4;
    494A : 4;
    494B : 4;
    494C : 4;
    494D : 4;
    494E : 5;
    494F : 5;
    4950 : 4;
    4951 : 4;
    4952 : 4;
    4953 : 4;
    4954 : 4;
    4955 : 4;
    4956 : 5;
    4957 : 5;
    4958 : 5;
    4959 : 4;
    495A : 4;
    495B : 5;
    495C : 5;
    495D : 5;
    495E : 5;
    495F : 5;
    4960 : 5;
    4961 : 5;
    4962 : 5;
    4963 : 5;
    4964 : 7;
    4965 : 7;
    4966 : 6;
    4967 : 6;
    4968 : 7;
    4969 : 7;
    496A : 7;
    496B : 8;
    496C : 8;
    496D : 7;
    496E : 7;
    496F : 8;
    4970 : 9;
    4971 : 9;
    4972 : 9;
    4973 : 9;
    4974 : 9;
    4975 : 8;
    4976 : 8;
    4977 : 8;
    4978 : 8;
    4979 : 8;
    497A : 8;
    497B : 8;
    497C : 8;
    497D : 9;
    497E : 9;
    497F : 9;
    4980 : 8;
    4981 : 9;
    4982 : 8;
    4983 : 8;
    4984 : 9;
    4985 : 9;
    4986 : 9;
    4987 : 9;
    4988 : 9;
    4989 : A;
    498A : A;
    498B : A;
    498C : A;
    498D : A;
    498E : A;
    498F : A;
    4990 : A;
    4991 : A;
    4992 : A;
    4993 : A;
    4994 : A;
    4995 : A;
    4996 : A;
    4997 : A;
    4998 : A;
    4999 : A;
    499A : A;
    499B : 8;
    499C : 6;
    499D : 5;
    499E : 5;
    499F : 4;
    49A0 : 4;
    49A1 : 3;
    49A2 : 3;
    49A3 : 3;
    49A4 : 3;
    49A5 : 3;
    49A6 : 3;
    49A7 : 3;
    49A8 : 3;
    49A9 : 3;
    49AA : 3;
    49AB : 3;
    49AC : 3;
    49AD : 3;
    49AE : 3;
    49AF : 2;
    49B0 : 2;
    49B1 : 8;
    49B2 : B;
    49B3 : B;
    49B4 : B;
    49B5 : C;
    49B6 : A;
    49B7 : 9;
    49B8 : A;
    49B9 : B;
    49BA : B;
    49BB : B;
    49BC : B;
    49BD : C;
    49BE : C;
    49BF : C;
    49C0 : B;
    49C1 : B;
    49C2 : B;
    49C3 : B;
    49C4 : B;
    49C5 : A;
    49C6 : B;
    49C7 : A;
    49C8 : A;
    49C9 : A;
    49CA : A;
    49CB : 9;
    49CC : 9;
    49CD : 9;
    49CE : 9;
    49CF : 9;
    49D0 : 7;
    49D1 : 6;
    49D2 : 7;
    49D3 : 7;
    49D4 : 6;
    49D5 : 6;
    49D6 : 6;
    49D7 : 5;
    49D8 : 5;
    49D9 : 5;
    49DA : 5;
    49DB : 5;
    49DC : 5;
    49DD : 5;
    49DE : 5;
    49DF : 5;
    49E0 : 5;
    49E1 : 5;
    49E2 : 5;
    49E3 : 5;
    49E4 : 5;
    49E5 : 5;
    49E6 : 6;
    49E7 : 6;
    49E8 : 6;
    49E9 : 7;
    49EA : 7;
    49EB : 6;
    49EC : 6;
    49ED : 5;
    49EE : 5;
    49EF : 5;
    49F0 : 5;
    49F1 : 5;
    49F2 : 6;
    49F3 : 7;
    49F4 : 8;
    49F5 : 8;
    49F6 : 7;
    49F7 : 6;
    49F8 : 5;
    49F9 : 5;
    49FA : 5;
    49FB : 5;
    49FC : 5;
    49FD : 5;
    49FE : 5;
    49FF : 5;
    4A00 : 5;
    4A01 : 5;
    4A02 : 5;
    4A03 : 5;
    4A04 : 5;
    4A05 : 5;
    4A06 : 5;
    4A07 : 4;
    4A08 : 5;
    4A09 : 4;
    4A0A : 4;
    4A0B : 4;
    4A0C : 4;
    4A0D : 4;
    4A0E : 4;
    4A0F : 4;
    4A10 : 4;
    4A11 : 4;
    4A12 : 4;
    4A13 : 4;
    4A14 : 4;
    4A15 : 5;
    4A16 : 5;
    4A17 : 5;
    4A18 : 4;
    4A19 : 4;
    4A1A : 4;
    4A1B : 4;
    4A1C : 5;
    4A1D : 5;
    4A1E : 5;
    4A1F : 5;
    4A20 : 4;
    4A21 : 5;
    4A22 : 5;
    4A23 : 5;
    4A24 : 6;
    4A25 : 5;
    4A26 : 5;
    4A27 : 5;
    4A28 : 6;
    4A29 : 5;
    4A2A : 5;
    4A2B : 6;
    4A2C : 7;
    4A2D : 6;
    4A2E : 6;
    4A2F : 7;
    4A30 : 6;
    4A31 : 6;
    4A32 : 6;
    4A33 : 6;
    4A34 : 7;
    4A35 : 7;
    4A36 : 7;
    4A37 : 7;
    4A38 : 8;
    4A39 : 9;
    4A3A : 9;
    4A3B : 8;
    4A3C : 8;
    4A3D : 8;
    4A3E : 8;
    4A3F : 8;
    4A40 : 8;
    4A41 : 8;
    4A42 : 8;
    4A43 : 8;
    4A44 : 8;
    4A45 : 9;
    4A46 : 8;
    4A47 : 8;
    4A48 : 9;
    4A49 : 9;
    4A4A : 9;
    4A4B : 9;
    4A4C : 9;
    4A4D : 9;
    4A4E : 9;
    4A4F : 9;
    4A50 : 9;
    4A51 : 9;
    4A52 : A;
    4A53 : B;
    4A54 : B;
    4A55 : B;
    4A56 : A;
    4A57 : A;
    4A58 : A;
    4A59 : A;
    4A5A : A;
    4A5B : A;
    4A5C : A;
    4A5D : A;
    4A5E : A;
    4A5F : A;
    4A60 : A;
    4A61 : 9;
    4A62 : 7;
    4A63 : 6;
    4A64 : 5;
    4A65 : 5;
    4A66 : 4;
    4A67 : 3;
    4A68 : 3;
    4A69 : 3;
    4A6A : 3;
    4A6B : 3;
    4A6C : 3;
    4A6D : 3;
    4A6E : 3;
    4A6F : 3;
    4A70 : 3;
    4A71 : 3;
    4A72 : 3;
    4A73 : 3;
    4A74 : 3;
    4A75 : 3;
    4A76 : 3;
    4A77 : 4;
    4A78 : 8;
    4A79 : B;
    4A7A : A;
    4A7B : B;
    4A7C : B;
    4A7D : B;
    4A7E : A;
    4A7F : B;
    4A80 : B;
    4A81 : B;
    4A82 : B;
    4A83 : B;
    4A84 : B;
    4A85 : C;
    4A86 : B;
    4A87 : A;
    4A88 : A;
    4A89 : B;
    4A8A : B;
    4A8B : A;
    4A8C : A;
    4A8D : B;
    4A8E : B;
    4A8F : B;
    4A90 : A;
    4A91 : A;
    4A92 : A;
    4A93 : A;
    4A94 : A;
    4A95 : A;
    4A96 : A;
    4A97 : 8;
    4A98 : 7;
    4A99 : 7;
    4A9A : 8;
    4A9B : 7;
    4A9C : 6;
    4A9D : 6;
    4A9E : 6;
    4A9F : 5;
    4AA0 : 5;
    4AA1 : 5;
    4AA2 : 5;
    4AA3 : 5;
    4AA4 : 5;
    4AA5 : 6;
    4AA6 : 6;
    4AA7 : 6;
    4AA8 : 6;
    4AA9 : 6;
    4AAA : 6;
    4AAB : 6;
    4AAC : 6;
    4AAD : 6;
    4AAE : 6;
    4AAF : 7;
    4AB0 : 7;
    4AB1 : 7;
    4AB2 : 6;
    4AB3 : 6;
    4AB4 : 6;
    4AB5 : 6;
    4AB6 : 6;
    4AB7 : 6;
    4AB8 : 6;
    4AB9 : 6;
    4ABA : 6;
    4ABB : 6;
    4ABC : 6;
    4ABD : 7;
    4ABE : 7;
    4ABF : 6;
    4AC0 : 5;
    4AC1 : 5;
    4AC2 : 5;
    4AC3 : 5;
    4AC4 : 5;
    4AC5 : 5;
    4AC6 : 5;
    4AC7 : 5;
    4AC8 : 5;
    4AC9 : 5;
    4ACA : 5;
    4ACB : 5;
    4ACC : 5;
    4ACD : 5;
    4ACE : 5;
    4ACF : 5;
    4AD0 : 4;
    4AD1 : 4;
    4AD2 : 4;
    4AD3 : 4;
    4AD4 : 4;
    4AD5 : 4;
    4AD6 : 4;
    4AD7 : 4;
    4AD8 : 4;
    4AD9 : 4;
    4ADA : 4;
    4ADB : 4;
    4ADC : 5;
    4ADD : 6;
    4ADE : 5;
    4ADF : 5;
    4AE0 : 4;
    4AE1 : 4;
    4AE2 : 5;
    4AE3 : 5;
    4AE4 : 5;
    4AE5 : 5;
    4AE6 : 5;
    4AE7 : 5;
    4AE8 : 5;
    4AE9 : 5;
    4AEA : 5;
    4AEB : 5;
    4AEC : 5;
    4AED : 5;
    4AEE : 5;
    4AEF : 5;
    4AF0 : 6;
    4AF1 : 5;
    4AF2 : 5;
    4AF3 : 6;
    4AF4 : 6;
    4AF5 : 5;
    4AF6 : 7;
    4AF7 : 7;
    4AF8 : 6;
    4AF9 : 7;
    4AFA : 7;
    4AFB : 6;
    4AFC : 5;
    4AFD : 6;
    4AFE : 6;
    4AFF : 6;
    4B00 : 9;
    4B01 : 9;
    4B02 : 9;
    4B03 : 8;
    4B04 : 8;
    4B05 : 8;
    4B06 : 8;
    4B07 : 8;
    4B08 : 8;
    4B09 : 8;
    4B0A : 8;
    4B0B : 8;
    4B0C : 8;
    4B0D : 8;
    4B0E : 8;
    4B0F : 9;
    4B10 : 9;
    4B11 : 9;
    4B12 : 9;
    4B13 : 9;
    4B14 : 9;
    4B15 : 9;
    4B16 : 9;
    4B17 : 9;
    4B18 : 9;
    4B19 : A;
    4B1A : B;
    4B1B : B;
    4B1C : A;
    4B1D : A;
    4B1E : 9;
    4B1F : A;
    4B20 : A;
    4B21 : A;
    4B22 : A;
    4B23 : A;
    4B24 : A;
    4B25 : A;
    4B26 : 9;
    4B27 : 9;
    4B28 : 8;
    4B29 : 7;
    4B2A : 6;
    4B2B : 5;
    4B2C : 4;
    4B2D : 4;
    4B2E : 3;
    4B2F : 3;
    4B30 : 3;
    4B31 : 3;
    4B32 : 3;
    4B33 : 3;
    4B34 : 3;
    4B35 : 2;
    4B36 : 2;
    4B37 : 3;
    4B38 : 4;
    4B39 : 6;
    4B3A : 6;
    4B3B : 6;
    4B3C : 6;
    4B3D : 6;
    4B3E : 7;
    4B3F : 9;
    4B40 : B;
    4B41 : A;
    4B42 : A;
    4B43 : B;
    4B44 : B;
    4B45 : A;
    4B46 : A;
    4B47 : B;
    4B48 : A;
    4B49 : A;
    4B4A : B;
    4B4B : B;
    4B4C : B;
    4B4D : A;
    4B4E : A;
    4B4F : A;
    4B50 : B;
    4B51 : A;
    4B52 : A;
    4B53 : A;
    4B54 : B;
    4B55 : B;
    4B56 : B;
    4B57 : B;
    4B58 : A;
    4B59 : A;
    4B5A : A;
    4B5B : A;
    4B5C : A;
    4B5D : A;
    4B5E : 9;
    4B5F : 8;
    4B60 : 7;
    4B61 : 9;
    4B62 : 8;
    4B63 : 8;
    4B64 : 7;
    4B65 : 7;
    4B66 : 6;
    4B67 : 5;
    4B68 : 5;
    4B69 : 6;
    4B6A : 5;
    4B6B : 5;
    4B6C : 6;
    4B6D : 6;
    4B6E : 6;
    4B6F : 6;
    4B70 : 6;
    4B71 : 6;
    4B72 : 6;
    4B73 : 6;
    4B74 : 6;
    4B75 : 6;
    4B76 : 6;
    4B77 : 7;
    4B78 : 7;
    4B79 : 6;
    4B7A : 6;
    4B7B : 6;
    4B7C : 7;
    4B7D : 7;
    4B7E : 7;
    4B7F : 6;
    4B80 : 6;
    4B81 : 6;
    4B82 : 6;
    4B83 : 6;
    4B84 : 6;
    4B85 : 7;
    4B86 : 7;
    4B87 : 6;
    4B88 : 5;
    4B89 : 5;
    4B8A : 5;
    4B8B : 5;
    4B8C : 5;
    4B8D : 5;
    4B8E : 6;
    4B8F : 5;
    4B90 : 5;
    4B91 : 5;
    4B92 : 5;
    4B93 : 5;
    4B94 : 5;
    4B95 : 5;
    4B96 : 5;
    4B97 : 5;
    4B98 : 4;
    4B99 : 4;
    4B9A : 4;
    4B9B : 4;
    4B9C : 4;
    4B9D : 4;
    4B9E : 4;
    4B9F : 4;
    4BA0 : 4;
    4BA1 : 4;
    4BA2 : 5;
    4BA3 : 5;
    4BA4 : 6;
    4BA5 : 5;
    4BA6 : 4;
    4BA7 : 4;
    4BA8 : 5;
    4BA9 : 5;
    4BAA : 5;
    4BAB : 5;
    4BAC : 5;
    4BAD : 5;
    4BAE : 5;
    4BAF : 5;
    4BB0 : 6;
    4BB1 : 6;
    4BB2 : 6;
    4BB3 : 5;
    4BB4 : 5;
    4BB5 : 5;
    4BB6 : 5;
    4BB7 : 5;
    4BB8 : 5;
    4BB9 : 5;
    4BBA : 6;
    4BBB : 6;
    4BBC : 5;
    4BBD : 5;
    4BBE : 7;
    4BBF : 8;
    4BC0 : 7;
    4BC1 : 8;
    4BC2 : 7;
    4BC3 : 7;
    4BC4 : 6;
    4BC5 : 7;
    4BC6 : 7;
    4BC7 : 6;
    4BC8 : 9;
    4BC9 : 9;
    4BCA : 8;
    4BCB : 8;
    4BCC : 8;
    4BCD : 8;
    4BCE : 8;
    4BCF : 8;
    4BD0 : 8;
    4BD1 : 8;
    4BD2 : 8;
    4BD3 : 8;
    4BD4 : 8;
    4BD5 : 8;
    4BD6 : 8;
    4BD7 : 9;
    4BD8 : 8;
    4BD9 : 9;
    4BDA : 9;
    4BDB : 9;
    4BDC : 9;
    4BDD : 9;
    4BDE : 9;
    4BDF : 9;
    4BE0 : 9;
    4BE1 : A;
    4BE2 : A;
    4BE3 : A;
    4BE4 : A;
    4BE5 : A;
    4BE6 : A;
    4BE7 : A;
    4BE8 : A;
    4BE9 : A;
    4BEA : A;
    4BEB : A;
    4BEC : A;
    4BED : A;
    4BEE : 9;
    4BEF : 7;
    4BF0 : 6;
    4BF1 : 5;
    4BF2 : 5;
    4BF3 : 4;
    4BF4 : 3;
    4BF5 : 3;
    4BF6 : 4;
    4BF7 : 4;
    4BF8 : 4;
    4BF9 : 4;
    4BFA : 4;
    4BFB : 3;
    4BFC : 2;
    4BFD : 2;
    4BFE : 4;
    4BFF : 7;
    4C00 : A;
    4C01 : B;
    4C02 : B;
    4C03 : B;
    4C04 : A;
    4C05 : A;
    4C06 : A;
    4C07 : A;
    4C08 : B;
    4C09 : B;
    4C0A : B;
    4C0B : C;
    4C0C : C;
    4C0D : A;
    4C0E : A;
    4C0F : B;
    4C10 : A;
    4C11 : A;
    4C12 : A;
    4C13 : A;
    4C14 : A;
    4C15 : B;
    4C16 : B;
    4C17 : B;
    4C18 : B;
    4C19 : A;
    4C1A : 9;
    4C1B : 9;
    4C1C : A;
    4C1D : 9;
    4C1E : 9;
    4C1F : 9;
    4C20 : 9;
    4C21 : 9;
    4C22 : A;
    4C23 : A;
    4C24 : A;
    4C25 : 9;
    4C26 : 9;
    4C27 : 8;
    4C28 : 8;
    4C29 : 9;
    4C2A : 8;
    4C2B : 8;
    4C2C : 8;
    4C2D : 6;
    4C2E : 6;
    4C2F : 6;
    4C30 : 6;
    4C31 : 6;
    4C32 : 6;
    4C33 : 6;
    4C34 : 6;
    4C35 : 6;
    4C36 : 6;
    4C37 : 6;
    4C38 : 6;
    4C39 : 6;
    4C3A : 6;
    4C3B : 6;
    4C3C : 6;
    4C3D : 7;
    4C3E : 7;
    4C3F : 7;
    4C40 : 7;
    4C41 : 6;
    4C42 : 7;
    4C43 : 7;
    4C44 : 7;
    4C45 : 7;
    4C46 : 6;
    4C47 : 6;
    4C48 : 6;
    4C49 : 6;
    4C4A : 6;
    4C4B : 5;
    4C4C : 6;
    4C4D : 6;
    4C4E : 6;
    4C4F : 5;
    4C50 : 6;
    4C51 : 6;
    4C52 : 6;
    4C53 : 6;
    4C54 : 5;
    4C55 : 6;
    4C56 : 6;
    4C57 : 6;
    4C58 : 5;
    4C59 : 5;
    4C5A : 5;
    4C5B : 5;
    4C5C : 5;
    4C5D : 5;
    4C5E : 5;
    4C5F : 5;
    4C60 : 5;
    4C61 : 4;
    4C62 : 4;
    4C63 : 5;
    4C64 : 4;
    4C65 : 4;
    4C66 : 4;
    4C67 : 4;
    4C68 : 5;
    4C69 : 5;
    4C6A : 5;
    4C6B : 7;
    4C6C : 6;
    4C6D : 4;
    4C6E : 4;
    4C6F : 5;
    4C70 : 5;
    4C71 : 5;
    4C72 : 5;
    4C73 : 5;
    4C74 : 5;
    4C75 : 5;
    4C76 : 5;
    4C77 : 5;
    4C78 : 6;
    4C79 : 6;
    4C7A : 6;
    4C7B : 5;
    4C7C : 5;
    4C7D : 5;
    4C7E : 6;
    4C7F : 5;
    4C80 : 5;
    4C81 : 5;
    4C82 : 6;
    4C83 : 6;
    4C84 : 6;
    4C85 : 6;
    4C86 : 6;
    4C87 : 7;
    4C88 : 7;
    4C89 : 8;
    4C8A : 8;
    4C8B : 7;
    4C8C : 7;
    4C8D : 8;
    4C8E : 8;
    4C8F : 7;
    4C90 : 9;
    4C91 : 9;
    4C92 : 9;
    4C93 : 9;
    4C94 : 8;
    4C95 : 7;
    4C96 : 8;
    4C97 : 8;
    4C98 : 8;
    4C99 : 8;
    4C9A : 8;
    4C9B : 8;
    4C9C : 8;
    4C9D : 8;
    4C9E : 8;
    4C9F : 8;
    4CA0 : 9;
    4CA1 : A;
    4CA2 : 9;
    4CA3 : 9;
    4CA4 : 9;
    4CA5 : 8;
    4CA6 : 8;
    4CA7 : 9;
    4CA8 : 9;
    4CA9 : A;
    4CAA : A;
    4CAB : A;
    4CAC : 9;
    4CAD : 9;
    4CAE : A;
    4CAF : A;
    4CB0 : A;
    4CB1 : A;
    4CB2 : A;
    4CB3 : 9;
    4CB4 : 9;
    4CB5 : 8;
    4CB6 : 7;
    4CB7 : 6;
    4CB8 : 5;
    4CB9 : 4;
    4CBA : 4;
    4CBB : 3;
    4CBC : 4;
    4CBD : 4;
    4CBE : 4;
    4CBF : 4;
    4CC0 : 4;
    4CC1 : 3;
    4CC2 : 3;
    4CC3 : 3;
    4CC4 : 4;
    4CC5 : 7;
    4CC6 : A;
    4CC7 : B;
    4CC8 : B;
    4CC9 : B;
    4CCA : B;
    4CCB : A;
    4CCC : A;
    4CCD : A;
    4CCE : A;
    4CCF : A;
    4CD0 : B;
    4CD1 : B;
    4CD2 : B;
    4CD3 : B;
    4CD4 : A;
    4CD5 : 9;
    4CD6 : B;
    4CD7 : B;
    4CD8 : A;
    4CD9 : A;
    4CDA : 9;
    4CDB : 9;
    4CDC : 9;
    4CDD : A;
    4CDE : A;
    4CDF : B;
    4CE0 : A;
    4CE1 : A;
    4CE2 : 9;
    4CE3 : A;
    4CE4 : 9;
    4CE5 : 9;
    4CE6 : 9;
    4CE7 : 8;
    4CE8 : 9;
    4CE9 : A;
    4CEA : 9;
    4CEB : 9;
    4CEC : 9;
    4CED : 9;
    4CEE : 8;
    4CEF : 8;
    4CF0 : 9;
    4CF1 : 8;
    4CF2 : 8;
    4CF3 : 7;
    4CF4 : 6;
    4CF5 : 6;
    4CF6 : 6;
    4CF7 : 6;
    4CF8 : 6;
    4CF9 : 6;
    4CFA : 6;
    4CFB : 6;
    4CFC : 6;
    4CFD : 6;
    4CFE : 6;
    4CFF : 6;
    4D00 : 7;
    4D01 : 7;
    4D02 : 7;
    4D03 : 6;
    4D04 : 8;
    4D05 : 9;
    4D06 : 9;
    4D07 : 8;
    4D08 : 8;
    4D09 : 8;
    4D0A : 8;
    4D0B : 7;
    4D0C : 7;
    4D0D : 6;
    4D0E : 6;
    4D0F : 6;
    4D10 : 7;
    4D11 : 7;
    4D12 : 7;
    4D13 : 6;
    4D14 : 5;
    4D15 : 5;
    4D16 : 6;
    4D17 : 6;
    4D18 : 6;
    4D19 : 6;
    4D1A : 6;
    4D1B : 6;
    4D1C : 5;
    4D1D : 5;
    4D1E : 6;
    4D1F : 5;
    4D20 : 5;
    4D21 : 5;
    4D22 : 5;
    4D23 : 5;
    4D24 : 5;
    4D25 : 5;
    4D26 : 5;
    4D27 : 5;
    4D28 : 5;
    4D29 : 5;
    4D2A : 5;
    4D2B : 5;
    4D2C : 4;
    4D2D : 4;
    4D2E : 4;
    4D2F : 5;
    4D30 : 5;
    4D31 : 5;
    4D32 : 7;
    4D33 : 7;
    4D34 : 5;
    4D35 : 4;
    4D36 : 5;
    4D37 : 6;
    4D38 : 5;
    4D39 : 5;
    4D3A : 5;
    4D3B : 6;
    4D3C : 6;
    4D3D : 5;
    4D3E : 5;
    4D3F : 6;
    4D40 : 5;
    4D41 : 5;
    4D42 : 5;
    4D43 : 6;
    4D44 : 6;
    4D45 : 6;
    4D46 : 7;
    4D47 : 6;
    4D48 : 5;
    4D49 : 5;
    4D4A : 6;
    4D4B : 6;
    4D4C : 6;
    4D4D : 6;
    4D4E : 6;
    4D4F : 7;
    4D50 : 8;
    4D51 : 9;
    4D52 : 8;
    4D53 : 8;
    4D54 : 8;
    4D55 : 8;
    4D56 : 7;
    4D57 : 7;
    4D58 : 9;
    4D59 : 9;
    4D5A : 9;
    4D5B : 8;
    4D5C : 8;
    4D5D : 8;
    4D5E : 8;
    4D5F : 8;
    4D60 : 8;
    4D61 : 8;
    4D62 : 8;
    4D63 : 8;
    4D64 : 8;
    4D65 : 8;
    4D66 : 8;
    4D67 : 9;
    4D68 : B;
    4D69 : 9;
    4D6A : 9;
    4D6B : 9;
    4D6C : 9;
    4D6D : 8;
    4D6E : 8;
    4D6F : 9;
    4D70 : 9;
    4D71 : 9;
    4D72 : 9;
    4D73 : 9;
    4D74 : 9;
    4D75 : 9;
    4D76 : 9;
    4D77 : A;
    4D78 : A;
    4D79 : 9;
    4D7A : 9;
    4D7B : 9;
    4D7C : 8;
    4D7D : 6;
    4D7E : 5;
    4D7F : 5;
    4D80 : 4;
    4D81 : 4;
    4D82 : 4;
    4D83 : 4;
    4D84 : 4;
    4D85 : 4;
    4D86 : 4;
    4D87 : 4;
    4D88 : 3;
    4D89 : 3;
    4D8A : 4;
    4D8B : 7;
    4D8C : 9;
    4D8D : B;
    4D8E : C;
    4D8F : B;
    4D90 : A;
    4D91 : A;
    4D92 : A;
    4D93 : 9;
    4D94 : 9;
    4D95 : A;
    4D96 : A;
    4D97 : 9;
    4D98 : 9;
    4D99 : A;
    4D9A : A;
    4D9B : B;
    4D9C : A;
    4D9D : A;
    4D9E : A;
    4D9F : 9;
    4DA0 : 9;
    4DA1 : A;
    4DA2 : A;
    4DA3 : A;
    4DA4 : A;
    4DA5 : 9;
    4DA6 : A;
    4DA7 : A;
    4DA8 : 9;
    4DA9 : 9;
    4DAA : 9;
    4DAB : 8;
    4DAC : 9;
    4DAD : 9;
    4DAE : 9;
    4DAF : 8;
    4DB0 : 7;
    4DB1 : 9;
    4DB2 : 9;
    4DB3 : 7;
    4DB4 : 7;
    4DB5 : 8;
    4DB6 : 9;
    4DB7 : 9;
    4DB8 : 9;
    4DB9 : 8;
    4DBA : 7;
    4DBB : 6;
    4DBC : 6;
    4DBD : 7;
    4DBE : 8;
    4DBF : 8;
    4DC0 : 8;
    4DC1 : 7;
    4DC2 : 8;
    4DC3 : 8;
    4DC4 : 7;
    4DC5 : 7;
    4DC6 : 8;
    4DC7 : 8;
    4DC8 : 8;
    4DC9 : 7;
    4DCA : 7;
    4DCB : 9;
    4DCC : A;
    4DCD : 9;
    4DCE : 9;
    4DCF : 9;
    4DD0 : 8;
    4DD1 : 8;
    4DD2 : 7;
    4DD3 : 7;
    4DD4 : 6;
    4DD5 : 6;
    4DD6 : 7;
    4DD7 : 7;
    4DD8 : 8;
    4DD9 : 8;
    4DDA : 7;
    4DDB : 6;
    4DDC : 6;
    4DDD : 7;
    4DDE : 7;
    4DDF : 6;
    4DE0 : 6;
    4DE1 : 6;
    4DE2 : 6;
    4DE3 : 6;
    4DE4 : 6;
    4DE5 : 5;
    4DE6 : 5;
    4DE7 : 5;
    4DE8 : 5;
    4DE9 : 5;
    4DEA : 5;
    4DEB : 6;
    4DEC : 5;
    4DED : 5;
    4DEE : 5;
    4DEF : 5;
    4DF0 : 5;
    4DF1 : 5;
    4DF2 : 5;
    4DF3 : 5;
    4DF4 : 4;
    4DF5 : 4;
    4DF6 : 5;
    4DF7 : 5;
    4DF8 : 5;
    4DF9 : 6;
    4DFA : 7;
    4DFB : 5;
    4DFC : 5;
    4DFD : 5;
    4DFE : 5;
    4DFF : 5;
    4E00 : 5;
    4E01 : 7;
    4E02 : 7;
    4E03 : 8;
    4E04 : 8;
    4E05 : 7;
    4E06 : 7;
    4E07 : 6;
    4E08 : 7;
    4E09 : 6;
    4E0A : 5;
    4E0B : 6;
    4E0C : 6;
    4E0D : 7;
    4E0E : 7;
    4E0F : 7;
    4E10 : 6;
    4E11 : 6;
    4E12 : 6;
    4E13 : 6;
    4E14 : 7;
    4E15 : 7;
    4E16 : 5;
    4E17 : 6;
    4E18 : 7;
    4E19 : 8;
    4E1A : 8;
    4E1B : 8;
    4E1C : 8;
    4E1D : 7;
    4E1E : 8;
    4E1F : 7;
    4E20 : 9;
    4E21 : 8;
    4E22 : 8;
    4E23 : 8;
    4E24 : 8;
    4E25 : 8;
    4E26 : 8;
    4E27 : 8;
    4E28 : 8;
    4E29 : 8;
    4E2A : 8;
    4E2B : 8;
    4E2C : 8;
    4E2D : 9;
    4E2E : A;
    4E2F : A;
    4E30 : 9;
    4E31 : 8;
    4E32 : 9;
    4E33 : 9;
    4E34 : 9;
    4E35 : 9;
    4E36 : 8;
    4E37 : 8;
    4E38 : 9;
    4E39 : 9;
    4E3A : 9;
    4E3B : 9;
    4E3C : 9;
    4E3D : 9;
    4E3E : 9;
    4E3F : 9;
    4E40 : 9;
    4E41 : 9;
    4E42 : 9;
    4E43 : 7;
    4E44 : 6;
    4E45 : 5;
    4E46 : 4;
    4E47 : 4;
    4E48 : 4;
    4E49 : 4;
    4E4A : 4;
    4E4B : 4;
    4E4C : 4;
    4E4D : 4;
    4E4E : 3;
    4E4F : 3;
    4E50 : 4;
    4E51 : 7;
    4E52 : 9;
    4E53 : A;
    4E54 : A;
    4E55 : B;
    4E56 : B;
    4E57 : A;
    4E58 : A;
    4E59 : A;
    4E5A : A;
    4E5B : A;
    4E5C : A;
    4E5D : A;
    4E5E : 9;
    4E5F : 9;
    4E60 : 9;
    4E61 : A;
    4E62 : A;
    4E63 : B;
    4E64 : A;
    4E65 : B;
    4E66 : A;
    4E67 : 9;
    4E68 : 9;
    4E69 : A;
    4E6A : A;
    4E6B : A;
    4E6C : B;
    4E6D : B;
    4E6E : 9;
    4E6F : 8;
    4E70 : 8;
    4E71 : 9;
    4E72 : 9;
    4E73 : 9;
    4E74 : 9;
    4E75 : 9;
    4E76 : 8;
    4E77 : 8;
    4E78 : 7;
    4E79 : 7;
    4E7A : 8;
    4E7B : 8;
    4E7C : 8;
    4E7D : 8;
    4E7E : 8;
    4E7F : 8;
    4E80 : 8;
    4E81 : 9;
    4E82 : 8;
    4E83 : 7;
    4E84 : 8;
    4E85 : 7;
    4E86 : 8;
    4E87 : 9;
    4E88 : 9;
    4E89 : 9;
    4E8A : 9;
    4E8B : 8;
    4E8C : 9;
    4E8D : 9;
    4E8E : 8;
    4E8F : 8;
    4E90 : 8;
    4E91 : 9;
    4E92 : 9;
    4E93 : A;
    4E94 : A;
    4E95 : 9;
    4E96 : 9;
    4E97 : 8;
    4E98 : 9;
    4E99 : 9;
    4E9A : 8;
    4E9B : 7;
    4E9C : 7;
    4E9D : 8;
    4E9E : 8;
    4E9F : 8;
    4EA0 : 7;
    4EA1 : 7;
    4EA2 : 7;
    4EA3 : 6;
    4EA4 : 7;
    4EA5 : 8;
    4EA6 : 7;
    4EA7 : 7;
    4EA8 : 6;
    4EA9 : 6;
    4EAA : 6;
    4EAB : 6;
    4EAC : 6;
    4EAD : 6;
    4EAE : 5;
    4EAF : 5;
    4EB0 : 6;
    4EB1 : 6;
    4EB2 : 6;
    4EB3 : 6;
    4EB4 : 5;
    4EB5 : 5;
    4EB6 : 5;
    4EB7 : 5;
    4EB8 : 5;
    4EB9 : 5;
    4EBA : 5;
    4EBB : 5;
    4EBC : 4;
    4EBD : 5;
    4EBE : 5;
    4EBF : 5;
    4EC0 : 6;
    4EC1 : 6;
    4EC2 : 6;
    4EC3 : 5;
    4EC4 : 5;
    4EC5 : 5;
    4EC6 : 5;
    4EC7 : 5;
    4EC8 : 6;
    4EC9 : 8;
    4ECA : 9;
    4ECB : 8;
    4ECC : 8;
    4ECD : 7;
    4ECE : 7;
    4ECF : 6;
    4ED0 : 6;
    4ED1 : 7;
    4ED2 : 6;
    4ED3 : 5;
    4ED4 : 6;
    4ED5 : 6;
    4ED6 : 6;
    4ED7 : 7;
    4ED8 : 6;
    4ED9 : 6;
    4EDA : 7;
    4EDB : 6;
    4EDC : 7;
    4EDD : 7;
    4EDE : 6;
    4EDF : 6;
    4EE0 : 6;
    4EE1 : 7;
    4EE2 : 7;
    4EE3 : 7;
    4EE4 : 7;
    4EE5 : 7;
    4EE6 : 7;
    4EE7 : 7;
    4EE8 : 8;
    4EE9 : 8;
    4EEA : 8;
    4EEB : 8;
    4EEC : 8;
    4EED : 8;
    4EEE : 8;
    4EEF : 8;
    4EF0 : 8;
    4EF1 : 8;
    4EF2 : 8;
    4EF3 : 8;
    4EF4 : 8;
    4EF5 : A;
    4EF6 : A;
    4EF7 : 9;
    4EF8 : 8;
    4EF9 : A;
    4EFA : B;
    4EFB : 9;
    4EFC : 9;
    4EFD : 9;
    4EFE : 8;
    4EFF : 8;
    4F00 : 8;
    4F01 : 8;
    4F02 : 8;
    4F03 : 8;
    4F04 : 8;
    4F05 : 9;
    4F06 : 9;
    4F07 : 9;
    4F08 : 9;
    4F09 : 8;
    4F0A : 6;
    4F0B : 5;
    4F0C : 5;
    4F0D : 4;
    4F0E : 4;
    4F0F : 4;
    4F10 : 4;
    4F11 : 4;
    4F12 : 4;
    4F13 : 4;
    4F14 : 3;
    4F15 : 3;
    4F16 : 4;
    4F17 : 7;
    4F18 : A;
    4F19 : B;
    4F1A : A;
    4F1B : A;
    4F1C : A;
    4F1D : B;
    4F1E : A;
    4F1F : 9;
    4F20 : 9;
    4F21 : 9;
    4F22 : A;
    4F23 : A;
    4F24 : 9;
    4F25 : 9;
    4F26 : 9;
    4F27 : 9;
    4F28 : 9;
    4F29 : 9;
    4F2A : B;
    4F2B : A;
    4F2C : 8;
    4F2D : 9;
    4F2E : A;
    4F2F : A;
    4F30 : A;
    4F31 : A;
    4F32 : 9;
    4F33 : 9;
    4F34 : 9;
    4F35 : 9;
    4F36 : A;
    4F37 : 9;
    4F38 : 8;
    4F39 : 9;
    4F3A : A;
    4F3B : 9;
    4F3C : 8;
    4F3D : 8;
    4F3E : 8;
    4F3F : 9;
    4F40 : 9;
    4F41 : A;
    4F42 : A;
    4F43 : 9;
    4F44 : A;
    4F45 : A;
    4F46 : 9;
    4F47 : A;
    4F48 : A;
    4F49 : A;
    4F4A : 9;
    4F4B : 9;
    4F4C : 8;
    4F4D : 8;
    4F4E : 9;
    4F4F : A;
    4F50 : A;
    4F51 : A;
    4F52 : 9;
    4F53 : A;
    4F54 : A;
    4F55 : 9;
    4F56 : 9;
    4F57 : A;
    4F58 : A;
    4F59 : A;
    4F5A : B;
    4F5B : A;
    4F5C : A;
    4F5D : A;
    4F5E : A;
    4F5F : A;
    4F60 : A;
    4F61 : 9;
    4F62 : 8;
    4F63 : 9;
    4F64 : 9;
    4F65 : 8;
    4F66 : 8;
    4F67 : 7;
    4F68 : 7;
    4F69 : 7;
    4F6A : 6;
    4F6B : 7;
    4F6C : 7;
    4F6D : 8;
    4F6E : 7;
    4F6F : 7;
    4F70 : 7;
    4F71 : 7;
    4F72 : 6;
    4F73 : 6;
    4F74 : 6;
    4F75 : 6;
    4F76 : 6;
    4F77 : 6;
    4F78 : 6;
    4F79 : 6;
    4F7A : 6;
    4F7B : 6;
    4F7C : 6;
    4F7D : 6;
    4F7E : 5;
    4F7F : 5;
    4F80 : 5;
    4F81 : 5;
    4F82 : 5;
    4F83 : 4;
    4F84 : 4;
    4F85 : 5;
    4F86 : 6;
    4F87 : 6;
    4F88 : 6;
    4F89 : 6;
    4F8A : 5;
    4F8B : 5;
    4F8C : 5;
    4F8D : 5;
    4F8E : 6;
    4F8F : 6;
    4F90 : 7;
    4F91 : 9;
    4F92 : 7;
    4F93 : 7;
    4F94 : 7;
    4F95 : 6;
    4F96 : 6;
    4F97 : 5;
    4F98 : 5;
    4F99 : 6;
    4F9A : 6;
    4F9B : 5;
    4F9C : 6;
    4F9D : 6;
    4F9E : 6;
    4F9F : 6;
    4FA0 : 6;
    4FA1 : 6;
    4FA2 : 7;
    4FA3 : 6;
    4FA4 : 6;
    4FA5 : 6;
    4FA6 : 6;
    4FA7 : 6;
    4FA8 : 6;
    4FA9 : 6;
    4FAA : 6;
    4FAB : 6;
    4FAC : 6;
    4FAD : 6;
    4FAE : 7;
    4FAF : 7;
    4FB0 : 8;
    4FB1 : 8;
    4FB2 : 8;
    4FB3 : 8;
    4FB4 : 8;
    4FB5 : 8;
    4FB6 : 8;
    4FB7 : 8;
    4FB8 : 8;
    4FB9 : 8;
    4FBA : 8;
    4FBB : 9;
    4FBC : A;
    4FBD : A;
    4FBE : 9;
    4FBF : 8;
    4FC0 : 9;
    4FC1 : A;
    4FC2 : 9;
    4FC3 : 9;
    4FC4 : 9;
    4FC5 : 9;
    4FC6 : 9;
    4FC7 : 9;
    4FC8 : 9;
    4FC9 : 8;
    4FCA : 8;
    4FCB : 8;
    4FCC : 8;
    4FCD : 8;
    4FCE : 9;
    4FCF : 9;
    4FD0 : 7;
    4FD1 : 6;
    4FD2 : 5;
    4FD3 : 4;
    4FD4 : 4;
    4FD5 : 4;
    4FD6 : 4;
    4FD7 : 5;
    4FD8 : 4;
    4FD9 : 4;
    4FDA : 3;
    4FDB : 3;
    4FDC : 5;
    4FDD : 8;
    4FDE : 9;
    4FDF : A;
    4FE0 : B;
    4FE1 : A;
    4FE2 : A;
    4FE3 : A;
    4FE4 : A;
    4FE5 : 9;
    4FE6 : 9;
    4FE7 : 9;
    4FE8 : 9;
    4FE9 : 9;
    4FEA : A;
    4FEB : 9;
    4FEC : 9;
    4FED : 9;
    4FEE : 8;
    4FEF : 8;
    4FF0 : 9;
    4FF1 : B;
    4FF2 : A;
    4FF3 : 9;
    4FF4 : 9;
    4FF5 : 9;
    4FF6 : A;
    4FF7 : A;
    4FF8 : 9;
    4FF9 : A;
    4FFA : 9;
    4FFB : 9;
    4FFC : 8;
    4FFD : 8;
    4FFE : 9;
    4FFF : 9;
    5000 : A;
    5001 : A;
    5002 : 9;
    5003 : A;
    5004 : B;
    5005 : A;
    5006 : A;
    5007 : A;
    5008 : A;
    5009 : A;
    500A : 8;
    500B : A;
    500C : A;
    500D : A;
    500E : A;
    500F : A;
    5010 : A;
    5011 : A;
    5012 : 9;
    5013 : 9;
    5014 : 9;
    5015 : A;
    5016 : A;
    5017 : B;
    5018 : 9;
    5019 : 9;
    501A : 8;
    501B : A;
    501C : A;
    501D : A;
    501E : B;
    501F : B;
    5020 : B;
    5021 : B;
    5022 : B;
    5023 : B;
    5024 : A;
    5025 : A;
    5026 : A;
    5027 : 9;
    5028 : 8;
    5029 : 8;
    502A : 8;
    502B : 8;
    502C : 8;
    502D : 7;
    502E : 7;
    502F : 7;
    5030 : 7;
    5031 : 7;
    5032 : 7;
    5033 : 7;
    5034 : 7;
    5035 : 7;
    5036 : 6;
    5037 : 7;
    5038 : 7;
    5039 : 7;
    503A : 8;
    503B : 8;
    503C : 7;
    503D : 7;
    503E : 7;
    503F : 7;
    5040 : 7;
    5041 : 6;
    5042 : 6;
    5043 : 6;
    5044 : 6;
    5045 : 6;
    5046 : 6;
    5047 : 5;
    5048 : 5;
    5049 : 5;
    504A : 5;
    504B : 5;
    504C : 5;
    504D : 6;
    504E : 6;
    504F : 6;
    5050 : 6;
    5051 : 6;
    5052 : 5;
    5053 : 5;
    5054 : 6;
    5055 : 7;
    5056 : 6;
    5057 : 6;
    5058 : 6;
    5059 : 7;
    505A : 6;
    505B : 5;
    505C : 4;
    505D : 5;
    505E : 5;
    505F : 5;
    5060 : 6;
    5061 : 6;
    5062 : 6;
    5063 : 5;
    5064 : 6;
    5065 : 6;
    5066 : 6;
    5067 : 7;
    5068 : 6;
    5069 : 6;
    506A : 6;
    506B : 6;
    506C : 6;
    506D : 5;
    506E : 6;
    506F : 6;
    5070 : 5;
    5071 : 5;
    5072 : 5;
    5073 : 5;
    5074 : 5;
    5075 : 6;
    5076 : 6;
    5077 : 6;
    5078 : 8;
    5079 : 8;
    507A : 8;
    507B : 8;
    507C : 8;
    507D : 8;
    507E : 8;
    507F : 8;
    5080 : 8;
    5081 : 8;
    5082 : A;
    5083 : A;
    5084 : 9;
    5085 : 8;
    5086 : 8;
    5087 : 9;
    5088 : 9;
    5089 : 8;
    508A : 8;
    508B : 9;
    508C : 9;
    508D : 9;
    508E : 9;
    508F : 9;
    5090 : 9;
    5091 : 9;
    5092 : 9;
    5093 : 8;
    5094 : 8;
    5095 : 9;
    5096 : 8;
    5097 : 6;
    5098 : 5;
    5099 : 4;
    509A : 4;
    509B : 4;
    509C : 5;
    509D : 5;
    509E : 5;
    509F : 4;
    50A0 : 3;
    50A1 : 3;
    50A2 : 5;
    50A3 : 8;
    50A4 : B;
    50A5 : B;
    50A6 : B;
    50A7 : A;
    50A8 : A;
    50A9 : A;
    50AA : A;
    50AB : 9;
    50AC : 9;
    50AD : 9;
    50AE : 9;
    50AF : 9;
    50B0 : A;
    50B1 : A;
    50B2 : A;
    50B3 : A;
    50B4 : 9;
    50B5 : 8;
    50B6 : 8;
    50B7 : 9;
    50B8 : 9;
    50B9 : A;
    50BA : 8;
    50BB : 9;
    50BC : 9;
    50BD : 8;
    50BE : 9;
    50BF : A;
    50C0 : A;
    50C1 : A;
    50C2 : A;
    50C3 : 9;
    50C4 : 8;
    50C5 : 8;
    50C6 : 8;
    50C7 : 9;
    50C8 : 9;
    50C9 : 9;
    50CA : A;
    50CB : B;
    50CC : A;
    50CD : A;
    50CE : A;
    50CF : A;
    50D0 : A;
    50D1 : 9;
    50D2 : 9;
    50D3 : A;
    50D4 : A;
    50D5 : A;
    50D6 : A;
    50D7 : 9;
    50D8 : 9;
    50D9 : 8;
    50DA : 9;
    50DB : 9;
    50DC : A;
    50DD : A;
    50DE : A;
    50DF : 8;
    50E0 : 7;
    50E1 : 8;
    50E2 : 9;
    50E3 : A;
    50E4 : A;
    50E5 : A;
    50E6 : 9;
    50E7 : 9;
    50E8 : 9;
    50E9 : 8;
    50EA : 9;
    50EB : 9;
    50EC : 9;
    50ED : 8;
    50EE : 8;
    50EF : 7;
    50F0 : 7;
    50F1 : 8;
    50F2 : 7;
    50F3 : 7;
    50F4 : 7;
    50F5 : 6;
    50F6 : 6;
    50F7 : 7;
    50F8 : 6;
    50F9 : 6;
    50FA : 6;
    50FB : 7;
    50FC : 8;
    50FD : 7;
    50FE : 7;
    50FF : 8;
    5100 : 7;
    5101 : 7;
    5102 : 7;
    5103 : 7;
    5104 : 7;
    5105 : 6;
    5106 : 6;
    5107 : 7;
    5108 : 7;
    5109 : 6;
    510A : 6;
    510B : 6;
    510C : 6;
    510D : 6;
    510E : 6;
    510F : 6;
    5110 : 5;
    5111 : 5;
    5112 : 5;
    5113 : 5;
    5114 : 5;
    5115 : 6;
    5116 : 6;
    5117 : 5;
    5118 : 6;
    5119 : 6;
    511A : 5;
    511B : 7;
    511C : 7;
    511D : 6;
    511E : 6;
    511F : 6;
    5120 : 7;
    5121 : 9;
    5122 : 8;
    5123 : 7;
    5124 : 5;
    5125 : 5;
    5126 : 6;
    5127 : 6;
    5128 : 7;
    5129 : 6;
    512A : 6;
    512B : 6;
    512C : 7;
    512D : 6;
    512E : 6;
    512F : 7;
    5130 : 6;
    5131 : 6;
    5132 : 6;
    5133 : 6;
    5134 : 7;
    5135 : 6;
    5136 : 6;
    5137 : 6;
    5138 : 5;
    5139 : 6;
    513A : 6;
    513B : 5;
    513C : 6;
    513D : 5;
    513E : 5;
    513F : 5;
    5140 : 8;
    5141 : 8;
    5142 : 8;
    5143 : 8;
    5144 : 8;
    5145 : 8;
    5146 : 8;
    5147 : 8;
    5148 : 9;
    5149 : A;
    514A : A;
    514B : 9;
    514C : 9;
    514D : 9;
    514E : 9;
    514F : 9;
    5150 : 8;
    5151 : 8;
    5152 : 8;
    5153 : 9;
    5154 : 9;
    5155 : 9;
    5156 : 9;
    5157 : 9;
    5158 : 9;
    5159 : 9;
    515A : A;
    515B : A;
    515C : 9;
    515D : 7;
    515E : 6;
    515F : 5;
    5160 : 4;
    5161 : 5;
    5162 : 5;
    5163 : 5;
    5164 : 5;
    5165 : 4;
    5166 : 3;
    5167 : 4;
    5168 : 5;
    5169 : 8;
    516A : 9;
    516B : 9;
    516C : A;
    516D : A;
    516E : A;
    516F : 9;
    5170 : 9;
    5171 : A;
    5172 : 9;
    5173 : 9;
    5174 : A;
    5175 : 9;
    5176 : 9;
    5177 : A;
    5178 : A;
    5179 : 9;
    517A : 9;
    517B : 9;
    517C : 8;
    517D : 8;
    517E : 9;
    517F : 9;
    5180 : 9;
    5181 : 9;
    5182 : 8;
    5183 : 8;
    5184 : 8;
    5185 : 8;
    5186 : 9;
    5187 : A;
    5188 : A;
    5189 : B;
    518A : B;
    518B : B;
    518C : A;
    518D : A;
    518E : A;
    518F : A;
    5190 : 9;
    5191 : 9;
    5192 : 9;
    5193 : 9;
    5194 : 9;
    5195 : 9;
    5196 : A;
    5197 : A;
    5198 : A;
    5199 : A;
    519A : A;
    519B : 9;
    519C : A;
    519D : 9;
    519E : 9;
    519F : 9;
    51A0 : A;
    51A1 : B;
    51A2 : A;
    51A3 : A;
    51A4 : A;
    51A5 : 8;
    51A6 : 7;
    51A7 : 6;
    51A8 : 8;
    51A9 : 9;
    51AA : 9;
    51AB : A;
    51AC : A;
    51AD : 9;
    51AE : 8;
    51AF : 9;
    51B0 : 8;
    51B1 : 7;
    51B2 : 7;
    51B3 : 7;
    51B4 : 7;
    51B5 : 7;
    51B6 : 7;
    51B7 : 7;
    51B8 : 7;
    51B9 : 6;
    51BA : 6;
    51BB : 7;
    51BC : 6;
    51BD : 6;
    51BE : 6;
    51BF : 6;
    51C0 : 6;
    51C1 : 6;
    51C2 : 7;
    51C3 : 8;
    51C4 : 7;
    51C5 : 7;
    51C6 : 7;
    51C7 : 7;
    51C8 : 8;
    51C9 : 7;
    51CA : 7;
    51CB : 6;
    51CC : 7;
    51CD : 7;
    51CE : 8;
    51CF : 8;
    51D0 : 7;
    51D1 : 7;
    51D2 : 6;
    51D3 : 6;
    51D4 : 6;
    51D5 : 6;
    51D6 : 6;
    51D7 : 6;
    51D8 : 5;
    51D9 : 5;
    51DA : 5;
    51DB : 5;
    51DC : 5;
    51DD : 5;
    51DE : 6;
    51DF : 5;
    51E0 : 6;
    51E1 : 5;
    51E2 : 5;
    51E3 : 7;
    51E4 : 6;
    51E5 : 4;
    51E6 : 6;
    51E7 : 8;
    51E8 : 8;
    51E9 : 6;
    51EA : 6;
    51EB : 7;
    51EC : 5;
    51ED : 6;
    51EE : 6;
    51EF : 6;
    51F0 : 7;
    51F1 : 6;
    51F2 : 6;
    51F3 : 6;
    51F4 : 7;
    51F5 : 6;
    51F6 : 6;
    51F7 : 6;
    51F8 : 5;
    51F9 : 5;
    51FA : 5;
    51FB : 6;
    51FC : 6;
    51FD : 6;
    51FE : 6;
    51FF : 6;
    5200 : 5;
    5201 : 6;
    5202 : 6;
    5203 : 6;
    5204 : 6;
    5205 : 6;
    5206 : 5;
    5207 : 5;
    5208 : 8;
    5209 : 8;
    520A : 8;
    520B : 8;
    520C : 8;
    520D : 8;
    520E : 8;
    520F : 9;
    5210 : A;
    5211 : 9;
    5212 : A;
    5213 : A;
    5214 : 9;
    5215 : 9;
    5216 : 9;
    5217 : 9;
    5218 : 8;
    5219 : 8;
    521A : 8;
    521B : 9;
    521C : 8;
    521D : 9;
    521E : 9;
    521F : 9;
    5220 : 9;
    5221 : A;
    5222 : A;
    5223 : 8;
    5224 : 6;
    5225 : 5;
    5226 : 5;
    5227 : 5;
    5228 : 5;
    5229 : 5;
    522A : 5;
    522B : 4;
    522C : 3;
    522D : 4;
    522E : 6;
    522F : 8;
    5230 : 9;
    5231 : A;
    5232 : 9;
    5233 : 8;
    5234 : 8;
    5235 : A;
    5236 : A;
    5237 : A;
    5238 : A;
    5239 : 9;
    523A : 9;
    523B : A;
    523C : 9;
    523D : 8;
    523E : 8;
    523F : 9;
    5240 : 9;
    5241 : 9;
    5242 : 9;
    5243 : 9;
    5244 : 8;
    5245 : 9;
    5246 : 9;
    5247 : 9;
    5248 : 8;
    5249 : 8;
    524A : 8;
    524B : 9;
    524C : 9;
    524D : 9;
    524E : A;
    524F : A;
    5250 : A;
    5251 : B;
    5252 : B;
    5253 : C;
    5254 : C;
    5255 : C;
    5256 : C;
    5257 : B;
    5258 : B;
    5259 : B;
    525A : B;
    525B : 9;
    525C : 9;
    525D : 9;
    525E : A;
    525F : 9;
    5260 : A;
    5261 : 9;
    5262 : 9;
    5263 : A;
    5264 : A;
    5265 : A;
    5266 : 9;
    5267 : A;
    5268 : B;
    5269 : 9;
    526A : 8;
    526B : 9;
    526C : A;
    526D : 9;
    526E : 8;
    526F : 9;
    5270 : 9;
    5271 : 9;
    5272 : 8;
    5273 : 9;
    5274 : 9;
    5275 : 9;
    5276 : 8;
    5277 : 7;
    5278 : 7;
    5279 : 6;
    527A : 6;
    527B : 5;
    527C : 5;
    527D : 5;
    527E : 5;
    527F : 6;
    5280 : 6;
    5281 : 6;
    5282 : 6;
    5283 : 6;
    5284 : 6;
    5285 : 6;
    5286 : 6;
    5287 : 6;
    5288 : 7;
    5289 : 8;
    528A : 8;
    528B : 7;
    528C : 6;
    528D : 6;
    528E : 7;
    528F : 7;
    5290 : 7;
    5291 : 7;
    5292 : 7;
    5293 : 7;
    5294 : 7;
    5295 : 7;
    5296 : 7;
    5297 : 7;
    5298 : 7;
    5299 : 6;
    529A : 7;
    529B : 6;
    529C : 6;
    529D : 5;
    529E : 6;
    529F : 5;
    52A0 : 5;
    52A1 : 5;
    52A2 : 5;
    52A3 : 5;
    52A4 : 5;
    52A5 : 7;
    52A6 : 7;
    52A7 : 6;
    52A8 : 6;
    52A9 : 4;
    52AA : 5;
    52AB : 6;
    52AC : 5;
    52AD : 5;
    52AE : 5;
    52AF : 5;
    52B0 : 6;
    52B1 : 6;
    52B2 : 6;
    52B3 : 5;
    52B4 : 6;
    52B5 : 6;
    52B6 : 6;
    52B7 : 6;
    52B8 : 6;
    52B9 : 6;
    52BA : 5;
    52BB : 6;
    52BC : 7;
    52BD : 6;
    52BE : 5;
    52BF : 5;
    52C0 : 6;
    52C1 : 5;
    52C2 : 6;
    52C3 : 6;
    52C4 : 6;
    52C5 : 6;
    52C6 : 6;
    52C7 : 6;
    52C8 : 6;
    52C9 : 5;
    52CA : 5;
    52CB : 6;
    52CC : 6;
    52CD : 6;
    52CE : 6;
    52CF : 6;
    52D0 : 8;
    52D1 : 8;
    52D2 : 8;
    52D3 : 8;
    52D4 : 8;
    52D5 : 8;
    52D6 : 9;
    52D7 : A;
    52D8 : 8;
    52D9 : 8;
    52DA : A;
    52DB : 9;
    52DC : 9;
    52DD : 9;
    52DE : 8;
    52DF : 8;
    52E0 : 8;
    52E1 : 8;
    52E2 : 8;
    52E3 : 8;
    52E4 : 9;
    52E5 : 9;
    52E6 : 8;
    52E7 : 9;
    52E8 : A;
    52E9 : 9;
    52EA : 7;
    52EB : 5;
    52EC : 5;
    52ED : 5;
    52EE : 5;
    52EF : 5;
    52F0 : 5;
    52F1 : 4;
    52F2 : 3;
    52F3 : 4;
    52F4 : 6;
    52F5 : 8;
    52F6 : 9;
    52F7 : 9;
    52F8 : A;
    52F9 : 9;
    52FA : 8;
    52FB : 8;
    52FC : 7;
    52FD : 9;
    52FE : A;
    52FF : A;
    5300 : 9;
    5301 : 9;
    5302 : 8;
    5303 : 8;
    5304 : 8;
    5305 : 8;
    5306 : 8;
    5307 : 8;
    5308 : 9;
    5309 : 9;
    530A : 9;
    530B : 9;
    530C : 9;
    530D : 9;
    530E : 9;
    530F : 9;
    5310 : A;
    5311 : A;
    5312 : A;
    5313 : A;
    5314 : B;
    5315 : B;
    5316 : B;
    5317 : B;
    5318 : B;
    5319 : B;
    531A : B;
    531B : B;
    531C : B;
    531D : B;
    531E : B;
    531F : B;
    5320 : B;
    5321 : B;
    5322 : A;
    5323 : A;
    5324 : A;
    5325 : B;
    5326 : 9;
    5327 : 9;
    5328 : 9;
    5329 : 7;
    532A : A;
    532B : A;
    532C : 9;
    532D : 7;
    532E : 8;
    532F : 9;
    5330 : 7;
    5331 : 6;
    5332 : 6;
    5333 : 9;
    5334 : 9;
    5335 : 9;
    5336 : A;
    5337 : 9;
    5338 : 8;
    5339 : 8;
    533A : 7;
    533B : 7;
    533C : 7;
    533D : 8;
    533E : 7;
    533F : 7;
    5340 : 6;
    5341 : 5;
    5342 : 6;
    5343 : 5;
    5344 : 5;
    5345 : 5;
    5346 : 6;
    5347 : 6;
    5348 : 6;
    5349 : 6;
    534A : 6;
    534B : 7;
    534C : 6;
    534D : 6;
    534E : 6;
    534F : 6;
    5350 : 7;
    5351 : 7;
    5352 : 6;
    5353 : 6;
    5354 : 6;
    5355 : 6;
    5356 : 6;
    5357 : 6;
    5358 : 6;
    5359 : 7;
    535A : 7;
    535B : 6;
    535C : 6;
    535D : 7;
    535E : 7;
    535F : 6;
    5360 : 6;
    5361 : 6;
    5362 : 6;
    5363 : 6;
    5364 : 6;
    5365 : 5;
    5366 : 5;
    5367 : 5;
    5368 : 5;
    5369 : 5;
    536A : 6;
    536B : 7;
    536C : 6;
    536D : 7;
    536E : 6;
    536F : 5;
    5370 : 5;
    5371 : 4;
    5372 : 4;
    5373 : 6;
    5374 : 6;
    5375 : 6;
    5376 : 6;
    5377 : 6;
    5378 : 6;
    5379 : 6;
    537A : 5;
    537B : 5;
    537C : 6;
    537D : 6;
    537E : 6;
    537F : 6;
    5380 : 6;
    5381 : 6;
    5382 : 6;
    5383 : 6;
    5384 : 6;
    5385 : 6;
    5386 : 5;
    5387 : 5;
    5388 : 5;
    5389 : 6;
    538A : 6;
    538B : 6;
    538C : 6;
    538D : 6;
    538E : 6;
    538F : 6;
    5390 : 6;
    5391 : 5;
    5392 : 5;
    5393 : 6;
    5394 : 6;
    5395 : 6;
    5396 : 6;
    5397 : 6;
    5398 : 8;
    5399 : 8;
    539A : 8;
    539B : 8;
    539C : 8;
    539D : 9;
    539E : B;
    539F : A;
    53A0 : 8;
    53A1 : 9;
    53A2 : 9;
    53A3 : 8;
    53A4 : 8;
    53A5 : 8;
    53A6 : 8;
    53A7 : 8;
    53A8 : 8;
    53A9 : 8;
    53AA : 8;
    53AB : 8;
    53AC : 8;
    53AD : 9;
    53AE : A;
    53AF : 9;
    53B0 : 7;
    53B1 : 6;
    53B2 : 5;
    53B3 : 5;
    53B4 : 5;
    53B5 : 6;
    53B6 : 5;
    53B7 : 4;
    53B8 : 3;
    53B9 : 4;
    53BA : 7;
    53BB : 9;
    53BC : A;
    53BD : 9;
    53BE : 8;
    53BF : 8;
    53C0 : 9;
    53C1 : 8;
    53C2 : 9;
    53C3 : 9;
    53C4 : 9;
    53C5 : 9;
    53C6 : 9;
    53C7 : A;
    53C8 : A;
    53C9 : A;
    53CA : 9;
    53CB : 9;
    53CC : 9;
    53CD : 9;
    53CE : 9;
    53CF : 9;
    53D0 : A;
    53D1 : A;
    53D2 : A;
    53D3 : A;
    53D4 : A;
    53D5 : A;
    53D6 : B;
    53D7 : B;
    53D8 : C;
    53D9 : B;
    53DA : B;
    53DB : B;
    53DC : B;
    53DD : B;
    53DE : A;
    53DF : B;
    53E0 : A;
    53E1 : A;
    53E2 : A;
    53E3 : A;
    53E4 : A;
    53E5 : A;
    53E6 : A;
    53E7 : A;
    53E8 : 9;
    53E9 : 8;
    53EA : 8;
    53EB : A;
    53EC : B;
    53ED : A;
    53EE : 9;
    53EF : 9;
    53F0 : 8;
    53F1 : A;
    53F2 : B;
    53F3 : 8;
    53F4 : 6;
    53F5 : 8;
    53F6 : 9;
    53F7 : 6;
    53F8 : 5;
    53F9 : 6;
    53FA : 7;
    53FB : 9;
    53FC : 9;
    53FD : 9;
    53FE : 9;
    53FF : 8;
    5400 : 7;
    5401 : 7;
    5402 : 7;
    5403 : 6;
    5404 : 6;
    5405 : 7;
    5406 : 8;
    5407 : 7;
    5408 : 6;
    5409 : 6;
    540A : 5;
    540B : 6;
    540C : 6;
    540D : 7;
    540E : 7;
    540F : 7;
    5410 : 7;
    5411 : 7;
    5412 : 7;
    5413 : 7;
    5414 : 7;
    5415 : 7;
    5416 : 6;
    5417 : 7;
    5418 : 7;
    5419 : 6;
    541A : 6;
    541B : 6;
    541C : 6;
    541D : 6;
    541E : 6;
    541F : 6;
    5420 : 7;
    5421 : 6;
    5422 : 6;
    5423 : 6;
    5424 : 7;
    5425 : 7;
    5426 : 7;
    5427 : 7;
    5428 : 7;
    5429 : 6;
    542A : 6;
    542B : 6;
    542C : 6;
    542D : 5;
    542E : 5;
    542F : 6;
    5430 : 6;
    5431 : 5;
    5432 : 6;
    5433 : 6;
    5434 : 7;
    5435 : 8;
    5436 : 8;
    5437 : 6;
    5438 : 5;
    5439 : 6;
    543A : 7;
    543B : 7;
    543C : 8;
    543D : 6;
    543E : 5;
    543F : 5;
    5440 : 6;
    5441 : 6;
    5442 : 6;
    5443 : 6;
    5444 : 7;
    5445 : 7;
    5446 : 6;
    5447 : 6;
    5448 : 7;
    5449 : 8;
    544A : 7;
    544B : 7;
    544C : 6;
    544D : 6;
    544E : 5;
    544F : 5;
    5450 : 5;
    5451 : 6;
    5452 : 6;
    5453 : 6;
    5454 : 6;
    5455 : 6;
    5456 : 6;
    5457 : 6;
    5458 : 6;
    5459 : 5;
    545A : 5;
    545B : 6;
    545C : 6;
    545D : 6;
    545E : 6;
    545F : 6;
    5460 : 8;
    5461 : 8;
    5462 : 8;
    5463 : 8;
    5464 : 8;
    5465 : 9;
    5466 : A;
    5467 : 9;
    5468 : 8;
    5469 : 8;
    546A : 8;
    546B : 8;
    546C : 8;
    546D : 8;
    546E : 8;
    546F : 8;
    5470 : 8;
    5471 : 8;
    5472 : 8;
    5473 : 8;
    5474 : A;
    5475 : A;
    5476 : 8;
    5477 : 6;
    5478 : 5;
    5479 : 5;
    547A : 5;
    547B : 6;
    547C : 5;
    547D : 4;
    547E : 3;
    547F : 5;
    5480 : 7;
    5481 : 8;
    5482 : A;
    5483 : B;
    5484 : A;
    5485 : A;
    5486 : 9;
    5487 : 9;
    5488 : A;
    5489 : 9;
    548A : 9;
    548B : A;
    548C : B;
    548D : A;
    548E : A;
    548F : A;
    5490 : A;
    5491 : B;
    5492 : B;
    5493 : A;
    5494 : B;
    5495 : B;
    5496 : B;
    5497 : B;
    5498 : B;
    5499 : B;
    549A : B;
    549B : A;
    549C : A;
    549D : A;
    549E : A;
    549F : B;
    54A0 : B;
    54A1 : B;
    54A2 : A;
    54A3 : A;
    54A4 : B;
    54A5 : A;
    54A6 : B;
    54A7 : B;
    54A8 : A;
    54A9 : A;
    54AA : A;
    54AB : A;
    54AC : A;
    54AD : 9;
    54AE : 9;
    54AF : 8;
    54B0 : 7;
    54B1 : 7;
    54B2 : 9;
    54B3 : A;
    54B4 : 9;
    54B5 : 8;
    54B6 : 9;
    54B7 : 8;
    54B8 : A;
    54B9 : B;
    54BA : 8;
    54BB : 8;
    54BC : 8;
    54BD : A;
    54BE : 8;
    54BF : 7;
    54C0 : 7;
    54C1 : 7;
    54C2 : 6;
    54C3 : 8;
    54C4 : 9;
    54C5 : 9;
    54C6 : 8;
    54C7 : 8;
    54C8 : 7;
    54C9 : 7;
    54CA : 6;
    54CB : 6;
    54CC : 6;
    54CD : 7;
    54CE : 7;
    54CF : 7;
    54D0 : 6;
    54D1 : 6;
    54D2 : 7;
    54D3 : 6;
    54D4 : 6;
    54D5 : 7;
    54D6 : 8;
    54D7 : 7;
    54D8 : 7;
    54D9 : 7;
    54DA : 7;
    54DB : 7;
    54DC : 7;
    54DD : 7;
    54DE : 8;
    54DF : 8;
    54E0 : 7;
    54E1 : 6;
    54E2 : 6;
    54E3 : 6;
    54E4 : 6;
    54E5 : 6;
    54E6 : 6;
    54E7 : 7;
    54E8 : 6;
    54E9 : 6;
    54EA : 6;
    54EB : 6;
    54EC : 7;
    54ED : 7;
    54EE : 7;
    54EF : 7;
    54F0 : 7;
    54F1 : 6;
    54F2 : 7;
    54F3 : 8;
    54F4 : 8;
    54F5 : 7;
    54F6 : 6;
    54F7 : 6;
    54F8 : 5;
    54F9 : 5;
    54FA : 5;
    54FB : 6;
    54FC : 7;
    54FD : 6;
    54FE : 6;
    54FF : 6;
    5500 : 8;
    5501 : 9;
    5502 : 8;
    5503 : 7;
    5504 : 7;
    5505 : 5;
    5506 : 6;
    5507 : 7;
    5508 : 8;
    5509 : 7;
    550A : 6;
    550B : 7;
    550C : 8;
    550D : 7;
    550E : 6;
    550F : 8;
    5510 : 7;
    5511 : 7;
    5512 : 6;
    5513 : 6;
    5514 : 6;
    5515 : 6;
    5516 : 5;
    5517 : 5;
    5518 : 6;
    5519 : 6;
    551A : 7;
    551B : 7;
    551C : 6;
    551D : 6;
    551E : 6;
    551F : 6;
    5520 : 6;
    5521 : 5;
    5522 : 5;
    5523 : 6;
    5524 : 6;
    5525 : 6;
    5526 : 5;
    5527 : 6;
    5528 : 9;
    5529 : 9;
    552A : 9;
    552B : 8;
    552C : 9;
    552D : A;
    552E : 9;
    552F : 9;
    5530 : 9;
    5531 : 8;
    5532 : 8;
    5533 : 8;
    5534 : 8;
    5535 : 8;
    5536 : 8;
    5537 : 8;
    5538 : 8;
    5539 : 8;
    553A : 9;
    553B : A;
    553C : 9;
    553D : 7;
    553E : 5;
    553F : 5;
    5540 : 6;
    5541 : 6;
    5542 : 5;
    5543 : 4;
    5544 : 4;
    5545 : 5;
    5546 : 8;
    5547 : 8;
    5548 : 8;
    5549 : 9;
    554A : 9;
    554B : 9;
    554C : A;
    554D : A;
    554E : A;
    554F : A;
    5550 : A;
    5551 : 9;
    5552 : 9;
    5553 : A;
    5554 : A;
    5555 : A;
    5556 : 9;
    5557 : 8;
    5558 : A;
    5559 : B;
    555A : A;
    555B : A;
    555C : A;
    555D : A;
    555E : B;
    555F : C;
    5560 : B;
    5561 : B;
    5562 : B;
    5563 : A;
    5564 : A;
    5565 : A;
    5566 : A;
    5567 : A;
    5568 : A;
    5569 : 9;
    556A : 9;
    556B : A;
    556C : B;
    556D : B;
    556E : B;
    556F : A;
    5570 : A;
    5571 : A;
    5572 : 9;
    5573 : 9;
    5574 : 9;
    5575 : 8;
    5576 : 8;
    5577 : 7;
    5578 : 7;
    5579 : 8;
    557A : 8;
    557B : 8;
    557C : 8;
    557D : 9;
    557E : 9;
    557F : A;
    5580 : A;
    5581 : 7;
    5582 : 7;
    5583 : 7;
    5584 : 9;
    5585 : 8;
    5586 : 6;
    5587 : 7;
    5588 : 8;
    5589 : 8;
    558A : 7;
    558B : 8;
    558C : A;
    558D : 9;
    558E : 8;
    558F : 7;
    5590 : 6;
    5591 : 6;
    5592 : 6;
    5593 : 7;
    5594 : 8;
    5595 : 8;
    5596 : 8;
    5597 : 8;
    5598 : 8;
    5599 : 8;
    559A : 8;
    559B : 8;
    559C : 8;
    559D : 8;
    559E : 9;
    559F : 8;
    55A0 : 8;
    55A1 : 7;
    55A2 : 7;
    55A3 : 8;
    55A4 : 8;
    55A5 : 8;
    55A6 : 8;
    55A7 : 7;
    55A8 : 6;
    55A9 : 6;
    55AA : 6;
    55AB : 6;
    55AC : 6;
    55AD : 7;
    55AE : 9;
    55AF : 9;
    55B0 : 8;
    55B1 : 8;
    55B2 : 7;
    55B3 : 7;
    55B4 : 8;
    55B5 : 7;
    55B6 : 7;
    55B7 : 8;
    55B8 : 7;
    55B9 : 6;
    55BA : 7;
    55BB : 8;
    55BC : 9;
    55BD : 9;
    55BE : 7;
    55BF : 5;
    55C0 : 6;
    55C1 : 7;
    55C2 : 8;
    55C3 : 8;
    55C4 : 7;
    55C5 : 6;
    55C6 : 6;
    55C7 : 7;
    55C8 : 8;
    55C9 : 7;
    55CA : 7;
    55CB : 7;
    55CC : 7;
    55CD : 6;
    55CE : 8;
    55CF : 8;
    55D0 : 7;
    55D1 : 6;
    55D2 : 7;
    55D3 : 7;
    55D4 : 7;
    55D5 : 6;
    55D6 : 6;
    55D7 : 7;
    55D8 : 7;
    55D9 : 7;
    55DA : 7;
    55DB : 7;
    55DC : 6;
    55DD : 6;
    55DE : 6;
    55DF : 6;
    55E0 : 6;
    55E1 : 6;
    55E2 : 6;
    55E3 : 6;
    55E4 : 6;
    55E5 : 6;
    55E6 : 6;
    55E7 : 6;
    55E8 : 6;
    55E9 : 6;
    55EA : 6;
    55EB : 7;
    55EC : 6;
    55ED : 7;
    55EE : 7;
    55EF : 7;
    55F0 : 9;
    55F1 : 9;
    55F2 : 8;
    55F3 : 9;
    55F4 : 9;
    55F5 : 9;
    55F6 : 8;
    55F7 : 9;
    55F8 : 9;
    55F9 : 9;
    55FA : 9;
    55FB : 8;
    55FC : 8;
    55FD : 8;
    55FE : 8;
    55FF : 8;
    5600 : 8;
    5601 : A;
    5602 : A;
    5603 : 7;
    5604 : 6;
    5605 : 5;
    5606 : 6;
    5607 : 6;
    5608 : 5;
    5609 : 4;
    560A : 4;
    560B : 6;
    560C : 8;
    560D : 9;
    560E : 9;
    560F : 9;
    5610 : 9;
    5611 : 9;
    5612 : 8;
    5613 : 8;
    5614 : 8;
    5615 : 8;
    5616 : 9;
    5617 : A;
    5618 : 9;
    5619 : 8;
    561A : 9;
    561B : A;
    561C : 9;
    561D : 9;
    561E : 8;
    561F : 9;
    5620 : B;
    5621 : A;
    5622 : A;
    5623 : B;
    5624 : A;
    5625 : B;
    5626 : C;
    5627 : A;
    5628 : A;
    5629 : B;
    562A : B;
    562B : B;
    562C : B;
    562D : B;
    562E : B;
    562F : B;
    5630 : A;
    5631 : A;
    5632 : A;
    5633 : A;
    5634 : A;
    5635 : A;
    5636 : 8;
    5637 : 7;
    5638 : 8;
    5639 : 8;
    563A : 8;
    563B : 8;
    563C : 8;
    563D : 8;
    563E : 8;
    563F : 8;
    5640 : 8;
    5641 : 8;
    5642 : 9;
    5643 : 9;
    5644 : 9;
    5645 : 8;
    5646 : 8;
    5647 : 9;
    5648 : 7;
    5649 : 7;
    564A : 7;
    564B : 7;
    564C : 7;
    564D : 6;
    564E : 6;
    564F : 7;
    5650 : 8;
    5651 : 9;
    5652 : 8;
    5653 : 9;
    5654 : 9;
    5655 : 8;
    5656 : 7;
    5657 : 7;
    5658 : 6;
    5659 : 6;
    565A : 6;
    565B : 7;
    565C : 8;
    565D : 8;
    565E : 7;
    565F : 7;
    5660 : 8;
    5661 : 8;
    5662 : 8;
    5663 : 9;
    5664 : 9;
    5665 : 9;
    5666 : 8;
    5667 : 8;
    5668 : 8;
    5669 : 8;
    566A : 8;
    566B : 8;
    566C : 8;
    566D : 8;
    566E : 7;
    566F : 6;
    5670 : 6;
    5671 : 6;
    5672 : 6;
    5673 : 6;
    5674 : 7;
    5675 : A;
    5676 : 8;
    5677 : 9;
    5678 : 8;
    5679 : 8;
    567A : 9;
    567B : 9;
    567C : 9;
    567D : 7;
    567E : 7;
    567F : 7;
    5680 : 7;
    5681 : 7;
    5682 : 8;
    5683 : 8;
    5684 : 7;
    5685 : 6;
    5686 : 6;
    5687 : 6;
    5688 : 6;
    5689 : 7;
    568A : 8;
    568B : 8;
    568C : 7;
    568D : 7;
    568E : 7;
    568F : 6;
    5690 : 6;
    5691 : 6;
    5692 : 7;
    5693 : 8;
    5694 : 7;
    5695 : 6;
    5696 : 6;
    5697 : 6;
    5698 : 7;
    5699 : 7;
    569A : 7;
    569B : 6;
    569C : 7;
    569D : 6;
    569E : 6;
    569F : 6;
    56A0 : 7;
    56A1 : 7;
    56A2 : 7;
    56A3 : 6;
    56A4 : 6;
    56A5 : 5;
    56A6 : 6;
    56A7 : 6;
    56A8 : 6;
    56A9 : 6;
    56AA : 6;
    56AB : 6;
    56AC : 6;
    56AD : 6;
    56AE : 6;
    56AF : 6;
    56B0 : 6;
    56B1 : 6;
    56B2 : 6;
    56B3 : 7;
    56B4 : 7;
    56B5 : 8;
    56B6 : 7;
    56B7 : 6;
    56B8 : 8;
    56B9 : 8;
    56BA : 9;
    56BB : 9;
    56BC : 9;
    56BD : 8;
    56BE : 8;
    56BF : 9;
    56C0 : 9;
    56C1 : 9;
    56C2 : 9;
    56C3 : 8;
    56C4 : 8;
    56C5 : 8;
    56C6 : 8;
    56C7 : 9;
    56C8 : A;
    56C9 : 8;
    56CA : 6;
    56CB : 6;
    56CC : 6;
    56CD : 6;
    56CE : 5;
    56CF : 4;
    56D0 : 5;
    56D1 : 7;
    56D2 : 9;
    56D3 : A;
    56D4 : 9;
    56D5 : 9;
    56D6 : A;
    56D7 : A;
    56D8 : A;
    56D9 : 8;
    56DA : 8;
    56DB : 8;
    56DC : 8;
    56DD : 8;
    56DE : 9;
    56DF : 9;
    56E0 : 9;
    56E1 : 8;
    56E2 : 9;
    56E3 : A;
    56E4 : 9;
    56E5 : 8;
    56E6 : 9;
    56E7 : B;
    56E8 : A;
    56E9 : 9;
    56EA : A;
    56EB : 9;
    56EC : 9;
    56ED : A;
    56EE : 9;
    56EF : 8;
    56F0 : 9;
    56F1 : 9;
    56F2 : A;
    56F3 : B;
    56F4 : B;
    56F5 : B;
    56F6 : B;
    56F7 : A;
    56F8 : 9;
    56F9 : 9;
    56FA : A;
    56FB : A;
    56FC : 9;
    56FD : 7;
    56FE : 6;
    56FF : 8;
    5700 : 8;
    5701 : 8;
    5702 : 9;
    5703 : 8;
    5704 : 9;
    5705 : 9;
    5706 : 8;
    5707 : 9;
    5708 : 9;
    5709 : 9;
    570A : 9;
    570B : 9;
    570C : 8;
    570D : 8;
    570E : 9;
    570F : 7;
    5710 : 7;
    5711 : 8;
    5712 : 8;
    5713 : 7;
    5714 : 7;
    5715 : 7;
    5716 : 8;
    5717 : 8;
    5718 : 8;
    5719 : 9;
    571A : 8;
    571B : 8;
    571C : 7;
    571D : 6;
    571E : 6;
    571F : 7;
    5720 : 7;
    5721 : 7;
    5722 : 6;
    5723 : 7;
    5724 : 7;
    5725 : 7;
    5726 : 7;
    5727 : 7;
    5728 : 7;
    5729 : 8;
    572A : 9;
    572B : 9;
    572C : 8;
    572D : 7;
    572E : 7;
    572F : 7;
    5730 : 7;
    5731 : 7;
    5732 : 6;
    5733 : 6;
    5734 : 7;
    5735 : 6;
    5736 : 6;
    5737 : 7;
    5738 : 7;
    5739 : 7;
    573A : 6;
    573B : 7;
    573C : 9;
    573D : 7;
    573E : 5;
    573F : 6;
    5740 : 7;
    5741 : A;
    5742 : 8;
    5743 : 8;
    5744 : 7;
    5745 : 7;
    5746 : 6;
    5747 : 7;
    5748 : 8;
    5749 : 8;
    574A : 8;
    574B : 8;
    574C : 7;
    574D : 5;
    574E : 5;
    574F : 5;
    5750 : 6;
    5751 : 7;
    5752 : 7;
    5753 : 6;
    5754 : 8;
    5755 : 7;
    5756 : 6;
    5757 : 7;
    5758 : 7;
    5759 : 7;
    575A : 7;
    575B : 6;
    575C : 5;
    575D : 7;
    575E : 7;
    575F : 7;
    5760 : 7;
    5761 : 6;
    5762 : 6;
    5763 : 7;
    5764 : 8;
    5765 : 8;
    5766 : 7;
    5767 : 6;
    5768 : 5;
    5769 : 6;
    576A : 7;
    576B : 6;
    576C : 8;
    576D : 8;
    576E : 6;
    576F : 6;
    5770 : 6;
    5771 : 7;
    5772 : 7;
    5773 : 6;
    5774 : 6;
    5775 : 6;
    5776 : 6;
    5777 : 6;
    5778 : 6;
    5779 : 6;
    577A : 5;
    577B : 6;
    577C : 7;
    577D : 6;
    577E : 6;
    577F : 6;
    5780 : 9;
    5781 : 9;
    5782 : 9;
    5783 : 9;
    5784 : 9;
    5785 : 8;
    5786 : 8;
    5787 : 8;
    5788 : 9;
    5789 : 8;
    578A : 8;
    578B : 8;
    578C : 8;
    578D : 8;
    578E : A;
    578F : 9;
    5790 : 7;
    5791 : 6;
    5792 : 6;
    5793 : 6;
    5794 : 5;
    5795 : 4;
    5796 : 6;
    5797 : 7;
    5798 : 9;
    5799 : 9;
    579A : 9;
    579B : 9;
    579C : 8;
    579D : A;
    579E : A;
    579F : 9;
    57A0 : 8;
    57A1 : 8;
    57A2 : 8;
    57A3 : 8;
    57A4 : 8;
    57A5 : 9;
    57A6 : 9;
    57A7 : 8;
    57A8 : 8;
    57A9 : 8;
    57AA : 9;
    57AB : A;
    57AC : 9;
    57AD : 9;
    57AE : A;
    57AF : A;
    57B0 : 9;
    57B1 : 9;
    57B2 : 8;
    57B3 : 9;
    57B4 : 9;
    57B5 : 9;
    57B6 : 8;
    57B7 : 7;
    57B8 : 9;
    57B9 : A;
    57BA : A;
    57BB : A;
    57BC : A;
    57BD : A;
    57BE : 9;
    57BF : 7;
    57C0 : 7;
    57C1 : 9;
    57C2 : 8;
    57C3 : 8;
    57C4 : 7;
    57C5 : 6;
    57C6 : 7;
    57C7 : 8;
    57C8 : 8;
    57C9 : 9;
    57CA : 9;
    57CB : 9;
    57CC : 9;
    57CD : 8;
    57CE : 8;
    57CF : 9;
    57D0 : 9;
    57D1 : 9;
    57D2 : A;
    57D3 : 9;
    57D4 : 9;
    57D5 : 8;
    57D6 : 6;
    57D7 : 6;
    57D8 : 8;
    57D9 : 8;
    57DA : 7;
    57DB : 9;
    57DC : 9;
    57DD : 9;
    57DE : 9;
    57DF : 8;
    57E0 : 8;
    57E1 : 8;
    57E2 : 6;
    57E3 : 6;
    57E4 : 6;
    57E5 : 6;
    57E6 : 7;
    57E7 : 7;
    57E8 : 7;
    57E9 : 7;
    57EA : 7;
    57EB : 7;
    57EC : 7;
    57ED : 7;
    57EE : 7;
    57EF : 7;
    57F0 : 7;
    57F1 : 8;
    57F2 : 8;
    57F3 : 7;
    57F4 : 7;
    57F5 : 7;
    57F6 : 7;
    57F7 : 6;
    57F8 : 6;
    57F9 : 6;
    57FA : 6;
    57FB : 6;
    57FC : 6;
    57FD : 7;
    57FE : 7;
    57FF : 7;
    5800 : 7;
    5801 : 7;
    5802 : 6;
    5803 : 7;
    5804 : 6;
    5805 : 5;
    5806 : 5;
    5807 : 6;
    5808 : 7;
    5809 : 8;
    580A : 6;
    580B : 7;
    580C : 7;
    580D : 8;
    580E : 6;
    580F : 6;
    5810 : 7;
    5811 : 7;
    5812 : 6;
    5813 : 8;
    5814 : 7;
    5815 : 8;
    5816 : 7;
    5817 : 6;
    5818 : 8;
    5819 : 9;
    581A : 7;
    581B : 6;
    581C : 6;
    581D : 7;
    581E : 7;
    581F : 7;
    5820 : 7;
    5821 : 6;
    5822 : 6;
    5823 : 6;
    5824 : 7;
    5825 : 8;
    5826 : 7;
    5827 : 6;
    5828 : 6;
    5829 : 6;
    582A : 7;
    582B : 7;
    582C : 7;
    582D : 7;
    582E : 6;
    582F : 6;
    5830 : 6;
    5831 : 7;
    5832 : 8;
    5833 : 8;
    5834 : 8;
    5835 : 7;
    5836 : 6;
    5837 : 7;
    5838 : 6;
    5839 : 7;
    583A : 8;
    583B : 6;
    583C : 6;
    583D : 6;
    583E : 6;
    583F : 6;
    5840 : 6;
    5841 : 5;
    5842 : 5;
    5843 : 6;
    5844 : 6;
    5845 : 6;
    5846 : 5;
    5847 : 5;
    5848 : 9;
    5849 : 9;
    584A : A;
    584B : 9;
    584C : 9;
    584D : 8;
    584E : 8;
    584F : 8;
    5850 : 8;
    5851 : 8;
    5852 : 8;
    5853 : 7;
    5854 : 9;
    5855 : A;
    5856 : 8;
    5857 : 6;
    5858 : 6;
    5859 : 5;
    585A : 5;
    585B : 5;
    585C : 7;
    585D : 9;
    585E : A;
    585F : A;
    5860 : A;
    5861 : A;
    5862 : A;
    5863 : 8;
    5864 : 9;
    5865 : A;
    5866 : 9;
    5867 : 9;
    5868 : 8;
    5869 : 8;
    586A : 8;
    586B : 8;
    586C : 9;
    586D : A;
    586E : 8;
    586F : 8;
    5870 : 8;
    5871 : 9;
    5872 : A;
    5873 : A;
    5874 : 9;
    5875 : 9;
    5876 : 9;
    5877 : 8;
    5878 : 9;
    5879 : 9;
    587A : 9;
    587B : 9;
    587C : 9;
    587D : 9;
    587E : 8;
    587F : 9;
    5880 : A;
    5881 : A;
    5882 : A;
    5883 : A;
    5884 : 9;
    5885 : 8;
    5886 : 6;
    5887 : 6;
    5888 : 8;
    5889 : 8;
    588A : 7;
    588B : 7;
    588C : 7;
    588D : 7;
    588E : 7;
    588F : 8;
    5890 : 8;
    5891 : 7;
    5892 : 7;
    5893 : 8;
    5894 : 9;
    5895 : 9;
    5896 : 9;
    5897 : 8;
    5898 : 8;
    5899 : 9;
    589A : 9;
    589B : 8;
    589C : 7;
    589D : 6;
    589E : 6;
    589F : 6;
    58A0 : 6;
    58A1 : 7;
    58A2 : 8;
    58A3 : 7;
    58A4 : 6;
    58A5 : 6;
    58A6 : 6;
    58A7 : 6;
    58A8 : 6;
    58A9 : 6;
    58AA : 6;
    58AB : 6;
    58AC : 6;
    58AD : 7;
    58AE : 7;
    58AF : 8;
    58B0 : 7;
    58B1 : 7;
    58B2 : 7;
    58B3 : 7;
    58B4 : 7;
    58B5 : 6;
    58B6 : 7;
    58B7 : 7;
    58B8 : 8;
    58B9 : 8;
    58BA : 7;
    58BB : 7;
    58BC : 7;
    58BD : 7;
    58BE : 7;
    58BF : 6;
    58C0 : 6;
    58C1 : 6;
    58C2 : 6;
    58C3 : 7;
    58C4 : 7;
    58C5 : 7;
    58C6 : 7;
    58C7 : 7;
    58C8 : 8;
    58C9 : 8;
    58CA : 8;
    58CB : 8;
    58CC : 7;
    58CD : 7;
    58CE : 7;
    58CF : 7;
    58D0 : 8;
    58D1 : 6;
    58D2 : 6;
    58D3 : 6;
    58D4 : 7;
    58D5 : 7;
    58D6 : 6;
    58D7 : 6;
    58D8 : 6;
    58D9 : 8;
    58DA : 9;
    58DB : 8;
    58DC : 9;
    58DD : 8;
    58DE : 7;
    58DF : 8;
    58E0 : 9;
    58E1 : 8;
    58E2 : 7;
    58E3 : 8;
    58E4 : 7;
    58E5 : 6;
    58E6 : 6;
    58E7 : 5;
    58E8 : 5;
    58E9 : 5;
    58EA : 6;
    58EB : 7;
    58EC : 8;
    58ED : 7;
    58EE : 5;
    58EF : 6;
    58F0 : 6;
    58F1 : 7;
    58F2 : 7;
    58F3 : 7;
    58F4 : 7;
    58F5 : 6;
    58F6 : 6;
    58F7 : 6;
    58F8 : 7;
    58F9 : 8;
    58FA : 6;
    58FB : 6;
    58FC : 6;
    58FD : 6;
    58FE : 6;
    58FF : 6;
    5900 : 6;
    5901 : 6;
    5902 : 5;
    5903 : 6;
    5904 : 8;
    5905 : 7;
    5906 : 5;
    5907 : 6;
    5908 : 6;
    5909 : 6;
    590A : 6;
    590B : 6;
    590C : 8;
    590D : 7;
    590E : 6;
    590F : 5;
    5910 : 8;
    5911 : A;
    5912 : B;
    5913 : 9;
    5914 : 8;
    5915 : 8;
    5916 : 8;
    5917 : 8;
    5918 : 9;
    5919 : 8;
    591A : 8;
    591B : A;
    591C : 9;
    591D : 7;
    591E : 5;
    591F : 5;
    5920 : 5;
    5921 : 6;
    5922 : 8;
    5923 : A;
    5924 : A;
    5925 : A;
    5926 : A;
    5927 : B;
    5928 : B;
    5929 : A;
    592A : 9;
    592B : 8;
    592C : 9;
    592D : 8;
    592E : 8;
    592F : 8;
    5930 : 8;
    5931 : 8;
    5932 : 8;
    5933 : 9;
    5934 : 9;
    5935 : 9;
    5936 : 8;
    5937 : 9;
    5938 : A;
    5939 : A;
    593A : B;
    593B : 9;
    593C : 9;
    593D : 9;
    593E : 9;
    593F : A;
    5940 : 9;
    5941 : 9;
    5942 : 9;
    5943 : 9;
    5944 : 8;
    5945 : 8;
    5946 : 9;
    5947 : A;
    5948 : A;
    5949 : A;
    594A : 9;
    594B : 8;
    594C : 7;
    594D : 6;
    594E : 6;
    594F : 8;
    5950 : 7;
    5951 : 6;
    5952 : 6;
    5953 : 7;
    5954 : 7;
    5955 : 7;
    5956 : 8;
    5957 : 8;
    5958 : 8;
    5959 : 8;
    595A : 7;
    595B : 8;
    595C : 8;
    595D : 8;
    595E : 8;
    595F : 8;
    5960 : 7;
    5961 : 7;
    5962 : 7;
    5963 : 6;
    5964 : 5;
    5965 : 5;
    5966 : 5;
    5967 : 6;
    5968 : 6;
    5969 : 6;
    596A : 6;
    596B : 5;
    596C : 5;
    596D : 5;
    596E : 5;
    596F : 6;
    5970 : 6;
    5971 : 6;
    5972 : 6;
    5973 : 6;
    5974 : 6;
    5975 : 7;
    5976 : 8;
    5977 : 7;
    5978 : 6;
    5979 : 7;
    597A : 6;
    597B : 6;
    597C : 6;
    597D : 6;
    597E : 7;
    597F : 8;
    5980 : 8;
    5981 : 8;
    5982 : 8;
    5983 : 7;
    5984 : 6;
    5985 : 7;
    5986 : 7;
    5987 : 6;
    5988 : 6;
    5989 : 5;
    598A : 6;
    598B : 6;
    598C : 6;
    598D : 7;
    598E : 7;
    598F : 8;
    5990 : 8;
    5991 : 8;
    5992 : 7;
    5993 : 8;
    5994 : 9;
    5995 : A;
    5996 : 8;
    5997 : 7;
    5998 : 7;
    5999 : 6;
    599A : 7;
    599B : 8;
    599C : 8;
    599D : 8;
    599E : 8;
    599F : 7;
    59A0 : 7;
    59A1 : 8;
    59A2 : 7;
    59A3 : 7;
    59A4 : 7;
    59A5 : 6;
    59A6 : 7;
    59A7 : 8;
    59A8 : 8;
    59A9 : 8;
    59AA : 8;
    59AB : 9;
    59AC : 8;
    59AD : 6;
    59AE : 6;
    59AF : 6;
    59B0 : 6;
    59B1 : 6;
    59B2 : 5;
    59B3 : 5;
    59B4 : 6;
    59B5 : 6;
    59B6 : 6;
    59B7 : 7;
    59B8 : 8;
    59B9 : 7;
    59BA : 6;
    59BB : 6;
    59BC : 6;
    59BD : 6;
    59BE : 7;
    59BF : 6;
    59C0 : 7;
    59C1 : 7;
    59C2 : 6;
    59C3 : 6;
    59C4 : 6;
    59C5 : 7;
    59C6 : 7;
    59C7 : 6;
    59C8 : 6;
    59C9 : 6;
    59CA : 6;
    59CB : 6;
    59CC : 7;
    59CD : 6;
    59CE : 6;
    59CF : 6;
    59D0 : 6;
    59D1 : 7;
    59D2 : 7;
    59D3 : 7;
    59D4 : 7;
    59D5 : 6;
    59D6 : 5;
    59D7 : 5;
    59D8 : A;
    59D9 : A;
    59DA : 9;
    59DB : 9;
    59DC : 8;
    59DD : 8;
    59DE : 8;
    59DF : 8;
    59E0 : 9;
    59E1 : 9;
    59E2 : 8;
    59E3 : 6;
    59E4 : 5;
    59E5 : 5;
    59E6 : 6;
    59E7 : 7;
    59E8 : 8;
    59E9 : 8;
    59EA : A;
    59EB : A;
    59EC : A;
    59ED : 9;
    59EE : 9;
    59EF : A;
    59F0 : 9;
    59F1 : 8;
    59F2 : 8;
    59F3 : 8;
    59F4 : 8;
    59F5 : 8;
    59F6 : 9;
    59F7 : 8;
    59F8 : 8;
    59F9 : 9;
    59FA : A;
    59FB : A;
    59FC : A;
    59FD : A;
    59FE : A;
    59FF : B;
    5A00 : B;
    5A01 : C;
    5A02 : A;
    5A03 : 9;
    5A04 : B;
    5A05 : B;
    5A06 : B;
    5A07 : 9;
    5A08 : 9;
    5A09 : 8;
    5A0A : 9;
    5A0B : A;
    5A0C : A;
    5A0D : A;
    5A0E : B;
    5A0F : A;
    5A10 : 9;
    5A11 : 7;
    5A12 : 7;
    5A13 : 6;
    5A14 : 6;
    5A15 : 7;
    5A16 : 7;
    5A17 : 7;
    5A18 : 6;
    5A19 : 6;
    5A1A : 6;
    5A1B : 7;
    5A1C : 7;
    5A1D : 7;
    5A1E : 7;
    5A1F : 7;
    5A20 : 8;
    5A21 : 8;
    5A22 : 7;
    5A23 : 8;
    5A24 : 7;
    5A25 : 7;
    5A26 : 7;
    5A27 : 7;
    5A28 : 6;
    5A29 : 6;
    5A2A : 6;
    5A2B : 6;
    5A2C : 6;
    5A2D : 6;
    5A2E : 6;
    5A2F : 6;
    5A30 : 6;
    5A31 : 6;
    5A32 : 5;
    5A33 : 5;
    5A34 : 5;
    5A35 : 5;
    5A36 : 6;
    5A37 : 6;
    5A38 : 7;
    5A39 : 7;
    5A3A : 7;
    5A3B : 6;
    5A3C : 6;
    5A3D : 6;
    5A3E : 7;
    5A3F : 6;
    5A40 : 6;
    5A41 : 6;
    5A42 : 6;
    5A43 : 6;
    5A44 : 6;
    5A45 : 7;
    5A46 : 8;
    5A47 : 8;
    5A48 : 8;
    5A49 : 8;
    5A4A : 7;
    5A4B : 6;
    5A4C : 7;
    5A4D : 8;
    5A4E : 6;
    5A4F : 5;
    5A50 : 5;
    5A51 : 5;
    5A52 : 6;
    5A53 : 6;
    5A54 : 7;
    5A55 : 8;
    5A56 : 8;
    5A57 : 9;
    5A58 : 8;
    5A59 : 8;
    5A5A : 8;
    5A5B : 8;
    5A5C : 9;
    5A5D : 9;
    5A5E : 7;
    5A5F : 7;
    5A60 : 6;
    5A61 : 6;
    5A62 : 7;
    5A63 : 8;
    5A64 : 9;
    5A65 : 9;
    5A66 : 9;
    5A67 : 8;
    5A68 : 7;
    5A69 : 8;
    5A6A : 7;
    5A6B : 8;
    5A6C : 7;
    5A6D : 8;
    5A6E : 8;
    5A6F : 8;
    5A70 : 6;
    5A71 : 5;
    5A72 : 6;
    5A73 : 7;
    5A74 : 7;
    5A75 : 7;
    5A76 : 7;
    5A77 : 6;
    5A78 : 6;
    5A79 : 6;
    5A7A : 7;
    5A7B : 7;
    5A7C : 7;
    5A7D : 8;
    5A7E : 8;
    5A7F : 8;
    5A80 : 8;
    5A81 : 7;
    5A82 : 8;
    5A83 : 8;
    5A84 : 8;
    5A85 : 8;
    5A86 : 7;
    5A87 : 7;
    5A88 : 8;
    5A89 : 8;
    5A8A : 7;
    5A8B : 7;
    5A8C : 7;
    5A8D : 7;
    5A8E : 6;
    5A8F : 6;
    5A90 : 6;
    5A91 : 6;
    5A92 : 6;
    5A93 : 6;
    5A94 : 6;
    5A95 : 6;
    5A96 : 6;
    5A97 : 7;
    5A98 : 6;
    5A99 : 7;
    5A9A : 7;
    5A9B : 7;
    5A9C : 6;
    5A9D : 5;
    5A9E : 5;
    5A9F : 5;
    5AA0 : A;
    5AA1 : 9;
    5AA2 : 8;
    5AA3 : 8;
    5AA4 : 9;
    5AA5 : 9;
    5AA6 : 8;
    5AA7 : 8;
    5AA8 : 7;
    5AA9 : 6;
    5AAA : 6;
    5AAB : 7;
    5AAC : 8;
    5AAD : 8;
    5AAE : 8;
    5AAF : 8;
    5AB0 : 9;
    5AB1 : 9;
    5AB2 : 9;
    5AB3 : 9;
    5AB4 : A;
    5AB5 : 9;
    5AB6 : 8;
    5AB7 : 8;
    5AB8 : 8;
    5AB9 : 8;
    5ABA : 9;
    5ABB : 8;
    5ABC : 8;
    5ABD : 9;
    5ABE : A;
    5ABF : 9;
    5AC0 : 8;
    5AC1 : A;
    5AC2 : A;
    5AC3 : A;
    5AC4 : A;
    5AC5 : B;
    5AC6 : B;
    5AC7 : C;
    5AC8 : B;
    5AC9 : B;
    5ACA : A;
    5ACB : A;
    5ACC : A;
    5ACD : A;
    5ACE : 9;
    5ACF : 8;
    5AD0 : 9;
    5AD1 : A;
    5AD2 : A;
    5AD3 : 9;
    5AD4 : A;
    5AD5 : A;
    5AD6 : 9;
    5AD7 : 7;
    5AD8 : 7;
    5AD9 : 6;
    5ADA : 6;
    5ADB : 6;
    5ADC : 6;
    5ADD : 7;
    5ADE : 6;
    5ADF : 6;
    5AE0 : 6;
    5AE1 : 6;
    5AE2 : 6;
    5AE3 : 6;
    5AE4 : 7;
    5AE5 : 7;
    5AE6 : 7;
    5AE7 : 7;
    5AE8 : 7;
    5AE9 : 7;
    5AEA : 7;
    5AEB : 7;
    5AEC : 7;
    5AED : 7;
    5AEE : 7;
    5AEF : 7;
    5AF0 : 6;
    5AF1 : 6;
    5AF2 : 6;
    5AF3 : 6;
    5AF4 : 5;
    5AF5 : 6;
    5AF6 : 5;
    5AF7 : 6;
    5AF8 : 7;
    5AF9 : 7;
    5AFA : 6;
    5AFB : 6;
    5AFC : 6;
    5AFD : 6;
    5AFE : 6;
    5AFF : 6;
    5B00 : 6;
    5B01 : 6;
    5B02 : 7;
    5B03 : 7;
    5B04 : 5;
    5B05 : 6;
    5B06 : 6;
    5B07 : 6;
    5B08 : 7;
    5B09 : 7;
    5B0A : 7;
    5B0B : 7;
    5B0C : 7;
    5B0D : 7;
    5B0E : 7;
    5B0F : 7;
    5B10 : 6;
    5B11 : 7;
    5B12 : 7;
    5B13 : 7;
    5B14 : 7;
    5B15 : 6;
    5B16 : 5;
    5B17 : 5;
    5B18 : 5;
    5B19 : 5;
    5B1A : 6;
    5B1B : 8;
    5B1C : 8;
    5B1D : 8;
    5B1E : 9;
    5B1F : 8;
    5B20 : 7;
    5B21 : 8;
    5B22 : 8;
    5B23 : 7;
    5B24 : 8;
    5B25 : 7;
    5B26 : 6;
    5B27 : 7;
    5B28 : 7;
    5B29 : 6;
    5B2A : 6;
    5B2B : 7;
    5B2C : 7;
    5B2D : 8;
    5B2E : 8;
    5B2F : 8;
    5B30 : 7;
    5B31 : 7;
    5B32 : 8;
    5B33 : 8;
    5B34 : 8;
    5B35 : 7;
    5B36 : 7;
    5B37 : 5;
    5B38 : 5;
    5B39 : 5;
    5B3A : 6;
    5B3B : 6;
    5B3C : 6;
    5B3D : 7;
    5B3E : 8;
    5B3F : 8;
    5B40 : 7;
    5B41 : 7;
    5B42 : 6;
    5B43 : 7;
    5B44 : 8;
    5B45 : 8;
    5B46 : 8;
    5B47 : 8;
    5B48 : 7;
    5B49 : 8;
    5B4A : 9;
    5B4B : 7;
    5B4C : 6;
    5B4D : 7;
    5B4E : 7;
    5B4F : 7;
    5B50 : 7;
    5B51 : 8;
    5B52 : 8;
    5B53 : 7;
    5B54 : 7;
    5B55 : 6;
    5B56 : 6;
    5B57 : 6;
    5B58 : 6;
    5B59 : 6;
    5B5A : 6;
    5B5B : 6;
    5B5C : 6;
    5B5D : 6;
    5B5E : 6;
    5B5F : 6;
    5B60 : 6;
    5B61 : 6;
    5B62 : 7;
    5B63 : 7;
    5B64 : 6;
    5B65 : 5;
    5B66 : 4;
    5B67 : 4;
    5B68 : 9;
    5B69 : 8;
    5B6A : 8;
    5B6B : 9;
    5B6C : A;
    5B6D : 9;
    5B6E : 8;
    5B6F : 8;
    5B70 : 8;
    5B71 : 9;
    5B72 : 9;
    5B73 : 9;
    5B74 : 9;
    5B75 : 8;
    5B76 : 8;
    5B77 : 8;
    5B78 : 9;
    5B79 : 9;
    5B7A : 8;
    5B7B : 9;
    5B7C : A;
    5B7D : 9;
    5B7E : 8;
    5B7F : 8;
    5B80 : 8;
    5B81 : 9;
    5B82 : 8;
    5B83 : 9;
    5B84 : 9;
    5B85 : A;
    5B86 : 9;
    5B87 : 9;
    5B88 : 9;
    5B89 : A;
    5B8A : A;
    5B8B : A;
    5B8C : B;
    5B8D : B;
    5B8E : A;
    5B8F : A;
    5B90 : A;
    5B91 : A;
    5B92 : A;
    5B93 : A;
    5B94 : 9;
    5B95 : 8;
    5B96 : 8;
    5B97 : A;
    5B98 : B;
    5B99 : A;
    5B9A : 8;
    5B9B : 9;
    5B9C : 9;
    5B9D : 8;
    5B9E : 7;
    5B9F : 7;
    5BA0 : 6;
    5BA1 : 6;
    5BA2 : 6;
    5BA3 : 6;
    5BA4 : 6;
    5BA5 : 6;
    5BA6 : 6;
    5BA7 : 6;
    5BA8 : 6;
    5BA9 : 6;
    5BAA : 6;
    5BAB : 6;
    5BAC : 6;
    5BAD : 7;
    5BAE : 7;
    5BAF : 6;
    5BB0 : 6;
    5BB1 : 6;
    5BB2 : 6;
    5BB3 : 6;
    5BB4 : 6;
    5BB5 : 7;
    5BB6 : 6;
    5BB7 : 6;
    5BB8 : 6;
    5BB9 : 6;
    5BBA : 6;
    5BBB : 5;
    5BBC : 5;
    5BBD : 5;
    5BBE : 5;
    5BBF : 6;
    5BC0 : 7;
    5BC1 : 6;
    5BC2 : 6;
    5BC3 : 7;
    5BC4 : 8;
    5BC5 : 7;
    5BC6 : 6;
    5BC7 : 6;
    5BC8 : 6;
    5BC9 : 6;
    5BCA : 6;
    5BCB : 6;
    5BCC : 6;
    5BCD : 6;
    5BCE : 5;
    5BCF : 6;
    5BD0 : 6;
    5BD1 : 6;
    5BD2 : 6;
    5BD3 : 6;
    5BD4 : 6;
    5BD5 : 7;
    5BD6 : 7;
    5BD7 : 7;
    5BD8 : 7;
    5BD9 : 8;
    5BDA : 8;
    5BDB : 8;
    5BDC : 7;
    5BDD : 5;
    5BDE : 5;
    5BDF : 5;
    5BE0 : 5;
    5BE1 : 5;
    5BE2 : 6;
    5BE3 : 8;
    5BE4 : 8;
    5BE5 : 8;
    5BE6 : 7;
    5BE7 : 8;
    5BE8 : 9;
    5BE9 : 9;
    5BEA : 8;
    5BEB : 8;
    5BEC : 9;
    5BED : 7;
    5BEE : 8;
    5BEF : 8;
    5BF0 : 6;
    5BF1 : 5;
    5BF2 : 7;
    5BF3 : 7;
    5BF4 : 8;
    5BF5 : 7;
    5BF6 : 8;
    5BF7 : 7;
    5BF8 : 8;
    5BF9 : 8;
    5BFA : 8;
    5BFB : 8;
    5BFC : 8;
    5BFD : 7;
    5BFE : 6;
    5BFF : 5;
    5C00 : 5;
    5C01 : 5;
    5C02 : 7;
    5C03 : 6;
    5C04 : 7;
    5C05 : 8;
    5C06 : 7;
    5C07 : 8;
    5C08 : 8;
    5C09 : 6;
    5C0A : 6;
    5C0B : 8;
    5C0C : 8;
    5C0D : 8;
    5C0E : 8;
    5C0F : 8;
    5C10 : 7;
    5C11 : 8;
    5C12 : 7;
    5C13 : 7;
    5C14 : 7;
    5C15 : 8;
    5C16 : 7;
    5C17 : 8;
    5C18 : 8;
    5C19 : 8;
    5C1A : 7;
    5C1B : 7;
    5C1C : 7;
    5C1D : 7;
    5C1E : 6;
    5C1F : 7;
    5C20 : 7;
    5C21 : 6;
    5C22 : 7;
    5C23 : 7;
    5C24 : 6;
    5C25 : 6;
    5C26 : 5;
    5C27 : 6;
    5C28 : 6;
    5C29 : 6;
    5C2A : 6;
    5C2B : 6;
    5C2C : 6;
    5C2D : 5;
    5C2E : 4;
    5C2F : 4;
    5C30 : 8;
    5C31 : 8;
    5C32 : 8;
    5C33 : 8;
    5C34 : 9;
    5C35 : 9;
    5C36 : 9;
    5C37 : 8;
    5C38 : 9;
    5C39 : A;
    5C3A : 9;
    5C3B : 8;
    5C3C : 8;
    5C3D : 8;
    5C3E : 8;
    5C3F : 8;
    5C40 : 8;
    5C41 : 8;
    5C42 : 8;
    5C43 : 9;
    5C44 : 9;
    5C45 : 8;
    5C46 : 8;
    5C47 : 8;
    5C48 : 9;
    5C49 : 9;
    5C4A : 9;
    5C4B : 9;
    5C4C : A;
    5C4D : A;
    5C4E : 9;
    5C4F : 9;
    5C50 : 9;
    5C51 : A;
    5C52 : A;
    5C53 : A;
    5C54 : A;
    5C55 : 9;
    5C56 : 9;
    5C57 : A;
    5C58 : A;
    5C59 : 9;
    5C5A : 9;
    5C5B : 9;
    5C5C : 9;
    5C5D : A;
    5C5E : B;
    5C5F : B;
    5C60 : 9;
    5C61 : 8;
    5C62 : 8;
    5C63 : 8;
    5C64 : 7;
    5C65 : 7;
    5C66 : 7;
    5C67 : 7;
    5C68 : 6;
    5C69 : 6;
    5C6A : 6;
    5C6B : 6;
    5C6C : 6;
    5C6D : 6;
    5C6E : 6;
    5C6F : 6;
    5C70 : 6;
    5C71 : 6;
    5C72 : 6;
    5C73 : 6;
    5C74 : 6;
    5C75 : 6;
    5C76 : 6;
    5C77 : 6;
    5C78 : 6;
    5C79 : 6;
    5C7A : 6;
    5C7B : 6;
    5C7C : 6;
    5C7D : 6;
    5C7E : 6;
    5C7F : 6;
    5C80 : 6;
    5C81 : 6;
    5C82 : 6;
    5C83 : 5;
    5C84 : 5;
    5C85 : 5;
    5C86 : 5;
    5C87 : 7;
    5C88 : 7;
    5C89 : 7;
    5C8A : 6;
    5C8B : 6;
    5C8C : 7;
    5C8D : 6;
    5C8E : 6;
    5C8F : 7;
    5C90 : 7;
    5C91 : 6;
    5C92 : 5;
    5C93 : 5;
    5C94 : 6;
    5C95 : 5;
    5C96 : 5;
    5C97 : 6;
    5C98 : 5;
    5C99 : 6;
    5C9A : 6;
    5C9B : 6;
    5C9C : 7;
    5C9D : 6;
    5C9E : 7;
    5C9F : 7;
    5CA0 : 8;
    5CA1 : 7;
    5CA2 : 7;
    5CA3 : 6;
    5CA4 : 6;
    5CA5 : 6;
    5CA6 : 5;
    5CA7 : 5;
    5CA8 : 5;
    5CA9 : 5;
    5CAA : 6;
    5CAB : 7;
    5CAC : 7;
    5CAD : 8;
    5CAE : 8;
    5CAF : 9;
    5CB0 : 8;
    5CB1 : 8;
    5CB2 : 8;
    5CB3 : 7;
    5CB4 : 7;
    5CB5 : 9;
    5CB6 : 8;
    5CB7 : 7;
    5CB8 : 6;
    5CB9 : 8;
    5CBA : 8;
    5CBB : 8;
    5CBC : 8;
    5CBD : 8;
    5CBE : 8;
    5CBF : 8;
    5CC0 : 8;
    5CC1 : 8;
    5CC2 : 8;
    5CC3 : 6;
    5CC4 : 6;
    5CC5 : 5;
    5CC6 : 5;
    5CC7 : 5;
    5CC8 : 6;
    5CC9 : 6;
    5CCA : 6;
    5CCB : 7;
    5CCC : 9;
    5CCD : 7;
    5CCE : 8;
    5CCF : 8;
    5CD0 : 6;
    5CD1 : 7;
    5CD2 : 8;
    5CD3 : 8;
    5CD4 : 8;
    5CD5 : 8;
    5CD6 : 8;
    5CD7 : 7;
    5CD8 : 7;
    5CD9 : 6;
    5CDA : 5;
    5CDB : 6;
    5CDC : 7;
    5CDD : 7;
    5CDE : 8;
    5CDF : 8;
    5CE0 : 7;
    5CE1 : 7;
    5CE2 : 7;
    5CE3 : 7;
    5CE4 : 7;
    5CE5 : 6;
    5CE6 : 7;
    5CE7 : 7;
    5CE8 : 7;
    5CE9 : 7;
    5CEA : 7;
    5CEB : 8;
    5CEC : 7;
    5CED : 6;
    5CEE : 5;
    5CEF : 6;
    5CF0 : 7;
    5CF1 : 6;
    5CF2 : 6;
    5CF3 : 7;
    5CF4 : 6;
    5CF5 : 5;
    5CF6 : 4;
    5CF7 : 4;
    5CF8 : 8;
    5CF9 : 8;
    5CFA : 8;
    5CFB : 8;
    5CFC : 8;
    5CFD : 9;
    5CFE : 8;
    5CFF : 8;
    5D00 : 9;
    5D01 : 9;
    5D02 : 8;
    5D03 : 8;
    5D04 : 8;
    5D05 : 8;
    5D06 : 8;
    5D07 : 8;
    5D08 : 8;
    5D09 : 8;
    5D0A : 8;
    5D0B : 9;
    5D0C : 8;
    5D0D : 8;
    5D0E : 8;
    5D0F : 8;
    5D10 : 9;
    5D11 : 9;
    5D12 : A;
    5D13 : A;
    5D14 : A;
    5D15 : 9;
    5D16 : 9;
    5D17 : 9;
    5D18 : A;
    5D19 : B;
    5D1A : B;
    5D1B : 9;
    5D1C : 9;
    5D1D : 9;
    5D1E : A;
    5D1F : A;
    5D20 : 8;
    5D21 : 9;
    5D22 : 9;
    5D23 : A;
    5D24 : B;
    5D25 : A;
    5D26 : 9;
    5D27 : 8;
    5D28 : 8;
    5D29 : 8;
    5D2A : 7;
    5D2B : 6;
    5D2C : 6;
    5D2D : 6;
    5D2E : 6;
    5D2F : 7;
    5D30 : 6;
    5D31 : 5;
    5D32 : 5;
    5D33 : 5;
    5D34 : 6;
    5D35 : 6;
    5D36 : 6;
    5D37 : 5;
    5D38 : 6;
    5D39 : 6;
    5D3A : 6;
    5D3B : 6;
    5D3C : 6;
    5D3D : 6;
    5D3E : 6;
    5D3F : 6;
    5D40 : 7;
    5D41 : 7;
    5D42 : 6;
    5D43 : 5;
    5D44 : 5;
    5D45 : 6;
    5D46 : 6;
    5D47 : 6;
    5D48 : 6;
    5D49 : 6;
    5D4A : 6;
    5D4B : 7;
    5D4C : 6;
    5D4D : 6;
    5D4E : 7;
    5D4F : 7;
    5D50 : 7;
    5D51 : 7;
    5D52 : 7;
    5D53 : 7;
    5D54 : 7;
    5D55 : 6;
    5D56 : 5;
    5D57 : 6;
    5D58 : 6;
    5D59 : 6;
    5D5A : 5;
    5D5B : 5;
    5D5C : 5;
    5D5D : 5;
    5D5E : 6;
    5D5F : 6;
    5D60 : 6;
    5D61 : 6;
    5D62 : 6;
    5D63 : 6;
    5D64 : 6;
    5D65 : 7;
    5D66 : 8;
    5D67 : 7;
    5D68 : 6;
    5D69 : 6;
    5D6A : 6;
    5D6B : 6;
    5D6C : 6;
    5D6D : 6;
    5D6E : 6;
    5D6F : 6;
    5D70 : 6;
    5D71 : 6;
    5D72 : 6;
    5D73 : 7;
    5D74 : 8;
    5D75 : 8;
    5D76 : 8;
    5D77 : 8;
    5D78 : 7;
    5D79 : 7;
    5D7A : 7;
    5D7B : 6;
    5D7C : 7;
    5D7D : 8;
    5D7E : 8;
    5D7F : 7;
    5D80 : 7;
    5D81 : 7;
    5D82 : 8;
    5D83 : 7;
    5D84 : 7;
    5D85 : 8;
    5D86 : 7;
    5D87 : 7;
    5D88 : 7;
    5D89 : 7;
    5D8A : 7;
    5D8B : 5;
    5D8C : 5;
    5D8D : 4;
    5D8E : 6;
    5D8F : 6;
    5D90 : 5;
    5D91 : 6;
    5D92 : 8;
    5D93 : 8;
    5D94 : 8;
    5D95 : 6;
    5D96 : 8;
    5D97 : 8;
    5D98 : 6;
    5D99 : 8;
    5D9A : 6;
    5D9B : 8;
    5D9C : 8;
    5D9D : 8;
    5D9E : 7;
    5D9F : 6;
    5DA0 : 5;
    5DA1 : 5;
    5DA2 : 5;
    5DA3 : 7;
    5DA4 : 6;
    5DA5 : 7;
    5DA6 : 8;
    5DA7 : 7;
    5DA8 : 7;
    5DA9 : 6;
    5DAA : 7;
    5DAB : 7;
    5DAC : 6;
    5DAD : 7;
    5DAE : 8;
    5DAF : 7;
    5DB0 : 8;
    5DB1 : 8;
    5DB2 : 8;
    5DB3 : 7;
    5DB4 : 6;
    5DB5 : 7;
    5DB6 : 7;
    5DB7 : 7;
    5DB8 : 6;
    5DB9 : 6;
    5DBA : 7;
    5DBB : 7;
    5DBC : 6;
    5DBD : 5;
    5DBE : 4;
    5DBF : 4;
    5DC0 : 8;
    5DC1 : 8;
    5DC2 : 8;
    5DC3 : 9;
    5DC4 : 9;
    5DC5 : 9;
    5DC6 : 8;
    5DC7 : 9;
    5DC8 : A;
    5DC9 : 8;
    5DCA : 8;
    5DCB : 8;
    5DCC : 8;
    5DCD : 8;
    5DCE : 8;
    5DCF : 8;
    5DD0 : 8;
    5DD1 : 8;
    5DD2 : 8;
    5DD3 : 9;
    5DD4 : 8;
    5DD5 : 8;
    5DD6 : 8;
    5DD7 : 8;
    5DD8 : 8;
    5DD9 : A;
    5DDA : A;
    5DDB : A;
    5DDC : 9;
    5DDD : 9;
    5DDE : 9;
    5DDF : A;
    5DE0 : B;
    5DE1 : A;
    5DE2 : 9;
    5DE3 : 9;
    5DE4 : A;
    5DE5 : A;
    5DE6 : 9;
    5DE7 : 9;
    5DE8 : A;
    5DE9 : B;
    5DEA : A;
    5DEB : A;
    5DEC : 9;
    5DED : 8;
    5DEE : 7;
    5DEF : 8;
    5DF0 : 7;
    5DF1 : 6;
    5DF2 : 6;
    5DF3 : 6;
    5DF4 : 6;
    5DF5 : 6;
    5DF6 : 6;
    5DF7 : 6;
    5DF8 : 6;
    5DF9 : 5;
    5DFA : 5;
    5DFB : 5;
    5DFC : 6;
    5DFD : 6;
    5DFE : 6;
    5DFF : 6;
    5E00 : 6;
    5E01 : 6;
    5E02 : 6;
    5E03 : 6;
    5E04 : 6;
    5E05 : 6;
    5E06 : 7;
    5E07 : 7;
    5E08 : 6;
    5E09 : 6;
    5E0A : 5;
    5E0B : 5;
    5E0C : 5;
    5E0D : 5;
    5E0E : 6;
    5E0F : 6;
    5E10 : 6;
    5E11 : 7;
    5E12 : 7;
    5E13 : 7;
    5E14 : 6;
    5E15 : 7;
    5E16 : 8;
    5E17 : 7;
    5E18 : 6;
    5E19 : 7;
    5E1A : 7;
    5E1B : 7;
    5E1C : 6;
    5E1D : 5;
    5E1E : 5;
    5E1F : 6;
    5E20 : 6;
    5E21 : 5;
    5E22 : 5;
    5E23 : 6;
    5E24 : 5;
    5E25 : 5;
    5E26 : 7;
    5E27 : 6;
    5E28 : 6;
    5E29 : 5;
    5E2A : 5;
    5E2B : 6;
    5E2C : 6;
    5E2D : 7;
    5E2E : 6;
    5E2F : 5;
    5E30 : 6;
    5E31 : 6;
    5E32 : 6;
    5E33 : 6;
    5E34 : 6;
    5E35 : 6;
    5E36 : 6;
    5E37 : 6;
    5E38 : 6;
    5E39 : 6;
    5E3A : 6;
    5E3B : 7;
    5E3C : 7;
    5E3D : 7;
    5E3E : 7;
    5E3F : 7;
    5E40 : 7;
    5E41 : 6;
    5E42 : 6;
    5E43 : 7;
    5E44 : 7;
    5E45 : 8;
    5E46 : 8;
    5E47 : 7;
    5E48 : 7;
    5E49 : 8;
    5E4A : 7;
    5E4B : 6;
    5E4C : 6;
    5E4D : 7;
    5E4E : 7;
    5E4F : 7;
    5E50 : 7;
    5E51 : 6;
    5E52 : 6;
    5E53 : 5;
    5E54 : 5;
    5E55 : 5;
    5E56 : 5;
    5E57 : 7;
    5E58 : 7;
    5E59 : 7;
    5E5A : 8;
    5E5B : 8;
    5E5C : 7;
    5E5D : 6;
    5E5E : 9;
    5E5F : 8;
    5E60 : 7;
    5E61 : 8;
    5E62 : 8;
    5E63 : 8;
    5E64 : 7;
    5E65 : 7;
    5E66 : 6;
    5E67 : 6;
    5E68 : 6;
    5E69 : 6;
    5E6A : 6;
    5E6B : 7;
    5E6C : 7;
    5E6D : 7;
    5E6E : 5;
    5E6F : 6;
    5E70 : 7;
    5E71 : 7;
    5E72 : 7;
    5E73 : 7;
    5E74 : 6;
    5E75 : 6;
    5E76 : 7;
    5E77 : 8;
    5E78 : 8;
    5E79 : 7;
    5E7A : 7;
    5E7B : 7;
    5E7C : 7;
    5E7D : 6;
    5E7E : 6;
    5E7F : 6;
    5E80 : 6;
    5E81 : 6;
    5E82 : 6;
    5E83 : 7;
    5E84 : 6;
    5E85 : 5;
    5E86 : 4;
    5E87 : 4;
    5E88 : 8;
    5E89 : 8;
    5E8A : 9;
    5E8B : A;
    5E8C : 9;
    5E8D : 8;
    5E8E : 8;
    5E8F : 8;
    5E90 : 8;
    5E91 : 8;
    5E92 : 8;
    5E93 : 8;
    5E94 : 8;
    5E95 : 8;
    5E96 : 8;
    5E97 : 8;
    5E98 : 8;
    5E99 : 8;
    5E9A : 8;
    5E9B : 9;
    5E9C : 8;
    5E9D : 8;
    5E9E : 8;
    5E9F : 8;
    5EA0 : 9;
    5EA1 : 9;
    5EA2 : 9;
    5EA3 : 9;
    5EA4 : 9;
    5EA5 : 9;
    5EA6 : 9;
    5EA7 : A;
    5EA8 : A;
    5EA9 : 9;
    5EAA : 9;
    5EAB : A;
    5EAC : 9;
    5EAD : 9;
    5EAE : A;
    5EAF : A;
    5EB0 : A;
    5EB1 : 9;
    5EB2 : 9;
    5EB3 : 8;
    5EB4 : 8;
    5EB5 : 8;
    5EB6 : 7;
    5EB7 : 6;
    5EB8 : 6;
    5EB9 : 6;
    5EBA : 6;
    5EBB : 6;
    5EBC : 6;
    5EBD : 6;
    5EBE : 6;
    5EBF : 6;
    5EC0 : 6;
    5EC1 : 6;
    5EC2 : 5;
    5EC3 : 5;
    5EC4 : 5;
    5EC5 : 6;
    5EC6 : 6;
    5EC7 : 6;
    5EC8 : 6;
    5EC9 : 6;
    5ECA : 6;
    5ECB : 6;
    5ECC : 7;
    5ECD : 7;
    5ECE : 7;
    5ECF : 6;
    5ED0 : 6;
    5ED1 : 5;
    5ED2 : 5;
    5ED3 : 5;
    5ED4 : 5;
    5ED5 : 5;
    5ED6 : 6;
    5ED7 : 6;
    5ED8 : 6;
    5ED9 : 7;
    5EDA : 6;
    5EDB : 6;
    5EDC : 6;
    5EDD : 6;
    5EDE : 6;
    5EDF : 6;
    5EE0 : 6;
    5EE1 : 6;
    5EE2 : 6;
    5EE3 : 6;
    5EE4 : 5;
    5EE5 : 5;
    5EE6 : 5;
    5EE7 : 6;
    5EE8 : 5;
    5EE9 : 5;
    5EEA : 5;
    5EEB : 5;
    5EEC : 5;
    5EED : 5;
    5EEE : 6;
    5EEF : 5;
    5EF0 : 6;
    5EF1 : 6;
    5EF2 : 6;
    5EF3 : 5;
    5EF4 : 6;
    5EF5 : 6;
    5EF6 : 5;
    5EF7 : 6;
    5EF8 : 6;
    5EF9 : 6;
    5EFA : 6;
    5EFB : 6;
    5EFC : 6;
    5EFD : 6;
    5EFE : 6;
    5EFF : 6;
    5F00 : 6;
    5F01 : 6;
    5F02 : 7;
    5F03 : 7;
    5F04 : 7;
    5F05 : 6;
    5F06 : 6;
    5F07 : 7;
    5F08 : 6;
    5F09 : 6;
    5F0A : 6;
    5F0B : 6;
    5F0C : 6;
    5F0D : 6;
    5F0E : 6;
    5F0F : 6;
    5F10 : 6;
    5F11 : 7;
    5F12 : 6;
    5F13 : 6;
    5F14 : 7;
    5F15 : 7;
    5F16 : 8;
    5F17 : 8;
    5F18 : 7;
    5F19 : 7;
    5F1A : 6;
    5F1B : 6;
    5F1C : 7;
    5F1D : 7;
    5F1E : 7;
    5F1F : 7;
    5F20 : 7;
    5F21 : 8;
    5F22 : 8;
    5F23 : 7;
    5F24 : 5;
    5F25 : 7;
    5F26 : 8;
    5F27 : 7;
    5F28 : 6;
    5F29 : 7;
    5F2A : 7;
    5F2B : 7;
    5F2C : 6;
    5F2D : 5;
    5F2E : 5;
    5F2F : 6;
    5F30 : 7;
    5F31 : 7;
    5F32 : 7;
    5F33 : 8;
    5F34 : 6;
    5F35 : 7;
    5F36 : 7;
    5F37 : 6;
    5F38 : 6;
    5F39 : 6;
    5F3A : 5;
    5F3B : 7;
    5F3C : 7;
    5F3D : 6;
    5F3E : 7;
    5F3F : 7;
    5F40 : 7;
    5F41 : 6;
    5F42 : 7;
    5F43 : 7;
    5F44 : 6;
    5F45 : 6;
    5F46 : 6;
    5F47 : 5;
    5F48 : 6;
    5F49 : 7;
    5F4A : 6;
    5F4B : 6;
    5F4C : 5;
    5F4D : 5;
    5F4E : 4;
    5F4F : 4;
    5F50 : 8;
    5F51 : 9;
    5F52 : 9;
    5F53 : 9;
    5F54 : 8;
    5F55 : 8;
    5F56 : 8;
    5F57 : 8;
    5F58 : 8;
    5F59 : 8;
    5F5A : 8;
    5F5B : 8;
    5F5C : 8;
    5F5D : 8;
    5F5E : 8;
    5F5F : 9;
    5F60 : 8;
    5F61 : 8;
    5F62 : 8;
    5F63 : 8;
    5F64 : 8;
    5F65 : 8;
    5F66 : 9;
    5F67 : 9;
    5F68 : 9;
    5F69 : 9;
    5F6A : 9;
    5F6B : 9;
    5F6C : 9;
    5F6D : 9;
    5F6E : 9;
    5F6F : 9;
    5F70 : 9;
    5F71 : 9;
    5F72 : A;
    5F73 : A;
    5F74 : A;
    5F75 : A;
    5F76 : A;
    5F77 : 9;
    5F78 : 9;
    5F79 : 8;
    5F7A : 7;
    5F7B : 7;
    5F7C : 8;
    5F7D : 7;
    5F7E : 6;
    5F7F : 6;
    5F80 : 6;
    5F81 : 5;
    5F82 : 6;
    5F83 : 5;
    5F84 : 6;
    5F85 : 6;
    5F86 : 7;
    5F87 : 6;
    5F88 : 6;
    5F89 : 6;
    5F8A : 5;
    5F8B : 5;
    5F8C : 5;
    5F8D : 5;
    5F8E : 6;
    5F8F : 6;
    5F90 : 6;
    5F91 : 6;
    5F92 : 6;
    5F93 : 6;
    5F94 : 7;
    5F95 : 7;
    5F96 : 7;
    5F97 : 6;
    5F98 : 6;
    5F99 : 5;
    5F9A : 5;
    5F9B : 5;
    5F9C : 5;
    5F9D : 5;
    5F9E : 5;
    5F9F : 6;
    5FA0 : 6;
    5FA1 : 6;
    5FA2 : 6;
    5FA3 : 6;
    5FA4 : 6;
    5FA5 : 6;
    5FA6 : 6;
    5FA7 : 6;
    5FA8 : 5;
    5FA9 : 6;
    5FAA : 5;
    5FAB : 5;
    5FAC : 5;
    5FAD : 4;
    5FAE : 5;
    5FAF : 5;
    5FB0 : 5;
    5FB1 : 5;
    5FB2 : 5;
    5FB3 : 5;
    5FB4 : 5;
    5FB5 : 6;
    5FB6 : 6;
    5FB7 : 5;
    5FB8 : 5;
    5FB9 : 5;
    5FBA : 5;
    5FBB : 5;
    5FBC : 6;
    5FBD : 5;
    5FBE : 6;
    5FBF : 6;
    5FC0 : 6;
    5FC1 : 6;
    5FC2 : 6;
    5FC3 : 6;
    5FC4 : 6;
    5FC5 : 6;
    5FC6 : 6;
    5FC7 : 6;
    5FC8 : 6;
    5FC9 : 6;
    5FCA : 7;
    5FCB : 7;
    5FCC : 7;
    5FCD : 7;
    5FCE : 6;
    5FCF : 7;
    5FD0 : 6;
    5FD1 : 6;
    5FD2 : 6;
    5FD3 : 6;
    5FD4 : 5;
    5FD5 : 7;
    5FD6 : 6;
    5FD7 : 6;
    5FD8 : 6;
    5FD9 : 7;
    5FDA : 7;
    5FDB : 7;
    5FDC : 7;
    5FDD : 7;
    5FDE : 6;
    5FDF : 6;
    5FE0 : 6;
    5FE1 : 6;
    5FE2 : 5;
    5FE3 : 6;
    5FE4 : 7;
    5FE5 : 7;
    5FE6 : 7;
    5FE7 : 7;
    5FE8 : 6;
    5FE9 : 7;
    5FEA : 8;
    5FEB : 7;
    5FEC : 7;
    5FED : 8;
    5FEE : 8;
    5FEF : 8;
    5FF0 : 7;
    5FF1 : 5;
    5FF2 : 5;
    5FF3 : 8;
    5FF4 : 7;
    5FF5 : 6;
    5FF6 : 5;
    5FF7 : 6;
    5FF8 : 8;
    5FF9 : 7;
    5FFA : 8;
    5FFB : 9;
    5FFC : 7;
    5FFD : 7;
    5FFE : 5;
    5FFF : 5;
    6000 : 5;
    6001 : 5;
    6002 : 6;
    6003 : 8;
    6004 : 8;
    6005 : 8;
    6006 : 8;
    6007 : 8;
    6008 : 6;
    6009 : 7;
    600A : 6;
    600B : 6;
    600C : 6;
    600D : 6;
    600E : 6;
    600F : 5;
    6010 : 6;
    6011 : 6;
    6012 : 6;
    6013 : 6;
    6014 : 5;
    6015 : 5;
    6016 : 5;
    6017 : 4;
    6018 : 9;
    6019 : 9;
    601A : 8;
    601B : 8;
    601C : 8;
    601D : 8;
    601E : 8;
    601F : 8;
    6020 : 8;
    6021 : 8;
    6022 : 8;
    6023 : 7;
    6024 : 8;
    6025 : 8;
    6026 : 8;
    6027 : 8;
    6028 : 8;
    6029 : 8;
    602A : 8;
    602B : 8;
    602C : 9;
    602D : 9;
    602E : 9;
    602F : 9;
    6030 : 9;
    6031 : 9;
    6032 : 9;
    6033 : 9;
    6034 : 9;
    6035 : 9;
    6036 : 9;
    6037 : A;
    6038 : 9;
    6039 : 9;
    603A : 9;
    603B : 9;
    603C : 9;
    603D : 8;
    603E : 9;
    603F : 9;
    6040 : 8;
    6041 : 7;
    6042 : 7;
    6043 : 7;
    6044 : 7;
    6045 : 6;
    6046 : 6;
    6047 : 6;
    6048 : 5;
    6049 : 6;
    604A : 5;
    604B : 6;
    604C : 6;
    604D : 7;
    604E : 6;
    604F : 6;
    6050 : 6;
    6051 : 6;
    6052 : 5;
    6053 : 5;
    6054 : 5;
    6055 : 6;
    6056 : 6;
    6057 : 6;
    6058 : 6;
    6059 : 6;
    605A : 6;
    605B : 7;
    605C : 7;
    605D : 7;
    605E : 6;
    605F : 6;
    6060 : 6;
    6061 : 5;
    6062 : 5;
    6063 : 5;
    6064 : 5;
    6065 : 5;
    6066 : 5;
    6067 : 6;
    6068 : 6;
    6069 : 6;
    606A : 5;
    606B : 5;
    606C : 5;
    606D : 5;
    606E : 5;
    606F : 5;
    6070 : 5;
    6071 : 5;
    6072 : 5;
    6073 : 5;
    6074 : 5;
    6075 : 5;
    6076 : 5;
    6077 : 5;
    6078 : 5;
    6079 : 5;
    607A : 5;
    607B : 4;
    607C : 5;
    607D : 5;
    607E : 5;
    607F : 5;
    6080 : 5;
    6081 : 5;
    6082 : 5;
    6083 : 5;
    6084 : 5;
    6085 : 6;
    6086 : 6;
    6087 : 6;
    6088 : 6;
    6089 : 6;
    608A : 6;
    608B : 6;
    608C : 6;
    608D : 6;
    608E : 6;
    608F : 6;
    6090 : 6;
    6091 : 7;
    6092 : 7;
    6093 : 7;
    6094 : 7;
    6095 : 7;
    6096 : 7;
    6097 : 7;
    6098 : 6;
    6099 : 6;
    609A : 6;
    609B : 6;
    609C : 6;
    609D : 7;
    609E : 7;
    609F : 6;
    60A0 : 6;
    60A1 : 7;
    60A2 : 6;
    60A3 : 6;
    60A4 : 7;
    60A5 : 7;
    60A6 : 6;
    60A7 : 6;
    60A8 : 6;
    60A9 : 6;
    60AA : 7;
    60AB : 5;
    60AC : 5;
    60AD : 6;
    60AE : 7;
    60AF : 7;
    60B0 : 6;
    60B1 : 6;
    60B2 : 7;
    60B3 : 7;
    60B4 : 7;
    60B5 : 7;
    60B6 : 8;
    60B7 : 7;
    60B8 : 6;
    60B9 : 4;
    60BA : 5;
    60BB : 8;
    60BC : 8;
    60BD : 7;
    60BE : 6;
    60BF : 7;
    60C0 : 6;
    60C1 : 6;
    60C2 : 7;
    60C3 : 7;
    60C4 : 6;
    60C5 : 6;
    60C6 : 7;
    60C7 : 5;
    60C8 : 5;
    60C9 : 5;
    60CA : 6;
    60CB : 6;
    60CC : 6;
    60CD : 8;
    60CE : 8;
    60CF : 8;
    60D0 : 7;
    60D1 : 7;
    60D2 : 6;
    60D3 : 5;
    60D4 : 6;
    60D5 : 5;
    60D6 : 4;
    60D7 : 4;
    60D8 : 5;
    60D9 : 6;
    60DA : 6;
    60DB : 5;
    60DC : 5;
    60DD : 5;
    60DE : 4;
    60DF : 5;
    60E0 : A;
    60E1 : 8;
    60E2 : 8;
    60E3 : 8;
    60E4 : 8;
    60E5 : 8;
    60E6 : 8;
    60E7 : 8;
    60E8 : 8;
    60E9 : 8;
    60EA : 7;
    60EB : 7;
    60EC : 8;
    60ED : 8;
    60EE : 8;
    60EF : 8;
    60F0 : 8;
    60F1 : 8;
    60F2 : 8;
    60F3 : 9;
    60F4 : 9;
    60F5 : 9;
    60F6 : 9;
    60F7 : 9;
    60F8 : 9;
    60F9 : 9;
    60FA : 9;
    60FB : 9;
    60FC : 9;
    60FD : A;
    60FE : 9;
    60FF : 9;
    6100 : 9;
    6101 : 9;
    6102 : 8;
    6103 : 8;
    6104 : 8;
    6105 : 8;
    6106 : 8;
    6107 : 8;
    6108 : 7;
    6109 : 7;
    610A : 7;
    610B : 6;
    610C : 6;
    610D : 6;
    610E : 6;
    610F : 6;
    6110 : 5;
    6111 : 5;
    6112 : 5;
    6113 : 6;
    6114 : 7;
    6115 : 7;
    6116 : 6;
    6117 : 6;
    6118 : 6;
    6119 : 6;
    611A : 5;
    611B : 5;
    611C : 5;
    611D : 6;
    611E : 6;
    611F : 6;
    6120 : 6;
    6121 : 6;
    6122 : 6;
    6123 : 6;
    6124 : 6;
    6125 : 6;
    6126 : 6;
    6127 : 6;
    6128 : 5;
    6129 : 5;
    612A : 5;
    612B : 5;
    612C : 5;
    612D : 5;
    612E : 5;
    612F : 6;
    6130 : 6;
    6131 : 5;
    6132 : 5;
    6133 : 5;
    6134 : 5;
    6135 : 5;
    6136 : 5;
    6137 : 5;
    6138 : 5;
    6139 : 5;
    613A : 5;
    613B : 4;
    613C : 4;
    613D : 5;
    613E : 5;
    613F : 5;
    6140 : 5;
    6141 : 5;
    6142 : 5;
    6143 : 5;
    6144 : 5;
    6145 : 5;
    6146 : 5;
    6147 : 5;
    6148 : 5;
    6149 : 5;
    614A : 5;
    614B : 5;
    614C : 5;
    614D : 5;
    614E : 6;
    614F : 6;
    6150 : 6;
    6151 : 6;
    6152 : 5;
    6153 : 6;
    6154 : 7;
    6155 : 6;
    6156 : 6;
    6157 : 6;
    6158 : 7;
    6159 : 7;
    615A : 7;
    615B : 7;
    615C : 7;
    615D : 7;
    615E : 7;
    615F : 7;
    6160 : 6;
    6161 : 6;
    6162 : 7;
    6163 : 6;
    6164 : 6;
    6165 : 7;
    6166 : 6;
    6167 : 6;
    6168 : 7;
    6169 : 8;
    616A : 7;
    616B : 7;
    616C : 7;
    616D : 7;
    616E : 6;
    616F : 6;
    6170 : 6;
    6171 : 6;
    6172 : 5;
    6173 : 6;
    6174 : 5;
    6175 : 6;
    6176 : 8;
    6177 : 6;
    6178 : 6;
    6179 : 7;
    617A : 7;
    617B : 8;
    617C : 8;
    617D : 8;
    617E : 7;
    617F : 6;
    6180 : 6;
    6181 : 5;
    6182 : 6;
    6183 : 7;
    6184 : 6;
    6185 : 7;
    6186 : 7;
    6187 : 7;
    6188 : 7;
    6189 : 7;
    618A : 7;
    618B : 7;
    618C : 6;
    618D : 6;
    618E : 6;
    618F : 5;
    6190 : 5;
    6191 : 5;
    6192 : 6;
    6193 : 6;
    6194 : 6;
    6195 : 7;
    6196 : 7;
    6197 : 8;
    6198 : 7;
    6199 : 7;
    619A : 6;
    619B : 5;
    619C : 5;
    619D : 4;
    619E : 5;
    619F : 5;
    61A0 : 6;
    61A1 : 5;
    61A2 : 5;
    61A3 : 5;
    61A4 : 5;
    61A5 : 5;
    61A6 : 5;
    61A7 : 5;
    61A8 : A;
    61A9 : 8;
    61AA : 9;
    61AB : 9;
    61AC : 8;
    61AD : 8;
    61AE : 8;
    61AF : 8;
    61B0 : 8;
    61B1 : 8;
    61B2 : 7;
    61B3 : 8;
    61B4 : 8;
    61B5 : 8;
    61B6 : 8;
    61B7 : 8;
    61B8 : 8;
    61B9 : 8;
    61BA : 9;
    61BB : 9;
    61BC : 9;
    61BD : 9;
    61BE : 9;
    61BF : 8;
    61C0 : 9;
    61C1 : 9;
    61C2 : A;
    61C3 : 9;
    61C4 : 9;
    61C5 : 8;
    61C6 : 8;
    61C7 : 8;
    61C8 : 7;
    61C9 : 7;
    61CA : 7;
    61CB : 7;
    61CC : 8;
    61CD : 8;
    61CE : 7;
    61CF : 7;
    61D0 : 7;
    61D1 : 6;
    61D2 : 6;
    61D3 : 6;
    61D4 : 6;
    61D5 : 6;
    61D6 : 6;
    61D7 : 5;
    61D8 : 5;
    61D9 : 5;
    61DA : 6;
    61DB : 6;
    61DC : 6;
    61DD : 6;
    61DE : 6;
    61DF : 6;
    61E0 : 6;
    61E1 : 6;
    61E2 : 5;
    61E3 : 5;
    61E4 : 5;
    61E5 : 6;
    61E6 : 6;
    61E7 : 6;
    61E8 : 6;
    61E9 : 6;
    61EA : 6;
    61EB : 6;
    61EC : 6;
    61ED : 6;
    61EE : 6;
    61EF : 5;
    61F0 : 5;
    61F1 : 5;
    61F2 : 5;
    61F3 : 5;
    61F4 : 5;
    61F5 : 5;
    61F6 : 5;
    61F7 : 5;
    61F8 : 5;
    61F9 : 5;
    61FA : 5;
    61FB : 5;
    61FC : 5;
    61FD : 5;
    61FE : 5;
    61FF : 5;
    6200 : 5;
    6201 : 5;
    6202 : 4;
    6203 : 4;
    6204 : 4;
    6205 : 5;
    6206 : 5;
    6207 : 5;
    6208 : 5;
    6209 : 5;
    620A : 4;
    620B : 5;
    620C : 5;
    620D : 5;
    620E : 5;
    620F : 5;
    6210 : 5;
    6211 : 5;
    6212 : 5;
    6213 : 5;
    6214 : 6;
    6215 : 5;
    6216 : 6;
    6217 : 6;
    6218 : 6;
    6219 : 6;
    621A : 5;
    621B : 6;
    621C : 7;
    621D : 6;
    621E : 6;
    621F : 6;
    6220 : 7;
    6221 : 7;
    6222 : 7;
    6223 : 7;
    6224 : 7;
    6225 : 7;
    6226 : 8;
    6227 : 8;
    6228 : 6;
    6229 : 6;
    622A : 7;
    622B : 7;
    622C : 8;
    622D : 6;
    622E : 5;
    622F : 6;
    6230 : 8;
    6231 : 7;
    6232 : 8;
    6233 : 7;
    6234 : 7;
    6235 : 7;
    6236 : 6;
    6237 : 7;
    6238 : 6;
    6239 : 5;
    623A : 6;
    623B : 5;
    623C : 6;
    623D : 8;
    623E : 9;
    623F : 7;
    6240 : 7;
    6241 : 8;
    6242 : 8;
    6243 : 7;
    6244 : 7;
    6245 : 8;
    6246 : 8;
    6247 : 7;
    6248 : 6;
    6249 : 6;
    624A : 7;
    624B : 7;
    624C : 6;
    624D : 6;
    624E : 6;
    624F : 6;
    6250 : 6;
    6251 : 6;
    6252 : 8;
    6253 : 7;
    6254 : 6;
    6255 : 5;
    6256 : 4;
    6257 : 4;
    6258 : 5;
    6259 : 5;
    625A : 6;
    625B : 7;
    625C : 7;
    625D : 8;
    625E : 8;
    625F : 8;
    6260 : 7;
    6261 : 6;
    6262 : 5;
    6263 : 5;
    6264 : 5;
    6265 : 4;
    6266 : 5;
    6267 : 6;
    6268 : 5;
    6269 : 4;
    626A : 4;
    626B : 5;
    626C : 5;
    626D : 5;
    626E : 5;
    626F : 5;
    6270 : 8;
    6271 : 8;
    6272 : 9;
    6273 : 8;
    6274 : 8;
    6275 : 8;
    6276 : 7;
    6277 : 7;
    6278 : 8;
    6279 : 8;
    627A : 8;
    627B : 8;
    627C : 8;
    627D : 8;
    627E : 8;
    627F : 8;
    6280 : 8;
    6281 : 9;
    6282 : 9;
    6283 : 9;
    6284 : 9;
    6285 : 9;
    6286 : 9;
    6287 : 9;
    6288 : 9;
    6289 : 9;
    628A : 9;
    628B : 8;
    628C : 8;
    628D : 7;
    628E : 7;
    628F : 6;
    6290 : 7;
    6291 : 7;
    6292 : 8;
    6293 : 8;
    6294 : 8;
    6295 : 7;
    6296 : 7;
    6297 : 7;
    6298 : 6;
    6299 : 6;
    629A : 6;
    629B : 6;
    629C : 6;
    629D : 6;
    629E : 6;
    629F : 5;
    62A0 : 5;
    62A1 : 6;
    62A2 : 6;
    62A3 : 5;
    62A4 : 5;
    62A5 : 5;
    62A6 : 6;
    62A7 : 6;
    62A8 : 6;
    62A9 : 6;
    62AA : 5;
    62AB : 5;
    62AC : 5;
    62AD : 5;
    62AE : 6;
    62AF : 6;
    62B0 : 6;
    62B1 : 6;
    62B2 : 6;
    62B3 : 6;
    62B4 : 6;
    62B5 : 6;
    62B6 : 6;
    62B7 : 5;
    62B8 : 5;
    62B9 : 5;
    62BA : 5;
    62BB : 5;
    62BC : 5;
    62BD : 5;
    62BE : 5;
    62BF : 5;
    62C0 : 5;
    62C1 : 5;
    62C2 : 5;
    62C3 : 5;
    62C4 : 4;
    62C5 : 5;
    62C6 : 5;
    62C7 : 5;
    62C8 : 5;
    62C9 : 5;
    62CA : 5;
    62CB : 4;
    62CC : 5;
    62CD : 4;
    62CE : 5;
    62CF : 5;
    62D0 : 5;
    62D1 : 5;
    62D2 : 5;
    62D3 : 5;
    62D4 : 5;
    62D5 : 5;
    62D6 : 5;
    62D7 : 5;
    62D8 : 5;
    62D9 : 5;
    62DA : 5;
    62DB : 6;
    62DC : 6;
    62DD : 5;
    62DE : 6;
    62DF : 7;
    62E0 : 6;
    62E1 : 6;
    62E2 : 6;
    62E3 : 6;
    62E4 : 7;
    62E5 : 7;
    62E6 : 8;
    62E7 : 8;
    62E8 : 8;
    62E9 : 7;
    62EA : 7;
    62EB : 8;
    62EC : 8;
    62ED : 8;
    62EE : 7;
    62EF : 7;
    62F0 : 7;
    62F1 : 7;
    62F2 : 7;
    62F3 : 7;
    62F4 : 7;
    62F5 : 6;
    62F6 : 6;
    62F7 : 8;
    62F8 : 7;
    62F9 : 8;
    62FA : 7;
    62FB : 6;
    62FC : 6;
    62FD : 6;
    62FE : 7;
    62FF : 8;
    6300 : 6;
    6301 : 6;
    6302 : 7;
    6303 : 6;
    6304 : 8;
    6305 : 9;
    6306 : 7;
    6307 : 7;
    6308 : 8;
    6309 : 8;
    630A : 7;
    630B : 6;
    630C : 8;
    630D : 8;
    630E : 8;
    630F : 7;
    6310 : 5;
    6311 : 5;
    6312 : 7;
    6313 : 9;
    6314 : 8;
    6315 : 5;
    6316 : 5;
    6317 : 4;
    6318 : 5;
    6319 : 6;
    631A : 7;
    631B : 7;
    631C : 6;
    631D : 5;
    631E : 5;
    631F : 5;
    6320 : 5;
    6321 : 5;
    6322 : 6;
    6323 : 6;
    6324 : 6;
    6325 : 7;
    6326 : 7;
    6327 : 7;
    6328 : 6;
    6329 : 6;
    632A : 5;
    632B : 5;
    632C : 4;
    632D : 4;
    632E : 4;
    632F : 4;
    6330 : 4;
    6331 : 4;
    6332 : 5;
    6333 : 5;
    6334 : 6;
    6335 : 5;
    6336 : 5;
    6337 : 5;
    6338 : 8;
    6339 : 8;
    633A : 8;
    633B : 8;
    633C : 8;
    633D : 8;
    633E : 8;
    633F : 7;
    6340 : 8;
    6341 : 8;
    6342 : 8;
    6343 : 8;
    6344 : 8;
    6345 : 8;
    6346 : 8;
    6347 : 9;
    6348 : 9;
    6349 : 9;
    634A : 9;
    634B : 9;
    634C : 8;
    634D : 8;
    634E : 9;
    634F : 8;
    6350 : 8;
    6351 : 8;
    6352 : 7;
    6353 : 7;
    6354 : 7;
    6355 : 6;
    6356 : 7;
    6357 : 7;
    6358 : 8;
    6359 : 9;
    635A : 8;
    635B : 7;
    635C : 8;
    635D : 8;
    635E : 7;
    635F : 7;
    6360 : 7;
    6361 : 6;
    6362 : 6;
    6363 : 6;
    6364 : 6;
    6365 : 6;
    6366 : 6;
    6367 : 6;
    6368 : 6;
    6369 : 6;
    636A : 5;
    636B : 5;
    636C : 5;
    636D : 5;
    636E : 5;
    636F : 5;
    6370 : 6;
    6371 : 5;
    6372 : 5;
    6373 : 5;
    6374 : 5;
    6375 : 5;
    6376 : 6;
    6377 : 6;
    6378 : 6;
    6379 : 6;
    637A : 6;
    637B : 6;
    637C : 6;
    637D : 6;
    637E : 5;
    637F : 5;
    6380 : 5;
    6381 : 5;
    6382 : 5;
    6383 : 5;
    6384 : 4;
    6385 : 4;
    6386 : 4;
    6387 : 5;
    6388 : 5;
    6389 : 5;
    638A : 5;
    638B : 4;
    638C : 4;
    638D : 5;
    638E : 5;
    638F : 5;
    6390 : 5;
    6391 : 5;
    6392 : 5;
    6393 : 5;
    6394 : 4;
    6395 : 5;
    6396 : 5;
    6397 : 5;
    6398 : 5;
    6399 : 5;
    639A : 5;
    639B : 5;
    639C : 5;
    639D : 5;
    639E : 5;
    639F : 4;
    63A0 : 5;
    63A1 : 5;
    63A2 : 5;
    63A3 : 6;
    63A4 : 6;
    63A5 : 5;
    63A6 : 6;
    63A7 : 7;
    63A8 : 7;
    63A9 : 6;
    63AA : 6;
    63AB : 7;
    63AC : 7;
    63AD : 6;
    63AE : 7;
    63AF : 7;
    63B0 : 8;
    63B1 : 8;
    63B2 : 8;
    63B3 : 9;
    63B4 : 8;
    63B5 : 6;
    63B6 : 6;
    63B7 : 6;
    63B8 : 7;
    63B9 : 8;
    63BA : 7;
    63BB : 8;
    63BC : 7;
    63BD : 6;
    63BE : 7;
    63BF : 7;
    63C0 : 6;
    63C1 : 7;
    63C2 : 6;
    63C3 : 7;
    63C4 : 7;
    63C5 : 6;
    63C6 : 6;
    63C7 : 6;
    63C8 : 6;
    63C9 : 7;
    63CA : 7;
    63CB : 6;
    63CC : 7;
    63CD : 8;
    63CE : 7;
    63CF : 6;
    63D0 : 6;
    63D1 : 7;
    63D2 : 8;
    63D3 : 8;
    63D4 : 8;
    63D5 : 7;
    63D6 : 6;
    63D7 : 5;
    63D8 : 6;
    63D9 : 7;
    63DA : 8;
    63DB : 7;
    63DC : 7;
    63DD : 6;
    63DE : 5;
    63DF : 5;
    63E0 : 5;
    63E1 : 6;
    63E2 : 8;
    63E3 : 7;
    63E4 : 6;
    63E5 : 6;
    63E6 : 6;
    63E7 : 6;
    63E8 : 5;
    63E9 : 5;
    63EA : 6;
    63EB : 6;
    63EC : 6;
    63ED : 6;
    63EE : 6;
    63EF : 6;
    63F0 : 5;
    63F1 : 5;
    63F2 : 4;
    63F3 : 4;
    63F4 : 5;
    63F5 : 4;
    63F6 : 4;
    63F7 : 4;
    63F8 : 4;
    63F9 : 5;
    63FA : 6;
    63FB : 6;
    63FC : 6;
    63FD : 5;
    63FE : 5;
    63FF : 4;
    6400 : 8;
    6401 : 8;
    6402 : 8;
    6403 : 8;
    6404 : 8;
    6405 : 7;
    6406 : 8;
    6407 : 8;
    6408 : 7;
    6409 : 8;
    640A : 9;
    640B : 8;
    640C : 8;
    640D : 8;
    640E : 9;
    640F : 9;
    6410 : 8;
    6411 : 8;
    6412 : 8;
    6413 : 8;
    6414 : 8;
    6415 : 8;
    6416 : 7;
    6417 : 8;
    6418 : 7;
    6419 : 6;
    641A : 6;
    641B : 6;
    641C : 6;
    641D : 8;
    641E : 8;
    641F : 7;
    6420 : 9;
    6421 : 8;
    6422 : 8;
    6423 : 9;
    6424 : 9;
    6425 : 8;
    6426 : 7;
    6427 : 7;
    6428 : 7;
    6429 : 7;
    642A : 7;
    642B : 7;
    642C : 6;
    642D : 6;
    642E : 6;
    642F : 6;
    6430 : 5;
    6431 : 5;
    6432 : 5;
    6433 : 5;
    6434 : 5;
    6435 : 5;
    6436 : 5;
    6437 : 5;
    6438 : 5;
    6439 : 5;
    643A : 5;
    643B : 5;
    643C : 5;
    643D : 5;
    643E : 5;
    643F : 6;
    6440 : 6;
    6441 : 6;
    6442 : 6;
    6443 : 5;
    6444 : 5;
    6445 : 5;
    6446 : 5;
    6447 : 5;
    6448 : 5;
    6449 : 5;
    644A : 4;
    644B : 4;
    644C : 4;
    644D : 5;
    644E : 6;
    644F : 5;
    6450 : 4;
    6451 : 4;
    6452 : 5;
    6453 : 4;
    6454 : 4;
    6455 : 4;
    6456 : 4;
    6457 : 5;
    6458 : 4;
    6459 : 5;
    645A : 4;
    645B : 4;
    645C : 4;
    645D : 5;
    645E : 5;
    645F : 5;
    6460 : 5;
    6461 : 5;
    6462 : 5;
    6463 : 5;
    6464 : 5;
    6465 : 5;
    6466 : 5;
    6467 : 5;
    6468 : 5;
    6469 : 5;
    646A : 5;
    646B : 6;
    646C : 5;
    646D : 5;
    646E : 6;
    646F : 7;
    6470 : 6;
    6471 : 6;
    6472 : 6;
    6473 : 6;
    6474 : 7;
    6475 : 7;
    6476 : 7;
    6477 : 7;
    6478 : 7;
    6479 : 9;
    647A : 9;
    647B : 7;
    647C : 6;
    647D : 6;
    647E : 7;
    647F : 7;
    6480 : 7;
    6481 : 8;
    6482 : 8;
    6483 : 8;
    6484 : 7;
    6485 : 7;
    6486 : 8;
    6487 : 7;
    6488 : 7;
    6489 : 7;
    648A : 7;
    648B : 7;
    648C : 6;
    648D : 6;
    648E : 6;
    648F : 7;
    6490 : 6;
    6491 : 7;
    6492 : 7;
    6493 : 6;
    6494 : 8;
    6495 : 7;
    6496 : 6;
    6497 : 8;
    6498 : 7;
    6499 : 7;
    649A : 7;
    649B : 7;
    649C : 8;
    649D : 8;
    649E : 7;
    649F : 6;
    64A0 : 6;
    64A1 : 6;
    64A2 : 7;
    64A3 : 7;
    64A4 : 7;
    64A5 : 7;
    64A6 : 5;
    64A7 : 5;
    64A8 : 5;
    64A9 : 6;
    64AA : 7;
    64AB : 6;
    64AC : 6;
    64AD : 6;
    64AE : 6;
    64AF : 6;
    64B0 : 6;
    64B1 : 6;
    64B2 : 6;
    64B3 : 6;
    64B4 : 6;
    64B5 : 6;
    64B6 : 5;
    64B7 : 5;
    64B8 : 5;
    64B9 : 5;
    64BA : 4;
    64BB : 4;
    64BC : 4;
    64BD : 4;
    64BE : 4;
    64BF : 5;
    64C0 : 5;
    64C1 : 5;
    64C2 : 5;
    64C3 : 5;
    64C4 : 5;
    64C5 : 4;
    64C6 : 4;
    64C7 : 4;
    64C8 : 7;
    64C9 : 8;
    64CA : 8;
    64CB : 8;
    64CC : 7;
    64CD : 8;
    64CE : 9;
    64CF : 8;
    64D0 : 8;
    64D1 : 9;
    64D2 : 8;
    64D3 : 8;
    64D4 : 8;
    64D5 : 9;
    64D6 : 8;
    64D7 : 8;
    64D8 : 8;
    64D9 : 8;
    64DA : 8;
    64DB : 7;
    64DC : 7;
    64DD : 7;
    64DE : 7;
    64DF : 7;
    64E0 : 6;
    64E1 : 6;
    64E2 : 6;
    64E3 : 6;
    64E4 : 8;
    64E5 : 9;
    64E6 : 7;
    64E7 : 8;
    64E8 : 9;
    64E9 : 9;
    64EA : 9;
    64EB : 9;
    64EC : 7;
    64ED : 6;
    64EE : 6;
    64EF : 6;
    64F0 : 7;
    64F1 : 6;
    64F2 : 6;
    64F3 : 6;
    64F4 : 6;
    64F5 : 6;
    64F6 : 5;
    64F7 : 5;
    64F8 : 5;
    64F9 : 5;
    64FA : 5;
    64FB : 5;
    64FC : 5;
    64FD : 5;
    64FE : 5;
    64FF : 5;
    6500 : 5;
    6501 : 5;
    6502 : 5;
    6503 : 5;
    6504 : 5;
    6505 : 5;
    6506 : 5;
    6507 : 5;
    6508 : 5;
    6509 : 5;
    650A : 5;
    650B : 5;
    650C : 5;
    650D : 5;
    650E : 5;
    650F : 5;
    6510 : 5;
    6511 : 4;
    6512 : 4;
    6513 : 5;
    6514 : 5;
    6515 : 6;
    6516 : 6;
    6517 : 5;
    6518 : 5;
    6519 : 5;
    651A : 5;
    651B : 5;
    651C : 4;
    651D : 5;
    651E : 4;
    651F : 4;
    6520 : 4;
    6521 : 5;
    6522 : 5;
    6523 : 5;
    6524 : 5;
    6525 : 5;
    6526 : 5;
    6527 : 5;
    6528 : 5;
    6529 : 5;
    652A : 4;
    652B : 5;
    652C : 5;
    652D : 5;
    652E : 5;
    652F : 5;
    6530 : 5;
    6531 : 6;
    6532 : 6;
    6533 : 6;
    6534 : 5;
    6535 : 5;
    6536 : 6;
    6537 : 6;
    6538 : 6;
    6539 : 7;
    653A : 6;
    653B : 6;
    653C : 7;
    653D : 7;
    653E : 7;
    653F : 8;
    6540 : 9;
    6541 : 9;
    6542 : 8;
    6543 : 7;
    6544 : 7;
    6545 : 8;
    6546 : 8;
    6547 : 8;
    6548 : 8;
    6549 : 8;
    654A : 8;
    654B : 7;
    654C : 7;
    654D : 7;
    654E : 7;
    654F : 7;
    6550 : 7;
    6551 : 8;
    6552 : 8;
    6553 : 7;
    6554 : 7;
    6555 : 8;
    6556 : 8;
    6557 : 7;
    6558 : 6;
    6559 : 7;
    655A : 6;
    655B : 7;
    655C : 8;
    655D : 6;
    655E : 7;
    655F : 8;
    6560 : 6;
    6561 : 8;
    6562 : 9;
    6563 : 9;
    6564 : 9;
    6565 : 8;
    6566 : 8;
    6567 : 7;
    6568 : 6;
    6569 : 6;
    656A : 7;
    656B : 7;
    656C : 6;
    656D : 5;
    656E : 5;
    656F : 5;
    6570 : 6;
    6571 : 6;
    6572 : 7;
    6573 : 6;
    6574 : 5;
    6575 : 5;
    6576 : 5;
    6577 : 6;
    6578 : 6;
    6579 : 5;
    657A : 6;
    657B : 6;
    657C : 5;
    657D : 5;
    657E : 5;
    657F : 5;
    6580 : 4;
    6581 : 5;
    6582 : 4;
    6583 : 4;
    6584 : 4;
    6585 : 5;
    6586 : 4;
    6587 : 5;
    6588 : 5;
    6589 : 5;
    658A : 5;
    658B : 4;
    658C : 4;
    658D : 4;
    658E : 4;
    658F : 4;
    6590 : 7;
    6591 : 8;
    6592 : 8;
    6593 : 7;
    6594 : 7;
    6595 : 8;
    6596 : 9;
    6597 : 8;
    6598 : 8;
    6599 : 8;
    659A : 8;
    659B : 8;
    659C : 8;
    659D : 8;
    659E : 8;
    659F : 8;
    65A0 : 8;
    65A1 : 8;
    65A2 : 8;
    65A3 : 7;
    65A4 : 7;
    65A5 : 7;
    65A6 : 7;
    65A7 : 6;
    65A8 : 6;
    65A9 : 6;
    65AA : 6;
    65AB : 9;
    65AC : 9;
    65AD : 7;
    65AE : 7;
    65AF : 8;
    65B0 : 8;
    65B1 : 9;
    65B2 : 8;
    65B3 : 6;
    65B4 : 6;
    65B5 : 6;
    65B6 : 6;
    65B7 : 7;
    65B8 : 6;
    65B9 : 6;
    65BA : 5;
    65BB : 5;
    65BC : 5;
    65BD : 5;
    65BE : 5;
    65BF : 5;
    65C0 : 5;
    65C1 : 5;
    65C2 : 5;
    65C3 : 5;
    65C4 : 5;
    65C5 : 5;
    65C6 : 5;
    65C7 : 5;
    65C8 : 5;
    65C9 : 5;
    65CA : 5;
    65CB : 5;
    65CC : 5;
    65CD : 5;
    65CE : 5;
    65CF : 5;
    65D0 : 5;
    65D1 : 5;
    65D2 : 5;
    65D3 : 5;
    65D4 : 5;
    65D5 : 5;
    65D6 : 5;
    65D7 : 5;
    65D8 : 5;
    65D9 : 5;
    65DA : 5;
    65DB : 5;
    65DC : 6;
    65DD : 6;
    65DE : 5;
    65DF : 5;
    65E0 : 5;
    65E1 : 5;
    65E2 : 5;
    65E3 : 5;
    65E4 : 5;
    65E5 : 5;
    65E6 : 5;
    65E7 : 4;
    65E8 : 5;
    65E9 : 5;
    65EA : 5;
    65EB : 5;
    65EC : 5;
    65ED : 5;
    65EE : 5;
    65EF : 5;
    65F0 : 4;
    65F1 : 4;
    65F2 : 5;
    65F3 : 5;
    65F4 : 5;
    65F5 : 5;
    65F6 : 5;
    65F7 : 5;
    65F8 : 5;
    65F9 : 6;
    65FA : 7;
    65FB : 6;
    65FC : 5;
    65FD : 6;
    65FE : 7;
    65FF : 7;
    6600 : 7;
    6601 : 6;
    6602 : 6;
    6603 : 6;
    6604 : 7;
    6605 : 8;
    6606 : 8;
    6607 : 9;
    6608 : 8;
    6609 : 8;
    660A : 8;
    660B : 8;
    660C : 8;
    660D : 8;
    660E : 7;
    660F : 7;
    6610 : 7;
    6611 : 7;
    6612 : 7;
    6613 : 7;
    6614 : 7;
    6615 : 7;
    6616 : 7;
    6617 : 7;
    6618 : 7;
    6619 : 6;
    661A : 6;
    661B : 7;
    661C : 8;
    661D : 7;
    661E : 7;
    661F : 6;
    6620 : 6;
    6621 : 6;
    6622 : 6;
    6623 : 7;
    6624 : 6;
    6625 : 6;
    6626 : 7;
    6627 : 7;
    6628 : 7;
    6629 : 9;
    662A : 9;
    662B : 8;
    662C : 8;
    662D : 8;
    662E : 7;
    662F : 7;
    6630 : 7;
    6631 : 6;
    6632 : 7;
    6633 : 8;
    6634 : 6;
    6635 : 5;
    6636 : 6;
    6637 : 5;
    6638 : 6;
    6639 : 7;
    663A : 7;
    663B : 6;
    663C : 6;
    663D : 5;
    663E : 6;
    663F : 6;
    6640 : 6;
    6641 : 5;
    6642 : 5;
    6643 : 5;
    6644 : 5;
    6645 : 5;
    6646 : 5;
    6647 : 5;
    6648 : 5;
    6649 : 4;
    664A : 4;
    664B : 4;
    664C : 4;
    664D : 5;
    664E : 5;
    664F : 5;
    6650 : 5;
    6651 : 5;
    6652 : 6;
    6653 : 5;
    6654 : 4;
    6655 : 4;
    6656 : 4;
    6657 : 4;
    6658 : 8;
    6659 : 8;
    665A : 8;
    665B : 8;
    665C : 8;
    665D : 9;
    665E : 8;
    665F : 8;
    6660 : 8;
    6661 : 8;
    6662 : 8;
    6663 : 8;
    6664 : 8;
    6665 : 8;
    6666 : 8;
    6667 : 8;
    6668 : 8;
    6669 : 8;
    666A : 7;
    666B : 7;
    666C : 7;
    666D : 7;
    666E : 7;
    666F : 6;
    6670 : 6;
    6671 : 6;
    6672 : 8;
    6673 : 9;
    6674 : 8;
    6675 : 8;
    6676 : 7;
    6677 : 7;
    6678 : 6;
    6679 : 8;
    667A : 7;
    667B : 5;
    667C : 6;
    667D : 6;
    667E : 6;
    667F : 6;
    6680 : 5;
    6681 : 5;
    6682 : 5;
    6683 : 5;
    6684 : 5;
    6685 : 5;
    6686 : 5;
    6687 : 5;
    6688 : 5;
    6689 : 5;
    668A : 5;
    668B : 5;
    668C : 5;
    668D : 5;
    668E : 5;
    668F : 5;
    6690 : 5;
    6691 : 5;
    6692 : 5;
    6693 : 5;
    6694 : 5;
    6695 : 5;
    6696 : 5;
    6697 : 5;
    6698 : 5;
    6699 : 5;
    669A : 5;
    669B : 5;
    669C : 5;
    669D : 5;
    669E : 5;
    669F : 5;
    66A0 : 5;
    66A1 : 5;
    66A2 : 5;
    66A3 : 5;
    66A4 : 6;
    66A5 : 5;
    66A6 : 5;
    66A7 : 5;
    66A8 : 5;
    66A9 : 5;
    66AA : 5;
    66AB : 5;
    66AC : 5;
    66AD : 5;
    66AE : 5;
    66AF : 5;
    66B0 : 5;
    66B1 : 5;
    66B2 : 5;
    66B3 : 5;
    66B4 : 5;
    66B5 : 5;
    66B6 : 5;
    66B7 : 5;
    66B8 : 5;
    66B9 : 5;
    66BA : 5;
    66BB : 5;
    66BC : 5;
    66BD : 5;
    66BE : 5;
    66BF : 5;
    66C0 : 5;
    66C1 : 6;
    66C2 : 8;
    66C3 : 7;
    66C4 : 6;
    66C5 : 6;
    66C6 : 7;
    66C7 : 7;
    66C8 : 6;
    66C9 : 6;
    66CA : 8;
    66CB : 8;
    66CC : 9;
    66CD : 9;
    66CE : 9;
    66CF : 9;
    66D0 : 8;
    66D1 : 8;
    66D2 : 9;
    66D3 : 8;
    66D4 : 6;
    66D5 : 7;
    66D6 : 8;
    66D7 : 8;
    66D8 : 8;
    66D9 : 8;
    66DA : 7;
    66DB : 7;
    66DC : 7;
    66DD : 7;
    66DE : 6;
    66DF : 7;
    66E0 : 7;
    66E1 : 7;
    66E2 : 7;
    66E3 : 6;
    66E4 : 6;
    66E5 : 6;
    66E6 : 6;
    66E7 : 7;
    66E8 : 7;
    66E9 : 7;
    66EA : 7;
    66EB : 7;
    66EC : 7;
    66ED : 6;
    66EE : 8;
    66EF : 8;
    66F0 : 6;
    66F1 : 8;
    66F2 : 9;
    66F3 : 7;
    66F4 : 7;
    66F5 : 7;
    66F6 : 6;
    66F7 : 6;
    66F8 : 6;
    66F9 : 6;
    66FA : 7;
    66FB : 7;
    66FC : 6;
    66FD : 5;
    66FE : 4;
    66FF : 4;
    6700 : 4;
    6701 : 6;
    6702 : 7;
    6703 : 6;
    6704 : 6;
    6705 : 6;
    6706 : 6;
    6707 : 5;
    6708 : 5;
    6709 : 5;
    670A : 5;
    670B : 5;
    670C : 5;
    670D : 5;
    670E : 5;
    670F : 5;
    6710 : 5;
    6711 : 5;
    6712 : 5;
    6713 : 4;
    6714 : 4;
    6715 : 5;
    6716 : 5;
    6717 : 5;
    6718 : 5;
    6719 : 6;
    671A : 6;
    671B : 5;
    671C : 4;
    671D : 4;
    671E : 4;
    671F : 4;
    6720 : 9;
    6721 : 8;
    6722 : 8;
    6723 : 8;
    6724 : 8;
    6725 : 8;
    6726 : 8;
    6727 : 8;
    6728 : 8;
    6729 : 8;
    672A : 8;
    672B : 8;
    672C : 8;
    672D : 7;
    672E : 8;
    672F : 8;
    6730 : 8;
    6731 : 8;
    6732 : 8;
    6733 : 8;
    6734 : 8;
    6735 : 8;
    6736 : 7;
    6737 : 6;
    6738 : 7;
    6739 : 8;
    673A : 8;
    673B : 8;
    673C : 8;
    673D : 7;
    673E : 6;
    673F : 6;
    6740 : 6;
    6741 : 6;
    6742 : 5;
    6743 : 5;
    6744 : 6;
    6745 : 6;
    6746 : 6;
    6747 : 5;
    6748 : 5;
    6749 : 5;
    674A : 5;
    674B : 5;
    674C : 5;
    674D : 5;
    674E : 5;
    674F : 5;
    6750 : 5;
    6751 : 5;
    6752 : 5;
    6753 : 5;
    6754 : 5;
    6755 : 5;
    6756 : 5;
    6757 : 5;
    6758 : 5;
    6759 : 5;
    675A : 5;
    675B : 5;
    675C : 5;
    675D : 5;
    675E : 5;
    675F : 5;
    6760 : 5;
    6761 : 5;
    6762 : 5;
    6763 : 5;
    6764 : 5;
    6765 : 5;
    6766 : 5;
    6767 : 5;
    6768 : 5;
    6769 : 5;
    676A : 5;
    676B : 5;
    676C : 5;
    676D : 5;
    676E : 5;
    676F : 5;
    6770 : 5;
    6771 : 6;
    6772 : 5;
    6773 : 5;
    6774 : 5;
    6775 : 5;
    6776 : 5;
    6777 : 6;
    6778 : 6;
    6779 : 6;
    677A : 6;
    677B : 6;
    677C : 6;
    677D : 5;
    677E : 5;
    677F : 5;
    6780 : 5;
    6781 : 5;
    6782 : 5;
    6783 : 5;
    6784 : 5;
    6785 : 5;
    6786 : 6;
    6787 : 6;
    6788 : 6;
    6789 : 7;
    678A : 8;
    678B : 8;
    678C : 6;
    678D : 6;
    678E : 7;
    678F : 7;
    6790 : 7;
    6791 : 7;
    6792 : 8;
    6793 : 8;
    6794 : 9;
    6795 : 9;
    6796 : 9;
    6797 : 9;
    6798 : 8;
    6799 : 9;
    679A : 8;
    679B : 6;
    679C : 6;
    679D : 8;
    679E : 7;
    679F : 7;
    67A0 : 8;
    67A1 : 8;
    67A2 : 7;
    67A3 : 7;
    67A4 : 7;
    67A5 : 7;
    67A6 : 6;
    67A7 : 7;
    67A8 : 7;
    67A9 : 7;
    67AA : 7;
    67AB : 6;
    67AC : 8;
    67AD : 7;
    67AE : 6;
    67AF : 8;
    67B0 : 7;
    67B1 : 6;
    67B2 : 6;
    67B3 : 7;
    67B4 : 8;
    67B5 : 7;
    67B6 : 9;
    67B7 : 7;
    67B8 : 6;
    67B9 : 8;
    67BA : 7;
    67BB : 5;
    67BC : 5;
    67BD : 6;
    67BE : 6;
    67BF : 5;
    67C0 : 5;
    67C1 : 5;
    67C2 : 5;
    67C3 : 6;
    67C4 : 6;
    67C5 : 5;
    67C6 : 5;
    67C7 : 4;
    67C8 : 5;
    67C9 : 6;
    67CA : 7;
    67CB : 7;
    67CC : 6;
    67CD : 6;
    67CE : 5;
    67CF : 5;
    67D0 : 5;
    67D1 : 5;
    67D2 : 5;
    67D3 : 5;
    67D4 : 5;
    67D5 : 5;
    67D6 : 5;
    67D7 : 5;
    67D8 : 5;
    67D9 : 5;
    67DA : 5;
    67DB : 5;
    67DC : 5;
    67DD : 5;
    67DE : 5;
    67DF : 5;
    67E0 : 6;
    67E1 : 6;
    67E2 : 5;
    67E3 : 5;
    67E4 : 4;
    67E5 : 4;
    67E6 : 4;
    67E7 : 4;
    67E8 : 9;
    67E9 : 8;
    67EA : 8;
    67EB : 8;
    67EC : 8;
    67ED : 8;
    67EE : 8;
    67EF : 8;
    67F0 : 8;
    67F1 : 8;
    67F2 : 8;
    67F3 : 8;
    67F4 : 8;
    67F5 : 9;
    67F6 : 9;
    67F7 : 8;
    67F8 : 8;
    67F9 : 8;
    67FA : 8;
    67FB : 8;
    67FC : 8;
    67FD : 7;
    67FE : 7;
    67FF : 6;
    6800 : 8;
    6801 : 9;
    6802 : 7;
    6803 : 7;
    6804 : 7;
    6805 : 6;
    6806 : 6;
    6807 : 6;
    6808 : 5;
    6809 : 5;
    680A : 5;
    680B : 6;
    680C : 6;
    680D : 6;
    680E : 5;
    680F : 5;
    6810 : 5;
    6811 : 5;
    6812 : 5;
    6813 : 5;
    6814 : 5;
    6815 : 5;
    6816 : 5;
    6817 : 5;
    6818 : 5;
    6819 : 5;
    681A : 5;
    681B : 5;
    681C : 5;
    681D : 5;
    681E : 5;
    681F : 5;
    6820 : 5;
    6821 : 5;
    6822 : 5;
    6823 : 5;
    6824 : 4;
    6825 : 4;
    6826 : 5;
    6827 : 5;
    6828 : 5;
    6829 : 5;
    682A : 5;
    682B : 5;
    682C : 5;
    682D : 6;
    682E : 5;
    682F : 6;
    6830 : 6;
    6831 : 6;
    6832 : 6;
    6833 : 6;
    6834 : 6;
    6835 : 7;
    6836 : 8;
    6837 : 6;
    6838 : 6;
    6839 : 7;
    683A : 6;
    683B : 5;
    683C : 5;
    683D : 6;
    683E : 7;
    683F : 8;
    6840 : 9;
    6841 : 8;
    6842 : 7;
    6843 : 6;
    6844 : 7;
    6845 : 8;
    6846 : 6;
    6847 : 5;
    6848 : 5;
    6849 : 5;
    684A : 6;
    684B : 6;
    684C : 6;
    684D : 6;
    684E : 6;
    684F : 6;
    6850 : 6;
    6851 : 7;
    6852 : 8;
    6853 : 8;
    6854 : 7;
    6855 : 7;
    6856 : 7;
    6857 : 7;
    6858 : 7;
    6859 : 7;
    685A : 7;
    685B : 8;
    685C : 9;
    685D : 9;
    685E : 9;
    685F : 8;
    6860 : 7;
    6861 : 8;
    6862 : 7;
    6863 : 7;
    6864 : 9;
    6865 : 8;
    6866 : 7;
    6867 : 7;
    6868 : 7;
    6869 : 6;
    686A : 6;
    686B : 6;
    686C : 6;
    686D : 6;
    686E : 6;
    686F : 7;
    6870 : 6;
    6871 : 7;
    6872 : 6;
    6873 : 7;
    6874 : 9;
    6875 : 8;
    6876 : 7;
    6877 : 7;
    6878 : 7;
    6879 : 7;
    687A : 5;
    687B : 6;
    687C : 8;
    687D : 8;
    687E : 8;
    687F : 7;
    6880 : 6;
    6881 : 8;
    6882 : 8;
    6883 : 6;
    6884 : 5;
    6885 : 7;
    6886 : 7;
    6887 : 5;
    6888 : 5;
    6889 : 5;
    688A : 6;
    688B : 6;
    688C : 6;
    688D : 5;
    688E : 5;
    688F : 5;
    6890 : 6;
    6891 : 7;
    6892 : 7;
    6893 : 6;
    6894 : 7;
    6895 : 6;
    6896 : 5;
    6897 : 5;
    6898 : 6;
    6899 : 5;
    689A : 4;
    689B : 5;
    689C : 5;
    689D : 5;
    689E : 5;
    689F : 5;
    68A0 : 5;
    68A1 : 5;
    68A2 : 5;
    68A3 : 5;
    68A4 : 5;
    68A5 : 4;
    68A6 : 5;
    68A7 : 6;
    68A8 : 6;
    68A9 : 6;
    68AA : 6;
    68AB : 5;
    68AC : 5;
    68AD : 4;
    68AE : 4;
    68AF : 5;
    68B0 : 8;
    68B1 : 8;
    68B2 : 9;
    68B3 : 9;
    68B4 : 8;
    68B5 : 7;
    68B6 : 8;
    68B7 : 9;
    68B8 : 9;
    68B9 : 8;
    68BA : 8;
    68BB : 8;
    68BC : 9;
    68BD : 9;
    68BE : 9;
    68BF : 8;
    68C0 : 8;
    68C1 : 9;
    68C2 : 9;
    68C3 : 8;
    68C4 : 7;
    68C5 : 7;
    68C6 : 8;
    68C7 : 8;
    68C8 : 8;
    68C9 : 7;
    68CA : 7;
    68CB : 6;
    68CC : 6;
    68CD : 6;
    68CE : 6;
    68CF : 5;
    68D0 : 5;
    68D1 : 5;
    68D2 : 5;
    68D3 : 6;
    68D4 : 6;
    68D5 : 5;
    68D6 : 5;
    68D7 : 5;
    68D8 : 5;
    68D9 : 5;
    68DA : 5;
    68DB : 5;
    68DC : 5;
    68DD : 5;
    68DE : 5;
    68DF : 5;
    68E0 : 5;
    68E1 : 5;
    68E2 : 5;
    68E3 : 5;
    68E4 : 5;
    68E5 : 5;
    68E6 : 5;
    68E7 : 5;
    68E8 : 5;
    68E9 : 5;
    68EA : 5;
    68EB : 5;
    68EC : 4;
    68ED : 4;
    68EE : 4;
    68EF : 5;
    68F0 : 5;
    68F1 : 5;
    68F2 : 5;
    68F3 : 5;
    68F4 : 6;
    68F5 : 6;
    68F6 : 7;
    68F7 : 6;
    68F8 : 7;
    68F9 : 9;
    68FA : 6;
    68FB : 8;
    68FC : B;
    68FD : 9;
    68FE : 6;
    68FF : 5;
    6900 : 6;
    6901 : 6;
    6902 : 6;
    6903 : 5;
    6904 : 9;
    6905 : 9;
    6906 : 9;
    6907 : A;
    6908 : 8;
    6909 : 8;
    690A : 9;
    690B : 9;
    690C : 9;
    690D : 8;
    690E : 6;
    690F : 5;
    6910 : 6;
    6911 : 6;
    6912 : 6;
    6913 : 7;
    6914 : 6;
    6915 : 6;
    6916 : 6;
    6917 : 7;
    6918 : 6;
    6919 : 6;
    691A : 7;
    691B : 7;
    691C : 8;
    691D : 7;
    691E : 7;
    691F : 7;
    6920 : 7;
    6921 : 8;
    6922 : 8;
    6923 : 9;
    6924 : 9;
    6925 : 9;
    6926 : 8;
    6927 : 7;
    6928 : 7;
    6929 : 7;
    692A : 7;
    692B : 9;
    692C : 8;
    692D : 7;
    692E : 7;
    692F : 7;
    6930 : 7;
    6931 : 6;
    6932 : 7;
    6933 : 7;
    6934 : 7;
    6935 : 6;
    6936 : 7;
    6937 : 7;
    6938 : 7;
    6939 : 8;
    693A : 7;
    693B : 7;
    693C : 6;
    693D : 6;
    693E : 7;
    693F : 7;
    6940 : 7;
    6941 : 7;
    6942 : 6;
    6943 : 7;
    6944 : 8;
    6945 : 8;
    6946 : 7;
    6947 : 6;
    6948 : 5;
    6949 : 7;
    694A : 7;
    694B : 6;
    694C : 6;
    694D : 6;
    694E : 6;
    694F : 5;
    6950 : 5;
    6951 : 6;
    6952 : 6;
    6953 : 6;
    6954 : 5;
    6955 : 5;
    6956 : 5;
    6957 : 5;
    6958 : 7;
    6959 : 7;
    695A : 7;
    695B : 7;
    695C : 6;
    695D : 6;
    695E : 5;
    695F : 5;
    6960 : 5;
    6961 : 5;
    6962 : 5;
    6963 : 5;
    6964 : 5;
    6965 : 5;
    6966 : 5;
    6967 : 5;
    6968 : 5;
    6969 : 5;
    696A : 5;
    696B : 5;
    696C : 5;
    696D : 5;
    696E : 6;
    696F : 6;
    6970 : 5;
    6971 : 5;
    6972 : 5;
    6973 : 5;
    6974 : 6;
    6975 : 5;
    6976 : 6;
    6977 : 6;
    6978 : 9;
    6979 : 9;
    697A : 9;
    697B : 8;
    697C : 8;
    697D : 8;
    697E : 9;
    697F : 9;
    6980 : 8;
    6981 : 8;
    6982 : 9;
    6983 : 9;
    6984 : 9;
    6985 : 9;
    6986 : 9;
    6987 : 9;
    6988 : 9;
    6989 : 9;
    698A : 8;
    698B : 7;
    698C : 7;
    698D : 8;
    698E : A;
    698F : 9;
    6990 : 9;
    6991 : 9;
    6992 : 8;
    6993 : 6;
    6994 : 5;
    6995 : 5;
    6996 : 5;
    6997 : 5;
    6998 : 5;
    6999 : 5;
    699A : 5;
    699B : 5;
    699C : 5;
    699D : 5;
    699E : 5;
    699F : 6;
    69A0 : 6;
    69A1 : 5;
    69A2 : 5;
    69A3 : 5;
    69A4 : 5;
    69A5 : 5;
    69A6 : 5;
    69A7 : 5;
    69A8 : 5;
    69A9 : 5;
    69AA : 5;
    69AB : 5;
    69AC : 5;
    69AD : 5;
    69AE : 5;
    69AF : 5;
    69B0 : 5;
    69B1 : 4;
    69B2 : 4;
    69B3 : 4;
    69B4 : 4;
    69B5 : 4;
    69B6 : 5;
    69B7 : 5;
    69B8 : 5;
    69B9 : 5;
    69BA : 5;
    69BB : 6;
    69BC : 6;
    69BD : 7;
    69BE : 7;
    69BF : 6;
    69C0 : 9;
    69C1 : 9;
    69C2 : 8;
    69C3 : 9;
    69C4 : 8;
    69C5 : 7;
    69C6 : 6;
    69C7 : 5;
    69C8 : 7;
    69C9 : 8;
    69CA : 6;
    69CB : 7;
    69CC : A;
    69CD : 8;
    69CE : 9;
    69CF : 8;
    69D0 : 8;
    69D1 : 9;
    69D2 : 8;
    69D3 : 8;
    69D4 : 8;
    69D5 : 7;
    69D6 : 6;
    69D7 : 6;
    69D8 : 6;
    69D9 : 6;
    69DA : 7;
    69DB : 7;
    69DC : 6;
    69DD : 6;
    69DE : 6;
    69DF : 7;
    69E0 : 6;
    69E1 : 7;
    69E2 : 7;
    69E3 : 7;
    69E4 : 7;
    69E5 : 7;
    69E6 : 7;
    69E7 : 7;
    69E8 : 7;
    69E9 : 8;
    69EA : 8;
    69EB : 8;
    69EC : 8;
    69ED : 8;
    69EE : 7;
    69EF : 7;
    69F0 : 7;
    69F1 : 7;
    69F2 : 8;
    69F3 : 7;
    69F4 : 6;
    69F5 : 5;
    69F6 : 6;
    69F7 : 6;
    69F8 : 6;
    69F9 : 6;
    69FA : 7;
    69FB : 6;
    69FC : 6;
    69FD : 6;
    69FE : 7;
    69FF : 8;
    6A00 : 8;
    6A01 : 7;
    6A02 : 8;
    6A03 : 6;
    6A04 : 5;
    6A05 : 5;
    6A06 : 5;
    6A07 : 7;
    6A08 : 7;
    6A09 : 6;
    6A0A : 7;
    6A0B : 7;
    6A0C : 7;
    6A0D : 6;
    6A0E : 6;
    6A0F : 6;
    6A10 : 5;
    6A11 : 7;
    6A12 : 6;
    6A13 : 5;
    6A14 : 5;
    6A15 : 6;
    6A16 : 6;
    6A17 : 6;
    6A18 : 5;
    6A19 : 5;
    6A1A : 6;
    6A1B : 6;
    6A1C : 6;
    6A1D : 5;
    6A1E : 6;
    6A1F : 6;
    6A20 : 7;
    6A21 : 8;
    6A22 : 7;
    6A23 : 6;
    6A24 : 6;
    6A25 : 5;
    6A26 : 5;
    6A27 : 5;
    6A28 : 5;
    6A29 : 5;
    6A2A : 5;
    6A2B : 6;
    6A2C : 6;
    6A2D : 5;
    6A2E : 5;
    6A2F : 5;
    6A30 : 5;
    6A31 : 6;
    6A32 : 6;
    6A33 : 6;
    6A34 : 6;
    6A35 : 6;
    6A36 : 5;
    6A37 : 5;
    6A38 : 5;
    6A39 : 5;
    6A3A : 6;
    6A3B : 6;
    6A3C : 6;
    6A3D : 6;
    6A3E : 6;
    6A3F : 7;
    6A40 : 8;
    6A41 : 9;
    6A42 : 8;
    6A43 : 8;
    6A44 : 9;
    6A45 : 9;
    6A46 : 9;
    6A47 : 8;
    6A48 : 8;
    6A49 : 9;
    6A4A : 9;
    6A4B : 9;
    6A4C : 9;
    6A4D : A;
    6A4E : 9;
    6A4F : 9;
    6A50 : 9;
    6A51 : 7;
    6A52 : 8;
    6A53 : 8;
    6A54 : 8;
    6A55 : 9;
    6A56 : 9;
    6A57 : 9;
    6A58 : 9;
    6A59 : 9;
    6A5A : 7;
    6A5B : 5;
    6A5C : 5;
    6A5D : 5;
    6A5E : 5;
    6A5F : 6;
    6A60 : 5;
    6A61 : 5;
    6A62 : 5;
    6A63 : 5;
    6A64 : 6;
    6A65 : 6;
    6A66 : 6;
    6A67 : 6;
    6A68 : 6;
    6A69 : 5;
    6A6A : 5;
    6A6B : 5;
    6A6C : 5;
    6A6D : 5;
    6A6E : 6;
    6A6F : 6;
    6A70 : 5;
    6A71 : 5;
    6A72 : 5;
    6A73 : 5;
    6A74 : 5;
    6A75 : 5;
    6A76 : 5;
    6A77 : 5;
    6A78 : 4;
    6A79 : 4;
    6A7A : 4;
    6A7B : 4;
    6A7C : 4;
    6A7D : 5;
    6A7E : 5;
    6A7F : 5;
    6A80 : 5;
    6A81 : 6;
    6A82 : 6;
    6A83 : 6;
    6A84 : 7;
    6A85 : 7;
    6A86 : 6;
    6A87 : 7;
    6A88 : 9;
    6A89 : 8;
    6A8A : B;
    6A8B : 9;
    6A8C : 6;
    6A8D : 6;
    6A8E : 6;
    6A8F : 5;
    6A90 : 8;
    6A91 : 8;
    6A92 : 7;
    6A93 : 8;
    6A94 : 7;
    6A95 : 7;
    6A96 : 8;
    6A97 : 7;
    6A98 : 7;
    6A99 : 6;
    6A9A : 6;
    6A9B : 7;
    6A9C : 8;
    6A9D : 7;
    6A9E : 6;
    6A9F : 7;
    6AA0 : 6;
    6AA1 : 6;
    6AA2 : 7;
    6AA3 : 7;
    6AA4 : 6;
    6AA5 : 6;
    6AA6 : 6;
    6AA7 : 7;
    6AA8 : 7;
    6AA9 : 7;
    6AAA : 7;
    6AAB : 7;
    6AAC : 7;
    6AAD : 7;
    6AAE : 7;
    6AAF : 7;
    6AB0 : 6;
    6AB1 : 7;
    6AB2 : 8;
    6AB3 : 9;
    6AB4 : 8;
    6AB5 : 8;
    6AB6 : 7;
    6AB7 : 6;
    6AB8 : 7;
    6AB9 : 8;
    6ABA : 6;
    6ABB : 6;
    6ABC : 6;
    6ABD : 6;
    6ABE : 7;
    6ABF : 7;
    6AC0 : 7;
    6AC1 : 7;
    6AC2 : 7;
    6AC3 : 6;
    6AC4 : 5;
    6AC5 : 6;
    6AC6 : 8;
    6AC7 : 8;
    6AC8 : 7;
    6AC9 : 6;
    6ACA : 6;
    6ACB : 6;
    6ACC : 6;
    6ACD : 5;
    6ACE : 6;
    6ACF : 6;
    6AD0 : 8;
    6AD1 : 6;
    6AD2 : 5;
    6AD3 : 5;
    6AD4 : 6;
    6AD5 : 6;
    6AD6 : 7;
    6AD7 : 6;
    6AD8 : 5;
    6AD9 : 6;
    6ADA : 6;
    6ADB : 5;
    6ADC : 6;
    6ADD : 7;
    6ADE : 6;
    6ADF : 5;
    6AE0 : 5;
    6AE1 : 5;
    6AE2 : 5;
    6AE3 : 6;
    6AE4 : 6;
    6AE5 : 6;
    6AE6 : 6;
    6AE7 : 7;
    6AE8 : 7;
    6AE9 : 7;
    6AEA : 6;
    6AEB : 6;
    6AEC : 6;
    6AED : 5;
    6AEE : 5;
    6AEF : 5;
    6AF0 : 5;
    6AF1 : 5;
    6AF2 : 6;
    6AF3 : 6;
    6AF4 : 6;
    6AF5 : 6;
    6AF6 : 5;
    6AF7 : 5;
    6AF8 : 6;
    6AF9 : 6;
    6AFA : 6;
    6AFB : 6;
    6AFC : 6;
    6AFD : 5;
    6AFE : 5;
    6AFF : 5;
    6B00 : 5;
    6B01 : 5;
    6B02 : 6;
    6B03 : 6;
    6B04 : 6;
    6B05 : 6;
    6B06 : 7;
    6B07 : 7;
    6B08 : 8;
    6B09 : 8;
    6B0A : 8;
    6B0B : 9;
    6B0C : 9;
    6B0D : 9;
    6B0E : 8;
    6B0F : 8;
    6B10 : 9;
    6B11 : A;
    6B12 : A;
    6B13 : A;
    6B14 : A;
    6B15 : A;
    6B16 : 9;
    6B17 : 9;
    6B18 : 8;
    6B19 : 8;
    6B1A : 8;
    6B1B : 8;
    6B1C : 9;
    6B1D : 9;
    6B1E : 8;
    6B1F : 9;
    6B20 : 8;
    6B21 : 7;
    6B22 : 6;
    6B23 : 6;
    6B24 : 6;
    6B25 : 6;
    6B26 : 6;
    6B27 : 6;
    6B28 : 6;
    6B29 : 6;
    6B2A : 6;
    6B2B : 6;
    6B2C : 6;
    6B2D : 6;
    6B2E : 6;
    6B2F : 6;
    6B30 : 5;
    6B31 : 6;
    6B32 : 5;
    6B33 : 6;
    6B34 : 6;
    6B35 : 6;
    6B36 : 6;
    6B37 : 6;
    6B38 : 5;
    6B39 : 5;
    6B3A : 5;
    6B3B : 5;
    6B3C : 4;
    6B3D : 5;
    6B3E : 5;
    6B3F : 4;
    6B40 : 4;
    6B41 : 4;
    6B42 : 4;
    6B43 : 4;
    6B44 : 4;
    6B45 : 5;
    6B46 : 6;
    6B47 : 5;
    6B48 : 6;
    6B49 : 6;
    6B4A : 7;
    6B4B : 7;
    6B4C : 7;
    6B4D : 7;
    6B4E : 6;
    6B4F : 7;
    6B50 : A;
    6B51 : A;
    6B52 : B;
    6B53 : 7;
    6B54 : 5;
    6B55 : 5;
    6B56 : 5;
    6B57 : 7;
    6B58 : 8;
    6B59 : 6;
    6B5A : 8;
    6B5B : 9;
    6B5C : 7;
    6B5D : 6;
    6B5E : 8;
    6B5F : 7;
    6B60 : 6;
    6B61 : 7;
    6B62 : 7;
    6B63 : 8;
    6B64 : 7;
    6B65 : 5;
    6B66 : 5;
    6B67 : 6;
    6B68 : 7;
    6B69 : 7;
    6B6A : 7;
    6B6B : 6;
    6B6C : 6;
    6B6D : 6;
    6B6E : 7;
    6B6F : 7;
    6B70 : 7;
    6B71 : 8;
    6B72 : 7;
    6B73 : 7;
    6B74 : 7;
    6B75 : 7;
    6B76 : 7;
    6B77 : 6;
    6B78 : 6;
    6B79 : 7;
    6B7A : 7;
    6B7B : 7;
    6B7C : 7;
    6B7D : 7;
    6B7E : 7;
    6B7F : 8;
    6B80 : 8;
    6B81 : 8;
    6B82 : 8;
    6B83 : 7;
    6B84 : 6;
    6B85 : 6;
    6B86 : 7;
    6B87 : 7;
    6B88 : 7;
    6B89 : 6;
    6B8A : 7;
    6B8B : 6;
    6B8C : 5;
    6B8D : 6;
    6B8E : 8;
    6B8F : 7;
    6B90 : 5;
    6B91 : 5;
    6B92 : 5;
    6B93 : 6;
    6B94 : 7;
    6B95 : 8;
    6B96 : 7;
    6B97 : 8;
    6B98 : 8;
    6B99 : 7;
    6B9A : 6;
    6B9B : 7;
    6B9C : 7;
    6B9D : 7;
    6B9E : 7;
    6B9F : 5;
    6BA0 : 5;
    6BA1 : 6;
    6BA2 : 6;
    6BA3 : 5;
    6BA4 : 5;
    6BA5 : 6;
    6BA6 : 6;
    6BA7 : 5;
    6BA8 : 5;
    6BA9 : 6;
    6BAA : 6;
    6BAB : 6;
    6BAC : 6;
    6BAD : 6;
    6BAE : 7;
    6BAF : 7;
    6BB0 : 6;
    6BB1 : 6;
    6BB2 : 6;
    6BB3 : 5;
    6BB4 : 5;
    6BB5 : 5;
    6BB6 : 5;
    6BB7 : 5;
    6BB8 : 5;
    6BB9 : 5;
    6BBA : 6;
    6BBB : 6;
    6BBC : 6;
    6BBD : 6;
    6BBE : 5;
    6BBF : 7;
    6BC0 : 7;
    6BC1 : 6;
    6BC2 : 6;
    6BC3 : 5;
    6BC4 : 5;
    6BC5 : 5;
    6BC6 : 5;
    6BC7 : 5;
    6BC8 : 5;
    6BC9 : 5;
    6BCA : 5;
    6BCB : 6;
    6BCC : 6;
    6BCD : 6;
    6BCE : 6;
    6BCF : 6;
    6BD0 : 7;
    6BD1 : 7;
    6BD2 : 8;
    6BD3 : 9;
    6BD4 : 9;
    6BD5 : 9;
    6BD6 : 8;
    6BD7 : 9;
    6BD8 : A;
    6BD9 : A;
    6BDA : A;
    6BDB : A;
    6BDC : A;
    6BDD : 9;
    6BDE : 8;
    6BDF : 8;
    6BE0 : 9;
    6BE1 : 8;
    6BE2 : 8;
    6BE3 : 9;
    6BE4 : 9;
    6BE5 : 8;
    6BE6 : 9;
    6BE7 : 8;
    6BE8 : 6;
    6BE9 : 6;
    6BEA : 6;
    6BEB : 6;
    6BEC : 6;
    6BED : 6;
    6BEE : 6;
    6BEF : 6;
    6BF0 : 6;
    6BF1 : 6;
    6BF2 : 6;
    6BF3 : 6;
    6BF4 : 7;
    6BF5 : 6;
    6BF6 : 6;
    6BF7 : 6;
    6BF8 : 6;
    6BF9 : 6;
    6BFA : 6;
    6BFB : 6;
    6BFC : 6;
    6BFD : 6;
    6BFE : 6;
    6BFF : 5;
    6C00 : 5;
    6C01 : 5;
    6C02 : 5;
    6C03 : 5;
    6C04 : 5;
    6C05 : 4;
    6C06 : 4;
    6C07 : 4;
    6C08 : 4;
    6C09 : 4;
    6C0A : 5;
    6C0B : 5;
    6C0C : 6;
    6C0D : 7;
    6C0E : 7;
    6C0F : 6;
    6C10 : 6;
    6C11 : 8;
    6C12 : 8;
    6C13 : 7;
    6C14 : 6;
    6C15 : 6;
    6C16 : 6;
    6C17 : A;
    6C18 : A;
    6C19 : 9;
    6C1A : 8;
    6C1B : 6;
    6C1C : 5;
    6C1D : 5;
    6C1E : 5;
    6C1F : 6;
    6C20 : 6;
    6C21 : 6;
    6C22 : 8;
    6C23 : 9;
    6C24 : 8;
    6C25 : 8;
    6C26 : 9;
    6C27 : 8;
    6C28 : 7;
    6C29 : 7;
    6C2A : 6;
    6C2B : 6;
    6C2C : 5;
    6C2D : 5;
    6C2E : 5;
    6C2F : 6;
    6C30 : 6;
    6C31 : 6;
    6C32 : 6;
    6C33 : 6;
    6C34 : 7;
    6C35 : 8;
    6C36 : 8;
    6C37 : 8;
    6C38 : 9;
    6C39 : 8;
    6C3A : 6;
    6C3B : 7;
    6C3C : 7;
    6C3D : 7;
    6C3E : 7;
    6C3F : 7;
    6C40 : 7;
    6C41 : 7;
    6C42 : 7;
    6C43 : 7;
    6C44 : 8;
    6C45 : 7;
    6C46 : 8;
    6C47 : 7;
    6C48 : 8;
    6C49 : 8;
    6C4A : 7;
    6C4B : 7;
    6C4C : 6;
    6C4D : 6;
    6C4E : 7;
    6C4F : 7;
    6C50 : 7;
    6C51 : 6;
    6C52 : 7;
    6C53 : 5;
    6C54 : 6;
    6C55 : 7;
    6C56 : 8;
    6C57 : 8;
    6C58 : 7;
    6C59 : 7;
    6C5A : 7;
    6C5B : 7;
    6C5C : 7;
    6C5D : 7;
    6C5E : 7;
    6C5F : 7;
    6C60 : 6;
    6C61 : 6;
    6C62 : 6;
    6C63 : 6;
    6C64 : 7;
    6C65 : 6;
    6C66 : 5;
    6C67 : 4;
    6C68 : 5;
    6C69 : 6;
    6C6A : 6;
    6C6B : 5;
    6C6C : 5;
    6C6D : 6;
    6C6E : 6;
    6C6F : 6;
    6C70 : 6;
    6C71 : 6;
    6C72 : 6;
    6C73 : 6;
    6C74 : 6;
    6C75 : 6;
    6C76 : 7;
    6C77 : 6;
    6C78 : 6;
    6C79 : 5;
    6C7A : 5;
    6C7B : 5;
    6C7C : 5;
    6C7D : 5;
    6C7E : 5;
    6C7F : 5;
    6C80 : 5;
    6C81 : 5;
    6C82 : 6;
    6C83 : 6;
    6C84 : 6;
    6C85 : 6;
    6C86 : 6;
    6C87 : 7;
    6C88 : 7;
    6C89 : 6;
    6C8A : 6;
    6C8B : 6;
    6C8C : 5;
    6C8D : 5;
    6C8E : 5;
    6C8F : 5;
    6C90 : 5;
    6C91 : 5;
    6C92 : 5;
    6C93 : 6;
    6C94 : 6;
    6C95 : 5;
    6C96 : 7;
    6C97 : 6;
    6C98 : 7;
    6C99 : 8;
    6C9A : 9;
    6C9B : 9;
    6C9C : 9;
    6C9D : 8;
    6C9E : 8;
    6C9F : 9;
    6CA0 : A;
    6CA1 : 9;
    6CA2 : 9;
    6CA3 : A;
    6CA4 : A;
    6CA5 : 8;
    6CA6 : 8;
    6CA7 : 9;
    6CA8 : 8;
    6CA9 : 8;
    6CAA : A;
    6CAB : A;
    6CAC : 8;
    6CAD : 8;
    6CAE : 8;
    6CAF : 6;
    6CB0 : 6;
    6CB1 : 6;
    6CB2 : 6;
    6CB3 : 6;
    6CB4 : 6;
    6CB5 : 6;
    6CB6 : 6;
    6CB7 : 7;
    6CB8 : 7;
    6CB9 : 7;
    6CBA : 6;
    6CBB : 7;
    6CBC : 7;
    6CBD : 6;
    6CBE : 6;
    6CBF : 6;
    6CC0 : 6;
    6CC1 : 6;
    6CC2 : 6;
    6CC3 : 6;
    6CC4 : 6;
    6CC5 : 6;
    6CC6 : 6;
    6CC7 : 5;
    6CC8 : 6;
    6CC9 : 5;
    6CCA : 5;
    6CCB : 5;
    6CCC : 5;
    6CCD : 5;
    6CCE : 5;
    6CCF : 5;
    6CD0 : 5;
    6CD1 : 5;
    6CD2 : 5;
    6CD3 : 6;
    6CD4 : 8;
    6CD5 : 7;
    6CD6 : 7;
    6CD7 : 7;
    6CD8 : 8;
    6CD9 : 7;
    6CDA : 7;
    6CDB : 7;
    6CDC : 6;
    6CDD : 6;
    6CDE : B;
    6CDF : A;
    6CE0 : 8;
    6CE1 : B;
    6CE2 : A;
    6CE3 : 6;
    6CE4 : 5;
    6CE5 : 5;
    6CE6 : 5;
    6CE7 : 6;
    6CE8 : 7;
    6CE9 : 6;
    6CEA : 7;
    6CEB : 8;
    6CEC : 7;
    6CED : 7;
    6CEE : 8;
    6CEF : 8;
    6CF0 : 9;
    6CF1 : 7;
    6CF2 : 6;
    6CF3 : 6;
    6CF4 : 5;
    6CF5 : 5;
    6CF6 : 5;
    6CF7 : 7;
    6CF8 : 7;
    6CF9 : 7;
    6CFA : 7;
    6CFB : 7;
    6CFC : 8;
    6CFD : 9;
    6CFE : 8;
    6CFF : 8;
    6D00 : 7;
    6D01 : 6;
    6D02 : 6;
    6D03 : 7;
    6D04 : 6;
    6D05 : 7;
    6D06 : 7;
    6D07 : 7;
    6D08 : 7;
    6D09 : 7;
    6D0A : 7;
    6D0B : 8;
    6D0C : 8;
    6D0D : 8;
    6D0E : 7;
    6D0F : 7;
    6D10 : 8;
    6D11 : 7;
    6D12 : 7;
    6D13 : 6;
    6D14 : 6;
    6D15 : 7;
    6D16 : 7;
    6D17 : 7;
    6D18 : 6;
    6D19 : 7;
    6D1A : 6;
    6D1B : 6;
    6D1C : 8;
    6D1D : 8;
    6D1E : 9;
    6D1F : 8;
    6D20 : 7;
    6D21 : 7;
    6D22 : 8;
    6D23 : 7;
    6D24 : 7;
    6D25 : 7;
    6D26 : 7;
    6D27 : 6;
    6D28 : 5;
    6D29 : 6;
    6D2A : 6;
    6D2B : 7;
    6D2C : 6;
    6D2D : 5;
    6D2E : 5;
    6D2F : 4;
    6D30 : 5;
    6D31 : 6;
    6D32 : 6;
    6D33 : 6;
    6D34 : 6;
    6D35 : 7;
    6D36 : 6;
    6D37 : 6;
    6D38 : 6;
    6D39 : 6;
    6D3A : 6;
    6D3B : 6;
    6D3C : 6;
    6D3D : 6;
    6D3E : 6;
    6D3F : 6;
    6D40 : 6;
    6D41 : 5;
    6D42 : 5;
    6D43 : 5;
    6D44 : 5;
    6D45 : 5;
    6D46 : 5;
    6D47 : 5;
    6D48 : 5;
    6D49 : 6;
    6D4A : 6;
    6D4B : 6;
    6D4C : 7;
    6D4D : 7;
    6D4E : 7;
    6D4F : 7;
    6D50 : 7;
    6D51 : 6;
    6D52 : 6;
    6D53 : 6;
    6D54 : 5;
    6D55 : 5;
    6D56 : 5;
    6D57 : 5;
    6D58 : 5;
    6D59 : 5;
    6D5A : 5;
    6D5B : 5;
    6D5C : 5;
    6D5D : 6;
    6D5E : 6;
    6D5F : 5;
    6D60 : 7;
    6D61 : 9;
    6D62 : 9;
    6D63 : 8;
    6D64 : 8;
    6D65 : 8;
    6D66 : 9;
    6D67 : 9;
    6D68 : 9;
    6D69 : 9;
    6D6A : A;
    6D6B : A;
    6D6C : 8;
    6D6D : 8;
    6D6E : A;
    6D6F : 9;
    6D70 : 8;
    6D71 : A;
    6D72 : A;
    6D73 : 8;
    6D74 : 7;
    6D75 : 8;
    6D76 : 6;
    6D77 : 6;
    6D78 : 6;
    6D79 : 6;
    6D7A : 6;
    6D7B : 6;
    6D7C : 6;
    6D7D : 6;
    6D7E : 7;
    6D7F : 7;
    6D80 : 7;
    6D81 : 7;
    6D82 : 6;
    6D83 : 7;
    6D84 : 7;
    6D85 : 6;
    6D86 : 6;
    6D87 : 6;
    6D88 : 6;
    6D89 : 5;
    6D8A : 6;
    6D8B : 6;
    6D8C : 6;
    6D8D : 6;
    6D8E : 6;
    6D8F : 5;
    6D90 : 5;
    6D91 : 6;
    6D92 : 5;
    6D93 : 5;
    6D94 : 5;
    6D95 : 5;
    6D96 : 5;
    6D97 : 5;
    6D98 : 5;
    6D99 : 5;
    6D9A : 6;
    6D9B : 7;
    6D9C : 6;
    6D9D : 7;
    6D9E : 6;
    6D9F : 7;
    6DA0 : 7;
    6DA1 : 7;
    6DA2 : 8;
    6DA3 : 7;
    6DA4 : 6;
    6DA5 : A;
    6DA6 : A;
    6DA7 : 7;
    6DA8 : 7;
    6DA9 : 9;
    6DAA : 8;
    6DAB : 6;
    6DAC : 5;
    6DAD : 5;
    6DAE : 5;
    6DAF : 8;
    6DB0 : 7;
    6DB1 : 8;
    6DB2 : 9;
    6DB3 : 8;
    6DB4 : 6;
    6DB5 : 6;
    6DB6 : 6;
    6DB7 : 7;
    6DB8 : 8;
    6DB9 : 8;
    6DBA : 8;
    6DBB : 6;
    6DBC : 5;
    6DBD : 5;
    6DBE : 5;
    6DBF : 6;
    6DC0 : 7;
    6DC1 : 7;
    6DC2 : 8;
    6DC3 : 8;
    6DC4 : 8;
    6DC5 : 7;
    6DC6 : 7;
    6DC7 : 6;
    6DC8 : 6;
    6DC9 : 6;
    6DCA : 7;
    6DCB : 7;
    6DCC : 7;
    6DCD : 8;
    6DCE : 8;
    6DCF : 7;
    6DD0 : 7;
    6DD1 : 7;
    6DD2 : 8;
    6DD3 : 8;
    6DD4 : 8;
    6DD5 : 8;
    6DD6 : 7;
    6DD7 : 7;
    6DD8 : 7;
    6DD9 : 7;
    6DDA : 6;
    6DDB : 6;
    6DDC : 6;
    6DDD : 7;
    6DDE : 7;
    6DDF : 6;
    6DE0 : 6;
    6DE1 : 8;
    6DE2 : 7;
    6DE3 : 7;
    6DE4 : 8;
    6DE5 : 7;
    6DE6 : 7;
    6DE7 : 6;
    6DE8 : 6;
    6DE9 : 7;
    6DEA : 7;
    6DEB : 5;
    6DEC : 6;
    6DED : 6;
    6DEE : 5;
    6DEF : 5;
    6DF0 : 6;
    6DF1 : 7;
    6DF2 : 7;
    6DF3 : 6;
    6DF4 : 6;
    6DF5 : 5;
    6DF6 : 5;
    6DF7 : 5;
    6DF8 : 6;
    6DF9 : 6;
    6DFA : 7;
    6DFB : 7;
    6DFC : 7;
    6DFD : 7;
    6DFE : 6;
    6DFF : 6;
    6E00 : 7;
    6E01 : 6;
    6E02 : 6;
    6E03 : 6;
    6E04 : 6;
    6E05 : 6;
    6E06 : 6;
    6E07 : 6;
    6E08 : 6;
    6E09 : 5;
    6E0A : 5;
    6E0B : 5;
    6E0C : 5;
    6E0D : 5;
    6E0E : 5;
    6E0F : 5;
    6E10 : 5;
    6E11 : 6;
    6E12 : 6;
    6E13 : 6;
    6E14 : 7;
    6E15 : 7;
    6E16 : 6;
    6E17 : 7;
    6E18 : 7;
    6E19 : 7;
    6E1A : 6;
    6E1B : 5;
    6E1C : 5;
    6E1D : 5;
    6E1E : 5;
    6E1F : 5;
    6E20 : 5;
    6E21 : 5;
    6E22 : 4;
    6E23 : 5;
    6E24 : 6;
    6E25 : 6;
    6E26 : 5;
    6E27 : 5;
    6E28 : 8;
    6E29 : 9;
    6E2A : 9;
    6E2B : 8;
    6E2C : 8;
    6E2D : 9;
    6E2E : 9;
    6E2F : 8;
    6E30 : 8;
    6E31 : 9;
    6E32 : A;
    6E33 : 9;
    6E34 : 7;
    6E35 : 9;
    6E36 : 9;
    6E37 : 8;
    6E38 : 8;
    6E39 : A;
    6E3A : 9;
    6E3B : 7;
    6E3C : 7;
    6E3D : 6;
    6E3E : 6;
    6E3F : 6;
    6E40 : 6;
    6E41 : 6;
    6E42 : 6;
    6E43 : 6;
    6E44 : 7;
    6E45 : 7;
    6E46 : 7;
    6E47 : 8;
    6E48 : 7;
    6E49 : 6;
    6E4A : 6;
    6E4B : 7;
    6E4C : 6;
    6E4D : 6;
    6E4E : 6;
    6E4F : 6;
    6E50 : 6;
    6E51 : 7;
    6E52 : 7;
    6E53 : 7;
    6E54 : 7;
    6E55 : 6;
    6E56 : 5;
    6E57 : 5;
    6E58 : 5;
    6E59 : 5;
    6E5A : 4;
    6E5B : 5;
    6E5C : 5;
    6E5D : 5;
    6E5E : 5;
    6E5F : 5;
    6E60 : 5;
    6E61 : 6;
    6E62 : 7;
    6E63 : 7;
    6E64 : 6;
    6E65 : 6;
    6E66 : 7;
    6E67 : 9;
    6E68 : A;
    6E69 : 9;
    6E6A : 7;
    6E6B : 6;
    6E6C : 8;
    6E6D : B;
    6E6E : 7;
    6E6F : 6;
    6E70 : 5;
    6E71 : 5;
    6E72 : 5;
    6E73 : 5;
    6E74 : 5;
    6E75 : 5;
    6E76 : 5;
    6E77 : 6;
    6E78 : 6;
    6E79 : 9;
    6E7A : 9;
    6E7B : 8;
    6E7C : 9;
    6E7D : 9;
    6E7E : 7;
    6E7F : 7;
    6E80 : 8;
    6E81 : 8;
    6E82 : 7;
    6E83 : 6;
    6E84 : 5;
    6E85 : 5;
    6E86 : 5;
    6E87 : 5;
    6E88 : 7;
    6E89 : 8;
    6E8A : 7;
    6E8B : 7;
    6E8C : 7;
    6E8D : 7;
    6E8E : 6;
    6E8F : 6;
    6E90 : 7;
    6E91 : 7;
    6E92 : 7;
    6E93 : 7;
    6E94 : 7;
    6E95 : 8;
    6E96 : 7;
    6E97 : 7;
    6E98 : 7;
    6E99 : 7;
    6E9A : 8;
    6E9B : 8;
    6E9C : 8;
    6E9D : 7;
    6E9E : 7;
    6E9F : 7;
    6EA0 : 7;
    6EA1 : 6;
    6EA2 : 6;
    6EA3 : 7;
    6EA4 : 7;
    6EA5 : 7;
    6EA6 : 7;
    6EA7 : 7;
    6EA8 : 8;
    6EA9 : 9;
    6EAA : 8;
    6EAB : 8;
    6EAC : 7;
    6EAD : 7;
    6EAE : 7;
    6EAF : 6;
    6EB0 : 5;
    6EB1 : 5;
    6EB2 : 5;
    6EB3 : 5;
    6EB4 : 5;
    6EB5 : 5;
    6EB6 : 5;
    6EB7 : 6;
    6EB8 : 6;
    6EB9 : 6;
    6EBA : 7;
    6EBB : 6;
    6EBC : 5;
    6EBD : 5;
    6EBE : 6;
    6EBF : 6;
    6EC0 : 6;
    6EC1 : 6;
    6EC2 : 8;
    6EC3 : 8;
    6EC4 : 8;
    6EC5 : 7;
    6EC6 : 6;
    6EC7 : 6;
    6EC8 : 6;
    6EC9 : 6;
    6ECA : 6;
    6ECB : 6;
    6ECC : 6;
    6ECD : 6;
    6ECE : 6;
    6ECF : 6;
    6ED0 : 5;
    6ED1 : 5;
    6ED2 : 5;
    6ED3 : 5;
    6ED4 : 5;
    6ED5 : 5;
    6ED6 : 5;
    6ED7 : 6;
    6ED8 : 6;
    6ED9 : 6;
    6EDA : 6;
    6EDB : 7;
    6EDC : 7;
    6EDD : 7;
    6EDE : 6;
    6EDF : 7;
    6EE0 : 7;
    6EE1 : 7;
    6EE2 : 6;
    6EE3 : 6;
    6EE4 : 6;
    6EE5 : 6;
    6EE6 : 6;
    6EE7 : 5;
    6EE8 : 5;
    6EE9 : 5;
    6EEA : 5;
    6EEB : 6;
    6EEC : 6;
    6EED : 5;
    6EEE : 5;
    6EEF : 5;
    6EF0 : 9;
    6EF1 : 8;
    6EF2 : 8;
    6EF3 : 7;
    6EF4 : 9;
    6EF5 : 9;
    6EF6 : 8;
    6EF7 : 9;
    6EF8 : A;
    6EF9 : 9;
    6EFA : 9;
    6EFB : 7;
    6EFC : 7;
    6EFD : 9;
    6EFE : 8;
    6EFF : 8;
    6F00 : 8;
    6F01 : 9;
    6F02 : 8;
    6F03 : 8;
    6F04 : 6;
    6F05 : 6;
    6F06 : 7;
    6F07 : 6;
    6F08 : 6;
    6F09 : 6;
    6F0A : 7;
    6F0B : 7;
    6F0C : 7;
    6F0D : 8;
    6F0E : 8;
    6F0F : 8;
    6F10 : 6;
    6F11 : 6;
    6F12 : 6;
    6F13 : 6;
    6F14 : 6;
    6F15 : 6;
    6F16 : 6;
    6F17 : 7;
    6F18 : 7;
    6F19 : 7;
    6F1A : 7;
    6F1B : 7;
    6F1C : 6;
    6F1D : 5;
    6F1E : 4;
    6F1F : 5;
    6F20 : 5;
    6F21 : 4;
    6F22 : 6;
    6F23 : 5;
    6F24 : 5;
    6F25 : 5;
    6F26 : 6;
    6F27 : 6;
    6F28 : 6;
    6F29 : 9;
    6F2A : 9;
    6F2B : 8;
    6F2C : 8;
    6F2D : A;
    6F2E : B;
    6F2F : A;
    6F30 : 9;
    6F31 : 8;
    6F32 : 7;
    6F33 : 7;
    6F34 : A;
    6F35 : A;
    6F36 : 6;
    6F37 : 5;
    6F38 : 5;
    6F39 : 4;
    6F3A : 5;
    6F3B : 5;
    6F3C : 5;
    6F3D : 5;
    6F3E : 5;
    6F3F : 5;
    6F40 : 8;
    6F41 : 9;
    6F42 : 9;
    6F43 : A;
    6F44 : B;
    6F45 : B;
    6F46 : B;
    6F47 : A;
    6F48 : 9;
    6F49 : 8;
    6F4A : 6;
    6F4B : 6;
    6F4C : 5;
    6F4D : 5;
    6F4E : 6;
    6F4F : 7;
    6F50 : 7;
    6F51 : 7;
    6F52 : 8;
    6F53 : 7;
    6F54 : 7;
    6F55 : 7;
    6F56 : 6;
    6F57 : 6;
    6F58 : 6;
    6F59 : 6;
    6F5A : 6;
    6F5B : 6;
    6F5C : 7;
    6F5D : 8;
    6F5E : 8;
    6F5F : 7;
    6F60 : 7;
    6F61 : 8;
    6F62 : 7;
    6F63 : 8;
    6F64 : 7;
    6F65 : 6;
    6F66 : 6;
    6F67 : 7;
    6F68 : 8;
    6F69 : 7;
    6F6A : 6;
    6F6B : 7;
    6F6C : 8;
    6F6D : 7;
    6F6E : 8;
    6F6F : 7;
    6F70 : 8;
    6F71 : 9;
    6F72 : 8;
    6F73 : 7;
    6F74 : 8;
    6F75 : 8;
    6F76 : 7;
    6F77 : 7;
    6F78 : 6;
    6F79 : 5;
    6F7A : 5;
    6F7B : 5;
    6F7C : 5;
    6F7D : 6;
    6F7E : 6;
    6F7F : 6;
    6F80 : 6;
    6F81 : 6;
    6F82 : 6;
    6F83 : 6;
    6F84 : 6;
    6F85 : 6;
    6F86 : 6;
    6F87 : 7;
    6F88 : 7;
    6F89 : 7;
    6F8A : 8;
    6F8B : 8;
    6F8C : 7;
    6F8D : 7;
    6F8E : 6;
    6F8F : 6;
    6F90 : 6;
    6F91 : 6;
    6F92 : 6;
    6F93 : 5;
    6F94 : 6;
    6F95 : 6;
    6F96 : 6;
    6F97 : 5;
    6F98 : 5;
    6F99 : 5;
    6F9A : 5;
    6F9B : 5;
    6F9C : 5;
    6F9D : 5;
    6F9E : 5;
    6F9F : 6;
    6FA0 : 6;
    6FA1 : 6;
    6FA2 : 7;
    6FA3 : 6;
    6FA4 : 6;
    6FA5 : 6;
    6FA6 : 6;
    6FA7 : 6;
    6FA8 : 6;
    6FA9 : 6;
    6FAA : 6;
    6FAB : 6;
    6FAC : 6;
    6FAD : 6;
    6FAE : 6;
    6FAF : 6;
    6FB0 : 5;
    6FB1 : 5;
    6FB2 : 5;
    6FB3 : 5;
    6FB4 : 5;
    6FB5 : 5;
    6FB6 : 5;
    6FB7 : 5;
    6FB8 : 8;
    6FB9 : 8;
    6FBA : 7;
    6FBB : 7;
    6FBC : 8;
    6FBD : 8;
    6FBE : 9;
    6FBF : A;
    6FC0 : 9;
    6FC1 : 9;
    6FC2 : 7;
    6FC3 : 7;
    6FC4 : 9;
    6FC5 : 8;
    6FC6 : 9;
    6FC7 : 9;
    6FC8 : 9;
    6FC9 : 9;
    6FCA : 8;
    6FCB : 7;
    6FCC : 7;
    6FCD : 7;
    6FCE : 7;
    6FCF : 6;
    6FD0 : 6;
    6FD1 : 7;
    6FD2 : 7;
    6FD3 : 7;
    6FD4 : 7;
    6FD5 : 7;
    6FD6 : 7;
    6FD7 : 6;
    6FD8 : 6;
    6FD9 : 6;
    6FDA : 7;
    6FDB : 7;
    6FDC : 7;
    6FDD : 6;
    6FDE : 6;
    6FDF : 7;
    6FE0 : 7;
    6FE1 : 7;
    6FE2 : 7;
    6FE3 : 6;
    6FE4 : 5;
    6FE5 : 5;
    6FE6 : 5;
    6FE7 : 5;
    6FE8 : 5;
    6FE9 : 7;
    6FEA : 6;
    6FEB : 5;
    6FEC : 5;
    6FED : 6;
    6FEE : 6;
    6FEF : 6;
    6FF0 : 8;
    6FF1 : 9;
    6FF2 : 7;
    6FF3 : 8;
    6FF4 : A;
    6FF5 : A;
    6FF6 : 9;
    6FF7 : 8;
    6FF8 : 7;
    6FF9 : 6;
    6FFA : 6;
    6FFB : 9;
    6FFC : A;
    6FFD : 9;
    6FFE : 6;
    6FFF : 5;
    7000 : 4;
    7001 : 4;
    7002 : 4;
    7003 : 5;
    7004 : 5;
    7005 : 5;
    7006 : 5;
    7007 : 8;
    7008 : 9;
    7009 : 8;
    700A : A;
    700B : C;
    700C : B;
    700D : B;
    700E : 9;
    700F : 8;
    7010 : 8;
    7011 : 7;
    7012 : 6;
    7013 : 6;
    7014 : 7;
    7015 : 6;
    7016 : 7;
    7017 : 6;
    7018 : 6;
    7019 : 7;
    701A : 7;
    701B : 7;
    701C : 7;
    701D : 6;
    701E : 5;
    701F : 6;
    7020 : 6;
    7021 : 6;
    7022 : 6;
    7023 : 7;
    7024 : 7;
    7025 : 7;
    7026 : 7;
    7027 : 7;
    7028 : 8;
    7029 : 7;
    702A : 8;
    702B : 8;
    702C : 7;
    702D : 6;
    702E : 7;
    702F : 7;
    7030 : 8;
    7031 : 6;
    7032 : 6;
    7033 : 7;
    7034 : 7;
    7035 : 7;
    7036 : 7;
    7037 : 7;
    7038 : 9;
    7039 : 7;
    703A : 6;
    703B : 7;
    703C : 8;
    703D : 7;
    703E : 7;
    703F : 6;
    7040 : 6;
    7041 : 6;
    7042 : 6;
    7043 : 6;
    7044 : 6;
    7045 : 7;
    7046 : 6;
    7047 : 6;
    7048 : 6;
    7049 : 5;
    704A : 6;
    704B : 6;
    704C : 6;
    704D : 7;
    704E : 8;
    704F : 7;
    7050 : 7;
    7051 : 7;
    7052 : 8;
    7053 : 7;
    7054 : 6;
    7055 : 7;
    7056 : 7;
    7057 : 6;
    7058 : 6;
    7059 : 6;
    705A : 5;
    705B : 5;
    705C : 5;
    705D : 5;
    705E : 5;
    705F : 5;
    7060 : 5;
    7061 : 5;
    7062 : 5;
    7063 : 5;
    7064 : 5;
    7065 : 5;
    7066 : 5;
    7067 : 5;
    7068 : 6;
    7069 : 6;
    706A : 6;
    706B : 6;
    706C : 6;
    706D : 5;
    706E : 5;
    706F : 6;
    7070 : 6;
    7071 : 6;
    7072 : 6;
    7073 : 6;
    7074 : 6;
    7075 : 6;
    7076 : 6;
    7077 : 5;
    7078 : 5;
    7079 : 5;
    707A : 5;
    707B : 5;
    707C : 5;
    707D : 5;
    707E : 5;
    707F : 5;
    7080 : 7;
    7081 : 7;
    7082 : 7;
    7083 : 8;
    7084 : 7;
    7085 : 9;
    7086 : A;
    7087 : 9;
    7088 : 8;
    7089 : 7;
    708A : 7;
    708B : 9;
    708C : 9;
    708D : 9;
    708E : 9;
    708F : 8;
    7090 : 9;
    7091 : 8;
    7092 : 7;
    7093 : 7;
    7094 : 7;
    7095 : 7;
    7096 : 6;
    7097 : 6;
    7098 : 7;
    7099 : 7;
    709A : 7;
    709B : 6;
    709C : 6;
    709D : 7;
    709E : 7;
    709F : 6;
    70A0 : 7;
    70A1 : 7;
    70A2 : 7;
    70A3 : 8;
    70A4 : 7;
    70A5 : 8;
    70A6 : 8;
    70A7 : 8;
    70A8 : 7;
    70A9 : 7;
    70AA : 6;
    70AB : 5;
    70AC : 5;
    70AD : 6;
    70AE : 5;
    70AF : 5;
    70B0 : 6;
    70B1 : 6;
    70B2 : 5;
    70B3 : 5;
    70B4 : 6;
    70B5 : 6;
    70B6 : 7;
    70B7 : 9;
    70B8 : 9;
    70B9 : A;
    70BA : A;
    70BB : A;
    70BC : 9;
    70BD : 9;
    70BE : 7;
    70BF : 6;
    70C0 : 7;
    70C1 : 6;
    70C2 : 8;
    70C3 : 8;
    70C4 : 8;
    70C5 : 7;
    70C6 : 5;
    70C7 : 5;
    70C8 : 4;
    70C9 : 4;
    70CA : 4;
    70CB : 4;
    70CC : 5;
    70CD : 5;
    70CE : 5;
    70CF : 6;
    70D0 : 6;
    70D1 : A;
    70D2 : B;
    70D3 : B;
    70D4 : B;
    70D5 : 9;
    70D6 : 7;
    70D7 : 8;
    70D8 : 6;
    70D9 : 6;
    70DA : 6;
    70DB : 7;
    70DC : 8;
    70DD : 8;
    70DE : 7;
    70DF : 6;
    70E0 : 6;
    70E1 : 6;
    70E2 : 6;
    70E3 : 6;
    70E4 : 6;
    70E5 : 6;
    70E6 : 6;
    70E7 : 7;
    70E8 : 6;
    70E9 : 6;
    70EA : 7;
    70EB : 7;
    70EC : 7;
    70ED : 7;
    70EE : 8;
    70EF : 8;
    70F0 : 8;
    70F1 : 8;
    70F2 : 8;
    70F3 : 8;
    70F4 : 7;
    70F5 : 6;
    70F6 : 7;
    70F7 : 7;
    70F8 : 7;
    70F9 : 6;
    70FA : 6;
    70FB : 6;
    70FC : 6;
    70FD : 6;
    70FE : 7;
    70FF : 7;
    7100 : 8;
    7101 : 7;
    7102 : 6;
    7103 : 6;
    7104 : 7;
    7105 : 8;
    7106 : 7;
    7107 : 6;
    7108 : 6;
    7109 : 6;
    710A : 6;
    710B : 6;
    710C : 6;
    710D : 6;
    710E : 6;
    710F : 6;
    7110 : 6;
    7111 : 5;
    7112 : 6;
    7113 : 6;
    7114 : 6;
    7115 : 7;
    7116 : 8;
    7117 : 8;
    7118 : 8;
    7119 : 7;
    711A : 7;
    711B : 7;
    711C : 7;
    711D : 7;
    711E : 7;
    711F : 6;
    7120 : 6;
    7121 : 5;
    7122 : 5;
    7123 : 5;
    7124 : 5;
    7125 : 5;
    7126 : 5;
    7127 : 5;
    7128 : 5;
    7129 : 5;
    712A : 5;
    712B : 5;
    712C : 5;
    712D : 5;
    712E : 6;
    712F : 6;
    7130 : 6;
    7131 : 6;
    7132 : 6;
    7133 : 6;
    7134 : 6;
    7135 : 5;
    7136 : 5;
    7137 : 5;
    7138 : 6;
    7139 : 6;
    713A : 6;
    713B : 5;
    713C : 6;
    713D : 6;
    713E : 5;
    713F : 5;
    7140 : 5;
    7141 : 5;
    7142 : 5;
    7143 : 4;
    7144 : 4;
    7145 : 5;
    7146 : 5;
    7147 : 5;
    7148 : 7;
    7149 : 7;
    714A : 8;
    714B : 8;
    714C : 8;
    714D : 9;
    714E : 8;
    714F : 7;
    7150 : 7;
    7151 : 7;
    7152 : 9;
    7153 : 9;
    7154 : 9;
    7155 : A;
    7156 : 8;
    7157 : 8;
    7158 : 8;
    7159 : 7;
    715A : 7;
    715B : 7;
    715C : 8;
    715D : 7;
    715E : 7;
    715F : 7;
    7160 : 7;
    7161 : 7;
    7162 : 7;
    7163 : 7;
    7164 : 7;
    7165 : 7;
    7166 : 6;
    7167 : 7;
    7168 : 7;
    7169 : 7;
    716A : 8;
    716B : 8;
    716C : 8;
    716D : 9;
    716E : 8;
    716F : 6;
    7170 : 7;
    7171 : 8;
    7172 : 8;
    7173 : 7;
    7174 : 7;
    7175 : 5;
    7176 : 5;
    7177 : 7;
    7178 : 6;
    7179 : 5;
    717A : 6;
    717B : 7;
    717C : 7;
    717D : 7;
    717E : 9;
    717F : 8;
    7180 : 9;
    7181 : B;
    7182 : A;
    7183 : A;
    7184 : 9;
    7185 : 8;
    7186 : 6;
    7187 : 5;
    7188 : 6;
    7189 : 7;
    718A : 8;
    718B : 9;
    718C : A;
    718D : 7;
    718E : 5;
    718F : 5;
    7190 : 4;
    7191 : 4;
    7192 : 4;
    7193 : 4;
    7194 : 6;
    7195 : 6;
    7196 : 5;
    7197 : 5;
    7198 : 6;
    7199 : 9;
    719A : 9;
    719B : A;
    719C : B;
    719D : A;
    719E : 9;
    719F : 7;
    71A0 : 6;
    71A1 : 5;
    71A2 : 6;
    71A3 : 7;
    71A4 : 6;
    71A5 : 7;
    71A6 : 7;
    71A7 : 6;
    71A8 : 5;
    71A9 : 6;
    71AA : 6;
    71AB : 7;
    71AC : 6;
    71AD : 6;
    71AE : 6;
    71AF : 6;
    71B0 : 6;
    71B1 : 7;
    71B2 : 6;
    71B3 : 6;
    71B4 : 7;
    71B5 : 6;
    71B6 : 8;
    71B7 : 8;
    71B8 : 8;
    71B9 : 8;
    71BA : 8;
    71BB : 7;
    71BC : 6;
    71BD : 6;
    71BE : 7;
    71BF : 7;
    71C0 : 6;
    71C1 : 6;
    71C2 : 6;
    71C3 : 6;
    71C4 : 5;
    71C5 : 6;
    71C6 : 7;
    71C7 : 7;
    71C8 : 7;
    71C9 : 6;
    71CA : 6;
    71CB : 6;
    71CC : 7;
    71CD : 7;
    71CE : 7;
    71CF : 6;
    71D0 : 7;
    71D1 : 7;
    71D2 : 6;
    71D3 : 6;
    71D4 : 7;
    71D5 : 6;
    71D6 : 6;
    71D7 : 7;
    71D8 : 6;
    71D9 : 6;
    71DA : 6;
    71DB : 7;
    71DC : 6;
    71DD : 7;
    71DE : 8;
    71DF : 8;
    71E0 : 7;
    71E1 : 7;
    71E2 : 7;
    71E3 : 7;
    71E4 : 6;
    71E5 : 6;
    71E6 : 6;
    71E7 : 6;
    71E8 : 5;
    71E9 : 5;
    71EA : 5;
    71EB : 5;
    71EC : 6;
    71ED : 6;
    71EE : 6;
    71EF : 6;
    71F0 : 5;
    71F1 : 5;
    71F2 : 5;
    71F3 : 6;
    71F4 : 5;
    71F5 : 6;
    71F6 : 7;
    71F7 : 7;
    71F8 : 7;
    71F9 : 6;
    71FA : 6;
    71FB : 6;
    71FC : 6;
    71FD : 6;
    71FE : 5;
    71FF : 6;
    7200 : 6;
    7201 : 5;
    7202 : 5;
    7203 : 5;
    7204 : 6;
    7205 : 6;
    7206 : 6;
    7207 : 5;
    7208 : 5;
    7209 : 5;
    720A : 5;
    720B : 4;
    720C : 5;
    720D : 5;
    720E : 5;
    720F : 5;
    7210 : 7;
    7211 : 8;
    7212 : 8;
    7213 : 8;
    7214 : 9;
    7215 : 8;
    7216 : 7;
    7217 : 7;
    7218 : 7;
    7219 : 9;
    721A : 9;
    721B : 9;
    721C : A;
    721D : 9;
    721E : 7;
    721F : 7;
    7220 : 7;
    7221 : 8;
    7222 : 8;
    7223 : 8;
    7224 : 8;
    7225 : 7;
    7226 : 8;
    7227 : 8;
    7228 : 8;
    7229 : 8;
    722A : 8;
    722B : 8;
    722C : 7;
    722D : 6;
    722E : 7;
    722F : 8;
    7230 : 8;
    7231 : 8;
    7232 : 8;
    7233 : 8;
    7234 : 8;
    7235 : 7;
    7236 : 6;
    7237 : 7;
    7238 : 8;
    7239 : 7;
    723A : 7;
    723B : 8;
    723C : 7;
    723D : 8;
    723E : 7;
    723F : 6;
    7240 : 6;
    7241 : 7;
    7242 : 7;
    7243 : 7;
    7244 : 7;
    7245 : 7;
    7246 : 9;
    7247 : 8;
    7248 : A;
    7249 : 8;
    724A : 6;
    724B : 7;
    724C : 8;
    724D : 7;
    724E : 6;
    724F : 6;
    7250 : 7;
    7251 : 8;
    7252 : 8;
    7253 : 9;
    7254 : 8;
    7255 : 7;
    7256 : 5;
    7257 : 4;
    7258 : 4;
    7259 : 4;
    725A : 4;
    725B : 4;
    725C : 6;
    725D : 5;
    725E : 5;
    725F : 5;
    7260 : 7;
    7261 : 8;
    7262 : 8;
    7263 : 7;
    7264 : 7;
    7265 : 7;
    7266 : 6;
    7267 : 5;
    7268 : 5;
    7269 : 5;
    726A : 5;
    726B : 6;
    726C : 6;
    726D : 6;
    726E : 7;
    726F : 6;
    7270 : 6;
    7271 : 6;
    7272 : 6;
    7273 : 6;
    7274 : 6;
    7275 : 6;
    7276 : 6;
    7277 : 6;
    7278 : 6;
    7279 : 6;
    727A : 6;
    727B : 7;
    727C : 7;
    727D : 7;
    727E : 8;
    727F : 8;
    7280 : 8;
    7281 : 8;
    7282 : 7;
    7283 : 6;
    7284 : 7;
    7285 : 7;
    7286 : 7;
    7287 : 6;
    7288 : 7;
    7289 : 8;
    728A : 7;
    728B : 6;
    728C : 6;
    728D : 7;
    728E : 7;
    728F : 8;
    7290 : 7;
    7291 : 6;
    7292 : 6;
    7293 : 6;
    7294 : 7;
    7295 : 7;
    7296 : 6;
    7297 : 7;
    7298 : 7;
    7299 : 7;
    729A : 7;
    729B : 7;
    729C : 7;
    729D : 6;
    729E : 7;
    729F : 7;
    72A0 : 6;
    72A1 : 6;
    72A2 : 6;
    72A3 : 6;
    72A4 : 7;
    72A5 : 7;
    72A6 : 7;
    72A7 : 7;
    72A8 : 7;
    72A9 : 7;
    72AA : 6;
    72AB : 6;
    72AC : 6;
    72AD : 6;
    72AE : 6;
    72AF : 6;
    72B0 : 5;
    72B1 : 5;
    72B2 : 5;
    72B3 : 6;
    72B4 : 6;
    72B5 : 6;
    72B6 : 6;
    72B7 : 6;
    72B8 : 6;
    72B9 : 5;
    72BA : 6;
    72BB : 7;
    72BC : 6;
    72BD : 6;
    72BE : 6;
    72BF : 6;
    72C0 : 6;
    72C1 : 6;
    72C2 : 6;
    72C3 : 6;
    72C4 : 5;
    72C5 : 5;
    72C6 : 5;
    72C7 : 5;
    72C8 : 5;
    72C9 : 6;
    72CA : 5;
    72CB : 6;
    72CC : 6;
    72CD : 6;
    72CE : 6;
    72CF : 5;
    72D0 : 5;
    72D1 : 5;
    72D2 : 5;
    72D3 : 5;
    72D4 : 5;
    72D5 : 5;
    72D6 : 5;
    72D7 : 5;
    72D8 : 8;
    72D9 : 8;
    72DA : 8;
    72DB : 9;
    72DC : 8;
    72DD : 7;
    72DE : 7;
    72DF : 8;
    72E0 : 9;
    72E1 : 9;
    72E2 : 9;
    72E3 : 9;
    72E4 : 8;
    72E5 : 7;
    72E6 : 8;
    72E7 : 8;
    72E8 : 8;
    72E9 : 8;
    72EA : 8;
    72EB : 8;
    72EC : 7;
    72ED : 9;
    72EE : 9;
    72EF : 8;
    72F0 : 8;
    72F1 : 8;
    72F2 : 8;
    72F3 : 9;
    72F4 : 8;
    72F5 : 8;
    72F6 : 8;
    72F7 : 8;
    72F8 : 8;
    72F9 : 9;
    72FA : 8;
    72FB : 7;
    72FC : 7;
    72FD : 6;
    72FE : 6;
    72FF : 8;
    7300 : 7;
    7301 : 8;
    7302 : 8;
    7303 : 7;
    7304 : 8;
    7305 : 7;
    7306 : 7;
    7307 : 6;
    7308 : 7;
    7309 : 7;
    730A : 7;
    730B : 6;
    730C : 8;
    730D : A;
    730E : A;
    730F : A;
    7310 : 8;
    7311 : 6;
    7312 : 5;
    7313 : 5;
    7314 : 7;
    7315 : 5;
    7316 : 6;
    7317 : 8;
    7318 : 8;
    7319 : 8;
    731A : 8;
    731B : 9;
    731C : 7;
    731D : 7;
    731E : 6;
    731F : 4;
    7320 : 4;
    7321 : 4;
    7322 : 4;
    7323 : 5;
    7324 : 5;
    7325 : 5;
    7326 : 5;
    7327 : 5;
    7328 : 7;
    7329 : A;
    732A : 8;
    732B : 7;
    732C : 6;
    732D : 6;
    732E : 5;
    732F : 5;
    7330 : 5;
    7331 : 5;
    7332 : 5;
    7333 : 5;
    7334 : 5;
    7335 : 6;
    7336 : 6;
    7337 : 6;
    7338 : 6;
    7339 : 6;
    733A : 6;
    733B : 6;
    733C : 6;
    733D : 6;
    733E : 6;
    733F : 7;
    7340 : 6;
    7341 : 6;
    7342 : 6;
    7343 : 7;
    7344 : 7;
    7345 : 7;
    7346 : 7;
    7347 : 7;
    7348 : 8;
    7349 : 8;
    734A : 8;
    734B : 8;
    734C : 8;
    734D : 7;
    734E : 6;
    734F : 7;
    7350 : 9;
    7351 : 8;
    7352 : 7;
    7353 : 7;
    7354 : 8;
    7355 : 7;
    7356 : 7;
    7357 : 7;
    7358 : 7;
    7359 : 6;
    735A : 6;
    735B : 6;
    735C : 7;
    735D : 7;
    735E : 7;
    735F : 7;
    7360 : 8;
    7361 : 7;
    7362 : 7;
    7363 : 7;
    7364 : 7;
    7365 : 7;
    7366 : 7;
    7367 : 6;
    7368 : 6;
    7369 : 7;
    736A : 7;
    736B : 7;
    736C : 7;
    736D : 7;
    736E : 6;
    736F : 6;
    7370 : 6;
    7371 : 6;
    7372 : 6;
    7373 : 6;
    7374 : 6;
    7375 : 6;
    7376 : 6;
    7377 : 6;
    7378 : 6;
    7379 : 5;
    737A : 6;
    737B : 7;
    737C : 7;
    737D : 7;
    737E : 7;
    737F : 6;
    7380 : 6;
    7381 : 6;
    7382 : 7;
    7383 : 6;
    7384 : 7;
    7385 : 7;
    7386 : 6;
    7387 : 6;
    7388 : 6;
    7389 : 6;
    738A : 6;
    738B : 6;
    738C : 5;
    738D : 5;
    738E : 5;
    738F : 5;
    7390 : 6;
    7391 : 6;
    7392 : 6;
    7393 : 6;
    7394 : 6;
    7395 : 6;
    7396 : 6;
    7397 : 5;
    7398 : 5;
    7399 : 5;
    739A : 5;
    739B : 5;
    739C : 5;
    739D : 5;
    739E : 5;
    739F : 5;
    73A0 : 8;
    73A1 : 8;
    73A2 : 8;
    73A3 : 7;
    73A4 : 7;
    73A5 : 8;
    73A6 : 8;
    73A7 : 8;
    73A8 : 8;
    73A9 : 8;
    73AA : 8;
    73AB : 8;
    73AC : 7;
    73AD : 8;
    73AE : 9;
    73AF : 8;
    73B0 : 7;
    73B1 : 8;
    73B2 : 8;
    73B3 : 7;
    73B4 : 8;
    73B5 : 8;
    73B6 : 8;
    73B7 : 8;
    73B8 : 8;
    73B9 : 8;
    73BA : 8;
    73BB : 8;
    73BC : 9;
    73BD : 9;
    73BE : 9;
    73BF : 9;
    73C0 : 9;
    73C1 : 8;
    73C2 : 8;
    73C3 : 7;
    73C4 : 6;
    73C5 : 7;
    73C6 : 8;
    73C7 : 7;
    73C8 : 7;
    73C9 : 8;
    73CA : 7;
    73CB : 8;
    73CC : 8;
    73CD : 8;
    73CE : 8;
    73CF : 7;
    73D0 : 7;
    73D1 : 7;
    73D2 : 7;
    73D3 : 8;
    73D4 : A;
    73D5 : 9;
    73D6 : 7;
    73D7 : 7;
    73D8 : 6;
    73D9 : 6;
    73DA : 5;
    73DB : 7;
    73DC : 8;
    73DD : 5;
    73DE : 6;
    73DF : 8;
    73E0 : 9;
    73E1 : 8;
    73E2 : 8;
    73E3 : 8;
    73E4 : 8;
    73E5 : 8;
    73E6 : 5;
    73E7 : 5;
    73E8 : 5;
    73E9 : 4;
    73EA : 5;
    73EB : 5;
    73EC : 5;
    73ED : 6;
    73EE : 5;
    73EF : 5;
    73F0 : 9;
    73F1 : A;
    73F2 : 8;
    73F3 : 7;
    73F4 : 6;
    73F5 : 6;
    73F6 : 6;
    73F7 : 6;
    73F8 : 6;
    73F9 : 5;
    73FA : 5;
    73FB : 5;
    73FC : 5;
    73FD : 6;
    73FE : 6;
    73FF : 6;
    7400 : 6;
    7401 : 6;
    7402 : 6;
    7403 : 7;
    7404 : 6;
    7405 : 6;
    7406 : 6;
    7407 : 6;
    7408 : 7;
    7409 : 7;
    740A : 7;
    740B : 7;
    740C : 7;
    740D : 7;
    740E : 7;
    740F : 7;
    7410 : 8;
    7411 : 8;
    7412 : 8;
    7413 : 7;
    7414 : 7;
    7415 : 6;
    7416 : 8;
    7417 : 8;
    7418 : 8;
    7419 : 7;
    741A : 7;
    741B : 7;
    741C : 7;
    741D : 6;
    741E : 6;
    741F : 6;
    7420 : 6;
    7421 : 6;
    7422 : 6;
    7423 : 6;
    7424 : 7;
    7425 : 7;
    7426 : 7;
    7427 : 7;
    7428 : 7;
    7429 : 7;
    742A : 7;
    742B : 7;
    742C : 7;
    742D : 7;
    742E : 6;
    742F : 6;
    7430 : 6;
    7431 : 7;
    7432 : 7;
    7433 : 7;
    7434 : 7;
    7435 : 6;
    7436 : 6;
    7437 : 6;
    7438 : 6;
    7439 : 6;
    743A : 6;
    743B : 6;
    743C : 6;
    743D : 6;
    743E : 6;
    743F : 6;
    7440 : 6;
    7441 : 6;
    7442 : 6;
    7443 : 6;
    7444 : 6;
    7445 : 6;
    7446 : 7;
    7447 : 6;
    7448 : 6;
    7449 : 7;
    744A : 7;
    744B : 6;
    744C : 7;
    744D : 7;
    744E : 6;
    744F : 7;
    7450 : 6;
    7451 : 6;
    7452 : 6;
    7453 : 5;
    7454 : 5;
    7455 : 5;
    7456 : 5;
    7457 : 5;
    7458 : 6;
    7459 : 6;
    745A : 6;
    745B : 5;
    745C : 6;
    745D : 6;
    745E : 5;
    745F : 5;
    7460 : 5;
    7461 : 5;
    7462 : 5;
    7463 : 5;
    7464 : 5;
    7465 : 5;
    7466 : 5;
    7467 : 5;
    7468 : 8;
    7469 : 8;
    746A : 6;
    746B : 7;
    746C : 8;
    746D : 8;
    746E : 8;
    746F : 8;
    7470 : 8;
    7471 : 9;
    7472 : 9;
    7473 : 9;
    7474 : 8;
    7475 : 9;
    7476 : 8;
    7477 : 7;
    7478 : 8;
    7479 : 8;
    747A : 7;
    747B : 8;
    747C : 8;
    747D : 8;
    747E : 8;
    747F : 8;
    7480 : 7;
    7481 : 8;
    7482 : 7;
    7483 : 8;
    7484 : 8;
    7485 : 8;
    7486 : 9;
    7487 : 8;
    7488 : 7;
    7489 : 7;
    748A : 7;
    748B : 7;
    748C : 8;
    748D : 8;
    748E : 8;
    748F : 9;
    7490 : 8;
    7491 : 7;
    7492 : 8;
    7493 : 8;
    7494 : 8;
    7495 : 7;
    7496 : 7;
    7497 : 9;
    7498 : 8;
    7499 : 9;
    749A : 9;
    749B : A;
    749C : 8;
    749D : 8;
    749E : 7;
    749F : 6;
    74A0 : 6;
    74A1 : 7;
    74A2 : 7;
    74A3 : 8;
    74A4 : 6;
    74A5 : 5;
    74A6 : 6;
    74A7 : 7;
    74A8 : 8;
    74A9 : 8;
    74AA : 8;
    74AB : 7;
    74AC : 8;
    74AD : 7;
    74AE : 5;
    74AF : 5;
    74B0 : 5;
    74B1 : 5;
    74B2 : 5;
    74B3 : 5;
    74B4 : 6;
    74B5 : 8;
    74B6 : 7;
    74B7 : 6;
    74B8 : B;
    74B9 : A;
    74BA : 7;
    74BB : 7;
    74BC : 7;
    74BD : 7;
    74BE : 7;
    74BF : 7;
    74C0 : 6;
    74C1 : 5;
    74C2 : 6;
    74C3 : 5;
    74C4 : 6;
    74C5 : 6;
    74C6 : 6;
    74C7 : 6;
    74C8 : 6;
    74C9 : 6;
    74CA : 6;
    74CB : 7;
    74CC : 6;
    74CD : 6;
    74CE : 6;
    74CF : 6;
    74D0 : 7;
    74D1 : 8;
    74D2 : 7;
    74D3 : 7;
    74D4 : 7;
    74D5 : 7;
    74D6 : 7;
    74D7 : 8;
    74D8 : 8;
    74D9 : 7;
    74DA : 7;
    74DB : 7;
    74DC : 7;
    74DD : 8;
    74DE : 8;
    74DF : 7;
    74E0 : 7;
    74E1 : 6;
    74E2 : 6;
    74E3 : 6;
    74E4 : 6;
    74E5 : 6;
    74E6 : 6;
    74E7 : 6;
    74E8 : 6;
    74E9 : 6;
    74EA : 6;
    74EB : 7;
    74EC : 7;
    74ED : 7;
    74EE : 7;
    74EF : 7;
    74F0 : 7;
    74F1 : 8;
    74F2 : 7;
    74F3 : 7;
    74F4 : 7;
    74F5 : 7;
    74F6 : 7;
    74F7 : 7;
    74F8 : 7;
    74F9 : 7;
    74FA : 7;
    74FB : 7;
    74FC : 7;
    74FD : 7;
    74FE : 6;
    74FF : 6;
    7500 : 6;
    7501 : 6;
    7502 : 6;
    7503 : 6;
    7504 : 6;
    7505 : 6;
    7506 : 6;
    7507 : 6;
    7508 : 6;
    7509 : 6;
    750A : 6;
    750B : 6;
    750C : 6;
    750D : 6;
    750E : 6;
    750F : 6;
    7510 : 6;
    7511 : 7;
    7512 : 6;
    7513 : 6;
    7514 : 6;
    7515 : 6;
    7516 : 6;
    7517 : 6;
    7518 : 6;
    7519 : 6;
    751A : 5;
    751B : 6;
    751C : 6;
    751D : 5;
    751E : 5;
    751F : 5;
    7520 : 6;
    7521 : 6;
    7522 : 6;
    7523 : 6;
    7524 : 6;
    7525 : 5;
    7526 : 5;
    7527 : 5;
    7528 : 5;
    7529 : 5;
    752A : 5;
    752B : 5;
    752C : 5;
    752D : 5;
    752E : 5;
    752F : 5;
END;
